
 force (gpu02.int-nano.int.kit.edu) : TURBOMOLE rev. V7-6 19 Oct 2021 at 10:10:11 compiled Oct 19th 2021
 Copyright (C) 2021 TURBOMOLE GmbH, Karlsruhe


    2025-11-13 12:06:51.874 



                             T U R B O M O L E   

                          a o f o r c e - program

                        using direct algorithms for

                       SCF level calculations of
                         * harmonic force constants
                         * hyperpolarizabilities
                         * IR and RAMAN intensities
                         * VCD intensities

                       DFT level calculations of
                         * harmonic force constants
                         * IR intensities
                                                   
       Stephan Boecker, Peter Deglmann, Filipp Furche and Marco Haeser
                          Quantum Chemistry Group
                          Universitaet  Karlsruhe
                                   Germany

 
 
 
 
     References :
 
       RI-J implementation:
         Peter Deglmann, Klaus May, Filipp Furche, Reinhart Ahlrichs
                 Chem. Phys. Lett. 384:103 (2004)
 
       Efficiency, technical details:
         Peter Deglmann, Filipp Furche, Reinhart Ahlrichs
                 Chem. Phys. Lett. 362:511 (2002)
 
       Search of lowest eigenvalues by iterative diagonalization:
         Peter Deglmann, Filipp Furche
                 J. Chem. Phys. 117:9535 (2002)
 
       Vibrational circular dichroism implementation:
        Kevin Reiter, Michael Kuehn, Florian Weigend
                 J. Chem. Phys. 146:054102 (2017)  
 
 


              +--------------------------------------------------+
              | Atomic coordinate, charge and isotop information |
              +--------------------------------------------------+

                    atomic coordinates            atom    charge  isotop
          0.30108177   -3.37483399    3.18035614    c      6.000     0
         -0.08008873    0.89107350    4.58421920    c      6.000     0
         -0.01843310    0.20537320    7.06413939    c      6.000     0
          0.37554102   -4.21318360    5.74929907    c      6.000     0
          0.21117261   -2.38333982    7.84008993    c      6.000     0
          0.27456746   -3.11080228   10.37411368    c      6.000     0
          0.13565132   -1.49684406   12.49591888    c      6.000     0
         -0.25070875    2.87802438   21.95957228    c      6.000     0
          0.00303875    0.01209356   21.78552444    c      6.000     0
          0.08322107   -0.91828886   24.24734118    c      6.000     0
         -0.10397250    1.18108203   25.98445868    c      6.000     0
         -0.11726040    1.27133918   28.60076794    c      6.000     0
         -0.00383427    0.02142554   -0.01586749    c      6.000     0
          0.06943847   -0.79620194    2.62966733    n      7.000     0
          2.04333575    4.31331692   20.92582768    c      6.000     0
         -2.76246194    3.88613710   20.92587812    c      6.000     0
         -0.29144606    3.33806387   24.67521723    o      8.000     0
          0.31344063   -3.52546231   24.85150008    c      6.000     0
          0.07141953   -0.93511242   30.14151657    c      6.000     0
         -0.33237243    3.66048417   29.84448462    c      6.000     0
          0.50532291   -5.69167763   25.16471932    n      7.000     0
          0.21875396   -2.67870165   31.47107427    n      7.000     0
         -0.50754960    5.59302172   30.87595222    n      7.000     0
          0.20584667   -2.31607897   14.97688944    c      6.000     0
          0.06580016   -0.68166011   17.08975055    c      6.000     0
          0.13483034   -1.49022974   19.57188167    c      6.000     0
         -0.25862165    2.85774507   -0.46662678    c      6.000     0
          0.46259200   -5.16074000    1.20212080    c      6.000     0
          0.69340558   -7.72369241    1.71793715    c      6.000     0
          0.76945213   -8.57502764    4.22384290    c      6.000     0
          0.61235746   -6.83757864    6.18094428    c      6.000     0
         -0.25641986    2.87338402    4.07044861    h      1.000     0
         -0.15191379    1.70886083    8.46325721    h      1.000     0
          0.44875227   -5.11925270   10.80969070    h      1.000     0
         -0.03910218    0.54515502   12.19259791    h      1.000     0
          1.73177947   -0.60713254   -0.98293149    h      1.000     0
         -1.59971701   -0.90608941   -0.98248400    h      1.000     0
          2.16956106    4.14200203   18.85948857    h      1.000     0
          1.87478086    6.32602379   21.42011825    h      1.000     0
          3.80038138    3.57494813   21.75535345    h      1.000     0
         -2.85673148    3.69503433   18.85940745    h      1.000     0
         -4.36195556    2.85019576   21.75640812    h      1.000     0
         -2.95154753    5.89722103   21.41944811    h      1.000     0
          0.37947581   -4.34761465   15.34483813    h      1.000     0
         -0.10728628    1.33962503   16.67728074    h      1.000     0
          0.31084404   -3.52636428   19.90105412    h      1.000     0
         -2.01974207    3.58134779    0.40788505    h      1.000     0
          1.34797072    3.88303113    0.40418457    h      1.000     0
          0.40842405   -4.55074318   -0.76045743    h      1.000     0
          0.81499636   -9.06610977    0.15321914    h      1.000     0
          0.95107569  -10.58860184    4.64073989    h      1.000     0
          0.67520437   -7.53207341    8.11850256    h      1.000     0
         -0.28558131    3.12359219   -3.11316172    o      8.000     0
         -0.43855840    4.89217730   -3.53062511    h      1.000     0
 
       center of nuclear mass  :    0.06836646   -0.77337273   14.70518800
       center of nuclear charge:    0.06526944   -0.73714110   14.47161731

   *************************************************************************
   opt                                                                      
   *************************************************************************



              +--------------------------------------------------+
              |               basis set information              |
              +--------------------------------------------------+

              we will work with the 1s 3p 5d 7f 9g ... basis set
              ...i.e. with spherical basis functions...

   type   atoms  prim   cont   basis
   ---------------------------------------------------------------------------
    c       26     24     14   def2-SVP   [3s2p1d|7s4p1d]
    n        4     24     14   def2-SVP   [3s2p1d|7s4p1d]
    o        2     24     14   def2-SVP   [3s2p1d|7s4p1d]
    h       22      7      5   def2-SVP   [2s1p|4s1p]
   ---------------------------------------------------------------------------
   total:   54    922    558
   ---------------------------------------------------------------------------

   total number of primitive shells          :   41
   total number of contracted shells         :  258
   total number of cartesian basis functions :  590
   total number of SCF-basis functions       :  558

 
             FOUND RI-J FLAG !
 

 NOTE: THIS IS A PRELIMINARY IMPLEMENTATION. THE RI APPROXIMATION IS
       PRESENTLY USED FOR CPKS CONTRIBUTIONS TO THE HESSIAN ONLY! SEE
       MANUAL FOR FURTHER DETAILS.

  
 AUXILIARY BASIS SET information:

              we will work with the 1s 3p 5d 7f 9g ... basis set
              ...i.e. with spherical basis functions...

   type   atoms  prim   cont   basis
   ---------------------------------------------------------------------------
    c       26     70     49   def2-SVP   [6s4p3d1f1g|12s5p4d2f1g]
    n        4     70     49   def2-SVP   [6s4p3d1f1g|12s5p4d2f1g]
    o        2     70     49   def2-SVP   [6s4p3d1f1g|12s5p4d2f1g]
    h       22     16     11   def2-SVP   [3s1p1d|5s2p1d]
   ---------------------------------------------------------------------------
   total:   54   2592   1810
   ---------------------------------------------------------------------------

   total number of primitive shells          :   80
   total number of contracted shells         :  590
   total number of cartesian basis functions : 2216
   total number of SCF-basis functions       : 1810


 symmetry group of the molecule :   c1 

 the group has the following generators :
   c1(z)

    1 symmetry operations found

 there are 1 real representations :   a   

 maximum number of shells which are related by symmetry :  1


 determining totally symmetric integral contributions 
    - equivalent to irreducible tensor elements - 
 which can be formed within each triple of representations :

             representation triple      contributions

              a     a     a               1

    mo occupation :
   irrep   mo's   occupied
    a      558      111
 
 number of basis functions   :   558
 number of occupied orbitals :   111
 
  MOs are in ASCII format !


 reading orbital data $scfmo  from file mos
 orbital characterization : scfconv=7
 time elapsed for calculating density matrices :   0.028 sec

 number of non-frozen orbitals          :   558
 number of non-frozen occupied orbitals :   111
 Blocking parameters 
 shells:
    index      start shell   last shell  start bf    last bf    #bf 
       1             1         153             1        179    179
       2           154         213           180        359    180
       3           214         249           360        536    177
       4           250         258           537        590     54
          size of I/O Block in Byte:               42458256
  
           ----------------------
               RI - INFORMATION
           ----------------------

 biggest AO integral is expected to be     4.776656448

 Threshold for integral neglect (rithr2):   0.42E-11
 Threshold for integral neglect (rithr1):   0.42E-11

 Contributions to RI integral batches: 
  neglected integral batches:                 16843
  direct contribution:                            0
  memory contribution:                 16568
 Core memory available (ricore):              2000 MiB
 Core memory needed for (P|Q) and Cholesky:     26 MiB
 Core memory used for integrals:              1377 MiB
 
 ****************************************
 Memory allocated for RIDFT: 1402 MiB
 ****************************************
 
  
           ------------------
           density functional
           ------------------
 Becke-3-Parameter hybrid functional: B3-LYP
 exchange:    0.8*LDA + 0.72*B88 + 0.2*HF
 correlation: 0.19*LDA(VWN) + 0.81*LYP

 iterations will be done with small grid
  
 spherical integration : Lebedev's spherical grid
 spherical gridsize    :                     3
    i.e. gridpoints    :                   302
 value for diffuse not defined
 radial integration    : Chebyshev 2nd kind (scaling 3)
 radial gridsize       :                     3
 integration cells     :                    54
 partition function    : becke
 partition sharpness   :                     3
  
 
 Derivatives of quadrature weights will be included
 
 preparing DFT   numerical integration ....
          Overall gridpoints after grid construction =        268466
 Ordering of quadrature gridpoints disabled.
 
 
 
 
 OCCUPIED-OCCUPIED TENSOR SPACES :

          IRREP   tensor space dimension   number of roots

           a             12321                 156
 
 OCCUPIED-VIRTUAL TENSOR SPACES :

          IRREP   tensor space dimension   number of roots

           a             49617                 156
 
 
 
 
 CONSTRUCTING integral bounds

 setting up bound for integral derivative estimation

 increment for numerical differentiation : 0.00050000
 
 machine precision:   2.220446049250313E-016

 integral neglect threshold       :  0.10E-09
 integral storage threshold THIZE :  0.10E-04
 integral storage threshold THIME :         5

 
 
 
 PREPARING NUMERICAL INTEGRATION
 
 Remaining core memory for DFT =                   376 MB
 
 Memory needed per atom    =                  4086 KiB
 
     i. e.                    54 atoms per loop

 Calculating ground state density on molecular grid

 Integral of ground state density: N =   221.9999271892549    


 
 
 CONSTRUCTING first deriv. of <mu|x,y,z|nu> -> Dip. deriv.
  dipole integral derivatives will be neglected if
  expon. factor <0.847458E-12
      ...terminated. cpu:       0.05       wall:       0.05
 
 
 
 
 CONSTRUCTING first deriv. of  <mu|nu>
                               <mu|h|nu>    -> RHS
              second deriv. of <mu|nu>      -> Hessian
                               <mu|h|nu>    -> Hessian
                               nucl. rep.   -> Hessian
     integrals are neglected if expon. factor <  8.474576271186441E-014
      ...terminated. cpu:       4.89       wall:       5.52
 
 
 
 
 CONSTRUCTING second deriv. of 2e energy    -> Hessian
   treating Coulomb (and exchange) contribution
     integrals will be neglected if total contribution <  8.474576271186440E-010
      ...terminated. cpu:     740.79       wall:     742.67
   treating exchange-correlation contribution
      ...terminated. cpu:     342.71       wall:     343.71
 
 
 
 
 CONSTRUCTING S(i,j)xi
      ...terminated. cpu:       0.23       wall:       0.69
 
 
 
 
 CONSTRUCTING <i|x,y,z|j>*S(i,j)xi          -> Dip. deriv.
      ...terminated. cpu:       0.05       wall:       0.05
 
 
 
 
 CONSTRUCTING epsilon(i)*S(i,j)xi*S(i,j)chi -> Hessian
      ...terminated. cpu:       0.05       wall:       0.05
 
 
 
 
 CONSTRUCTING G(a,i)[S(k,l)xi]              -> RHS
              G(i,j)[S(k,l)xi]*S(i,j)chi    -> Hessian
 
         Maximum core memory set to                    500 MB
         This corresponds to                   187 vectors in CAO basis
      ...terminated. cpu:    2477.04       wall:    2486.34
 
 
 
 
 CONSTRUCTING G(mu,nu)[D(kap,lam)]xi
 
          Maximum core memory set to                    500 MB
          Atoms treated simultaneously :                    54
 max of dfo   26.0050697438732     
      ...terminated. cpu:     648.83       wall:     650.44
 
 
 
 
 CONSTRUCTING F(a,i)xi                      -> RHS
              F(i,j)xi*S(i,j)chi            -> Hessian
 
        Maximum core memory set to                   500 MB
        This corresponds to                   292 vectors in CAO basis
      ...terminated. cpu:       5.81       wall:      10.37
 
 
 
 
 CONSTRUCTING epsilon(i)*S(a,i)xi           -> RHS
      ...terminated. cpu:       0.98       wall:       1.11
 
 
 
 
 SOLVING CPHF equations
 
 Residuum convergence criterium   :  1.000000000000000E-005
 
 Maximum number of Davidson iterations set to                    25

 logfile cphf_a    will be constructed
  Switching to small grid
        preparing DFT   numerical integration ....
          Overall gridpoints after grid construction =         73730

 Calculating ground state density on molecular grid

 Integral of ground state density: N =   222.0068030940307    




                       Nonorthonormal Krylov Space Iteration


 total number of roots to be determined: 156


 maximum core memory set to          500 MB,
 corresponding to      186 vectors in CAO basis


 maximum number of simultaneously treated vectors (including degeneracy):      156


 Iteration IRREP Converged      Max. Euclidean
                 roots          residual norm

    1       a        0        6.899585362648948D-02
 
    2       a        0        1.375267391735611D-02
 
    3       a        0        1.629702573762427D-03
 
    4       a       47        1.172493076290753D-04
 
    5       a      156        9.681296333006659D-06
 

 converged!

  Switching to fine grid
        preparing numerical DFT   integration ....
          Overall gridpoints after grid construction =        268466

 Calculating ground state density on molecular grid

 Integral of ground state density: N =   221.9999271892516    



 Iteration IRREP Converged      Max. Euclidean
                 roots          residual norm

    6       a        5        9.539406878614711D-05
 

 NOTE: Residual norms are larger than 1.00D-05 due to mgrid option!

      ...terminated. cpu:    7151.86       wall:    7178.71
 
 
 
 
 CONSTRUCTING <a|x,y,z|i>*U(a,i)xi          -> Dip. deriv.
      ...terminated. cpu:       0.08       wall:       0.09
 
 
 
 
 CONSTRUCTING RHS(a,i)xi*U(a,i)chi          -> Hessian
      ...terminated. cpu:       0.20       wall:       1.99
 
 
 
 

            -----------------------
            permanent dipole moment
            -----------------------

                                   x                y                z
    electronic part       :  -14.5917473157   164.9054801389  ***************
     nuclear   part       :   14.4898161542  -163.6453246574  3212.6990428718
     total                :   -0.1019311615     1.2601554815    -9.9549637959

 with reference to the point :   0.0000000        0.0000000        0.0000000
 (given in atomic units)
    | dipole |       :   25.5064236886  debye

   ***  dipole moment & cartesian dipole gradients written onto
        $dipole, $dipgrad,  file=<dipgrad>  ***

             -----------------------------------
             rotational and vibrational analysis
             -----------------------------------


            ==============================================================
            ATOMIC WEIGHTS (average over the natural occurance of isotops)
            ==============================================================
            ('*' denotes special isotop !)
              1     c                12.01115
              2     c                12.01115
              3     c                12.01115
              4     c                12.01115
              5     c                12.01115
              6     c                12.01115
              7     c                12.01115
              8     c                12.01115
              9     c                12.01115
             10     c                12.01115
             11     c                12.01115
             12     c                12.01115
             13     c                12.01115
             14     n                14.00670
             15     c                12.01115
             16     c                12.01115
             17     o                15.99940
             18     c                12.01115
             19     c                12.01115
             20     c                12.01115
             21     n                14.00670
             22     n                14.00670
             23     n                14.00670
             24     c                12.01115
             25     c                12.01115
             26     c                12.01115
             27     c                12.01115
             28     c                12.01115
             29     c                12.01115
             30     c                12.01115
             31     c                12.01115
             32     h                 1.00797
             33     h                 1.00797
             34     h                 1.00797
             35     h                 1.00797
             36     h                 1.00797
             37     h                 1.00797
             38     h                 1.00797
             39     h                 1.00797
             40     h                 1.00797
             41     h                 1.00797
             42     h                 1.00797
             43     h                 1.00797
             44     h                 1.00797
             45     h                 1.00797
             46     h                 1.00797
             47     h                 1.00797
             48     h                 1.00797
             49     h                 1.00797
             50     h                 1.00797
             51     h                 1.00797
             52     h                 1.00797
             53     o                15.99940
             54     h                 1.00797

          -------------------------------------------------
          CARTESIAN FORCE CONSTANT MATRIX (hartree/bohr**2)
         (translational & rotational space projected out)
          -------------------------------------------------

   ATOM              1 c                           2 c 
                  dx        dy        dz        dx        dy        dz
   1 c     dx  0.1781777
           dy -0.0434097 0.6568975
           dz -0.0029140 0.0300685 0.6793986
   2 c     dx  0.0038695 0.0057609 0.0022426 0.1363037
           dy  0.0056450-0.0592235-0.0253365-0.0541812 0.7398114
           dz  0.0034967-0.0392108 0.0204865 0.0070165-0.0770330 0.7926607
   3 c     dx -0.0032560 0.0001334-0.0003640-0.0584529 0.0079916-0.0063170
           dy  0.0001743-0.0046394 0.0042263 0.0080048-0.1472202 0.0693508
           dz -0.0019193 0.0210431-0.0052737-0.0097044 0.1072541-0.4208989
   4 c     dx -0.0781922 0.0053038-0.0011299-0.0038193-0.0004858-0.0001115
           dy  0.0053433-0.1380319 0.0140392-0.0005540 0.0019522 0.0013293
           dz -0.0046106 0.0532750-0.2540778 0.0004651-0.0049932-0.0114218
   5 c     dx  0.0043256-0.0026043 0.0008014 0.0052333 0.0008828-0.0051374
           dy -0.0026035 0.0328265-0.0085495 0.0008864-0.0044458 0.0573143
           dz  0.0014897-0.0162642-0.0370488-0.0037602 0.0424626-0.0211938
   6 c     dx  0.0022790 0.0010558-0.0000288 0.0029347 0.0010615 0.0004093
           dy  0.0010537-0.0093348 0.0001629 0.0010640-0.0089742-0.0040897
           dz  0.0005041-0.0055168 0.0078529 0.0003523-0.0038647 0.0220594
   7 c     dx  0.0007149-0.0001145 0.0000703-0.0001926 0.0000788 0.0005521
           dy -0.0001292 0.0020842-0.0007490 0.0000836-0.0011672-0.0062179
           dz -0.0000817 0.0009743-0.0051295 0.0001506-0.0017987-0.0138768
   8 c     dx  0.0000121-0.0000240 0.0000046-0.0000060 0.0000234 0.0000645
           dy -0.0000281 0.0002104-0.0000051 0.0000259-0.0002667-0.0007362
           dz  0.0000080-0.0001570-0.0000156-0.0000120 0.0001470 0.0002813
   9 c     dx  0.0000515-0.0000442 0.0000228 0.0000142 0.0000659 0.0002404
           dy -0.0000413 0.0005769-0.0002628 0.0000643-0.0007179-0.0027172
           dz -0.0001301 0.0014661-0.0010035 0.0001572-0.0018284-0.0081346
  10 c     dx -0.0000134 0.0000160 0.0000048 0.0000003-0.0000226-0.0000355
           dy  0.0000151-0.0001520-0.0000862-0.0000241 0.0002349 0.0003634
           dz  0.0000950-0.0010619 0.0006942-0.0001178 0.0013480 0.0059291
  11 c     dx -0.0000011-0.0000752 0.0000299-0.0000136 0.0000883 0.0003345
           dy -0.0000767 0.0008399-0.0003267 0.0000877-0.0010093-0.0037751
           dz -0.0000471 0.0005448-0.0003170 0.0000715-0.0008230-0.0033374
  12 c     dx -0.0000016 0.0000176-0.0000037 0.0000033-0.0000229-0.0000746
           dy  0.0000183-0.0001955 0.0000422-0.0000251 0.0002662 0.0008584
           dz  0.0000327-0.0003537 0.0002106-0.0000457 0.0005260 0.0021683
  13 c     dx -0.0002081 0.0011323-0.0032443-0.0049436-0.0019058 0.0014164
           dy  0.0011561-0.0127885 0.0361044-0.0019981 0.0166587-0.0159088
           dz -0.0019207 0.0211569-0.0051434 0.0002660-0.0022492-0.0359176
  14 n     dx -0.0614611 0.0157623-0.0022408-0.0457813 0.0152436 0.0068387
           dy  0.0157864-0.2346276 0.0242583 0.0152192-0.2160997-0.0768997
           dz -0.0035189 0.0389337-0.1420847 0.0095425-0.1080613-0.2431356
  15 c     dx -0.0000084 0.0000437-0.0000166 0.0000081-0.0000570-0.0002324
           dy  0.0000034-0.0000551 0.0000130-0.0000000 0.0000494 0.0001819
           dz  0.0000021-0.0000342 0.0000175 0.0000027 0.0000162 0.0000610
  16 c     dx -0.0000020-0.0000444 0.0000235 0.0000011 0.0000552 0.0001938
           dy  0.0000080-0.0000709 0.0000227-0.0000091 0.0000616 0.0002163
           dz  0.0000025-0.0000338 0.0000169-0.0000033 0.0000138 0.0000603
  17 o     dx -0.0000077 0.0000341-0.0000050 0.0000053-0.0000361-0.0001347
           dy  0.0000404-0.0004413 0.0001095-0.0000397 0.0004535 0.0015253
           dz -0.0000096 0.0001036-0.0000089-0.0000024 0.0000215 0.0001046
  18 c     dx  0.0000015 0.0000377-0.0000238 0.0000038-0.0000422-0.0001654
           dy  0.0000298-0.0003249 0.0002076-0.0000397 0.0004498 0.0018987
           dz -0.0000068 0.0000724-0.0000172 0.0000117-0.0001144-0.0003611
  19 c     dx -0.0000010 0.0000190-0.0000093-0.0000000-0.0000234-0.0000798
           dy  0.0000137-0.0001553 0.0000729-0.0000198 0.0002484 0.0009315
           dz -0.0000093 0.0001043-0.0000440 0.0000133-0.0001719-0.0006182
  20 c     dx  0.0000041-0.0000204 0.0000108-0.0000001 0.0000286 0.0000992
           dy -0.0000186 0.0002046-0.0000868 0.0000264-0.0002953-0.0011161
           dz -0.0000085 0.0000836-0.0000378 0.0000109-0.0001148-0.0004484
  21 n     dx  0.0000013-0.0000033 0.0000003-0.0000036 0.0000220 0.0001107
           dy -0.0000171 0.0001925-0.0001117 0.0000259-0.0003030-0.0011906
           dz  0.0000028-0.0000290 0.0000064-0.0000029 0.0000310 0.0001071
  22 n     dx  0.0000006 0.0000031-0.0000034 0.0000001 0.0000098 0.0000496
           dy -0.0000062 0.0000781-0.0000343 0.0000107-0.0001525-0.0005359
           dz  0.0000091-0.0001012 0.0000290-0.0000137 0.0001649 0.0005524
  23 n     dx -0.0000032 0.0000093 0.0000014 0.0000024-0.0000180-0.0000774
           dy  0.0000170-0.0001802 0.0000541-0.0000227 0.0002420 0.0008462
           dz  0.0000075-0.0000831 0.0000265-0.0000117 0.0001368 0.0004704
  24 c     dx -0.0002974 0.0000858-0.0000048 0.0001661-0.0001134-0.0002684
           dy  0.0000928-0.0012992 0.0000424-0.0001160 0.0014634 0.0030969
           dz  0.0001798-0.0020148 0.0029340-0.0001189 0.0013988 0.0112775
  25 c     dx -0.0001823-0.0000892 0.0000418-0.0002622 0.0000463 0.0002984
           dy -0.0000936 0.0008691-0.0004991 0.0000487-0.0008059-0.0034901
           dz -0.0001306 0.0014440-0.0018772 0.0001306-0.0014915-0.0094897
  26 c     dx  0.0000444 0.0000553-0.0000110 0.0000204-0.0000641-0.0001966
           dy  0.0000530-0.0005715 0.0001025-0.0000629 0.0007239 0.0022383
           dz  0.0001399-0.0015543 0.0013887-0.0001470 0.0017185 0.0088786
  27 c     dx  0.0002027 0.0002470 0.0002768-0.0013977-0.0004887-0.0003428
           dy  0.0002708-0.0027748-0.0029699-0.0005284 0.0040610 0.0040141
           dz  0.0001310-0.0014354-0.0049598-0.0003014 0.0034082-0.0033724
  28 c     dx -0.0727251 0.0100792 0.0052224 0.0023979-0.0000346-0.0009339
           dy  0.0100257-0.1831531-0.0567548-0.0000260 0.0027314 0.0103202
           dz  0.0101472-0.1116290-0.2406450-0.0006259 0.0069247 0.0014356
  29 c     dx  0.0055529 0.0052807 0.0048879 0.0008536 0.0004335 0.0003328
           dy  0.0053049-0.0522029-0.0545030 0.0004317-0.0039159-0.0036563
           dz  0.0008212-0.0093136 0.0499434-0.0000170 0.0002128 0.0007149
  30 c     dx -0.0071916-0.0007870 0.0011606 0.0001473-0.0001510-0.0002683
           dy -0.0007754 0.0012606-0.0126449-0.0001457 0.0017607 0.0030203
           dz  0.0018278-0.0198503-0.0581204 0.0002292-0.0025576-0.0045607
  31 c     dx  0.0067775 0.0008859-0.0064135 0.0001908 0.0000470-0.0002246
           dy  0.0008861-0.0033186 0.0710993 0.0000394-0.0002959 0.0025184
           dz -0.0034911 0.0377533 0.0114503 0.0000322-0.0003877 0.0010484
  32 h     dx  0.0038958 0.0001430 0.0003106-0.0382982 0.0260446-0.0062618
           dy  0.0001374 0.0022717-0.0035135 0.0260779-0.3290027 0.0704248
           dz  0.0001204-0.0014191-0.0043208-0.0069795 0.0787962-0.0774221
  33 h     dx -0.0002584 0.0000537-0.0000563 0.0007245-0.0006433-0.0007081
           dy  0.0000649-0.0009701 0.0006415-0.0006426 0.0079271 0.0078594
           dz -0.0000617 0.0006864 0.0000653 0.0020985-0.0236362-0.0168952
  34 h     dx  0.0000952 0.0000253-0.0000261 0.0008934 0.0001187-0.0000202
           dy  0.0000248-0.0001686 0.0002406 0.0001156-0.0004260 0.0000465
           dz -0.0000533 0.0005466-0.0000054-0.0001584 0.0018313 0.0009565
  35 h     dx  0.0001097 0.0000627-0.0000074-0.0002354-0.0000825-0.0000153
           dy  0.0000632-0.0005907 0.0000624-0.0000872 0.0007339 0.0001995
           dz  0.0000329-0.0003632 0.0000583-0.0000248 0.0003333 0.0000726
  36 h     dx  0.0006215 0.0011863 0.0002582-0.0005582-0.0006010-0.0016780
           dy -0.0004494 0.0014949 0.0000868-0.0004397-0.0012223-0.0004489
           dz  0.0003130-0.0037056 0.0007229 0.0029284 0.0045487 0.0007967
  37 h     dx  0.0007857-0.0013078-0.0002701-0.0007539 0.0006864 0.0017300
           dy  0.0002959 0.0013454 0.0000008 0.0005135-0.0010246-0.0001385
           dz  0.0003984-0.0037181 0.0007866-0.0036777 0.0039639 0.0007870
  38 h     dx  0.0000034 0.0000020 0.0000024-0.0000005-0.0000068-0.0000199
           dy -0.0000023 0.0000473-0.0000056 0.0000036-0.0000411-0.0001392
           dz -0.0000008 0.0000106-0.0000052-0.0000009-0.0000037-0.0000213
  39 h     dx  0.0000036-0.0000191 0.0000088-0.0000040 0.0000158 0.0000624
           dy  0.0000048-0.0000407 0.0000116-0.0000058 0.0000447 0.0001613
           dz  0.0000024-0.0000212-0.0000013-0.0000024 0.0000174 0.0000507
  40 h     dx -0.0000023 0.0000202-0.0000040 0.0000024-0.0000237-0.0000781
           dy -0.0000017 0.0000173-0.0000037 0.0000024-0.0000268-0.0000836
           dz -0.0000006 0.0000019 0.0000004 0.0000012 0.0000041 0.0000182
  41 h     dx  0.0000006-0.0000095-0.0000008-0.0000014 0.0000159 0.0000443
           dy -0.0000012 0.0000433-0.0000048 0.0000016-0.0000409-0.0001341
           dz -0.0000014 0.0000113-0.0000055 0.0000008-0.0000026-0.0000205
  42 h     dx  0.0000006-0.0000238 0.0000052 0.0000002 0.0000288 0.0000920
           dy -0.0000007 0.0000123-0.0000020 0.0000007-0.0000218-0.0000688
           dz  0.0000007 0.0000032 0.0000001-0.0000011 0.0000047 0.0000184
  43 h     dx  0.0000011 0.0000243-0.0000093-0.0000028-0.0000242-0.0000909
           dy  0.0000019-0.0000375 0.0000104-0.0000016 0.0000420 0.0001474
           dz  0.0000024-0.0000208-0.0000015-0.0000018 0.0000179 0.0000510
  44 h     dx  0.0000550 0.0000118-0.0000016 0.0002453 0.0000120-0.0000055
           dy  0.0000127-0.0000880 0.0000159 0.0000119 0.0001081 0.0000376
           dz -0.0000116 0.0001275 0.0000063 0.0000152-0.0001716 0.0000773
  45 h     dx -0.0000047 0.0000081 0.0000007 0.0000191-0.0000081-0.0000153
           dy  0.0000095-0.0001163-0.0000026-0.0000082 0.0001143 0.0001912
           dz  0.0000048-0.0000107-0.0000068-0.0000021 0.0000034-0.0001621
  46 h     dx -0.0000165 0.0000019 0.0000003 0.0000006-0.0000050-0.0000092
           dy  0.0000026-0.0000443-0.0000004-0.0000049 0.0000575 0.0001375
           dz -0.0000009 0.0000092 0.0000158-0.0000003-0.0000076 0.0000670
  47 h     dx -0.0000647-0.0001689-0.0003015 0.0005009 0.0011574 0.0006905
           dy -0.0001878-0.0002208 0.0001055-0.0000408-0.0004071 0.0000958
           dz  0.0001131 0.0002228 0.0001033-0.0011552 0.0001460-0.0007498
  48 h     dx -0.0001327 0.0001849 0.0002792 0.0006721-0.0009556-0.0007109
           dy  0.0002028-0.0001392 0.0001570 0.0003250-0.0004847-0.0000848
           dz -0.0001498 0.0001884 0.0001041 0.0010515 0.0003113-0.0007070
  49 h     dx  0.0035197-0.0006376 0.0017471-0.0003404-0.0000060 0.0000624
           dy -0.0006389 0.0106740-0.0192000-0.0000054-0.0002872-0.0006891
           dz -0.0008258 0.0092736-0.0158930 0.0000348-0.0003865-0.0005982
  50 h     dx  0.0073798 0.0010167-0.0002223-0.0003180-0.0000090-0.0000543
           dy  0.0010273-0.0038888 0.0025321-0.0000083-0.0002243 0.0006131
           dz -0.0001872 0.0021196 0.0007643-0.0000136 0.0001485 0.0000727
  51 h     dx -0.0002901-0.0000661 0.0000269-0.0000272-0.0000034 0.0000052
           dy -0.0000761 0.0005442-0.0003419-0.0000022-0.0000003-0.0000491
           dz  0.0000467-0.0005204-0.0011252 0.0000016-0.0000225-0.0001710
  52 h     dx  0.0055683 0.0009440 0.0000718-0.0002124-0.0000874-0.0001060
           dy  0.0009546-0.0049033-0.0008681-0.0000840 0.0007537 0.0011562
           dz -0.0000340 0.0003403 0.0013394 0.0000023-0.0000357-0.0001891
  53 o     dx  0.0001071-0.0002146-0.0001934 0.0006181 0.0003047 0.0002470
           dy -0.0002011 0.0023082 0.0023197 0.0002964-0.0027011-0.0028455
           dz  0.0001946-0.0021512-0.0007740 0.0001066-0.0011774 0.0023179
  54 h     dx  0.0001592 0.0000157-0.0000073-0.0002077-0.0000047-0.0000136
           dy  0.0000187-0.0000498 0.0000529-0.0000047-0.0001459 0.0001645
           dz -0.0000010 0.0000083-0.0004794-0.0000337 0.0003581 0.0001212

   ATOM              3 c                           4 c 
                  dx        dy        dz        dx        dy        dz
   3 c     dx  0.1225586
           dy -0.0478763 0.6578071
           dz -0.0010287 0.0115277 0.8065402
   4 c     dx  0.0063937 0.0036027 0.0017076 0.1747542
           dy  0.0036553-0.0339937-0.0191856-0.0446546 0.6672205
           dz  0.0007418-0.0082702 0.0189386 0.0006960-0.0100454 0.6214027
   5 c     dx -0.0706290 0.0177029-0.0019648-0.0757156 0.0073217 0.0054152
           dy  0.0176222-0.2691480 0.0238192 0.0074048-0.1567558-0.0598578
           dz -0.0028917 0.0338550-0.1112068 0.0045189-0.0492009-0.1705659
   6 c     dx  0.0105972 0.0015609-0.0033916 0.0094470-0.0003146 0.0023194
           dy  0.0015655-0.0065734 0.0385004-0.0003361 0.0130709-0.0258414
           dz -0.0035522 0.0405579-0.0306071 0.0014961-0.0168650-0.0467721
   7 c     dx -0.0038927 0.0001833-0.0006013 0.0065431 0.0004505-0.0005956
           dy  0.0001835-0.0059113 0.0068166 0.0004393 0.0015238 0.0068949
           dz  0.0013593-0.0158235 0.0127575-0.0011837 0.0132633 0.0104670
   8 c     dx -0.0000403 0.0000361-0.0000423 0.0000176-0.0000154-0.0000191
           dy  0.0000371-0.0004605 0.0005015-0.0000297 0.0002059 0.0001795
           dz -0.0000139 0.0001680-0.0001996 0.0000020-0.0000954-0.0000344
   9 c     dx -0.0000269 0.0001784-0.0001762 0.0002064-0.0000744-0.0000974
           dy  0.0001740-0.0020223 0.0019834-0.0000691 0.0010441 0.0011073
           dz  0.0005406-0.0062365 0.0060981-0.0002854 0.0032316 0.0036225
  10 c     dx  0.0000008-0.0000161 0.0000152-0.0000317-0.0000015-0.0000016
           dy -0.0000147 0.0001361-0.0001527 0.0000033-0.0000350 0.0000748
           dz -0.0003881 0.0044635-0.0044276 0.0002002-0.0022503-0.0025756
  11 c     dx -0.0000132 0.0002406-0.0002456-0.0000259-0.0001233-0.0001275
           dy  0.0002352-0.0027148 0.0027717-0.0001245 0.0013394 0.0014354
           dz  0.0002098-0.0024120 0.0023653-0.0001041 0.0011937 0.0013099
  12 c     dx  0.0000070-0.0000513 0.0000514-0.0000021 0.0000226 0.0000238
           dy -0.0000529 0.0005804-0.0005885 0.0000247-0.0002765-0.0002609
           dz -0.0001359 0.0015676-0.0015520 0.0000695-0.0007669-0.0008589
  13 c     dx  0.0039257 0.0005651 0.0004526 0.0021950 0.0006963 0.0002339
           dy  0.0005732-0.0024381-0.0049545 0.0006918-0.0054203-0.0026338
           dz  0.0003260-0.0036868 0.0051686 0.0001495-0.0016608 0.0028122
  14 n     dx  0.0116836-0.0011198 0.0027292 0.0065993 0.0021059-0.0028917
           dy -0.0010701 0.0238246-0.0307938 0.0021494-0.0172057 0.0320843
           dz  0.0018223-0.0203410-0.0599430-0.0035415 0.0389143-0.0044765
  15 c     dx  0.0000228-0.0001677 0.0001759-0.0000105 0.0000903 0.0000856
           dy -0.0000091 0.0001304-0.0001484 0.0000037-0.0000614-0.0000664
           dz  0.0000019 0.0000569-0.0000710 0.0000058-0.0000411-0.0000492
  16 c     dx -0.0000025 0.0001437-0.0001381 0.0000011-0.0000669-0.0000828
           dy -0.0000153 0.0001559-0.0001696 0.0000069-0.0000671-0.0000871
           dz -0.0000090 0.0000544-0.0000713 0.0000004-0.0000440-0.0000472
  17 o     dx  0.0000226-0.0000938 0.0001033-0.0000048 0.0000514 0.0000425
           dy -0.0000942 0.0010861-0.0011349 0.0000473-0.0005317-0.0005410
           dz -0.0000041 0.0000451 0.0000171 0.0000015-0.0000105-0.0000077
  18 c     dx  0.0000054-0.0001236 0.0001180 0.0000082 0.0000557 0.0000751
           dy -0.0001236 0.0014015-0.0013957 0.0000629-0.0007005-0.0007844
           dz  0.0000223-0.0002460 0.0002414-0.0000122 0.0001230 0.0001113
  19 c     dx  0.0000034-0.0000569 0.0000532-0.0000058 0.0000215 0.0000323
           dy -0.0000569 0.0006508-0.0006460 0.0000248-0.0003121-0.0003286
           dz  0.0000361-0.0004281 0.0004252-0.0000180 0.0002085 0.0002139
  20 c     dx -0.0000094 0.0000695-0.0000679 0.0000134-0.0000309-0.0000393
           dy  0.0000666-0.0007842 0.0007860-0.0000353 0.0003816 0.0004086
           dz  0.0000286-0.0003179 0.0003168-0.0000145 0.0001524 0.0001656
  21 n     dx -0.0000023 0.0000776-0.0000854 0.0000024-0.0000514-0.0000306
           dy  0.0000731-0.0008538 0.0008501-0.0000391 0.0004242 0.0004601
           dz -0.0000072 0.0000739-0.0000758 0.0000026-0.0000324-0.0000385
  22 n     dx -0.0000005 0.0000320-0.0000380 0.0000023-0.0000260-0.0000084
           dy  0.0000281-0.0003650 0.0003622-0.0000163 0.0001796 0.0001835
           dz -0.0000320 0.0003708-0.0003701 0.0000153-0.0001763-0.0001728
  23 n     dx  0.0000095-0.0000528 0.0000577-0.0000030 0.0000298 0.0000192
           dy -0.0000531 0.0005821-0.0005853 0.0000239-0.0002718-0.0002778
           dz -0.0000267 0.0003176-0.0003176 0.0000144-0.0001536-0.0001537
  24 c     dx -0.0000831-0.0001114 0.0001603-0.0003822-0.0000020 0.0001600
           dy -0.0001048 0.0011683-0.0018083 0.0000050-0.0004235-0.0018785
           dz -0.0009513 0.0110010-0.0096814 0.0005812-0.0066119-0.0089010
  25 c     dx  0.0001654 0.0002601-0.0002234-0.0009381-0.0002183-0.0001731
           dy  0.0002608-0.0028348 0.0026068-0.0002204 0.0015614 0.0020063
           dz  0.0007313-0.0084191 0.0078167-0.0004377 0.0049161 0.0054251
  26 c     dx -0.0000031-0.0001334 0.0001345 0.0000763 0.0000643 0.0000704
           dy -0.0001299 0.0014727-0.0015333 0.0000654-0.0006938-0.0007460
           dz -0.0006275 0.0072535-0.0069338 0.0003464-0.0039090-0.0046426
  27 c     dx -0.0002789-0.0000202 0.0001872 0.0004752-0.0000136 0.0000612
           dy -0.0000246-0.0001208-0.0019747-0.0000170 0.0007371-0.0007646
           dz  0.0000587-0.0005823 0.0004006-0.0001412 0.0015125 0.0001450
  28 c     dx -0.0004880 0.0000539 0.0004738 0.0109410-0.0036810 0.0033237
           dy  0.0000550-0.0011287-0.0052836-0.0036337 0.0508620-0.0359880
           dz  0.0000435-0.0005098-0.0019436 0.0002083-0.0020100-0.0404658
  29 c     dx  0.0001603-0.0000132-0.0003487-0.0076121 0.0025169-0.0023055
           dy -0.0000095 0.0003023 0.0038086 0.0025445-0.0356997 0.0253349
           dz  0.0000397-0.0004960-0.0021759-0.0031637 0.0349628-0.0207779
  30 c     dx  0.0001130 0.0000090 0.0001106 0.0091465 0.0049254 0.0015258
           dy  0.0000100 0.0000812-0.0013277 0.0048572-0.0443668-0.0166319
           dz  0.0001498-0.0015841 0.0060798 0.0056057-0.0624227 0.0371675
  31 c     dx  0.0024983-0.0001143 0.0006977-0.0755314 0.0196679-0.0019069
           dy -0.0001176 0.0036797-0.0077577 0.0196251-0.2904705 0.0202730
           dz  0.0001215-0.0012790-0.0070850-0.0056294 0.0631946-0.1290401
  32 h     dx  0.0066100 0.0008264 0.0000121-0.0004674-0.0000623-0.0000106
           dy  0.0008187-0.0025650 0.0000830-0.0000649 0.0002661 0.0000739
           dz -0.0025002 0.0280369-0.0026872 0.0000176-0.0001855-0.0001920
  33 h     dx -0.0337538 0.0159057 0.0129677 0.0044337 0.0007342-0.0002960
           dy  0.0159417-0.2116638-0.1462924 0.0007308-0.0037663 0.0033864
           dz  0.0126911-0.1431034-0.1894011-0.0001967 0.0021940-0.0002981
  34 h     dx  0.0068212 0.0004544-0.0000267-0.0041140-0.0001666 0.0000806
           dy  0.0004474 0.0016147 0.0004346-0.0001769-0.0020214-0.0008512
           dz  0.0000717-0.0006966-0.0054572 0.0000010-0.0000524 0.0009841
  35 h     dx  0.0002091 0.0000302-0.0000666-0.0001259 0.0000055 0.0000314
           dy  0.0000309-0.0001541 0.0008758 0.0000023-0.0001437-0.0003084
           dz  0.0000383-0.0005597-0.0020908 0.0000126-0.0001402-0.0000418
  36 h     dx -0.0003510-0.0002980 0.0002102-0.0001791-0.0001492 0.0000430
           dy  0.0001241-0.0000328 0.0005893 0.0001841-0.0002478 0.0004340
           dz -0.0006422-0.0000058-0.0019169-0.0003977 0.0000376-0.0008631
  37 h     dx -0.0003670 0.0002372-0.0003091-0.0001795 0.0001630-0.0001222
           dy -0.0001914-0.0000133 0.0005435-0.0001648-0.0002520 0.0004180
           dz  0.0006412 0.0001072-0.0019155 0.0003791 0.0001084-0.0008636
  38 h     dx -0.0000055-0.0000153 0.0000098 0.0000014 0.0000049 0.0000030
           dy  0.0000062-0.0000950 0.0001032-0.0000006 0.0000399 0.0000429
           dz  0.0000022-0.0000225 0.0000217-0.0000019 0.0000128 0.0000139
  39 h     dx -0.0000071 0.0000485-0.0000524 0.0000060-0.0000240-0.0000303
           dy -0.0000112 0.0001138-0.0001191 0.0000067-0.0000530-0.0000578
           dz -0.0000038 0.0000328-0.0000358 0.0000016-0.0000103-0.0000101
  40 h     dx  0.0000072-0.0000536 0.0000561-0.0000018 0.0000260 0.0000249
           dy  0.0000043-0.0000556 0.0000542-0.0000028 0.0000260 0.0000252
           dz  0.0000029 0.0000157-0.0000079 0.0000012-0.0000056-0.0000055
  41 h     dx -0.0000094 0.0000318-0.0000271-0.0000016-0.0000097-0.0000119
           dy  0.0000076-0.0000922 0.0001001-0.0000009 0.0000376 0.0000416
           dz  0.0000012-0.0000216 0.0000210-0.0000003 0.0000133 0.0000135
  42 h     dx -0.0000015 0.0000634-0.0000647 0.0000011-0.0000299-0.0000297
           dy  0.0000040-0.0000452 0.0000443-0.0000007 0.0000223 0.0000194
           dz -0.0000050 0.0000156-0.0000080 0.0000001-0.0000052-0.0000057
  43 h     dx  0.0000016-0.0000694 0.0000740 0.0000031 0.0000349 0.0000391
           dy -0.0000080 0.0001036-0.0001073 0.0000018-0.0000473-0.0000522
           dz -0.0000025 0.0000333-0.0000360 0.0000019-0.0000101-0.0000102
  44 h     dx  0.0000543 0.0000030 0.0000231 0.0002467 0.0000294 0.0000010
           dy  0.0000048-0.0000005-0.0002558 0.0000287-0.0000862-0.0000011
           dz -0.0000264 0.0002966-0.0000566 0.0000010-0.0000051-0.0000225
  45 h     dx  0.0000439-0.0000045 0.0000131-0.0000413 0.0000025 0.0000039
           dy -0.0000049 0.0001037-0.0001643 0.0000030-0.0000809-0.0000511
           dz  0.0000120-0.0001505 0.0000658 0.0000015 0.0000412 0.0000621
  46 h     dx -0.0000296-0.0000078 0.0000051-0.0000396-0.0000012 0.0000010
           dy -0.0000097 0.0000832-0.0000883 0.0000010-0.0000503-0.0000267
           dz -0.0000059 0.0000610-0.0000327 0.0000025-0.0000255-0.0000334
  47 h     dx  0.0001022-0.0005664-0.0000914-0.0000038 0.0000409-0.0000052
           dy -0.0000017 0.0001204 0.0003342-0.0000280 0.0000627-0.0000399
           dz  0.0000003 0.0001804-0.0000819-0.0000090-0.0000948 0.0000646
  48 h     dx  0.0000073 0.0005455 0.0000325-0.0000014-0.0000502 0.0000103
           dy -0.0000065 0.0002224 0.0003340 0.0000104 0.0000640-0.0000398
           dz -0.0000393 0.0001748-0.0000746 0.0000309-0.0000955 0.0000654
  49 h     dx -0.0000902 0.0000023-0.0000311 0.0051337 0.0007106 0.0002270
           dy  0.0000020-0.0001132 0.0003391 0.0007130-0.0027222-0.0024890
           dz  0.0000073-0.0000797 0.0002330 0.0003508-0.0038077-0.0009923
  50 h     dx  0.0000830-0.0000068 0.0000086-0.0008135-0.0000274-0.0000611
           dy -0.0000061 0.0001573-0.0000967-0.0000323-0.0004622 0.0006976
           dz -0.0000014 0.0000143-0.0001121-0.0000917 0.0009978 0.0000219
  51 h     dx -0.0004732-0.0000317 0.0000273 0.0075660 0.0006905 0.0002994
           dy -0.0000323-0.0001153-0.0003174 0.0006986-0.0001336-0.0033334
           dz  0.0000161-0.0001873-0.0002203 0.0002417-0.0026511-0.0032541
  52 h     dx  0.0000366-0.0000442 0.0000607 0.0040735 0.0008208-0.0025633
           dy -0.0000410 0.0005082-0.0006567 0.0008145-0.0050510 0.0281496
           dz -0.0000042 0.0000460 0.0001919-0.0001673 0.0018167-0.0010066
  53 o     dx  0.0001362 0.0000291-0.0000899-0.0000143 0.0000632-0.0000408
           dy  0.0000321-0.0001793 0.0011368 0.0000502-0.0005383 0.0003114
           dz -0.0001644 0.0018778-0.0008340-0.0000131 0.0001358-0.0003986
  54 h     dx -0.0000127-0.0000238 0.0000061-0.0000297 0.0000035 0.0000056
           dy -0.0000228 0.0002482-0.0000654 0.0000017-0.0000473-0.0000699
           dz  0.0000272-0.0003232 0.0001032-0.0000144 0.0001720 0.0000699

   ATOM              5 c                           6 c 
                  dx        dy        dz        dx        dy        dz
   5 c     dx  0.1794006
           dy -0.0383103 0.6078715
           dz  0.0045390-0.0550584 0.6881487
   6 c     dx -0.0678369 0.0065638-0.0082269 0.1292956
           dy  0.0065218-0.1418536 0.0934893-0.0478968 0.6760667
           dz -0.0049363 0.0567267-0.3149146 0.0020320-0.0190224 0.7064001
   7 c     dx  0.0023910-0.0015210 0.0010237-0.0612694 0.0127085 0.0092655
           dy -0.0015374 0.0198424-0.0114848 0.0127871-0.2089515-0.1085611
           dz  0.0002255-0.0023789-0.0807716 0.0095671-0.1105381-0.1959580
   8 c     dx  0.0000026-0.0000453 0.0000763-0.0000843-0.0000002-0.0000941
           dy -0.0000487 0.0004975-0.0008555-0.0000069-0.0000743 0.0009859
           dz  0.0000181-0.0002616 0.0002886-0.0000122 0.0000782-0.0003837
   9 c     dx -0.0003644-0.0002220 0.0004343-0.0010965-0.0001737-0.0005968
           dy -0.0002133 0.0021524-0.0049083-0.0001643 0.0008757 0.0067734
           dz -0.0005246 0.0061484-0.0157860-0.0003108 0.0037125 0.0203980
  10 c     dx  0.0001015 0.0000300 0.0000014 0.0001395-0.0000145-0.0000010
           dy  0.0000288-0.0002066-0.0001145-0.0000107 0.0003240 0.0002123
           dz  0.0003774-0.0044132 0.0110669 0.0001794-0.0021492-0.0141823
  11 c     dx  0.0000810-0.0002406 0.0005640 0.0002082-0.0000634-0.0007053
           dy -0.0002318 0.0027729-0.0063459-0.0000553 0.0009130 0.0079494
           dz -0.0001953 0.0022922-0.0056950-0.0000883 0.0010716 0.0070238
  12 c     dx -0.0000126 0.0000517-0.0001094-0.0000077 0.0000113 0.0001379
           dy  0.0000515-0.0006000 0.0012449 0.0000133-0.0001204-0.0015399
           dz  0.0001283-0.0014930 0.0037072 0.0000541-0.0006498-0.0045518
  13 c     dx -0.0005845 0.0001562-0.0001412-0.0003179-0.0000371 0.0001618
           dy  0.0001484-0.0022625 0.0014925-0.0000481 0.0001181-0.0018267
           dz -0.0001986 0.0022399-0.0038606-0.0000143 0.0002533 0.0038194
  14 n     dx -0.0069736 0.0017915 0.0006595-0.0004275-0.0005742-0.0001613
           dy  0.0018053-0.0269486-0.0071310-0.0006010 0.0059511 0.0015913
           dz  0.0015936-0.0178688 0.0120240-0.0001132 0.0010397-0.0118526
  15 c     dx -0.0000198 0.0001742-0.0004067 0.0000086 0.0000652 0.0005142
           dy  0.0000093-0.0001442 0.0003012-0.0000073-0.0000149-0.0003551
           dz  0.0000073-0.0000840 0.0001969 0.0000044-0.0000276-0.0003073
  16 c     dx  0.0000059-0.0001429 0.0003408 0.0000148-0.0000536-0.0004567
           dy  0.0000175-0.0001688 0.0003604 0.0000157-0.0000201-0.0004466
           dz  0.0000059-0.0000845 0.0001967-0.0000036-0.0000294-0.0003039
  17 o     dx -0.0000062 0.0001054-0.0002178 0.0000152 0.0000279 0.0002674
           dy  0.0001022-0.0011781 0.0024634 0.0000267-0.0002632-0.0031273
           dz -0.0000054 0.0000616 0.0000116 0.0000067-0.0000916 0.0000731
  18 c     dx -0.0000348 0.0001190-0.0002987-0.0000695 0.0000460 0.0003945
           dy  0.0001169-0.0013918 0.0034366 0.0000470-0.0006048-0.0043727
           dz -0.0000217 0.0002509-0.0005303-0.0000063 0.0000748 0.0006749
  19 c     dx  0.0000030 0.0000545-0.0001260 0.0000175 0.0000200 0.0001633
           dy  0.0000547-0.0006281 0.0014840 0.0000223-0.0002194-0.0018123
           dz -0.0000355 0.0004156-0.0009642-0.0000107 0.0001381 0.0011783
  20 c     dx -0.0000102-0.0000677 0.0001586-0.0000486-0.0000265-0.0001963
           dy -0.0000658 0.0007545-0.0017835-0.0000242 0.0002738 0.0021555
           dz -0.0000269 0.0003049-0.0007310-0.0000121 0.0001200 0.0008856
  21 n     dx  0.0000123-0.0000783 0.0001894 0.0000219-0.0000307-0.0002133
           dy -0.0000711 0.0008444-0.0020280-0.0000216 0.0003164 0.0025476
           dz  0.0000054-0.0000589 0.0001567 0.0000049-0.0000418-0.0001679
  22 n     dx  0.0000009-0.0000328 0.0000764 0.0000008-0.0000119-0.0000737
           dy -0.0000286 0.0003467-0.0008078-0.0000034 0.0001117 0.0009705
           dz  0.0000307-0.0003582 0.0007975 0.0000085-0.0001002-0.0009547
  23 n     dx -0.0000025 0.0000538-0.0001178 0.0000117 0.0000197 0.0001320
           dy  0.0000508-0.0005762 0.0012782 0.0000197-0.0001603-0.0015511
           dz  0.0000258-0.0003035 0.0006902 0.0000060-0.0000942-0.0008215
  24 c     dx  0.0052583 0.0009717-0.0001560 0.0085220-0.0003690 0.0023117
           dy  0.0009759-0.0059409 0.0017706-0.0003801 0.0128052-0.0268585
           dz  0.0011911-0.0138210 0.0361387 0.0009930-0.0117725-0.0883978
  25 c     dx  0.0011718-0.0002576 0.0006500 0.0088417 0.0007073-0.0012550
           dy -0.0002610 0.0042057-0.0076304 0.0007032 0.0007831 0.0147135
           dz -0.0006361 0.0074453-0.0247022-0.0009762 0.0114530 0.0335687
  26 c     dx -0.0004546 0.0001279-0.0002710-0.0005769-0.0001194 0.0004432
           dy  0.0001243-0.0019063 0.0030376-0.0001218 0.0008173-0.0049149
           dz  0.0006429-0.0075012 0.0195817 0.0004272-0.0050976-0.0276026
  27 c     dx  0.0004458 0.0000875-0.0001629-0.0000405 0.0000298 0.0001375
           dy  0.0000863-0.0005204 0.0017391 0.0000277-0.0003466-0.0016358
           dz -0.0000739 0.0008256-0.0005014 0.0000063-0.0001097 0.0006464
  28 c     dx  0.0046015 0.0007704-0.0003824 0.0000680-0.0000831-0.0000272
           dy  0.0007657-0.0039408 0.0041949-0.0000787 0.0009495 0.0003873
           dz -0.0002380 0.0025643-0.0040490 0.0000584-0.0006355 0.0003899
  29 c     dx -0.0000844-0.0003413-0.0001758-0.0002736 0.0000167 0.0001779
           dy -0.0003223 0.0035928 0.0020126 0.0000184-0.0005158-0.0018947
           dz  0.0002678-0.0029829-0.0045867 0.0000809-0.0008232 0.0025080
  30 c     dx  0.0051870 0.0006946-0.0006948 0.0000628-0.0000970 0.0001204
           dy  0.0006922-0.0024481 0.0074663-0.0000995 0.0009735-0.0012001
           dz -0.0011158 0.0124688 0.0079247-0.0000237 0.0002596-0.0056454
  31 c     dx  0.0076011 0.0040224 0.0019671-0.0009428-0.0000715-0.0008360
           dy  0.0040639-0.0372771-0.0216783 0.0000328-0.0006985 0.0100256
           dz  0.0027214-0.0303523 0.0098316 0.0000938-0.0015409-0.0015465
  32 h     dx  0.0087291 0.0006508-0.0000190-0.0001662 0.0000013-0.0000190
           dy  0.0006459 0.0015113 0.0001857-0.0000004-0.0001677 0.0002115
           dz  0.0000101-0.0001519-0.0051051-0.0001141 0.0013180 0.0006429
  33 h     dx  0.0031455 0.0015817 0.0019088-0.0019208-0.0002554 0.0000557
           dy  0.0015657-0.0143708-0.0215019-0.0002553 0.0008921-0.0006822
           dz -0.0005053 0.0056109 0.0110088 0.0000736-0.0008147-0.0010844
  34 h     dx  0.0028571 0.0007891-0.0002715-0.0376536 0.0247922-0.0052937
           dy  0.0008050-0.0062724 0.0026438 0.0246968-0.3198652 0.0577856
           dz -0.0026632 0.0299846-0.0022594-0.0051538 0.0568385-0.0668036
  35 h     dx -0.0028376-0.0001982-0.0002018 0.0044792 0.0017814-0.0002978
           dy -0.0001814-0.0006311 0.0021387 0.0017530-0.0158460 0.0039434
           dz -0.0000450 0.0006557 0.0011286 0.0019943-0.0233515 0.0084559
  36 h     dx -0.0000172 0.0002585-0.0001614 0.0000256-0.0000430 0.0001914
           dy -0.0001142 0.0003686-0.0003380-0.0000247 0.0000317 0.0003436
           dz  0.0003274-0.0009554 0.0009587 0.0000162 0.0000156-0.0010519
  37 h     dx  0.0000197-0.0003183 0.0002159 0.0000101 0.0000399-0.0002501
           dy  0.0000534 0.0003298-0.0003024 0.0000254 0.0000425 0.0003033
           dz -0.0001539-0.0009943 0.0009556-0.0000267 0.0000138-0.0010512
  38 h     dx  0.0000012 0.0000108-0.0000098-0.0000094 0.0000093 0.0000063
           dy -0.0000089 0.0000982-0.0001878 0.0000042 0.0000076 0.0002039
           dz -0.0000036 0.0000281-0.0000637 0.0000007 0.0000170 0.0000914
  39 h     dx  0.0000060-0.0000546 0.0001239 0.0000011-0.0000154-0.0001695
           dy  0.0000103-0.0001159 0.0002551 0.0000021-0.0000291-0.0003088
           dz  0.0000040-0.0000337 0.0000487 0.0000010 0.0000056-0.0000386
  40 h     dx -0.0000047 0.0000568-0.0001170 0.0000042 0.0000112 0.0001426
           dy -0.0000043 0.0000536-0.0001148 0.0000004 0.0000143 0.0001359
           dz -0.0000006-0.0000093 0.0000214 0.0000061-0.0000137-0.0000253
  41 h     dx  0.0000018-0.0000267 0.0000423-0.0000099-0.0000114-0.0000442
           dy -0.0000048 0.0000940-0.0001832-0.0000030 0.0000047 0.0001993
           dz -0.0000013 0.0000282-0.0000628-0.0000038 0.0000170 0.0000903
  42 h     dx  0.0000051-0.0000656 0.0001359 0.0000048-0.0000124-0.0001660
           dy -0.0000036 0.0000431-0.0000930-0.0000007 0.0000124 0.0001071
           dz  0.0000024-0.0000085 0.0000214-0.0000037-0.0000143-0.0000253
  43 h     dx -0.0000042 0.0000748-0.0001683-0.0000003 0.0000209 0.0002205
           dy  0.0000084-0.0001041 0.0002287 0.0000018-0.0000257-0.0002750
           dz  0.0000025-0.0000338 0.0000489-0.0000012 0.0000056-0.0000388
  44 h     dx -0.0003848-0.0000528-0.0000311-0.0046525-0.0004833 0.0001893
           dy -0.0000520 0.0002178 0.0003329-0.0004781 0.0008741-0.0022613
           dz  0.0000294-0.0003491 0.0002827-0.0001452 0.0016992 0.0012189
  45 h     dx -0.0000060 0.0000139-0.0000175 0.0000309-0.0000369 0.0000501
           dy  0.0000139-0.0001787 0.0002342-0.0000356 0.0004430-0.0006209
           dz -0.0000122 0.0001597-0.0002121-0.0000046 0.0001123 0.0001696
  46 h     dx  0.0001451 0.0000179-0.0000083 0.0001185 0.0000111 0.0000065
           dy  0.0000212-0.0000987 0.0001748 0.0000127-0.0000263-0.0001861
           dz  0.0000042-0.0000478 0.0001730 0.0000118-0.0001254-0.0001857
  47 h     dx -0.0001353 0.0001450 0.0001098 0.0000189-0.0000957 0.0000101
           dy  0.0000230 0.0000280-0.0001338-0.0000120 0.0000495 0.0001310
           dz  0.0001273-0.0000900 0.0000391-0.0000039 0.0000122-0.0000592
  48 h     dx -0.0001019-0.0001666-0.0000858-0.0000005 0.0000876-0.0000350
           dy -0.0000467-0.0000032-0.0001536-0.0000034 0.0000685 0.0001269
           dz -0.0001089-0.0001131 0.0000415 0.0000057 0.0000115-0.0000597
  49 h     dx -0.0000451-0.0000846 0.0000912-0.0000048 0.0000327-0.0000025
           dy -0.0000880 0.0009148-0.0010009 0.0000314-0.0003586 0.0000189
           dz -0.0000914 0.0010188-0.0004569 0.0000387-0.0004329-0.0002221
  50 h     dx -0.0007905-0.0000697-0.0000163 0.0000274 0.0000061 0.0000189
           dy -0.0000714-0.0000095 0.0001938 0.0000037-0.0000202-0.0001928
           dz  0.0000155-0.0001762 0.0000851-0.0000033 0.0000411-0.0001683
  51 h     dx  0.0000812 0.0000591-0.0000721 0.0000922 0.0000172 0.0000213
           dy  0.0000588-0.0005647 0.0008540 0.0000177-0.0001092-0.0002280
           dz  0.0000722-0.0007888 0.0007852 0.0000033-0.0000411-0.0000629
  52 h     dx -0.0036621-0.0004105-0.0000859 0.0000992 0.0002566-0.0000326
           dy -0.0004184 0.0009762 0.0010883 0.0001648-0.0018212-0.0000097
           dz  0.0000178-0.0001952-0.0023451 0.0002771-0.0029893-0.0008783
  53 o     dx -0.0001202-0.0000481 0.0001021 0.0000198-0.0000124-0.0001246
           dy -0.0000529 0.0004701-0.0012686-0.0000218 0.0002096 0.0012156
           dz  0.0001043-0.0011970 0.0014260-0.0000031-0.0000116-0.0016591
  54 h     dx  0.0000237 0.0000126-0.0000137-0.0000080-0.0000001 0.0000155
           dy  0.0000128-0.0001223 0.0001503-0.0000009-0.0000050-0.0001925
           dz -0.0000180 0.0002082-0.0001736 0.0000022-0.0000113 0.0002363

   ATOM              7 c                           8 c 
                  dx        dy        dz        dx        dy        dz
   7 c     dx  0.1467393
           dy -0.0459074 0.6789051
           dz  0.0017156-0.0202078 0.7172971
   8 c     dx  0.0000286-0.0000076 0.0000519 0.4776661
           dy -0.0000098 0.0001289-0.0005460-0.0032203 0.5124614
           dz  0.0000101-0.0001128 0.0002817 0.0037146-0.0465182 0.4184185
   9 c     dx  0.0012795 0.0000191 0.0006755-0.0745347 0.0083088 0.0018480
           dy  0.0000235 0.0010680-0.0077201 0.0083128-0.1670846-0.0200195
           dz  0.0001296-0.0014115-0.0261436-0.0011044 0.0127603-0.0784213
  10 c     dx -0.0005215-0.0000200 0.0000786 0.0053379 0.0027601-0.0015286
           dy -0.0000205-0.0002967-0.0010787 0.0027056-0.0251682 0.0177634
           dz -0.0000115 0.0000477 0.0165819-0.0017136 0.0188263-0.0080131
  11 c     dx -0.0002510-0.0000310 0.0007681-0.0090324-0.0014063-0.0040489
           dy -0.0000262 0.0000984-0.0086409-0.0012956 0.0058833 0.0458323
           dz  0.0000465-0.0004877-0.0079777-0.0024500 0.0285004-0.0494372
  12 c     dx  0.0000379 0.0000034-0.0001372 0.0039668 0.0008171 0.0003614
           dy  0.0000040-0.0000139 0.0015322 0.0008087-0.0052295-0.0042016
           dz -0.0000225 0.0002344 0.0050265-0.0003999 0.0043462 0.0051046
  13 c     dx  0.0000132-0.0000449-0.0001280 0.0000054-0.0000077 0.0000010
           dy -0.0000467 0.0005273 0.0013795-0.0000078 0.0000927-0.0000330
           dz  0.0001191-0.0013450-0.0031756 0.0000201-0.0002722 0.0001055
  14 n     dx -0.0001319-0.0000088-0.0000208-0.0000057-0.0000075-0.0000058
           dy -0.0000202 0.0000724 0.0003644-0.0000049 0.0000531 0.0000307
           dz -0.0003012 0.0033814 0.0085583-0.0000528 0.0005625-0.0002228
  15 c     dx -0.0000230 0.0000291-0.0005719-0.1466195-0.0389270 0.0273189
           dy  0.0000473 0.0000004 0.0003125-0.0479532-0.1052856 0.0204178
           dz  0.0000882-0.0001079 0.0003897 0.0210066 0.0114683-0.0762951
  16 c     dx -0.0000111-0.0000281 0.0005062-0.1602303 0.0291486-0.0301862
           dy -0.0000488-0.0000107 0.0004008 0.0381154-0.0916593 0.0151469
           dz -0.0000692-0.0001215 0.0003880-0.0224137 0.0074401-0.0763299
  17 o     dx  0.0000071 0.0000150-0.0002872-0.0644493 0.0027387 0.0009439
           dy  0.0000130-0.0001602 0.0032769 0.0027767-0.0960728-0.0113483
           dz -0.0000269 0.0003098-0.0000439 0.0036811-0.0416936-0.1194981
  18 c     dx  0.0000931 0.0000055-0.0004403 0.0084239 0.0008738-0.0000598
           dy  0.0000067-0.0000022 0.0050044 0.0008800-0.0015058 0.0008195
           dz -0.0000010 0.0000160-0.0007137-0.0000283 0.0004598-0.0069864
  19 c     dx -0.0000264-0.0000126-0.0001658 0.0031661 0.0001613-0.0001039
           dy -0.0000113 0.0000899 0.0019182 0.0001549 0.0013538 0.0012508
           dz  0.0000049-0.0000481-0.0012431-0.0000392 0.0005974-0.0001377
  20 c     dx  0.0000616 0.0000141 0.0002057-0.0011878 0.0000593 0.0000487
           dy  0.0000151-0.0000979-0.0023019 0.0000544-0.0016579-0.0004645
           dz  0.0000056-0.0000612-0.0009633 0.0000724-0.0008401-0.0016030
  21 n     dx -0.0000171-0.0000067 0.0002545-0.0014126-0.0001882 0.0000363
           dy -0.0000011 0.0000116-0.0028142-0.0001687 0.0005529-0.0004897
           dz -0.0000069 0.0000793 0.0001836-0.0000031 0.0000173 0.0011473
  22 n     dx  0.0000066 0.0000003 0.0000898-0.0006984 0.0000147 0.0001137
           dy  0.0000050-0.0000402-0.0010083 0.0000250-0.0009010-0.0013315
           dz -0.0000057 0.0000593 0.0009687-0.0000252 0.0002415 0.0006633
  23 n     dx -0.0000139-0.0000066-0.0001444 0.0000203-0.0000461-0.0000030
           dy -0.0000075 0.0000670 0.0015888-0.0000743 0.0008242 0.0001867
           dz -0.0000049 0.0000506 0.0008472-0.0000176 0.0001651 0.0005894
  24 c     dx -0.0588101 0.0079266-0.0097526-0.0001384 0.0000408-0.0000654
           dy  0.0079001-0.1499665 0.1128591 0.0000412-0.0006801 0.0007100
           dz -0.0098350 0.1137421-0.3337050-0.0000617 0.0006874-0.0010187
  25 c     dx  0.0013970-0.0007512 0.0009412-0.0029046-0.0003309 0.0001224
           dy -0.0007460 0.0100303-0.0111423-0.0003190 0.0009748-0.0012199
           dz  0.0019035-0.0219014-0.0860242-0.0001117 0.0014053 0.0021139
  26 c     dx  0.0054936 0.0007957-0.0001276 0.0013807 0.0011172 0.0018872
           dy  0.0007914-0.0036476 0.0012527 0.0010297-0.0106252-0.0212270
           dz  0.0001418-0.0018545 0.0372058 0.0007049-0.0081699 0.0045511
  27 c     dx  0.0000115-0.0000413-0.0001121 0.0000163 0.0000021 0.0000054
           dy -0.0000429 0.0005066 0.0012044-0.0000181 0.0000937-0.0000382
           dz  0.0000115-0.0001361-0.0006846 0.0000096-0.0000581-0.0000124
  28 c     dx -0.0005188 0.0000218-0.0000168 0.0000032-0.0000012-0.0000185
           dy  0.0000168-0.0007454 0.0001686 0.0000117-0.0001542 0.0001011
           dz  0.0000321-0.0003519-0.0007907 0.0000082-0.0000863 0.0000565
  29 c     dx  0.0001123-0.0000788-0.0001289 0.0000130-0.0000429-0.0000014
           dy -0.0000744 0.0009639 0.0014663-0.0000242 0.0002319-0.0001316
           dz  0.0000804-0.0009108-0.0016653 0.0000137-0.0001209 0.0000528
  30 c     dx  0.0001251-0.0000759-0.0000808 0.0000122-0.0000292-0.0000113
           dy -0.0000748 0.0009626 0.0009462-0.0000041 0.0000507-0.0000268
           dz -0.0001097 0.0012619 0.0036437-0.0000223 0.0002583-0.0001217
  31 c     dx -0.0001365 0.0002718 0.0004625 0.0000023 0.0000001-0.0000206
           dy  0.0002691-0.0031719-0.0052042 0.0000152-0.0002122 0.0001046
           dz -0.0000269 0.0003222 0.0008850 0.0000015 0.0000071-0.0000080
  32 h     dx  0.0003710 0.0000360 0.0000129 0.0000133 0.0000019 0.0000005
           dy  0.0000367-0.0000382-0.0001598 0.0000006-0.0000024-0.0000014
           dz  0.0000104-0.0001099-0.0001188 0.0000003-0.0000013-0.0000087
  33 h     dx -0.0000215 0.0001119 0.0000797 0.0000295 0.0000032-0.0000010
           dy  0.0001231-0.0012076-0.0007845 0.0000028 0.0000005 0.0000119
           dz -0.0001645 0.0020220-0.0011955 0.0000003-0.0000079-0.0000050
  34 h     dx  0.0039892 0.0019715-0.0004200 0.0000028-0.0000038 0.0000010
           dy  0.0019953-0.0188518 0.0043748-0.0000014 0.0000141-0.0000093
           dz  0.0021815-0.0250923 0.0058404 0.0000045-0.0000132 0.0000069
  35 h     dx -0.0442991 0.0234103-0.0032452 0.0001239 0.0000133-0.0000023
           dy  0.0234686-0.3168874 0.0385429 0.0000135-0.0000406 0.0000297
           dz -0.0031920 0.0374539-0.0629334-0.0000029 0.0000432-0.0001004
  36 h     dx  0.0000135-0.0000844-0.0001829-0.0000016-0.0000169 0.0000057
           dy -0.0000025-0.0000727-0.0002074-0.0000027-0.0000021-0.0000011
           dz -0.0000614 0.0003249 0.0007986 0.0000017 0.0000577-0.0000225
  37 h     dx -0.0000048 0.0000971 0.0002161-0.0000005 0.0000151-0.0000054
           dy  0.0000157-0.0000548-0.0001708-0.0000047 0.0000032-0.0000025
           dz  0.0000022 0.0003304 0.0007973-0.0000044 0.0000551-0.0000214
  38 h     dx -0.0000161-0.0000477 0.0000204 0.0007932 0.0050929 0.0219532
           dy -0.0000131-0.0000262-0.0001741 0.0015393 0.0003381 0.0144845
           dz -0.0000146 0.0000320-0.0001104-0.0026999-0.0023724-0.0089637
  39 h     dx  0.0000159-0.0000205 0.0001743 0.0003138-0.0273868-0.0064000
           dy  0.0000105 0.0000015 0.0003130 0.0008424-0.0168021-0.0033641
           dz -0.0000047 0.0000233 0.0000159 0.0007950 0.0126754 0.0008942
  40 h     dx  0.0000093 0.0000037-0.0001432-0.0211773 0.0086464-0.0107726
           dy -0.0000017-0.0000106-0.0001370-0.0153527 0.0050201-0.0081069
           dz -0.0000063 0.0000360 0.0000152 0.0110166-0.0045937 0.0028504
  41 h     dx -0.0000276 0.0000487 0.0000100 0.0016978-0.0045647-0.0241402
           dy  0.0000136-0.0000147-0.0001750-0.0010600-0.0009979 0.0103380
           dz  0.0000089 0.0000338-0.0001104 0.0030437-0.0018655-0.0089076
  42 h     dx  0.0000084-0.0000004 0.0001662-0.0215487-0.0134065 0.0120240
           dy  0.0000056-0.0000099-0.0001101 0.0105770 0.0053725-0.0060756
           dz  0.0000003 0.0000368 0.0000148-0.0100431-0.0064810 0.0028272
  43 h     dx  0.0000144 0.0000228-0.0002277-0.0047925 0.0294513 0.0068573
           dy -0.0000088 0.0000038 0.0002772 0.0012872-0.0116185-0.0021742
           dz  0.0000008 0.0000236 0.0000160-0.0030077 0.0122886 0.0008877
  44 h     dx  0.0045544 0.0010795-0.0000413 0.0001771 0.0000165-0.0000231
           dy  0.0010551-0.0077734 0.0004289 0.0000158-0.0000147 0.0002562
           dz -0.0025068 0.0294990-0.0024397 0.0000043-0.0000658 0.0001870
  45 h     dx -0.0032898-0.0004026-0.0002003 0.0011258 0.0001388 0.0000487
           dy -0.0003995 0.0012667 0.0024567 0.0001254 0.0000348 0.0007280
           dz  0.0001650-0.0017812 0.0010305 0.0001472-0.0000996-0.0015096
  46 h     dx -0.0003074-0.0000614-0.0000105 0.0045222 0.0002167 0.0001061
           dy -0.0000640 0.0004121 0.0002399 0.0001998 0.0021773-0.0012092
           dz  0.0000254-0.0002920 0.0001894-0.0000679 0.0007554-0.0030173
  47 h     dx -0.0000009 0.0000038-0.0000517-0.0000087-0.0000045-0.0000042
           dy  0.0000007-0.0000357-0.0000763 0.0000066-0.0000028 0.0000030
           dz  0.0000030 0.0000107 0.0000596-0.0000026 0.0000027 0.0000022
  48 h     dx -0.0000019 0.0000030 0.0000635-0.0000060 0.0000051 0.0000046
           dy  0.0000039-0.0000350-0.0000673 0.0000017-0.0000063 0.0000049
           dz -0.0000040 0.0000100 0.0000609-0.0000048 0.0000044 0.0000011
  49 h     dx  0.0001451 0.0000109 0.0000147 0.0000039 0.0000000-0.0000010
           dy  0.0000119 0.0000175-0.0001610 0.0000009-0.0000061 0.0000011
           dz -0.0000087 0.0001060 0.0000562-0.0000015 0.0000115-0.0000042
  50 h     dx -0.0000320-0.0000108-0.0000134 0.0000042-0.0000030-0.0000010
           dy -0.0000101 0.0000799 0.0001372-0.0000008 0.0000109-0.0000033
           dz  0.0000028-0.0000296 0.0001530-0.0000005 0.0000063 0.0000016
  51 h     dx -0.0000923-0.0000163-0.0000170 0.0000057-0.0000032-0.0000011
           dy -0.0000164 0.0000903 0.0001965-0.0000009 0.0000147-0.0000052
           dz -0.0000052 0.0000586 0.0000574-0.0000003 0.0000019-0.0000030
  52 h     dx -0.0002615-0.0000975 0.0000601 0.0000090-0.0000013 0.0000004
           dy -0.0000917 0.0007593-0.0006868 0.0000032-0.0000137-0.0000072
           dz  0.0000205-0.0002315-0.0000716 0.0000012-0.0000113 0.0000029
  53 o     dx -0.0000031 0.0000389 0.0000788-0.0000275 0.0000139 0.0000016
           dy  0.0000323-0.0003693-0.0009428-0.0000000-0.0000728 0.0000279
           dz -0.0000396 0.0004421 0.0014824-0.0000102 0.0001183-0.0000094
  54 h     dx -0.0000027-0.0000048-0.0000157 0.0000096 0.0000009 0.0000007
           dy -0.0000053 0.0000564 0.0001765-0.0000009 0.0000167-0.0000056
           dz  0.0000048-0.0000517-0.0002229 0.0000000-0.0000173-0.0000045

   ATOM              9 c                          10 c 
                  dx        dy        dz        dx        dy        dz
   9 c     dx  0.1844811
           dy -0.0331484 0.5610357
           dz -0.0034333 0.0378526 0.7280422
  10 c     dx -0.0615655 0.0068288-0.0071429 0.1343390
           dy  0.0066576-0.1380481 0.0819914-0.0530917 0.7300633
           dz -0.0089086 0.1031320-0.2945824 0.0049984-0.0597929 0.6031580
  11 c     dx  0.0074647-0.0004321 0.0044759-0.0656869 0.0106988 0.0063859
           dy -0.0004860 0.0132067-0.0505508 0.0106455-0.1841810-0.0709197
           dz  0.0017414-0.0191930-0.0682519 0.0058747-0.0666985-0.1425513
  12 c     dx  0.0018462 0.0006300-0.0001679 0.0112021 0.0003849 0.0024347
           dy  0.0006285-0.0053006 0.0016733 0.0004271 0.0072142-0.0271610
           dz  0.0001436-0.0017359 0.0174163 0.0016200-0.0172115-0.0376407
  13 c     dx  0.0000009-0.0000259-0.0000892 0.0000021 0.0000037 0.0000641
           dy -0.0000268 0.0003179 0.0009627 0.0000027-0.0000455-0.0007090
           dz  0.0000776-0.0008668-0.0025526-0.0000124 0.0001668 0.0018742
  14 n     dx  0.0000002-0.0000141-0.0000561 0.0000010 0.0000036 0.0000414
           dy -0.0000194 0.0002255 0.0007130 0.0000016-0.0000542-0.0005369
           dz -0.0001713 0.0019413 0.0057446 0.0000319-0.0003136-0.0041995
  15 c     dx  0.0031762-0.0080454-0.0021645-0.0011568 0.0010903-0.0013915
           dy -0.0245765-0.0211361 0.0132072-0.0003312-0.0025495-0.0011637
           dz -0.0042929 0.0045566 0.0049532 0.0010451-0.0012309 0.0001982
  16 c     dx -0.0031902 0.0111908-0.0001921-0.0010870-0.0008275 0.0015717
           dy  0.0276907-0.0145634 0.0134195 0.0005934-0.0026417-0.0008921
           dz  0.0033514 0.0053501 0.0050183-0.0008208-0.0013919 0.0001936
  17 o     dx -0.0010919 0.0019749 0.0019489 0.0113670 0.0074198 0.0003043
           dy  0.0019808-0.0235444-0.0208695 0.0072943-0.0716260-0.0035020
           dz  0.0015614-0.0180176-0.0423340-0.0001677 0.0018956 0.0113502
  18 c     dx  0.0037640 0.0020355-0.0033801-0.0658137 0.0203276-0.0036069
           dy  0.0021134-0.0198934 0.0385570 0.0202625-0.2939362 0.0400031
           dz -0.0031957 0.0358432-0.0079795-0.0039078 0.0444311-0.0921169
  19 c     dx -0.0006721 0.0000226-0.0004461-0.0052098-0.0001198 0.0008434
           dy  0.0000263-0.0009809 0.0051006-0.0000951-0.0039288-0.0098791
           dz -0.0000849 0.0009607-0.0032507-0.0002003 0.0019686 0.0054625
  20 c     dx  0.0014516 0.0000735 0.0006002 0.0061305 0.0001460-0.0008654
           dy  0.0000865 0.0005123-0.0066592 0.0001561 0.0042079 0.0097815
           dz  0.0001072-0.0011346-0.0036151-0.0004651 0.0053853 0.0005927
  21 n     dx  0.0005348-0.0000756 0.0016303 0.0192895 0.0049606-0.0011688
           dy -0.0000823 0.0015521-0.0184432 0.0049594-0.0363861 0.0133792
           dz  0.0003456-0.0038971 0.0001951-0.0010466 0.0118795 0.0179196
  22 n     dx  0.0000779-0.0000566 0.0001926 0.0008464-0.0000661-0.0003573
           dy -0.0000591 0.0007248-0.0022230-0.0000827 0.0016987 0.0042073
           dz  0.0000119-0.0001462 0.0020219 0.0001093-0.0011895-0.0026113
  23 n     dx -0.0003297 0.0000121-0.0003666-0.0009442 0.0000229 0.0004860
           dy  0.0000218-0.0006130 0.0039972 0.0000347-0.0012239-0.0053641
           dz  0.0000017-0.0000291 0.0019368 0.0001227-0.0013768-0.0022822
  24 c     dx  0.0090245 0.0007482-0.0008669-0.0006494-0.0001761 0.0002606
           dy  0.0007271 0.0005695 0.0101918-0.0001770 0.0014066-0.0030026
           dz -0.0012057 0.0136342 0.0329608-0.0000541 0.0008772-0.0219734
  25 c     dx  0.0000252-0.0011843 0.0017237 0.0051596 0.0007300 0.0002581
           dy -0.0011632 0.0129832-0.0196501 0.0007317-0.0031351-0.0028642
           dz  0.0008953-0.0106378-0.0822323 0.0004996-0.0060065 0.0315702
  26 c     dx -0.0627095 0.0109362 0.0091930 0.0099668-0.0006858 0.0002145
           dy  0.0111984-0.1910731-0.1070055-0.0006952 0.0175946-0.0014985
           dz  0.0082614-0.0935698-0.2026096 0.0009625-0.0104128-0.0778788
  27 c     dx  0.0000074-0.0000261-0.0000835 0.0000000 0.0000011 0.0000581
           dy -0.0000210 0.0002927 0.0008795 0.0000125-0.0000476-0.0006482
           dz  0.0000168-0.0002008-0.0006709-0.0000079 0.0000342 0.0004972
  28 c     dx -0.0000310 0.0000400 0.0000829 0.0000028-0.0000064-0.0000607
           dy  0.0000310-0.0003643-0.0008949-0.0000120 0.0001253 0.0006729
           dz  0.0000223-0.0002567-0.0006816-0.0000054 0.0000620 0.0005005
  29 c     dx -0.0000052-0.0000478-0.0001558-0.0000049 0.0000229 0.0001189
           dy -0.0000582 0.0006728 0.0018010 0.0000173-0.0001728-0.0013350
           dz  0.0000344-0.0004020-0.0011917-0.0000074 0.0000612 0.0008759
  30 c     dx -0.0000289-0.0000081-0.0000497-0.0000014 0.0000095 0.0000401
           dy -0.0000204 0.0002133 0.0006336 0.0000013-0.0000198-0.0004602
           dz -0.0000768 0.0008568 0.0024626 0.0000149-0.0001522-0.0018011
  31 c     dx -0.0000224 0.0000898 0.0002420 0.0000007-0.0000001-0.0001702
           dy  0.0000790-0.0008933-0.0026527-0.0000066 0.0000800 0.0018994
           dz -0.0000102 0.0001068 0.0002758 0.0000003-0.0000098-0.0001958
  32 h     dx -0.0000053 0.0000004 0.0000044-0.0000022-0.0000005-0.0000035
           dy  0.0000010-0.0000161-0.0000628-0.0000001-0.0000004 0.0000462
           dz  0.0000020-0.0000227-0.0000890-0.0000005 0.0000024 0.0000644
  33 h     dx -0.0000195 0.0000003 0.0000029 0.0000100 0.0000012-0.0000020
           dy  0.0000009-0.0000276-0.0000463 0.0000015-0.0000053 0.0000308
           dz  0.0000006-0.0000066-0.0000430-0.0000009 0.0000115 0.0000353
  34 h     dx  0.0001435 0.0000027-0.0000217-0.0000308-0.0000012 0.0000157
           dy  0.0000061 0.0000721 0.0001503 0.0000005-0.0000352-0.0001065
           dz -0.0000017 0.0000179 0.0000349-0.0000027 0.0000057 0.0000051
  35 h     dx  0.0001661 0.0000187 0.0000130-0.0000517-0.0000039-0.0000125
           dy  0.0000215-0.0000734-0.0002039-0.0000024-0.0000221 0.0001736
           dz  0.0000052-0.0000540 0.0000106-0.0000020 0.0000103 0.0000094
  36 h     dx  0.0000061-0.0000526-0.0001518 0.0000004 0.0000100 0.0001114
           dy  0.0000013-0.0000171-0.0000626 0.0000042-0.0000065 0.0000456
           dz -0.0000190 0.0001920 0.0005672-0.0000010-0.0000292-0.0004164
  37 h     dx -0.0000043 0.0000545 0.0001602-0.0000003-0.0000101-0.0001176
           dy  0.0000025-0.0000059-0.0000346 0.0000019-0.0000066 0.0000248
           dz -0.0000166 0.0001899 0.0005666 0.0000006-0.0000317-0.0004158
  38 h     dx  0.0004960 0.0005962-0.0002794-0.0000199 0.0000211-0.0000902
           dy  0.0006622 0.0008931 0.0002077-0.0001404 0.0001842-0.0001018
           dz  0.0003256-0.0004559-0.0005736-0.0002535 0.0001726 0.0005310
  39 h     dx -0.0036731-0.0002725 0.0027964 0.0003753-0.0008555-0.0000540
           dy -0.0025903 0.0006767 0.0015116-0.0001989-0.0001836-0.0002820
           dz  0.0020129 0.0002359-0.0008693 0.0000410 0.0002058-0.0001224
  40 h     dx  0.0003468 0.0016102-0.0004810 0.0004641-0.0002086 0.0003061
           dy -0.0009533 0.0008452-0.0008202 0.0002159 0.0000245-0.0000552
           dz -0.0000403-0.0003871 0.0006109-0.0000432-0.0000542-0.0000229
  41 h     dx  0.0007276-0.0006276 0.0002309-0.0000335-0.0000623 0.0001054
           dy -0.0007001 0.0006404 0.0002192 0.0001077 0.0001993-0.0000814
           dz -0.0002341-0.0005211-0.0005914 0.0002220 0.0002129 0.0005339
  42 h     dx  0.0004562-0.0016523 0.0006211 0.0004796 0.0002704-0.0002788
           dy  0.0009177 0.0006812-0.0007328-0.0001793 0.0000688-0.0001230
           dz  0.0000825-0.0003539 0.0006225 0.0000821-0.0000699-0.0000070
  43 h     dx -0.0040346-0.0005655-0.0030156 0.0001767 0.0009183 0.0001049
           dy  0.0017425 0.0010391 0.0009964 0.0002645 0.0000192-0.0002677
           dz -0.0020178-0.0001374-0.0008733-0.0000767 0.0001941-0.0001229
  44 h     dx -0.0004069-0.0000758 0.0000153 0.0000655 0.0000135 0.0000040
           dy -0.0000763 0.0004745-0.0001264 0.0000123-0.0000799-0.0000635
           dz -0.0000314 0.0003764 0.0002727-0.0000027 0.0000269-0.0001491
  45 h     dx -0.0049082-0.0004405 0.0001059 0.0000469-0.0000025-0.0000341
           dy -0.0004499 0.0002744-0.0011566-0.0000020 0.0000675 0.0003336
           dz -0.0000096 0.0001360 0.0017863 0.0000167-0.0001749 0.0000672
  46 h     dx  0.0029340 0.0017792-0.0000158-0.0026822-0.0002670-0.0001863
           dy  0.0017553-0.0170470 0.0009067-0.0002795 0.0005215 0.0018133
           dz  0.0024317-0.0279904 0.0056165 0.0000338-0.0003642-0.0005000
  47 h     dx  0.0000037-0.0000187-0.0000671 0.0000017 0.0000022 0.0000498
           dy  0.0000001-0.0000154-0.0000474-0.0000051 0.0000037 0.0000345
           dz -0.0000010 0.0000132 0.0000496 0.0000028-0.0000031-0.0000366
  48 h     dx -0.0000004 0.0000203 0.0000734 0.0000000-0.0000044-0.0000551
           dy  0.0000004-0.0000146-0.0000351-0.0000041-0.0000003 0.0000256
           dz  0.0000001 0.0000155 0.0000503 0.0000032-0.0000007-0.0000372
  49 h     dx  0.0000077 0.0000039 0.0000069-0.0000014 0.0000001-0.0000049
           dy  0.0000030-0.0000230-0.0000752-0.0000006 0.0000056 0.0000550
           dz -0.0000033 0.0000343 0.0001010 0.0000003-0.0000054-0.0000747
  50 h     dx  0.0000036-0.0000021-0.0000105-0.0000009 0.0000012 0.0000081
           dy -0.0000029 0.0000372 0.0001137 0.0000004-0.0000056-0.0000838
           dz -0.0000022 0.0000238 0.0000835 0.0000003-0.0000023-0.0000616
  51 h     dx -0.0000007-0.0000037-0.0000141-0.0000007 0.0000019 0.0000109
           dy -0.0000052 0.0000589 0.0001675 0.0000008-0.0000093-0.0001240
           dz -0.0000018 0.0000198 0.0000445 0.0000004-0.0000018-0.0000330
  52 h     dx  0.0000116 0.0000045 0.0000147-0.0000022-0.0000015-0.0000108
           dy  0.0000051-0.0000515-0.0001779-0.0000022 0.0000028 0.0001349
           dz  0.0000035-0.0000418-0.0001356-0.0000005 0.0000046 0.0000983
  53 o     dx  0.0000133 0.0000199 0.0000584 0.0000046-0.0000116-0.0000478
           dy  0.0000248-0.0002389-0.0007164-0.0000047 0.0000368 0.0005252
           dz -0.0000339 0.0003925 0.0012539 0.0000060-0.0000661-0.0009267
  54 h     dx -0.0000002-0.0000043-0.0000137-0.0000006 0.0000006 0.0000097
           dy -0.0000043 0.0000495 0.0001509 0.0000007-0.0000099-0.0001113
           dz  0.0000055-0.0000595-0.0002009 0.0000001 0.0000090 0.0001490

   ATOM             11 c                          12 c 
                  dx        dy        dz        dx        dy        dz
  11 c     dx  0.1671275
           dy -0.0364712 0.5773351
           dz -0.0011440 0.0008542 0.8263696
  12 c     dx -0.0643598 0.0034589 0.0030151 0.1198802
           dy  0.0034732-0.1030233-0.0259968-0.0445528 0.6224122
           dz  0.0012624-0.0081591-0.3723412-0.0000482-0.0176729 0.7085530
  13 c     dx  0.0000071-0.0000400-0.0000368 0.0000009 0.0000101 0.0000241
           dy -0.0000408 0.0004576 0.0004014 0.0000088-0.0001031-0.0002611
           dz  0.0001112-0.0012522-0.0011011-0.0000247 0.0002968 0.0007098
  14 n     dx  0.0000035-0.0000203-0.0000320 0.0000009 0.0000059 0.0000210
           dy -0.0000255 0.0002705 0.0004010 0.0000058-0.0000857-0.0002511
           dz -0.0002426 0.0027350 0.0023992 0.0000552-0.0006359-0.0015545
  15 c     dx  0.0005797 0.0013532-0.0000253-0.0004567-0.0001223-0.0010416
           dy -0.0003596-0.0032999 0.0006531-0.0001218 0.0005910-0.0010955
           dz  0.0045063-0.0064947-0.0012066-0.0009973 0.0014584-0.0020059
  16 c     dx  0.0006455-0.0006585-0.0000969-0.0004674-0.0000696 0.0012192
           dy  0.0010549-0.0033721 0.0006407-0.0000641 0.0005985-0.0008896
           dz -0.0033108-0.0071960-0.0011746 0.0007371 0.0016090-0.0020164
  17 o     dx -0.0489018 0.0194062-0.0060511 0.0093083 0.0009225-0.0017772
           dy  0.0194280-0.2695688 0.0703891 0.0009841-0.0020258 0.0215749
           dz -0.0085059 0.0986872-0.1600595-0.0043916 0.0508170-0.0401216
  18 c     dx -0.0011300 0.0031248 0.0003307-0.0020502-0.0003827-0.0005909
           dy  0.0031214-0.0359626-0.0041164-0.0003888 0.0021832 0.0066300
           dz  0.0010336-0.0122401 0.0173023 0.0000468-0.0004343-0.0027731
  19 c     dx  0.0010833-0.0004066-0.0030486-0.0559401 0.0151914-0.0085807
           dy -0.0004037 0.0048393 0.0357221 0.0152428-0.2326748 0.1020510
           dz -0.0027037 0.0321236-0.0356588-0.0093323 0.1101062-0.1490607
  20 c     dx  0.0065484 0.0012124 0.0038188-0.0592254 0.0174608 0.0078446
           dy  0.0012197-0.0062594-0.0425280 0.0173922-0.2507422-0.0852581
           dz  0.0038086-0.0415487-0.0342529 0.0081990-0.0900183-0.1221884
  21 n     dx  0.0008905-0.0006237-0.0008189 0.0004899 0.0001159 0.0002641
           dy -0.0006311 0.0078432 0.0092972 0.0001145-0.0007716-0.0030084
           dz  0.0000148-0.0000719-0.0052214-0.0000334 0.0003531 0.0016554
  22 n     dx  0.0010398 0.0004837 0.0014425 0.0179983 0.0026700-0.0026132
           dy  0.0005121-0.0043633-0.0168093 0.0026299-0.0129973 0.0305478
           dz  0.0000373-0.0006613 0.0114529-0.0017997 0.0212805-0.0029406
  23 n     dx  0.0004270 0.0002669-0.0016828 0.0180994 0.0034558 0.0024469
           dy  0.0002308-0.0025712 0.0186920 0.0035056-0.0202463-0.0273155
           dz -0.0003695 0.0039671 0.0086758 0.0017175-0.0189212 0.0048398
  24 c     dx -0.0009999-0.0001525-0.0001610 0.0000405 0.0000053 0.0000769
           dy -0.0001525 0.0007382 0.0018694 0.0000054-0.0000002-0.0008899
           dz -0.0009849 0.0110991 0.0093786 0.0001744-0.0019365-0.0059824
  25 c     dx  0.0013764-0.0000255 0.0001594-0.0003277 0.0000100-0.0000248
           dy -0.0000202 0.0016163-0.0018889 0.0000110-0.0004506 0.0003188
           dz  0.0012501-0.0140700-0.0137905-0.0001871 0.0020457 0.0080543
  26 c     dx  0.0060353 0.0006979-0.0007442-0.0003202-0.0001284 0.0001844
           dy  0.0007006-0.0020097 0.0084081-0.0001290 0.0011871-0.0020414
           dz -0.0021700 0.0245323 0.0139435 0.0003511-0.0038626-0.0107212
  27 c     dx  0.0000061-0.0000365-0.0000351 0.0000019 0.0000094 0.0000213
           dy -0.0000380 0.0004380 0.0003651 0.0000116-0.0000974-0.0002370
           dz  0.0000249-0.0002886-0.0003547-0.0000080 0.0000739 0.0002217
  28 c     dx -0.0000013 0.0000499 0.0000364-0.0000013-0.0000106-0.0000210
           dy  0.0000483-0.0005571-0.0003740-0.0000126 0.0001364 0.0002470
           dz  0.0000327-0.0003669-0.0002693-0.0000073 0.0000875 0.0001767
  29 c     dx  0.0000066-0.0000876-0.0000628-0.0000057 0.0000237 0.0000453
           dy -0.0000860 0.0009667 0.0007506 0.0000205-0.0002369-0.0004898
           dz  0.0000517-0.0005823-0.0004900-0.0000118 0.0001307 0.0003192
  30 c     dx  0.0000034-0.0000277-0.0000166-0.0000062 0.0000070 0.0000157
           dy -0.0000259 0.0002911 0.0002449 0.0000051-0.0000629-0.0001591
           dz -0.0001069 0.0012095 0.0010114 0.0000242-0.0002808-0.0006580
  31 c     dx -0.0000096 0.0001064 0.0000938-0.0000012-0.0000203-0.0000577
           dy  0.0001052-0.0011918-0.0010077-0.0000225 0.0002584 0.0006569
           dz -0.0000082 0.0000970 0.0000935 0.0000024-0.0000277-0.0000624
  32 h     dx  0.0000008 0.0000016 0.0000018 0.0000001-0.0000007-0.0000012
           dy  0.0000018-0.0000233-0.0000263-0.0000009 0.0000065 0.0000167
           dz  0.0000021-0.0000241-0.0000546-0.0000009 0.0000096 0.0000330
  33 h     dx  0.0000044 0.0000022-0.0000009-0.0000006-0.0000002 0.0000003
           dy  0.0000026-0.0000224 0.0000028-0.0000000 0.0000032-0.0000003
           dz  0.0000021-0.0000242-0.0000355-0.0000008 0.0000091 0.0000221
  34 h     dx -0.0000104-0.0000126-0.0000086 0.0000027 0.0000009 0.0000063
           dy -0.0000071 0.0000674 0.0000698 0.0000024-0.0000263-0.0000442
           dz  0.0000016-0.0000140-0.0000097-0.0000008 0.0000083 0.0000051
  35 h     dx -0.0000784 0.0000018 0.0000025-0.0000004-0.0000023-0.0000020
           dy  0.0000052-0.0001347-0.0000424-0.0000011 0.0000118 0.0000350
           dz -0.0000073 0.0000797-0.0000536-0.0000000-0.0000071 0.0000342
  36 h     dx  0.0000063-0.0000737-0.0000673-0.0000009 0.0000169 0.0000435
           dy  0.0000021-0.0000234-0.0000201 0.0000001 0.0000006 0.0000147
           dz -0.0000240 0.0002735 0.0002366 0.0000044-0.0000605-0.0001544
  37 h     dx -0.0000068 0.0000748 0.0000700 0.0000016-0.0000188-0.0000449
           dy  0.0000005-0.0000072-0.0000082 0.0000008 0.0000006 0.0000061
           dz -0.0000247 0.0002699 0.0002368 0.0000045-0.0000643-0.0001536
  38 h     dx -0.0011244 0.0018397 0.0000766 0.0001905-0.0004049 0.0006680
           dy -0.0004400 0.0014530-0.0002445 0.0002292-0.0002733 0.0006135
           dz  0.0007378-0.0021691 0.0006380-0.0000756 0.0003178-0.0003166
  39 h     dx -0.0000521-0.0006281 0.0001193-0.0000069 0.0001349-0.0000690
           dy  0.0002729-0.0009073 0.0001760 0.0000001 0.0001539 0.0000340
           dz  0.0000230 0.0010729-0.0001793 0.0000648-0.0001425 0.0000665
  40 h     dx -0.0002877-0.0003769 0.0005752-0.0000955-0.0000321 0.0000158
           dy  0.0000478 0.0005132 0.0001728-0.0000529-0.0000692-0.0000637
           dz  0.0001018 0.0006764-0.0001724 0.0000369-0.0000817 0.0000582
  41 h     dx -0.0008065-0.0022442-0.0000248 0.0001524 0.0004767-0.0007700
           dy  0.0000356 0.0011342-0.0002625-0.0001601-0.0002261 0.0004864
           dz -0.0003474-0.0022667 0.0006402 0.0000195 0.0003247-0.0003141
  42 h     dx -0.0003176 0.0002489-0.0006011-0.0001091 0.0000250-0.0000044
           dy -0.0001845 0.0005317 0.0000763 0.0000452-0.0000563-0.0000670
           dz -0.0002143 0.0006732-0.0001622-0.0000215-0.0000879 0.0000581
  43 h     dx -0.0001396 0.0007684-0.0001511 0.0000209-0.0001585 0.0000617
           dy -0.0001380-0.0008226 0.0001515-0.0000229 0.0001251 0.0000452
           dz -0.0002102 0.0010531-0.0001785-0.0000399-0.0001519 0.0000656
  44 h     dx  0.0000515 0.0000091-0.0000034-0.0000114 0.0000008 0.0000029
           dy  0.0000084-0.0000451 0.0000477 0.0000002-0.0000169-0.0000389
           dz  0.0000040-0.0000439 0.0000620-0.0000006 0.0000076-0.0000436
  45 h     dx  0.0001631 0.0000457 0.0000057 0.0000307-0.0000007-0.0000056
           dy  0.0000441-0.0003356-0.0000391-0.0000007 0.0000429 0.0000468
           dz -0.0000669 0.0007254-0.0001919 0.0000056-0.0001002 0.0001103
  46 h     dx -0.0005059 0.0000385-0.0000161 0.0001225 0.0000030-0.0000025
           dy  0.0000309-0.0008458 0.0002582 0.0000026 0.0000871-0.0000221
           dz  0.0000553-0.0006573 0.0007993-0.0000069 0.0000860-0.0002306
  47 h     dx  0.0000012-0.0000239-0.0000401 0.0000001 0.0000065 0.0000247
           dy  0.0000016-0.0000225-0.0000175-0.0000023 0.0000079 0.0000109
           dz -0.0000017 0.0000185 0.0000270 0.0000007-0.0000071-0.0000163
  48 h     dx -0.0000032 0.0000265 0.0000423 0.0000010-0.0000091-0.0000261
           dy  0.0000007-0.0000231-0.0000095-0.0000018 0.0000010 0.0000075
           dz -0.0000015 0.0000219 0.0000269 0.0000019-0.0000036-0.0000170
  49 h     dx -0.0000011 0.0000033 0.0000032-0.0000003-0.0000002-0.0000019
           dy  0.0000030-0.0000328-0.0000351-0.0000007 0.0000106 0.0000219
           dz -0.0000050 0.0000512 0.0000432 0.0000004-0.0000105-0.0000281
  50 h     dx  0.0000009-0.0000053-0.0000044-0.0000003 0.0000014 0.0000033
           dy -0.0000048 0.0000538 0.0000499 0.0000010-0.0000123-0.0000320
           dz -0.0000030 0.0000344 0.0000401 0.0000008-0.0000084-0.0000256
  51 h     dx  0.0000018-0.0000064-0.0000057-0.0000012 0.0000022 0.0000041
           dy -0.0000066 0.0000760 0.0000693 0.0000015-0.0000186-0.0000456
           dz -0.0000015 0.0000181 0.0000106 0.0000004-0.0000044-0.0000085
  52 h     dx -0.0000009 0.0000032 0.0000076-0.0000006-0.0000037-0.0000041
           dy  0.0000058-0.0000717-0.0000846-0.0000023 0.0000153 0.0000560
           dz  0.0000052-0.0000589-0.0000554-0.0000012 0.0000141 0.0000360
  53 o     dx -0.0000047 0.0000307 0.0000256 0.0000076-0.0000116-0.0000173
           dy  0.0000292-0.0003535-0.0003077-0.0000074 0.0000767 0.0002005
           dz -0.0000506 0.0005723 0.0006012 0.0000125-0.0001389-0.0003811
  54 h     dx  0.0000020-0.0000059-0.0000062-0.0000004 0.0000019 0.0000037
           dy -0.0000068 0.0000764 0.0000667 0.0000014-0.0000174-0.0000429
           dz  0.0000075-0.0000852-0.0001067-0.0000017 0.0000212 0.0000667

   ATOM             13 c                          14 n 
                  dx        dy        dz        dx        dy        dz
  13 c     dx  0.5951625
           dy  0.0042305 0.5473489
           dz -0.0025586 0.0325212 0.5128417
  14 n     dx -0.0638019 0.0050409-0.0019047 0.1227757
           dy  0.0050137-0.1202555 0.0207559-0.0475424 0.6505310
           dz -0.0017896 0.0200348-0.1952786-0.0042997 0.0498540 0.7022098
  15 c     dx -0.0000015 0.0000328-0.0000820-0.0000018 0.0000224 0.0001619
           dy  0.0000044-0.0000249 0.0000664 0.0000020-0.0000014-0.0001332
           dz  0.0000007-0.0000053 0.0000154-0.0000006 0.0000223-0.0000394
  16 c     dx  0.0000048-0.0000169 0.0000568 0.0000019-0.0000098-0.0001429
           dy  0.0000026-0.0000243 0.0000697-0.0000020 0.0000022-0.0001639
           dz  0.0000005-0.0000078 0.0000167-0.0000025 0.0000188-0.0000382
  17 o     dx -0.0000063 0.0000210-0.0000512-0.0000010 0.0000086 0.0000954
           dy  0.0000189-0.0001845 0.0005252 0.0000025-0.0000390-0.0011285
           dz -0.0000005-0.0000107 0.0000412 0.0000114-0.0001343-0.0000761
  18 c     dx -0.0000018 0.0000158-0.0000440-0.0000022 0.0000106 0.0001225
           dy  0.0000215-0.0002246 0.0005943 0.0000151-0.0001950-0.0013442
           dz -0.0000019 0.0000426-0.0001214-0.0000026 0.0000462 0.0002651
  19 c     dx -0.0000014 0.0000071-0.0000214-0.0000011 0.0000056 0.0000610
           dy  0.0000146-0.0001104 0.0003088 0.0000115-0.0001208-0.0006743
           dz -0.0000084 0.0000732-0.0002048-0.0000080 0.0000816 0.0004479
  20 c     dx  0.0000025-0.0000092 0.0000310-0.0000008-0.0000088-0.0000746
           dy -0.0000099 0.0001382-0.0003778-0.0000099 0.0001237 0.0008106
           dz -0.0000052 0.0000552-0.0001529-0.0000037 0.0000476 0.0003267
  21 n     dx -0.0000059-0.0000216 0.0000479 0.0000040-0.0000250-0.0000690
           dy -0.0000120 0.0001405-0.0003710-0.0000117 0.0001453 0.0008450
           dz  0.0000020-0.0000140 0.0000471 0.0000004-0.0000061-0.0000862
  22 n     dx -0.0000024-0.0000119 0.0000259 0.0000028-0.0000168-0.0000292
           dy -0.0000057 0.0000636-0.0001737-0.0000083 0.0000821 0.0003855
           dz  0.0000072-0.0000663 0.0001915 0.0000066-0.0000732-0.0004074
  23 n     dx  0.0000007 0.0000146-0.0000332-0.0000003 0.0000127 0.0000515
           dy  0.0000113-0.0001024 0.0002945 0.0000063-0.0000844-0.0006264
           dz  0.0000044-0.0000579 0.0001625 0.0000053-0.0000630-0.0003451
  24 c     dx -0.0000417 0.0000199-0.0000793 0.0000026 0.0000038 0.0001689
           dy  0.0000221-0.0003031 0.0009549 0.0000006-0.0000685-0.0019369
           dz  0.0001102-0.0011997 0.0029284 0.0000196-0.0003348-0.0072765
  25 c     dx  0.0000725-0.0000265 0.0000894 0.0000718-0.0000067-0.0002053
           dy -0.0000289 0.0003924-0.0010410-0.0000028 0.0001483 0.0024092
           dz -0.0000955 0.0010659-0.0026877-0.0000451 0.0006176 0.0064155
  26 c     dx -0.0000117 0.0000185-0.0000633-0.0000048 0.0000112 0.0001451
           dy  0.0000230-0.0002669 0.0007530 0.0000125-0.0001879-0.0016354
           dz  0.0000963-0.0010269 0.0026517 0.0000530-0.0006692-0.0061336
  27 c     dx -0.0831558 0.0111508-0.0001645-0.0034477-0.0005799-0.0000984
           dy  0.0110863-0.2061711 0.0004829-0.0005884 0.0026945 0.0011107
           dz -0.0001350 0.0021925-0.0724419-0.0031481 0.0350273-0.0090195
  28 c     dx -0.0024786 0.0000833 0.0005295 0.0059811 0.0057115 0.0025673
           dy  0.0001074-0.0036044-0.0061116 0.0057374-0.0571140-0.0287944
           dz -0.0001175 0.0011901 0.0012036 0.0008913-0.0101180 0.0157646
  29 c     dx  0.0002359 0.0000195-0.0001988 0.0052539-0.0007060 0.0001840
           dy  0.0000190-0.0000332 0.0023197-0.0006937 0.0128583-0.0018188
           dz -0.0001334 0.0015564-0.0028645 0.0006816-0.0075701-0.0054337
  30 c     dx -0.0000325 0.0000054 0.0000406-0.0008008 0.0004516 0.0000476
           dy  0.0000104-0.0001555-0.0003418 0.0004612-0.0058401-0.0005033
           dz  0.0000185-0.0001729 0.0022499-0.0007888 0.0087587 0.0011403
  31 c     dx  0.0006339 0.0000452 0.0001425 0.0051316 0.0004264 0.0000923
           dy  0.0000488 0.0000327-0.0014895 0.0004275 0.0003731-0.0008839
           dz -0.0001599 0.0018020-0.0004402 0.0002052-0.0020476-0.0073378
  32 h     dx -0.0023918-0.0000905-0.0001557 0.0013227 0.0019681-0.0002826
           dy -0.0001295-0.0009623 0.0015225 0.0020003-0.0207708 0.0034234
           dz  0.0000962-0.0012217 0.0013875 0.0025729-0.0287411 0.0073765
  33 h     dx  0.0017070 0.0001160-0.0000105 0.0073859 0.0005647-0.0002951
           dy  0.0001161 0.0004177 0.0000906 0.0005496 0.0012655 0.0033063
           dz  0.0000924-0.0010373 0.0000159-0.0003313 0.0036854-0.0038928
  34 h     dx -0.0000393-0.0000006-0.0000043 0.0001662-0.0000027 0.0000195
           dy -0.0000043 0.0000071 0.0000345-0.0000086 0.0002501-0.0001390
           dz  0.0000155-0.0001263 0.0000841 0.0000732-0.0007856-0.0002370
  35 h     dx  0.0000866 0.0000066-0.0000093 0.0000160-0.0000302-0.0000061
           dy  0.0000035 0.0000356 0.0001020-0.0000337 0.0003735 0.0000765
           dz -0.0000031 0.0000487-0.0000087-0.0000313 0.0003559 0.0001584
  36 h     dx -0.2390640 0.0663678 0.0955279 0.0095456-0.0029983 0.0010488
           dy  0.0664421-0.0710547-0.0352137-0.0078778 0.0033558 0.0069855
           dz  0.0922437-0.0345930-0.0928299 0.0239351-0.0076946-0.0305412
  37 h     dx -0.2107673-0.0915617-0.0880707 0.0074846 0.0037737-0.0022513
           dy -0.0915188-0.1000502-0.0511901 0.0085547 0.0053925 0.0066603
           dz -0.0850271-0.0501922-0.0935945-0.0220983-0.0116977-0.0304843
  38 h     dx  0.0000031 0.0000040-0.0000083 0.0000001 0.0000088 0.0000173
           dy -0.0000017 0.0000200-0.0000523 0.0000004 0.0000042 0.0001075
           dz -0.0000006 0.0000015-0.0000050-0.0000002-0.0000080 0.0000145
  39 h     dx -0.0000010-0.0000068 0.0000183-0.0000018 0.0000021-0.0000449
           dy  0.0000002-0.0000203 0.0000568-0.0000003-0.0000084-0.0001193
           dz  0.0000010-0.0000071 0.0000209 0.0000002 0.0000013-0.0000411
  40 h     dx -0.0000014 0.0000098-0.0000275 0.0000000 0.0000047 0.0000577
           dy -0.0000009 0.0000100-0.0000295-0.0000012 0.0000105 0.0000631
           dz -0.0000007-0.0000028 0.0000048 0.0000018-0.0000086-0.0000142
  41 h     dx  0.0000034-0.0000041 0.0000165 0.0000002-0.0000064-0.0000367
           dy -0.0000014 0.0000169-0.0000510 0.0000002 0.0000010 0.0001024
           dz -0.0000007 0.0000025-0.0000046 0.0000010-0.0000069 0.0000141
  42 h     dx  0.0000026-0.0000108 0.0000317 0.0000021-0.0000059-0.0000687
           dy -0.0000019 0.0000088-0.0000255-0.0000013 0.0000105 0.0000513
           dz  0.0000020-0.0000015 0.0000051 0.0000006-0.0000078-0.0000141
  43 h     dx -0.0000045 0.0000100-0.0000299-0.0000025-0.0000005 0.0000647
           dy  0.0000035-0.0000177 0.0000517 0.0000013-0.0000076-0.0001099
           dz -0.0000006-0.0000068 0.0000212-0.0000009 0.0000016-0.0000412
  44 h     dx -0.0000740-0.0000069-0.0000021-0.0000702-0.0000104 0.0000039
           dy -0.0000056-0.0000019 0.0000277-0.0000110 0.0000579-0.0000269
           dz  0.0000025-0.0000296 0.0000095 0.0000102-0.0001167-0.0001147
  45 h     dx -0.0000017 0.0000008-0.0000066-0.0000024-0.0000032 0.0000119
           dy  0.0000018-0.0000197 0.0000789-0.0000031 0.0000293-0.0001508
           dz -0.0000033 0.0000314-0.0000505-0.0000057 0.0000716 0.0001264
  46 h     dx  0.0000001 0.0000003-0.0000031-0.0000032-0.0000001 0.0000075
           dy  0.0000018-0.0000165 0.0000510 0.0000008-0.0000120-0.0001055
           dz -0.0000002-0.0000097 0.0000108 0.0000007-0.0000177-0.0000387
  47 h     dx -0.0017760-0.0001519 0.0009182 0.0002833 0.0002780-0.0001320
           dy  0.0292954-0.0114058-0.0128537-0.0004569 0.0010137-0.0004657
           dz -0.0055051 0.0007966 0.0035718 0.0002852-0.0006579 0.0003916
  48 h     dx  0.0030610 0.0028388 0.0014139 0.0002660-0.0004198 0.0002207
           dy -0.0267084-0.0162415-0.0125780 0.0003963 0.0011208-0.0004546
           dz  0.0052883 0.0017645 0.0034608-0.0002079-0.0007738 0.0003989
  49 h     dx  0.0003967 0.0004190 0.0001463-0.0026596-0.0003344-0.0001649
           dy  0.0003667-0.0036472-0.0013001-0.0003243 0.0009497 0.0018600
           dz -0.0002038 0.0023985-0.0005248-0.0001582 0.0017610 0.0000403
  50 h     dx  0.0001415 0.0000099 0.0000240 0.0003192 0.0001036 0.0001398
           dy  0.0000106 0.0000234-0.0002549 0.0001023-0.0008193-0.0015661
           dz  0.0000024-0.0000257-0.0000400-0.0000013 0.0000126 0.0004063
  51 h     dx -0.0001130-0.0000076-0.0000004-0.0008319-0.0000918-0.0000023
           dy -0.0000065-0.0000422 0.0000166-0.0000913 0.0001735 0.0000284
           dz -0.0000033 0.0000370-0.0000886-0.0000160 0.0001717 0.0002633
  52 h     dx  0.0000710 0.0000542 0.0000135 0.0004541 0.0001114-0.0001120
           dy  0.0000548-0.0005015-0.0001372 0.0001069-0.0007344 0.0012374
           dz -0.0000021 0.0000357 0.0000739-0.0000002 0.0000077 0.0000209
  53 o     dx  0.0026540 0.0010721-0.0042651 0.0007630 0.0009849-0.0003382
           dy  0.0011153-0.0089958 0.0475179 0.0009898-0.0100949 0.0037450
           dz -0.0010365 0.0112359-0.0249915-0.0003910 0.0043073-0.0004362
  54 h     dx -0.0005606-0.0001002-0.0001784 0.0008924 0.0000946 0.0000503
           dy -0.0001133 0.0006681 0.0016152 0.0000804 0.0000115-0.0006031
           dz  0.0000942-0.0010847-0.0074248-0.0001903 0.0020964 0.0002900

   ATOM             15 c                          16 c 
                  dx        dy        dz        dx        dy        dz
  15 c     dx  0.5135984
           dy -0.0518087 0.5516597
           dz  0.0328935 0.0205938 0.5789372
  16 c     dx -0.0325662 0.0076313-0.0085570 0.4966176
           dy -0.0146769 0.0066964-0.0061558 0.0416384 0.5683312
           dz  0.0094895-0.0045454 0.0076121-0.0363310 0.0144298 0.5788661
  17 o     dx -0.0000068 0.0025117 0.0298184 0.0005365-0.0035828-0.0333861
           dy -0.0005381 0.0065362 0.0228023-0.0005552 0.0060134 0.0171839
           dz  0.0093491-0.0014045-0.0407494-0.0089616-0.0030749-0.0408057
  18 c     dx -0.0003337 0.0018418 0.0003927-0.0000323-0.0017909-0.0004119
           dy -0.0000837-0.0003409 0.0001246 0.0001386-0.0006373 0.0000537
           dz -0.0002634 0.0007365 0.0004516 0.0001310 0.0007675 0.0004489
  19 c     dx  0.0000060-0.0002212-0.0009667-0.0000963 0.0002712 0.0010748
           dy -0.0002946-0.0003974-0.0007066 0.0003519-0.0002902-0.0005297
           dz  0.0001302 0.0001014 0.0000334-0.0001504 0.0000747 0.0000439
  20 c     dx  0.0000546 0.0001870 0.0004555 0.0001649-0.0002302-0.0005539
           dy  0.0003689 0.0004040 0.0006097-0.0004124 0.0002957 0.0005267
           dz  0.0001299 0.0002344 0.0004118-0.0001640 0.0002089 0.0004102
  21 n     dx  0.0000408-0.0002669-0.0000874 0.0000156 0.0002924 0.0000943
           dy  0.0001796-0.0001202-0.0000782-0.0001569-0.0001023-0.0000610
           dz  0.0000440-0.0001066-0.0000290-0.0000252-0.0001104-0.0000274
  22 n     dx -0.0000210 0.0000387 0.0001722 0.0000150-0.0000745-0.0002528
           dy  0.0001473 0.0002258 0.0004651-0.0001925 0.0001817 0.0004331
           dz -0.0001116-0.0000901-0.0002025 0.0001268-0.0000677-0.0002050
  23 n     dx  0.0000040-0.0000260-0.0000231-0.0000437 0.0000490 0.0000804
           dy -0.0002431-0.0001872-0.0002982 0.0002624-0.0001354-0.0002891
           dz -0.0000826-0.0000390-0.0001424 0.0000893-0.0000231-0.0001438
  24 c     dx  0.0000135-0.0001786-0.0000350-0.0000425 0.0001824 0.0000041
           dy -0.0001254-0.0000659 0.0001617 0.0001285-0.0000107 0.0001647
           dz  0.0009235-0.0001221-0.0008460-0.0008865-0.0002839-0.0008470
  25 c     dx -0.0001417-0.0010995 0.0004700-0.0002800 0.0010948-0.0004135
           dy  0.0003574-0.0002318-0.0002850-0.0003550-0.0001239-0.0003752
           dz -0.0015581-0.0002506 0.0014633 0.0016000 0.0000329 0.0014673
  26 c     dx  0.0000189 0.0002910 0.0002033 0.0002511-0.0002018-0.0000624
           dy  0.0010252 0.0004913-0.0004861-0.0010660 0.0001769-0.0005492
           dz  0.0015790 0.0001798-0.0010295-0.0016088-0.0000600-0.0010170
  27 c     dx -0.0000029 0.0000074-0.0000015 0.0000058 0.0000004 0.0000043
           dy  0.0000119-0.0000158-0.0000091-0.0000319-0.0000391-0.0000065
           dz -0.0000085 0.0000018-0.0000016 0.0000240 0.0000153-0.0000041
  28 c     dx  0.0000004-0.0000074-0.0000013-0.0000084 0.0000017-0.0000044
           dy -0.0000320 0.0000335 0.0000160 0.0000280 0.0000403 0.0000135
           dz -0.0000231 0.0000206 0.0000099 0.0000175 0.0000235 0.0000105
  29 c     dx -0.0000117-0.0000025 0.0000002-0.0000082 0.0000132-0.0000016
           dy  0.0000550-0.0000531-0.0000189-0.0000508-0.0000656-0.0000195
           dz -0.0000330 0.0000294 0.0000139 0.0000311 0.0000386 0.0000139
  30 c     dx -0.0000088-0.0000080-0.0000004-0.0000129 0.0000095-0.0000029
           dy  0.0000205-0.0000164-0.0000067-0.0000136-0.0000155-0.0000084
           dz  0.0000725-0.0000624-0.0000258-0.0000635-0.0000750-0.0000245
  31 c     dx  0.0000008-0.0000118-0.0000045-0.0000171 0.0000007-0.0000063
           dy -0.0000790 0.0000595 0.0000340 0.0000596 0.0000673 0.0000335
           dz  0.0000084-0.0000019 0.0000007-0.0000057-0.0000009 0.0000011
  32 h     dx -0.0000014-0.0000010-0.0000027-0.0000014 0.0000003 0.0000030
           dy -0.0000026 0.0000027-0.0000004 0.0000001 0.0000020 0.0000001
           dz -0.0000013-0.0000022-0.0000034 0.0000025-0.0000013-0.0000035
  33 h     dx -0.0000078-0.0000042-0.0000110-0.0000084 0.0000028 0.0000099
           dy -0.0000013-0.0000009 0.0000051 0.0000009 0.0000002 0.0000069
           dz -0.0000007 0.0000019-0.0000084-0.0000005 0.0000014-0.0000083
  34 h     dx  0.0000009-0.0000038-0.0000083 0.0000011 0.0000021 0.0000085
           dy  0.0000028 0.0000006 0.0000086-0.0000036 0.0000000 0.0000100
           dz  0.0000037 0.0000057 0.0000052 0.0000048 0.0000119 0.0000042
  35 h     dx -0.0000212-0.0000069-0.0000327-0.0000222-0.0000015 0.0000286
           dy -0.0000108 0.0000157 0.0000267 0.0000017 0.0000156 0.0000320
           dz  0.0000146-0.0000077-0.0000516-0.0000103-0.0000075-0.0000512
  36 h     dx -0.0000072 0.0000045 0.0000013 0.0000015 0.0000011 0.0000014
           dy -0.0000105 0.0000038 0.0000002-0.0000070-0.0000053 0.0000026
           dz  0.0000242-0.0000169-0.0000040-0.0000070-0.0000096-0.0000050
  37 h     dx  0.0000075-0.0000047-0.0000003-0.0000013-0.0000025-0.0000013
           dy -0.0000024 0.0000027 0.0000004-0.0000007-0.0000013-0.0000001
           dz  0.0000212-0.0000167-0.0000022-0.0000095-0.0000137-0.0000040
  38 h     dx -0.0476008 0.0002631 0.0127792 0.0009079 0.0005702-0.0002748
           dy  0.0005610-0.0474687-0.0252313 0.0006774 0.0002972-0.0000442
           dz  0.0155439-0.0229554-0.3170182-0.0007728-0.0002289 0.0000259
  39 h     dx -0.0491003 0.0265358 0.0062831 0.0015973-0.0006784-0.0004358
           dy  0.0243094-0.3006079-0.0641210 0.0013950 0.0006247-0.0000838
           dz  0.0049463-0.0658272-0.0615751-0.0005578-0.0001466-0.0000124
  40 h     dx -0.2380601 0.0830694-0.0920904-0.0030631-0.0035221 0.0028447
           dy  0.0854650-0.0839877 0.0421224-0.0024317-0.0015212 0.0016930
           dz -0.0948407 0.0409337-0.0917042 0.0019014 0.0012091-0.0006906
  41 h     dx  0.0011220-0.0004389 0.0002835-0.0474736-0.0002753-0.0080797
           dy -0.0005321 0.0000901 0.0000055-0.0005916-0.0476016-0.0269652
           dz  0.0007899-0.0000985 0.0000161-0.0112522-0.0252912-0.3169263
  42 h     dx -0.0040402 0.0030662-0.0030955-0.2039160-0.1043699 0.0833565
           dy  0.0019766-0.0005352 0.0011616-0.1067245-0.1178219 0.0576170
           dz -0.0020836 0.0008516-0.0006922 0.0862864 0.0569999-0.0918776
  43 h     dx  0.0016737 0.0008792 0.0004517-0.0481916 0.0188179 0.0050573
           dy -0.0011852 0.0005272 0.0000049 0.0210379-0.3016689-0.0641360
           dz  0.0005782-0.0000522-0.0000085 0.0066557-0.0655442-0.0614020
  44 h     dx  0.0000312 0.0000123-0.0001159 0.0000250-0.0000041 0.0000989
           dy -0.0000413-0.0000171 0.0000919 0.0000490-0.0000091 0.0001095
           dz -0.0000526-0.0000183 0.0000659 0.0000545-0.0000074 0.0000663
  45 h     dx -0.0001378 0.0001511-0.0006004-0.0002089-0.0000257 0.0006458
           dy -0.0004684-0.0009764-0.0004280 0.0005905-0.0008524-0.0002929
           dz  0.0000042-0.0003458-0.0006335 0.0000465-0.0003666-0.0006752
  46 h     dx -0.0000049 0.0008796 0.0000429 0.0001616-0.0008648-0.0000490
           dy  0.0000692 0.0000715 0.0000292-0.0000544-0.0000908 0.0000206
           dz  0.0001680 0.0000974-0.0001487-0.0001835 0.0000635-0.0001487
  47 h     dx -0.0000042 0.0000030-0.0000001-0.0000002-0.0000038-0.0000018
           dy  0.0000073-0.0000017 0.0000007 0.0000092 0.0000095-0.0000011
           dz -0.0000057 0.0000019-0.0000001-0.0000073-0.0000058 0.0000015
  48 h     dx  0.0000044-0.0000000 0.0000030 0.0000015-0.0000010 0.0000003
           dy  0.0000063-0.0000032 0.0000035 0.0000076 0.0000056 0.0000004
           dz -0.0000031 0.0000031-0.0000010-0.0000049-0.0000035-0.0000001
  49 h     dx -0.0000008-0.0000003-0.0000007-0.0000014 0.0000004 0.0000001
           dy -0.0000019 0.0000021-0.0000002 0.0000022 0.0000028-0.0000003
           dz  0.0000022-0.0000022-0.0000009-0.0000031-0.0000032-0.0000010
  50 h     dx -0.0000008-0.0000009-0.0000004-0.0000009 0.0000014 0.0000002
           dy  0.0000033-0.0000026-0.0000007-0.0000027-0.0000029-0.0000008
           dz  0.0000020-0.0000015 0.0000002-0.0000019-0.0000019 0.0000003
  51 h     dx -0.0000009-0.0000013-0.0000007-0.0000010 0.0000021 0.0000000
           dy  0.0000049-0.0000036-0.0000004-0.0000040-0.0000039-0.0000004
           dz  0.0000007-0.0000003-0.0000002-0.0000016-0.0000010 0.0000000
  52 h     dx -0.0000003-0.0000027-0.0000003-0.0000015-0.0000001 0.0000022
           dy -0.0000014 0.0000009-0.0000015 0.0000053 0.0000049-0.0000022
           dz -0.0000038 0.0000034 0.0000007 0.0000031 0.0000041 0.0000007
  53 o     dx  0.0000081 0.0000104 0.0000070 0.0000124-0.0000125-0.0000018
           dy -0.0000185 0.0000156 0.0000075 0.0000224 0.0000178 0.0000033
           dz  0.0000365-0.0000227-0.0000009-0.0000273-0.0000261-0.0000016
  54 h     dx -0.0000015 0.0000001-0.0000014-0.0000004 0.0000010 0.0000014
           dy  0.0000045-0.0000035-0.0000005-0.0000034-0.0000040-0.0000005
           dz -0.0000074 0.0000029-0.0000005 0.0000027 0.0000010-0.0000001

   ATOM             17 o                          18 c 
                  dx        dy        dz        dx        dy        dz
  17 o     dx  0.0856779
           dy -0.0326714 0.4567438
           dz  0.0073732-0.0862585 0.4285872
  18 c     dx  0.0051909 0.0005408 0.0000269 0.1042090
           dy  0.0005327-0.0008297-0.0001268-0.1274985 1.5336473
           dz  0.0005773-0.0064189-0.0016638 0.0207086-0.2335288 0.1524922
  19 c     dx  0.0046938 0.0002960 0.0004377 0.0010205-0.0001808 0.0002488
           dy  0.0002988 0.0014919-0.0047331-0.0001829 0.0031350-0.0027747
           dz  0.0002799-0.0031099-0.0040704 0.0001698-0.0017779 0.0001252
  20 c     dx -0.0044102-0.0000608-0.0005695-0.0000181 0.0001375-0.0000451
           dy -0.0000782-0.0037897 0.0064201 0.0001292-0.0015356 0.0005546
           dz  0.0002594-0.0031931 0.0032743 0.0000173-0.0002077 0.0002044
  21 n     dx -0.0008610 0.0000443 0.0000038-0.0500748 0.1006236-0.0149706
           dy  0.0000482-0.0013723-0.0000621 0.1006128-1.1772617 0.1688206
           dz -0.0000932 0.0010080 0.0007757-0.0147143 0.1660058-0.0571367
  22 n     dx -0.0005855 0.0000092-0.0003075-0.0002173 0.0001745-0.0000950
           dy -0.0000014-0.0007139 0.0035439 0.0001747-0.0021585 0.0010749
           dz -0.0000861 0.0010340-0.0013802 0.0000592-0.0006513-0.0011948
  23 n     dx  0.0008904-0.0002104 0.0002025-0.0000280-0.0000720 0.0000241
           dy -0.0002009 0.0032336-0.0022324-0.0000678 0.0007524-0.0002671
           dz -0.0000172 0.0002654-0.0017298-0.0000344 0.0003839-0.0001373
  24 c     dx -0.0000773-0.0000076 0.0000475 0.0003364 0.0000963-0.0000042
           dy -0.0000064 0.0000031-0.0005469 0.0000954-0.0007227 0.0000392
           dz  0.0003894-0.0044660 0.0003822 0.0005736-0.0064719 0.0009357
  25 c     dx -0.0000686 0.0000535-0.0001208-0.0003733 0.0000416-0.0000047
           dy  0.0000512-0.0006727 0.0014024 0.0000485-0.0009076 0.0000572
           dz -0.0005096 0.0059080-0.0003391-0.0007786 0.0087680-0.0010438
  26 c     dx  0.0022445 0.0005875 0.0004794-0.0034314-0.0000539-0.0002337
           dy  0.0005996-0.0043304-0.0054178-0.0000515-0.0026597 0.0025480
           dz  0.0003755-0.0044518 0.0052504 0.0013981-0.0157447 0.0009830
  27 c     dx -0.0000156 0.0000190-0.0000025-0.0000002 0.0000198 0.0000003
           dy  0.0000063-0.0001903 0.0000030 0.0000369-0.0001965 0.0000382
           dz -0.0000006 0.0000842 0.0000782-0.0000243 0.0001563-0.0000338
  28 c     dx  0.0000040-0.0000229 0.0000036-0.0000012-0.0000192 0.0000038
           dy -0.0000225 0.0002783-0.0000430-0.0000199 0.0002172-0.0000535
           dz -0.0000156 0.0001696-0.0000211-0.0000141 0.0001656-0.0000356
  29 c     dx -0.0000027 0.0000408-0.0000018-0.0000041 0.0000398-0.0000110
           dy  0.0000367-0.0004346 0.0000219 0.0000439-0.0004403 0.0000968
           dz -0.0000201 0.0002450-0.0000018-0.0000283 0.0002765-0.0000529
  30 c     dx  0.0000014 0.0000113 0.0000005-0.0000032 0.0000122-0.0000055
           dy  0.0000138-0.0001201 0.0000058 0.0000113-0.0001463 0.0000253
           dz  0.0000433-0.0005157-0.0000033 0.0000514-0.0005793 0.0001169
  31 c     dx  0.0000061-0.0000422 0.0000013 0.0000023-0.0000538 0.0000076
           dy -0.0000454 0.0004945-0.0000123-0.0000485 0.0006078-0.0001090
           dz  0.0000036-0.0000315-0.0000079 0.0000050-0.0000817 0.0000146
  32 h     dx -0.0000049-0.0000012-0.0000002 0.0000009-0.0000012 0.0000003
           dy -0.0000022 0.0000099 0.0000014-0.0000005 0.0000154-0.0000015
           dz  0.0000006-0.0000024 0.0000230-0.0000027 0.0000244-0.0000048
  33 h     dx -0.0000197-0.0000027 0.0000018 0.0000014-0.0000008 0.0000002
           dy -0.0000022 0.0000128-0.0000196-0.0000012 0.0000147-0.0000012
           dz -0.0000012 0.0000092 0.0000148-0.0000003 0.0000093-0.0000027
  34 h     dx -0.0000134-0.0000000 0.0000023 0.0000129 0.0000057-0.0000021
           dy  0.0000005-0.0000231-0.0000168 0.0000059-0.0000490 0.0000146
           dz  0.0000024 0.0000227-0.0000082-0.0000047-0.0000082 0.0000006
  35 h     dx -0.0000167-0.0000093 0.0000054 0.0000237-0.0000008-0.0000003
           dy -0.0000097 0.0000826-0.0000589 0.0000007 0.0000316-0.0000022
           dz  0.0000090-0.0000953 0.0001006-0.0000035 0.0000163 0.0000041
  36 h     dx -0.0000042 0.0000273 0.0000056 0.0000001 0.0000362-0.0000080
           dy -0.0000086 0.0000039 0.0000005 0.0000084 0.0000137-0.0000016
           dz  0.0000152-0.0001094-0.0000076 0.0000027-0.0001324 0.0000264
  37 h     dx  0.0000051-0.0000293-0.0000049 0.0000002-0.0000393 0.0000080
           dy -0.0000004 0.0000025-0.0000018 0.0000024 0.0000087 0.0000007
           dz  0.0000138-0.0001130-0.0000061 0.0000056-0.0001347 0.0000256
  38 h     dx -0.0027907-0.0045167 0.0053637-0.0000169-0.0000126-0.0000692
           dy -0.0030603-0.0017544 0.0032460-0.0001098 0.0000020-0.0000497
           dz  0.0021351 0.0031081-0.0015991-0.0000315 0.0000393 0.0000270
  39 h     dx  0.0008485 0.0014160-0.0019665 0.0003658-0.0000850 0.0002814
           dy  0.0006598 0.0020542-0.0012342 0.0001696-0.0000879 0.0001967
           dz -0.0008694-0.0001537 0.0018106-0.0003878-0.0000000-0.0001136
  40 h     dx  0.0025325 0.0004461-0.0010213-0.0001604-0.0000744 0.0000938
           dy  0.0008989 0.0000679-0.0009302-0.0000292-0.0000290-0.0000073
           dz -0.0002626-0.0010523 0.0018654-0.0000200 0.0000032-0.0000177
  41 h     dx -0.0040596 0.0040955-0.0058551-0.0000396 0.0000033 0.0000769
           dy  0.0026332-0.0004739 0.0022506 0.0001060 0.0000243-0.0000362
           dz -0.0026432 0.0026783-0.0015986 0.0000258 0.0000434 0.0000273
  42 h     dx  0.0026708 0.0000518 0.0011289-0.0001745 0.0000469-0.0000902
           dy -0.0004120-0.0000914-0.0007123 0.0000042-0.0000147-0.0000236
           dz  0.0004140-0.0009603 0.0018268 0.0000195 0.0000038-0.0000183
  43 h     dx  0.0012337-0.0015456 0.0021344 0.0003711 0.0001677-0.0003105
           dy -0.0007961 0.0016447-0.0008562-0.0000894-0.0000892 0.0001449
           dz  0.0008704 0.0000137 0.0017924 0.0003841 0.0000678-0.0001131
  44 h     dx -0.0000326-0.0000119 0.0000072-0.0000063 0.0000067-0.0000018
           dy -0.0000121 0.0001098-0.0000844 0.0000067-0.0000881 0.0000201
           dz -0.0000110 0.0001263-0.0000711 0.0000132-0.0001437 0.0000047
  45 h     dx -0.0000903-0.0000333 0.0000051-0.0000440-0.0000037 0.0000016
           dy -0.0000339 0.0003028-0.0000821-0.0000017-0.0000333-0.0000131
           dz  0.0000501-0.0006894 0.0006878-0.0000181 0.0002558-0.0000514
  46 h     dx  0.0002755 0.0000519 0.0000859 0.0002187-0.0000137 0.0000156
           dy  0.0000539-0.0003161-0.0009867-0.0000147 0.0003284-0.0001458
           dz  0.0000952-0.0010429-0.0017795 0.0001489-0.0016566-0.0013223
  47 h     dx -0.0000008 0.0000014 0.0000143 0.0000020 0.0000171-0.0000036
           dy  0.0000045 0.0000156-0.0000039-0.0000118 0.0000117-0.0000012
           dz -0.0000059-0.0000074-0.0000057 0.0000085-0.0000123 0.0000021
  48 h     dx  0.0000039-0.0000045-0.0000133-0.0000007-0.0000197 0.0000042
           dy  0.0000056 0.0000098-0.0000041-0.0000100 0.0000045-0.0000018
           dz -0.0000018-0.0000038-0.0000071 0.0000071-0.0000100 0.0000028
  49 h     dx -0.0000022-0.0000007-0.0000005 0.0000016-0.0000012 0.0000004
           dy -0.0000009 0.0000143 0.0000032-0.0000017 0.0000198-0.0000034
           dz  0.0000010-0.0000213-0.0000012 0.0000019-0.0000217 0.0000046
  50 h     dx -0.0000013 0.0000020 0.0000004 0.0000008 0.0000026-0.0000008
           dy  0.0000019-0.0000210-0.0000031 0.0000024-0.0000262 0.0000051
           dz  0.0000009-0.0000108-0.0000072 0.0000018-0.0000196 0.0000037
  51 h     dx -0.0000023 0.0000027 0.0000004 0.0000006 0.0000042-0.0000010
           dy  0.0000025-0.0000278-0.0000051 0.0000038-0.0000435 0.0000085
           dz  0.0000001-0.0000065 0.0000019 0.0000018-0.0000149 0.0000025
  52 h     dx -0.0000046-0.0000040-0.0000007 0.0000030-0.0000051-0.0000001
           dy -0.0000003 0.0000165 0.0000201-0.0000070 0.0000432-0.0000085
           dz -0.0000020 0.0000230 0.0000032-0.0000030 0.0000322-0.0000060
  53 o     dx  0.0000051-0.0000134-0.0000024-0.0000003-0.0000161 0.0000073
           dy -0.0000103 0.0001482 0.0000118-0.0000147 0.0001605-0.0000318
           dz  0.0000204-0.0002030-0.0000825 0.0000244-0.0002906 0.0000593
  54 h     dx -0.0000060 0.0000031-0.0000002 0.0000006 0.0000034-0.0000001
           dy  0.0000026-0.0000331-0.0000022 0.0000028-0.0000330 0.0000067
           dz -0.0000039 0.0000227 0.0000243-0.0000015 0.0000471-0.0000101

   ATOM             19 c                          20 c 
                  dx        dy        dz        dx        dy        dz
  19 c     dx  0.0952010
           dy -0.0813011 1.0459172
           dz  0.0592155-0.6999909 0.6388181
  20 c     dx  0.0023424 0.0044346 0.0001079 0.0972344
           dy  0.0044714-0.0481408-0.0016004-0.1043050 1.2413573
           dz -0.0009636 0.0104740 0.0152068-0.0547119 0.6031258 0.4383329
  21 n     dx -0.0001704 0.0001093 0.0000162-0.0000953-0.0000798-0.0000130
           dy  0.0001185-0.0014799-0.0000649-0.0000792 0.0007891 0.0001121
           dz -0.0001170 0.0013958-0.0019970 0.0000218-0.0002573 0.0000505
  22 n     dx -0.0467284 0.0619559-0.0476809 0.0005616-0.0005115-0.0001709
           dy  0.0619931-0.7736032 0.5635285-0.0005261 0.0064677 0.0020886
           dz -0.0478266 0.5651114-0.4635024 0.0001545-0.0016590-0.0038109
  23 n     dx  0.0004322-0.0004586 0.0003285-0.0483602 0.0816953 0.0439725
           dy -0.0004548 0.0057013-0.0035650 0.0816715-0.9428012-0.4854518
           dz  0.0000400-0.0002345-0.0035768 0.0439473-0.4853496-0.2937061
  24 c     dx -0.0001114 0.0000134-0.0000128 0.0002083-0.0000095-0.0000162
           dy  0.0000157-0.0002676 0.0001518-0.0000115 0.0003292 0.0001852
           dz  0.0001949-0.0022367 0.0014686-0.0002413 0.0026914 0.0010889
  25 c     dx  0.0001152 0.0000023-0.0000001-0.0002957-0.0000187 0.0000155
           dy  0.0000014 0.0000856-0.0000026-0.0000179-0.0001100-0.0001891
           dz -0.0002485 0.0028276-0.0018422 0.0003092-0.0034137-0.0015188
  26 c     dx  0.0005746 0.0000950-0.0000163-0.0009559-0.0001328-0.0000677
           dy  0.0000919-0.0004527 0.0002094-0.0001270 0.0005270 0.0007209
           dz  0.0003171-0.0036763 0.0025396-0.0003943 0.0044049 0.0015002
  27 c     dx -0.0000023 0.0000168-0.0000089 0.0000028-0.0000069-0.0000042
           dy  0.0000215-0.0000967 0.0000647-0.0000157 0.0001287 0.0000523
           dz -0.0000154 0.0000948-0.0000640 0.0000137-0.0001153-0.0000466
  28 c     dx  0.0000010-0.0000110 0.0000077-0.0000018 0.0000127 0.0000032
           dy -0.0000106 0.0001123-0.0000784 0.0000137-0.0001471-0.0000567
           dz -0.0000066 0.0000800-0.0000544 0.0000084-0.0000980-0.0000385
  29 c     dx -0.0000003 0.0000169-0.0000117 0.0000020-0.0000257-0.0000123
           dy  0.0000229-0.0002243 0.0001519-0.0000249 0.0002696 0.0001062
           dz -0.0000144 0.0001359-0.0000908 0.0000158-0.0001689-0.0000675
  30 c     dx  0.0000013 0.0000003-0.0000014 0.0000005-0.0000105-0.0000056
           dy  0.0000053-0.0000673 0.0000442-0.0000055 0.0000820 0.0000332
           dz  0.0000252-0.0002879 0.0001929-0.0000322 0.0003468 0.0001382
  31 c     dx  0.0000037-0.0000274 0.0000184-0.0000043 0.0000287 0.0000094
           dy -0.0000208 0.0002780-0.0001840 0.0000281-0.0003312-0.0001337
           dz  0.0000017-0.0000348 0.0000214-0.0000016 0.0000235 0.0000108
  32 h     dx  0.0000002-0.0000004 0.0000001 0.0000014 0.0000005 0.0000004
           dy -0.0000005 0.0000088-0.0000042-0.0000001-0.0000059-0.0000040
           dz -0.0000018 0.0000164-0.0000102 0.0000015-0.0000147-0.0000067
  33 h     dx  0.0000019 0.0000006-0.0000002-0.0000008-0.0000001-0.0000001
           dy  0.0000003 0.0000013-0.0000006 0.0000003 0.0000014 0.0000002
           dz -0.0000006 0.0000100-0.0000059 0.0000008-0.0000122-0.0000057
  34 h     dx  0.0000015 0.0000003-0.0000020 0.0000044-0.0000053-0.0000005
           dy  0.0000027-0.0000272 0.0000179-0.0000019 0.0000216 0.0000093
           dz -0.0000037 0.0000062-0.0000003 0.0000027 0.0000008-0.0000036
  35 h     dx -0.0000071-0.0000022-0.0000000 0.0000213 0.0000015 0.0000010
           dy -0.0000001 0.0000044-0.0000037 0.0000030-0.0000189-0.0000065
           dz -0.0000030 0.0000144-0.0000100 0.0000014-0.0000133-0.0000046
  36 h     dx  0.0000004 0.0000186-0.0000133 0.0000007-0.0000241-0.0000087
           dy  0.0000056 0.0000031-0.0000030-0.0000032-0.0000086-0.0000018
           dz -0.0000000-0.0000645 0.0000442-0.0000036 0.0000833 0.0000316
  37 h     dx -0.0000003-0.0000206 0.0000133-0.0000008 0.0000230 0.0000095
           dy  0.0000019 0.0000031-0.0000007-0.0000009-0.0000003-0.0000011
           dz  0.0000015-0.0000686 0.0000441-0.0000059 0.0000787 0.0000328
  38 h     dx  0.0001858 0.0002050-0.0000126-0.0001133-0.0002248-0.0001368
           dy  0.0001502 0.0001869-0.0000454-0.0000801-0.0002148-0.0001214
           dz -0.0000543-0.0001268 0.0000204 0.0000198 0.0000713 0.0000852
  39 h     dx -0.0000501-0.0000388-0.0000046 0.0000442 0.0000090 0.0000339
           dy -0.0000060-0.0000187-0.0000019 0.0000098-0.0001051-0.0000091
           dz  0.0000148 0.0000535-0.0000194-0.0000283 0.0000748-0.0000196
  40 h     dx -0.0000292-0.0000308 0.0000253-0.0000156 0.0000142 0.0000112
           dy -0.0000244-0.0000074 0.0000033 0.0000238 0.0000770 0.0000233
           dz  0.0000219 0.0000604-0.0000222 0.0000153-0.0000185-0.0000225
  41 h     dx  0.0002492-0.0001975 0.0000227-0.0001633 0.0002333 0.0001567
           dy -0.0001395 0.0001293-0.0000437 0.0000811-0.0001570-0.0000959
           dz  0.0000752-0.0001159 0.0000207-0.0000309 0.0000644 0.0000850
  42 h     dx -0.0000390 0.0000255-0.0000251-0.0000042-0.0000279-0.0000147
           dy  0.0000201 0.0000023-0.0000018-0.0000403 0.0000684 0.0000207
           dz -0.0000325 0.0000539-0.0000217-0.0000126-0.0000212-0.0000217
  43 h     dx -0.0000558 0.0000340 0.0000041 0.0000405 0.0000186-0.0000314
           dy -0.0000013-0.0000121-0.0000012 0.0000183-0.0001038-0.0000143
           dz -0.0000232 0.0000496-0.0000196 0.0000124 0.0000789-0.0000194
  44 h     dx  0.0000083 0.0000034-0.0000017-0.0000069-0.0000016-0.0000006
           dy  0.0000030-0.0000320 0.0000231-0.0000020 0.0000157 0.0000052
           dz  0.0000022-0.0000227 0.0000168-0.0000011 0.0000128 0.0000059
  45 h     dx  0.0000491 0.0000051 0.0000002-0.0000605-0.0000009 0.0000006
           dy  0.0000048-0.0000057 0.0000035-0.0000008-0.0000371-0.0000089
           dz -0.0000055 0.0000599-0.0000304-0.0000050-0.0000169-0.0000147
  46 h     dx -0.0000117 0.0000027-0.0000008 0.0000947 0.0000103-0.0000006
           dy  0.0000040-0.0000592 0.0000249 0.0000077 0.0000040 0.0000174
           dz  0.0000166-0.0001807 0.0000901-0.0000028 0.0000284 0.0000631
  47 h     dx  0.0000008 0.0000113-0.0000079-0.0000017-0.0000126-0.0000044
           dy -0.0000080 0.0000074-0.0000031 0.0000039-0.0000025-0.0000034
           dz  0.0000052-0.0000090 0.0000048-0.0000037 0.0000061 0.0000040
  48 h     dx -0.0000008-0.0000127 0.0000077-0.0000013 0.0000119 0.0000055
           dy -0.0000067-0.0000011-0.0000017 0.0000026-0.0000069-0.0000008
           dz  0.0000050-0.0000051 0.0000049-0.0000024 0.0000102 0.0000030
  49 h     dx  0.0000005-0.0000004 0.0000006 0.0000006 0.0000015 0.0000001
           dy -0.0000009 0.0000124-0.0000068 0.0000013-0.0000091-0.0000052
           dz  0.0000005-0.0000105 0.0000076-0.0000023 0.0000160 0.0000059
  50 h     dx  0.0000008 0.0000009-0.0000007 0.0000012-0.0000018-0.0000009
           dy  0.0000012-0.0000135 0.0000090-0.0000014 0.0000171 0.0000068
           dz  0.0000011-0.0000113 0.0000073-0.0000011 0.0000122 0.0000051
  51 h     dx  0.0000005 0.0000018-0.0000010 0.0000010-0.0000018-0.0000012
           dy  0.0000019-0.0000213 0.0000142-0.0000018 0.0000227 0.0000088
           dz  0.0000007-0.0000050 0.0000033-0.0000005 0.0000031 0.0000010
  52 h     dx  0.0000008-0.0000051 0.0000015 0.0000009-0.0000007 0.0000014
           dy -0.0000045 0.0000225-0.0000160 0.0000032-0.0000283-0.0000098
           dz -0.0000015 0.0000165-0.0000105 0.0000015-0.0000171-0.0000072
  53 o     dx -0.0000038-0.0000021 0.0000003-0.0000036 0.0000100 0.0000064
           dy -0.0000085 0.0000813-0.0000557 0.0000101-0.0001082-0.0000422
           dz  0.0000138-0.0001631 0.0001083-0.0000161 0.0002006 0.0000814
  54 h     dx  0.0000001 0.0000029-0.0000013 0.0000014-0.0000010-0.0000009
           dy  0.0000014-0.0000173 0.0000113-0.0000020 0.0000241 0.0000099
           dz -0.0000009 0.0000283-0.0000193 0.0000020-0.0000351-0.0000137

   ATOM             21 n                          22 n 
                  dx        dy        dz        dx        dy        dz
  21 n     dx  0.0306808
           dy -0.1046225 1.2027615
           dz  0.0154628-0.1745614 0.0428236
  22 n     dx  0.0003469-0.0000508 0.0001621 0.0275036
           dy -0.0000408 0.0009181-0.0018201-0.0646401 0.7853665
           dz -0.0000243 0.0002660-0.0001295 0.0494376-0.5841778 0.4616097
  23 n     dx  0.0000345 0.0000374-0.0000079-0.0000098 0.0001133-0.0001031
           dy  0.0000396-0.0003796 0.0000858 0.0001124-0.0013066 0.0011510
           dz  0.0000182-0.0002062 0.0000447 0.0000485-0.0006210 0.0011125
  24 c     dx -0.0000099-0.0000256 0.0000119 0.0000246-0.0000049 0.0000097
           dy -0.0000231 0.0002826-0.0001385-0.0000041 0.0001080-0.0001140
           dz -0.0003165 0.0035525-0.0001163-0.0000999 0.0011603-0.0010905
  25 c     dx  0.0000339-0.0000542-0.0000435-0.0000107-0.0000005-0.0000074
           dy -0.0000545 0.0006523 0.0005008 0.0000008-0.0000269 0.0000880
           dz  0.0003908-0.0044685 0.0002406 0.0001175-0.0014147 0.0013105
  26 c     dx  0.0005746-0.0000791 0.0000658-0.0000825-0.0000204 0.0000201
           dy -0.0000787 0.0014063-0.0008194-0.0000216 0.0001819-0.0002271
           dz -0.0005729 0.0064304-0.0003810-0.0001548 0.0017705-0.0015789
  27 c     dx -0.0000118-0.0000096 0.0000027-0.0000059-0.0000054 0.0000074
           dy  0.0000197 0.0001240-0.0000169 0.0000183 0.0000563-0.0000606
           dz -0.0000086-0.0001068 0.0000172-0.0000083-0.0000607 0.0000619
  28 c     dx  0.0000013 0.0000134-0.0000011-0.0000007 0.0000085-0.0000072
           dy  0.0000112-0.0001410 0.0000169 0.0000041-0.0000674 0.0000770
           dz  0.0000107-0.0001062 0.0000066 0.0000051-0.0000466 0.0000500
  29 c     dx  0.0000082-0.0000246 0.0000026 0.0000021-0.0000078 0.0000118
           dy -0.0000175 0.0002864-0.0000246-0.0000061 0.0001321-0.0001414
           dz  0.0000094-0.0001730 0.0000190 0.0000025-0.0000787 0.0000828
  30 c     dx  0.0000094-0.0000078 0.0000004 0.0000020-0.0000003 0.0000020
           dy -0.0000106 0.0000885-0.0000065-0.0000054 0.0000370-0.0000387
           dz -0.0000316 0.0003656-0.0000358-0.0000139 0.0001666-0.0001754
  31 c     dx  0.0000067 0.0000350-0.0000018 0.0000013 0.0000186-0.0000151
           dy  0.0000428-0.0003710 0.0000260 0.0000199-0.0001553 0.0001592
           dz -0.0000082 0.0000532 0.0000097-0.0000038 0.0000169-0.0000150
  32 h     dx -0.0000051-0.0000001-0.0000002-0.0000031-0.0000007-0.0000002
           dy  0.0000015-0.0000063 0.0000020 0.0000005-0.0000009 0.0000039
           dz  0.0000005-0.0000168 0.0000015 0.0000001-0.0000092 0.0000097
  33 h     dx -0.0000045 0.0000003 0.0000004-0.0000021-0.0000002 0.0000002
           dy  0.0000000-0.0000071-0.0000030-0.0000001 0.0000006-0.0000006
           dz  0.0000013-0.0000059 0.0000038 0.0000009-0.0000042 0.0000067
  34 h     dx -0.0000096-0.0000073-0.0000014-0.0000008-0.0000051 0.0000013
           dy -0.0000034 0.0000361 0.0000051-0.0000010 0.0000156-0.0000157
           dz -0.0000108 0.0000132 0.0000125-0.0000072 0.0000077 0.0000032
  35 h     dx -0.0000082-0.0000018-0.0000015-0.0000019-0.0000025-0.0000002
           dy  0.0000025-0.0000078 0.0000116 0.0000015 0.0000007 0.0000019
           dz -0.0000015-0.0000259-0.0000105-0.0000015-0.0000186 0.0000083
  36 h     dx  0.0000086-0.0000245 0.0000018 0.0000058-0.0000131 0.0000120
           dy  0.0000166-0.0000086-0.0000009 0.0000114-0.0000047 0.0000015
           dz -0.0000242 0.0000842-0.0000076-0.0000153 0.0000403-0.0000398
  37 h     dx -0.0000073 0.0000242-0.0000024-0.0000046 0.0000108-0.0000123
           dy  0.0000065-0.0000021 0.0000000 0.0000047 0.0000015-0.0000001
           dz -0.0000168 0.0000813-0.0000092-0.0000106 0.0000352-0.0000403
  38 h     dx  0.0000011-0.0000191-0.0000065-0.0000288-0.0001321 0.0000644
           dy  0.0000228-0.0000057-0.0000200-0.0000253-0.0001197 0.0000538
           dz  0.0000058 0.0000169 0.0000108 0.0000059 0.0000863-0.0000432
  39 h     dx -0.0000403-0.0000572-0.0000412 0.0000126 0.0000252-0.0000034
           dy -0.0000142 0.0000189-0.0000173 0.0000028 0.0000269 0.0000049
           dz  0.0000690 0.0000470 0.0000148-0.0000024-0.0000505 0.0000196
  40 h     dx  0.0000412 0.0000188-0.0000163 0.0000127 0.0000180-0.0000151
           dy  0.0000115 0.0000211-0.0000046 0.0000042-0.0000066-0.0000081
           dz  0.0000142-0.0000212-0.0000077-0.0000074-0.0000409 0.0000215
  41 h     dx -0.0000041 0.0000182 0.0000093-0.0000589 0.0001406-0.0000738
           dy -0.0000142-0.0000034-0.0000178 0.0000378-0.0000868 0.0000425
           dz -0.0000074 0.0000148 0.0000103-0.0000191 0.0000822-0.0000432
  42 h     dx  0.0000399-0.0000159 0.0000170 0.0000122-0.0000147 0.0000167
           dy -0.0000043 0.0000168-0.0000016 0.0000019-0.0000103-0.0000053
           dz -0.0000114-0.0000244-0.0000083 0.0000131-0.0000407 0.0000215
  43 h     dx -0.0000457 0.0000458 0.0000437 0.0000210-0.0000261 0.0000029
           dy -0.0000005 0.0000294-0.0000099-0.0000053 0.0000210 0.0000054
           dz -0.0000731 0.0000343 0.0000143 0.0000125-0.0000498 0.0000195
  44 h     dx -0.0000228-0.0000077-0.0000021-0.0000050-0.0000021 0.0000013
           dy -0.0000095 0.0000729 0.0000287-0.0000037 0.0000282-0.0000168
           dz -0.0000079 0.0000950 0.0000493-0.0000017 0.0000247-0.0000055
  45 h     dx -0.0000151-0.0000058-0.0000040-0.0000150-0.0000013-0.0000004
           dy -0.0000094 0.0000774 0.0000562-0.0000031 0.0000150 0.0000029
           dz  0.0000285-0.0002425-0.0001458 0.0000081-0.0000685 0.0000147
  46 h     dx -0.0002507-0.0000225-0.0000424-0.0000133-0.0000044 0.0000011
           dy -0.0000290 0.0000703 0.0004988-0.0000065 0.0000573-0.0000184
           dz -0.0000959 0.0011253 0.0001333-0.0000112 0.0001474-0.0000149
  47 h     dx  0.0000100-0.0000122 0.0000013 0.0000069-0.0000081 0.0000072
           dy -0.0000194-0.0000051 0.0000020-0.0000147 0.0000004 0.0000033
           dz  0.0000111 0.0000071-0.0000021 0.0000079 0.0000025-0.0000049
  48 h     dx -0.0000029 0.0000124-0.0000020-0.0000020 0.0000061-0.0000075
           dy -0.0000139-0.0000075-0.0000006-0.0000110-0.0000058 0.0000010
           dz  0.0000107 0.0000103-0.0000007 0.0000084 0.0000075-0.0000044
  49 h     dx -0.0000013 0.0000014 0.0000001-0.0000007 0.0000012-0.0000005
           dy  0.0000005-0.0000102 0.0000022 0.0000002-0.0000032 0.0000066
           dz -0.0000010 0.0000144-0.0000020-0.0000009 0.0000076-0.0000071
  50 h     dx -0.0000013-0.0000018 0.0000002-0.0000005-0.0000006 0.0000007
           dy -0.0000018 0.0000166-0.0000020-0.0000009 0.0000080-0.0000084
           dz -0.0000010 0.0000124-0.0000022-0.0000004 0.0000064-0.0000066
  51 h     dx -0.0000038-0.0000027 0.0000002-0.0000021-0.0000005 0.0000010
           dy -0.0000032 0.0000292-0.0000002-0.0000015 0.0000131-0.0000120
           dz -0.0000001 0.0000109 0.0000032 0.0000004 0.0000034-0.0000017
  52 h     dx -0.0000079-0.0000004-0.0000012-0.0000033-0.0000022-0.0000016
           dy -0.0000035-0.0000330 0.0000012-0.0000033-0.0000184 0.0000134
           dz  0.0000016-0.0000198 0.0000025 0.0000006-0.0000087 0.0000091
  53 o     dx  0.0000001 0.0000077-0.0000019 0.0000037-0.0000032-0.0000027
           dy  0.0000069-0.0001013 0.0000134 0.0000019-0.0000505 0.0000519
           dz -0.0000196 0.0001865-0.0000285-0.0000100 0.0000963-0.0001031
  54 h     dx -0.0000047-0.0000016 0.0000006-0.0000031-0.0000006 0.0000013
           dy -0.0000026 0.0000200-0.0000036-0.0000015 0.0000094-0.0000112
           dz  0.0000074-0.0000316 0.0000049 0.0000048-0.0000184 0.0000185

   ATOM             23 n                          24 c 
                  dx        dy        dz        dx        dy        dz
  23 n     dx  0.0296026
           dy -0.0849002 0.9594014
           dz -0.0455099 0.5025233 0.2852491
  24 c     dx -0.0000350 0.0000134 0.0000089 0.1293066
           dy  0.0000123-0.0001693-0.0001095-0.0474003 0.6795611
           dz  0.0001658-0.0018390-0.0009541 0.0023098-0.0264298 0.7220538
  25 c     dx  0.0000816 0.0000044-0.0000059-0.0603834 0.0130053 0.0095565
           dy  0.0000028 0.0000257 0.0000812 0.0129764-0.2115848-0.1112769
           dz -0.0001970 0.0022362 0.0011682 0.0095620-0.1116651-0.1930594
  26 c     dx  0.0001556 0.0000353 0.0000214 0.0081323-0.0005141 0.0020957
           dy  0.0000369-0.0001792-0.0002453-0.0004975 0.0140156-0.0239181
           dz  0.0002555-0.0028180-0.0013752 0.0006504-0.0075765-0.0868735
  27 c     dx -0.0000020 0.0000110 0.0000034-0.0000161 0.0000240 0.0000989
           dy -0.0000046-0.0001001-0.0000531 0.0000308-0.0003122-0.0010840
           dz  0.0000011 0.0000823 0.0000547-0.0000166 0.0001514 0.0006549
  28 c     dx  0.0000021-0.0000086-0.0000060 0.0000372-0.0000595-0.0000452
           dy -0.0000104 0.0001233 0.0000643-0.0000578 0.0006915 0.0005217
           dz -0.0000076 0.0000795 0.0000420-0.0000276 0.0003171 0.0006469
  29 c     dx -0.0000030 0.0000225 0.0000105 0.0000077 0.0000871 0.0001460
           dy  0.0000162-0.0002188-0.0001182 0.0000838-0.0009474-0.0016348
           dz -0.0000089 0.0001284 0.0000712-0.0000486 0.0005519 0.0015587
  30 c     dx -0.0000017 0.0000069 0.0000036 0.0000209 0.0000326 0.0000928
           dy  0.0000083-0.0000615-0.0000335 0.0000292-0.0003312-0.0010584
           dz  0.0000226-0.0002697-0.0001480 0.0000937-0.0010783-0.0030862
  31 c     dx  0.0000005-0.0000192-0.0000125 0.0001226-0.0000995-0.0004205
           dy -0.0000266 0.0002505 0.0001350-0.0000932 0.0012379 0.0047201
           dz  0.0000038-0.0000233-0.0000101 0.0000141-0.0001711-0.0004532
  32 h     dx  0.0000001-0.0000008-0.0000001-0.0000025-0.0000018-0.0000098
           dy -0.0000021 0.0000079 0.0000022-0.0000015 0.0000176 0.0001162
           dz -0.0000006 0.0000115 0.0000079-0.0000013 0.0000126 0.0001082
  33 h     dx -0.0000036-0.0000001 0.0000000-0.0002007-0.0001005-0.0000447
           dy  0.0000004 0.0000007-0.0000009-0.0000967 0.0009011 0.0005222
           dz -0.0000016 0.0000115 0.0000052 0.0000178-0.0002053-0.0001816
  34 h     dx -0.0000034-0.0000009 0.0000027-0.0032975-0.0003785-0.0001467
           dy  0.0000011-0.0000220-0.0000115-0.0003858 0.0010370 0.0019865
           dz  0.0000048 0.0000118-0.0000009 0.0001705-0.0019295 0.0008644
  35 h     dx -0.0000071-0.0000033 0.0000007 0.0056924 0.0013673-0.0000625
           dy -0.0000029 0.0000104 0.0000029 0.0013183-0.0097461 0.0008338
           dz  0.0000009 0.0000014 0.0000093-0.0025259 0.0299487-0.0022616
  36 h     dx -0.0000042 0.0000156 0.0000109-0.0000022 0.0000631 0.0001644
           dy -0.0000097-0.0000003 0.0000029 0.0000010 0.0000099 0.0001472
           dz  0.0000134-0.0000581-0.0000353 0.0000223-0.0002001-0.0007057
  37 h     dx  0.0000048-0.0000181-0.0000101 0.0000062-0.0000637-0.0001877
           dy -0.0000019 0.0000017-0.0000008 0.0000029-0.0000016 0.0001154
           dz  0.0000099-0.0000636-0.0000332 0.0000071-0.0002012-0.0007051
  38 h     dx  0.0000182 0.0001265 0.0000499-0.0000166 0.0002360-0.0002268
           dy  0.0000075 0.0001160 0.0000305 0.0000729 0.0000837-0.0001482
           dz  0.0000115-0.0000188-0.0000370-0.0000433-0.0002474 0.0004456
  39 h     dx -0.0000393 0.0000043-0.0000116-0.0000002 0.0000087-0.0002701
           dy  0.0000050 0.0001017-0.0000060-0.0000007-0.0000155-0.0003714
           dz -0.0000182-0.0000791 0.0000297-0.0000564-0.0001249 0.0002193
  40 h     dx  0.0000316-0.0000063-0.0000090-0.0000026-0.0000132 0.0001882
           dy -0.0000256-0.0000647-0.0000118 0.0000077-0.0000138 0.0001661
           dz -0.0000235-0.0000024 0.0000134 0.0000507-0.0001483 0.0000507
  41 h     dx  0.0000556-0.0001423-0.0000535 0.0000361-0.0002464 0.0002445
           dy -0.0000315 0.0000922 0.0000200-0.0000773 0.0000302-0.0001009
           dz -0.0000083-0.0000213-0.0000363 0.0000859-0.0002333 0.0004437
  42 h     dx  0.0000276 0.0000222 0.0000112-0.0000057 0.0000150-0.0002160
           dy  0.0000399-0.0000572-0.0000100-0.0000047-0.0000133 0.0001298
           dz  0.0000233 0.0000002 0.0000141-0.0000243-0.0001544 0.0000505
  43 h     dx -0.0000380-0.0000282 0.0000118 0.0000018-0.0000055 0.0003323
           dy -0.0000268 0.0000954-0.0000039 0.0000029-0.0000168-0.0003187
           dz  0.0000287-0.0000763 0.0000300 0.0000780-0.0001121 0.0002185
  44 h     dx -0.0000039 0.0000012 0.0000009-0.0408573 0.0237261-0.0040208
           dy  0.0000011-0.0000133-0.0000128 0.0237622-0.3168745 0.0470267
           dz -0.0000000 0.0000001-0.0000073-0.0040489 0.0469057-0.0649038
  45 h     dx  0.0000021-0.0000014-0.0000009 0.0046535 0.0019418-0.0004533
           dy -0.0000005 0.0000257 0.0000037 0.0019350-0.0178101 0.0051165
           dz -0.0000089-0.0000209 0.0000193 0.0020421-0.0237505 0.0068101
  46 h     dx -0.0000335-0.0000035 0.0000007-0.0051175-0.0005310 0.0001876
           dy -0.0000031 0.0000025-0.0000177-0.0005435 0.0010412-0.0024444
           dz -0.0000005-0.0000007-0.0000286-0.0001511 0.0018556 0.0007596
  47 h     dx -0.0000043 0.0000066 0.0000066 0.0000047 0.0000073 0.0000569
           dy  0.0000076 0.0000097 0.0000007-0.0000076 0.0000209 0.0000676
           dz -0.0000069-0.0000091-0.0000031 0.0000035-0.0000108-0.0000526
  48 h     dx  0.0000028-0.0000098-0.0000061 0.0000037-0.0000107-0.0000677
           dy  0.0000067 0.0000004 0.0000027-0.0000022 0.0000200 0.0000566
           dz -0.0000032-0.0000041-0.0000050 0.0000029-0.0000112-0.0000532
  49 h     dx -0.0000010-0.0000001-0.0000007-0.0000093-0.0000012-0.0000063
           dy -0.0000005 0.0000113 0.0000042-0.0000016 0.0000047 0.0000708
           dz -0.0000003-0.0000106-0.0000067 0.0000050-0.0000568-0.0001300
  50 h     dx -0.0000001 0.0000014 0.0000008-0.0000091 0.0000035 0.0000137
           dy  0.0000012-0.0000125-0.0000074 0.0000028-0.0000430-0.0001406
           dz  0.0000008-0.0000091-0.0000054 0.0000009-0.0000096-0.0000967
  51 h     dx -0.0000008 0.0000022 0.0000007-0.0000098 0.0000064 0.0000173
           dy  0.0000017-0.0000171-0.0000100 0.0000058-0.0000790-0.0001965
           dz -0.0000002-0.0000028-0.0000011 0.0000041-0.0000455-0.0000709
  52 h     dx -0.0000013-0.0000048 0.0000004-0.0000179 0.0000033-0.0000062
           dy  0.0000004 0.0000161 0.0000126 0.0000005-0.0000367 0.0000970
           dz -0.0000012 0.0000138 0.0000072-0.0000001 0.0000076 0.0002018
  53 o     dx  0.0000050-0.0000113-0.0000031 0.0000107-0.0000255-0.0000756
           dy -0.0000064 0.0000792 0.0000453-0.0000220 0.0002421 0.0008586
           dz  0.0000160-0.0001472-0.0000902 0.0000291-0.0003519-0.0013620
  54 h     dx -0.0000017 0.0000022 0.0000005-0.0000065 0.0000030 0.0000144
           dy  0.0000017-0.0000187-0.0000099 0.0000031-0.0000444-0.0001633
           dz -0.0000046 0.0000230 0.0000168-0.0000033 0.0000488 0.0002055

   ATOM             25 c                          26 c 
                  dx        dy        dz        dx        dy        dz
  25 c     dx  0.1460802
           dy -0.0458736 0.6775709
           dz  0.0029571-0.0330434 0.7185117
  26 c     dx -0.0573600 0.0081467-0.0095902 0.1280900
           dy  0.0081875-0.1511833 0.1120530-0.0460221 0.6580570
           dz -0.0094244 0.1095065-0.3370815 0.0024397-0.0310415 0.7325966
  27 c     dx -0.0000016-0.0000322-0.0000820-0.0000088 0.0000234 0.0000884
           dy -0.0000286 0.0003620 0.0009532 0.0000253-0.0002476-0.0009317
           dz  0.0000166-0.0002014-0.0006733-0.0000190 0.0001662 0.0006629
  28 c     dx  0.0001020 0.0000474 0.0000547-0.0000086-0.0000392-0.0000727
           dy  0.0000455-0.0004138-0.0006491-0.0000368 0.0003805 0.0008137
           dz  0.0000262-0.0003147-0.0006787-0.0000202 0.0002444 0.0006821
  29 c     dx -0.0000044-0.0000710-0.0001532-0.0000008 0.0000528 0.0001572
           dy -0.0000676 0.0008024 0.0016568 0.0000561-0.0006476-0.0017755
           dz  0.0000427-0.0005128-0.0013287-0.0000304 0.0003449 0.0012716
  30 c     dx  0.0000579-0.0000210-0.0000749-0.0000073 0.0000083 0.0000612
           dy -0.0000207 0.0003123 0.0007862 0.0000125-0.0001758-0.0007235
           dz -0.0000918 0.0010742 0.0027053 0.0000670-0.0007465-0.0026060
  31 c     dx  0.0000222 0.0001251 0.0003032 0.0000121-0.0000677-0.0002758
           dy  0.0001183-0.0013456-0.0034506-0.0000619 0.0007123 0.0030679
           dz -0.0000168 0.0001865 0.0003413 0.0000093-0.0001005-0.0003261
  32 h     dx -0.0000165 0.0000005 0.0000072 0.0000031-0.0000005-0.0000056
           dy  0.0000007-0.0000242-0.0000837-0.0000008 0.0000123 0.0000753
           dz  0.0000020-0.0000232-0.0001035-0.0000016 0.0000155 0.0000874
  33 h     dx  0.0001563 0.0000211 0.0000046-0.0000407-0.0000061-0.0000060
           dy  0.0000217-0.0000897-0.0000710-0.0000067 0.0000333 0.0000813
           dz -0.0000052 0.0000581 0.0000063 0.0000004-0.0000030 0.0000119
  34 h     dx -0.0004302-0.0000906-0.0000021 0.0000289 0.0000095 0.0000257
           dy -0.0000870 0.0005495-0.0001641 0.0000089-0.0000708-0.0001594
           dz -0.0000074 0.0000965-0.0000130-0.0000098 0.0000954-0.0000328
  35 h     dx -0.0052951-0.0005460 0.0002171 0.0001512-0.0000294-0.0000300
           dy -0.0005474 0.0010196-0.0027323-0.0000315 0.0004971 0.0003871
           dz -0.0001646 0.0020131 0.0012897 0.0000275-0.0003177-0.0000929
  36 h     dx  0.0000027-0.0000631-0.0001551-0.0000019 0.0000467 0.0001549
           dy  0.0000067-0.0000262-0.0001031 0.0000009 0.0000070 0.0000823
           dz -0.0000294 0.0002346 0.0006240 0.0000108-0.0001617-0.0006030
  37 h     dx -0.0000080 0.0000661 0.0001708 0.0000038-0.0000479-0.0001665
           dy -0.0000025-0.0000146-0.0000731 0.0000025-0.0000002 0.0000533
           dz -0.0000119 0.0002350 0.0006231 0.0000124-0.0001626-0.0006024
  38 h     dx -0.0000062-0.0008135 0.0002187-0.0001032 0.0000430-0.0000887
           dy -0.0002517-0.0010582-0.0003619 0.0000732-0.0001219 0.0000944
           dz -0.0008563-0.0004892-0.0010941-0.0000467 0.0002855 0.0003102
  39 h     dx -0.0000965-0.0000979 0.0003088 0.0002617-0.0002583-0.0003191
           dy -0.0000529 0.0001044 0.0004656 0.0000093-0.0001446-0.0000740
           dz -0.0002224 0.0002948-0.0003669-0.0000285 0.0000796-0.0000276
  40 h     dx  0.0000463 0.0000577-0.0002534 0.0001613-0.0002103 0.0000972
           dy  0.0000205 0.0000058-0.0002835 0.0000791 0.0000217 0.0001270
           dz -0.0001338 0.0001710-0.0002963 0.0001072-0.0000775-0.0001565
  41 h     dx -0.0001908 0.0009490-0.0001963-0.0000594-0.0000732 0.0000776
           dy  0.0003550-0.0008097-0.0003514-0.0000941-0.0000765 0.0000870
           dz  0.0009306-0.0003122-0.0010742 0.0000092 0.0002665 0.0003094
  42 h     dx  0.0000570-0.0000498 0.0003032 0.0001387 0.0002292-0.0001244
           dy -0.0000066-0.0000069-0.0002353-0.0000654 0.0000549 0.0001175
           dz  0.0001079 0.0001923-0.0002966-0.0001068-0.0000860-0.0001480
  43 h     dx -0.0001153 0.0000559-0.0003882 0.0002047 0.0003239 0.0003278
           dy  0.0000159 0.0001204 0.0004051 0.0000571-0.0000872-0.0000143
           dz  0.0001688 0.0003292-0.0003611 0.0000134 0.0000864-0.0000293
  44 h     dx  0.0033893 0.0017251-0.0004092-0.0027744-0.0003397-0.0001669
           dy  0.0017167-0.0165500 0.0048608-0.0003311 0.0010544 0.0019156
           dz  0.0020943-0.0244131 0.0061195 0.0001393-0.0014774 0.0011376
  45 h     dx -0.0432903 0.0234534-0.0046487 0.0052061 0.0010209-0.0000556
           dy  0.0234830-0.3148484 0.0528514 0.0010171-0.0067077 0.0005441
           dz -0.0046130 0.0515160-0.0672615-0.0026454 0.0307344-0.0012306
  46 h     dx  0.0046433 0.0010904-0.0001349-0.0403135 0.0243931-0.0036730
           dy  0.0010656-0.0077269 0.0018374 0.0244897-0.3215047 0.0427819
           dz -0.0025802 0.0303120-0.0028744-0.0037367 0.0431339-0.0625494
  47 h     dx  0.0000023-0.0000156-0.0000631 0.0000021 0.0000159 0.0000650
           dy  0.0000012-0.0000213-0.0000550-0.0000061 0.0000144 0.0000524
           dz -0.0000012 0.0000147 0.0000515 0.0000029-0.0000121-0.0000499
  48 h     dx -0.0000011 0.0000190 0.0000724 0.0000028-0.0000178-0.0000723
           dy  0.0000009-0.0000194-0.0000439-0.0000033 0.0000097 0.0000405
           dz -0.0000003 0.0000158 0.0000524 0.0000038-0.0000111-0.0000506
  49 h     dx -0.0000336-0.0000005 0.0000073 0.0000016-0.0000018-0.0000066
           dy -0.0000009-0.0000238-0.0000841-0.0000019 0.0000206 0.0000747
           dz -0.0000039 0.0000444 0.0001024 0.0000026-0.0000294-0.0001080
  50 h     dx -0.0000088-0.0000051-0.0000124-0.0000007 0.0000024 0.0000115
           dy -0.0000047 0.0000460 0.0001227 0.0000025-0.0000314-0.0001203
           dz -0.0000020 0.0000225 0.0000931 0.0000018-0.0000180-0.0000873
  51 h     dx  0.0000080-0.0000057-0.0000158-0.0000066 0.0000037 0.0000153
           dy -0.0000057 0.0000750 0.0001719 0.0000040-0.0000538-0.0001766
           dz -0.0000028 0.0000325 0.0000493 0.0000020-0.0000196-0.0000523
  52 h     dx -0.0000507-0.0000035 0.0000131-0.0000067-0.0000042-0.0000145
           dy -0.0000024-0.0000284-0.0001756-0.0000050 0.0000337 0.0001814
           dz  0.0000037-0.0000445-0.0001704-0.0000029 0.0000339 0.0001480
  53 o     dx -0.0000006 0.0000251 0.0000762 0.0000093-0.0000166-0.0000611
           dy  0.0000254-0.0002779-0.0007859-0.0000211 0.0001950 0.0007524
           dz -0.0000369 0.0004370 0.0013020 0.0000277-0.0003294-0.0012809
  54 h     dx -0.0000016-0.0000049-0.0000131-0.0000037 0.0000037 0.0000140
           dy -0.0000049 0.0000561 0.0001564 0.0000030-0.0000413-0.0001546
           dz  0.0000055-0.0000615-0.0002045-0.0000035 0.0000491 0.0002007

   ATOM             27 c                          28 c 
                  dx        dy        dz        dx        dy        dz
  27 c     dx  0.5897378
           dy  0.0059634 0.5284193
           dz -0.0036128 0.0369515 0.5149731
  28 c     dx  0.0004573-0.0000126 0.0001230 0.1392678
           dy -0.0000253 0.0006746-0.0013987-0.0515726 0.7075725
           dz -0.0000479 0.0005693-0.0006757 0.0037739-0.0438247 0.7230210
  29 c     dx  0.0002224 0.0000753-0.0000476-0.0669591 0.0264830-0.0070194
           dy  0.0000508-0.0004446 0.0004090 0.0265662-0.3585905 0.0785626
           dz -0.0000128 0.0002034 0.0003970-0.0013277 0.0140308-0.1347152
  30 c     dx -0.0000464 0.0000131-0.0000026 0.0104799 0.0014273-0.0033328
           dy -0.0000092 0.0000622-0.0001129 0.0013893-0.0053503 0.0362509
           dz  0.0000267-0.0002789 0.0002519-0.0073852 0.0817505 0.0079561
  31 c     dx -0.0000587 0.0000039 0.0000210-0.0062197 0.0043506 0.0014194
           dy -0.0000216 0.0000689-0.0003394 0.0043483-0.0538929-0.0155918
           dz  0.0000400-0.0004038-0.0004693 0.0017922-0.0197303-0.0084752
  32 h     dx  0.0023968 0.0002823-0.0002247 0.0008021 0.0001630-0.0000460
           dy  0.0002610-0.0005969 0.0020088 0.0001631-0.0010091 0.0005426
           dz  0.0000110 0.0000107-0.0044268 0.0001070-0.0011872 0.0006875
  33 h     dx -0.0002439-0.0000271 0.0000023-0.0004214-0.0000643 0.0000030
           dy -0.0000259 0.0000458-0.0000181-0.0000672 0.0003224-0.0000309
           dz  0.0000203-0.0002348-0.0000713 0.0000039-0.0000359 0.0000665
  34 h     dx -0.0000350 0.0000032 0.0000006 0.0001616 0.0000124-0.0000062
           dy -0.0000018-0.0000208-0.0000118 0.0000080 0.0000700 0.0000534
           dz  0.0000062 0.0000153 0.0000426 0.0000150-0.0001963 0.0001286
  35 h     dx  0.0000159 0.0000063 0.0000024 0.0000073-0.0000193-0.0000053
           dy  0.0000032-0.0000429-0.0000234-0.0000217 0.0002538 0.0000582
           dz  0.0000028 0.0000027-0.0000424-0.0000177 0.0001913 0.0000566
  36 h     dx -0.0013720 0.0004801 0.0009824 0.0000974 0.0003410 0.0008196
           dy  0.0302246-0.0137353-0.0146909-0.0007988-0.0001823-0.0001986
           dz -0.0023764-0.0002090 0.0020701-0.0003310 0.0002919 0.0006859
  37 h     dx  0.0036256 0.0026435 0.0016389 0.0000065-0.0003031-0.0007844
           dy -0.0270822-0.0187330-0.0146029 0.0008572-0.0000957-0.0002892
           dz  0.0023720 0.0002490 0.0020671 0.0002331 0.0003673 0.0006205
  38 h     dx  0.0000063 0.0000020-0.0000017 0.0000022-0.0000014-0.0000011
           dy -0.0000017 0.0000232-0.0000070 0.0000054-0.0000266-0.0000151
           dz  0.0000002 0.0000017 0.0000042-0.0000004-0.0000063-0.0000038
  39 h     dx -0.0000025-0.0000092 0.0000026 0.0000024 0.0000114 0.0000070
           dy -0.0000021-0.0000201 0.0000115-0.0000003 0.0000272 0.0000160
           dz  0.0000001-0.0000090 0.0000001-0.0000004 0.0000136 0.0000061
  40 h     dx -0.0000030 0.0000084-0.0000044 0.0000020-0.0000139-0.0000085
           dy  0.0000002 0.0000111-0.0000103 0.0000006-0.0000128-0.0000078
           dz -0.0000027-0.0000020 0.0000020 0.0000011-0.0000001 0.0000010
  41 h     dx  0.0000099-0.0000048 0.0000049-0.0000046 0.0000080 0.0000031
           dy -0.0000050 0.0000177-0.0000063 0.0000065-0.0000281-0.0000140
           dz -0.0000019 0.0000030 0.0000043 0.0000014-0.0000049-0.0000040
  42 h     dx  0.0000035-0.0000116 0.0000071-0.0000032 0.0000160 0.0000098
           dy -0.0000042 0.0000063-0.0000077 0.0000026-0.0000098-0.0000063
           dz  0.0000039 0.0000004 0.0000020-0.0000007 0.0000007 0.0000006
  43 h     dx -0.0000086 0.0000073-0.0000028 0.0000077-0.0000158-0.0000096
           dy  0.0000067-0.0000190 0.0000119-0.0000050 0.0000246 0.0000144
           dz -0.0000010-0.0000083 0.0000001-0.0000002 0.0000141 0.0000060
  44 h     dx  0.0000076 0.0000026-0.0000006-0.0000323-0.0000066-0.0000018
           dy  0.0000026-0.0000120-0.0000031-0.0000063 0.0000388 0.0000214
           dz  0.0000000-0.0000038 0.0000129 0.0000051-0.0000557 0.0000024
  45 h     dx  0.0000098 0.0000016-0.0000004-0.0000000-0.0000062-0.0000025
           dy  0.0000040-0.0000255 0.0000073-0.0000069 0.0000658 0.0000330
           dz -0.0000065 0.0000248-0.0000204 0.0000056 0.0000088-0.0000063
  46 h     dx  0.0000040 0.0000022-0.0000016 0.0000058-0.0000022-0.0000011
           dy  0.0000023-0.0000164 0.0000106-0.0000019 0.0000276 0.0000175
           dz -0.0000012-0.0000057 0.0000043 0.0000007-0.0000051 0.0000049
  47 h     dx -0.2336814 0.0712371 0.0741316-0.0000149-0.0000035 0.0001419
           dy  0.0681260-0.0822252-0.0316762-0.0000703-0.0002119-0.0002035
           dz  0.0732668-0.0299159-0.0792924 0.0000380 0.0000755-0.0000559
  48 h     dx -0.2047821-0.0936542-0.0668135-0.0000362 0.0000362-0.0001045
           dy -0.0905455-0.1123467-0.0435030 0.0000960-0.0001853-0.0002260
           dz -0.0662444-0.0414925-0.0793663-0.0000457 0.0000643-0.0000548
  49 h     dx -0.0003382 0.0000103 0.0000041-0.0351249 0.0041065-0.0072257
           dy  0.0000131-0.0004599-0.0000530 0.0040759-0.0808367 0.0811753
           dz -0.0000099 0.0000967 0.0009916-0.0070274 0.0795867-0.3240806
  50 h     dx  0.0000211-0.0000000 0.0000009 0.0043136 0.0016825 0.0021138
           dy -0.0000018 0.0000396-0.0000205 0.0016992-0.0142949-0.0235114
           dz -0.0000019 0.0000218-0.0000137-0.0006074 0.0067193 0.0080246
  51 h     dx -0.0000314-0.0000031 0.0000007 0.0061271 0.0004253-0.0001505
           dy -0.0000052 0.0000267-0.0000244 0.0004264 0.0014087 0.0017784
           dz  0.0000019-0.0000269 0.0000680-0.0000725 0.0008523-0.0051075
  52 h     dx -0.0000225-0.0000076-0.0000118-0.0008462-0.0000024 0.0000328
           dy -0.0000074 0.0001117 0.0001272-0.0000107-0.0007111-0.0003304
           dz  0.0000032-0.0000323 0.0000022 0.0000584-0.0006454 0.0006239
  53 o     dx -0.0664623 0.0026189-0.0031934 0.0000824 0.0000383 0.0000186
           dy  0.0027077-0.0969506 0.0340754 0.0000338-0.0003075-0.0002258
           dz  0.0006306-0.0106817-0.2513413-0.0000660 0.0007179 0.0000754
  54 h     dx -0.0022179 0.0000618 0.0005983-0.0000392-0.0000133 0.0000012
           dy -0.0000156-0.0020756-0.0076353-0.0000132 0.0001095-0.0000168
           dz -0.0039208 0.0446775-0.0157734 0.0000129-0.0001272-0.0000907

   ATOM             29 c                          30 c 
                  dx        dy        dz        dx        dy        dz
  29 c     dx  0.1467547
           dy -0.0517913 0.7163485
           dz -0.0030211 0.0311388 0.7145232
  30 c     dx -0.0682725 0.0073296-0.0087487 0.1419702
           dy  0.0073684-0.1494968 0.0985044-0.0552168 0.7498435
           dz -0.0028342 0.0321052-0.3165298 0.0003333-0.0053538 0.6828920
  31 c     dx  0.0103892-0.0043578 0.0042409-0.0674884 0.0152360 0.0079713
           dy -0.0042694 0.0574438-0.0463611 0.0151980-0.2349417-0.0876251
           dz -0.0000236 0.0006918-0.0553223 0.0139270-0.1539361-0.2619744
  32 h     dx -0.0003736-0.0000428 0.0000375 0.0000918 0.0000089-0.0000119
           dy -0.0000394 0.0000864-0.0004263 0.0000096 0.0000022 0.0001232
           dz  0.0000035-0.0000357-0.0004271-0.0000070 0.0000696 0.0000475
  33 h     dx -0.0000575-0.0000015-0.0000054-0.0004022-0.0000060-0.0000171
           dy  0.0000005-0.0000716 0.0000871-0.0000034-0.0003515 0.0001692
           dz  0.0000049-0.0000486-0.0000029-0.0000079 0.0000983-0.0000944
  34 h     dx -0.0001393 0.0000033 0.0000026-0.0005041-0.0000713 0.0000375
           dy  0.0000041-0.0001724-0.0000455-0.0000752 0.0003433-0.0004795
           dz -0.0000166 0.0001156 0.0000216 0.0000446-0.0006062 0.0004021
  35 h     dx -0.0000325 0.0000186-0.0000097-0.0000627-0.0000117 0.0000259
           dy  0.0000202-0.0002360 0.0001069-0.0000113 0.0000898-0.0003090
           dz  0.0000127-0.0001577 0.0000722-0.0000120 0.0001135-0.0002317
  36 h     dx -0.0000652 0.0003278-0.0006880-0.0000506 0.0000658 0.0001881
           dy  0.0005241-0.0007375 0.0004726-0.0000141-0.0000804-0.0007196
           dz -0.0001458 0.0000200 0.0001319 0.0000329 0.0001248 0.0001154
  37 h     dx  0.0000532-0.0001801 0.0005901-0.0000529-0.0000577-0.0000585
           dy -0.0003644-0.0008700 0.0005920 0.0000371-0.0000894-0.0007394
           dz  0.0001228 0.0000468 0.0001283-0.0000733 0.0001195 0.0001123
  38 h     dx  0.0000027 0.0000062-0.0000022 0.0000024 0.0000020 0.0000058
           dy  0.0000006 0.0000432-0.0000235 0.0000041 0.0000100 0.0000465
           dz -0.0000010 0.0000062-0.0000035-0.0000009 0.0000026 0.0000085
  39 h     dx  0.0000076-0.0000172 0.0000108 0.0000079-0.0000046-0.0000217
           dy  0.0000078-0.0000426 0.0000254 0.0000057-0.0000114-0.0000529
           dz  0.0000027-0.0000170 0.0000080 0.0000014-0.0000022-0.0000179
  40 h     dx -0.0000015 0.0000222-0.0000122 0.0000004 0.0000062 0.0000261
           dy -0.0000026 0.0000225-0.0000130-0.0000011 0.0000058 0.0000270
           dz  0.0000011-0.0000044 0.0000019 0.0000015-0.0000022-0.0000043
  41 h     dx -0.0000043-0.0000126 0.0000058-0.0000066-0.0000022-0.0000153
           dy  0.0000028 0.0000389-0.0000211 0.0000060 0.0000081 0.0000461
           dz  0.0000002 0.0000072-0.0000040 0.0000011 0.0000035 0.0000076
  42 h     dx -0.0000018-0.0000266 0.0000146-0.0000041-0.0000073-0.0000307
           dy  0.0000011 0.0000179-0.0000101 0.0000027 0.0000054 0.0000218
           dz -0.0000002-0.0000033 0.0000012-0.0000011-0.0000016-0.0000050
  43 h     dx  0.0000091 0.0000246-0.0000141 0.0000129 0.0000084 0.0000311
           dy -0.0000016-0.0000398 0.0000233-0.0000050-0.0000108-0.0000484
           dz  0.0000035-0.0000165 0.0000077 0.0000028-0.0000017-0.0000183
  44 h     dx  0.0000126 0.0000048-0.0000021-0.0000095-0.0000015 0.0000045
           dy  0.0000045-0.0000417 0.0000218-0.0000018 0.0000046-0.0000477
           dz -0.0000018 0.0000205-0.0000070 0.0000039-0.0000419 0.0000364
  45 h     dx -0.0000033 0.0000057-0.0000026-0.0000077-0.0000005 0.0000075
           dy  0.0000056-0.0000832 0.0000384-0.0000016-0.0000090-0.0000889
           dz  0.0000072 0.0000290-0.0000193 0.0000087 0.0000239 0.0000279
  46 h     dx  0.0000027 0.0000035-0.0000015 0.0000112 0.0000012 0.0000037
           dy  0.0000042-0.0000451 0.0000212 0.0000016-0.0000092-0.0000481
           dz  0.0000016-0.0000078 0.0000074 0.0000022-0.0000105-0.0000107
  47 h     dx  0.0000247-0.0000894-0.0000131 0.0000062-0.0000057-0.0000510
           dy -0.0000995 0.0001428 0.0000638-0.0000028-0.0000052 0.0001106
           dz  0.0000306-0.0000404 0.0000078 0.0000071 0.0000035-0.0000546
  48 h     dx -0.0000091 0.0000621 0.0000021-0.0000013 0.0000082 0.0000300
           dy  0.0000535 0.0001766 0.0000615-0.0000202-0.0000012 0.0001150
           dz -0.0000095-0.0000484 0.0000097 0.0000096 0.0000011-0.0000531
  49 h     dx  0.0040674 0.0007943-0.0027054 0.0070885 0.0011188-0.0000214
           dy  0.0008079-0.0047574 0.0302758 0.0011191-0.0052362 0.0002277
           dz  0.0000734-0.0007943-0.0016205-0.0000862 0.0010017 0.0016484
  50 h     dx -0.0405729 0.0124807 0.0125710 0.0046687-0.0005182-0.0008542
           dy  0.0124800-0.1773039-0.1385918-0.0005317 0.0104582 0.0094609
           dz  0.0126246-0.1392768-0.2210118 0.0019158-0.0211687-0.0151941
  51 h     dx  0.0033881 0.0007302 0.0001342-0.0400924 0.0261471-0.0050558
           dy  0.0007319-0.0046241-0.0014805 0.0261476-0.3276504 0.0561975
           dz -0.0026564 0.0295326-0.0007039-0.0050946 0.0565467-0.0699179
  52 h     dx  0.0073754 0.0008893 0.0002749 0.0058672-0.0003899 0.0019184
           dy  0.0008837-0.0023274-0.0030206-0.0003779 0.0101367-0.0212289
           dz  0.0003558-0.0038989-0.0018606-0.0009280 0.0102644-0.0169739
  53 o     dx -0.0000078-0.0000401 0.0000274 0.0000068 0.0000064-0.0000264
           dy -0.0000336 0.0003461-0.0002331 0.0000023-0.0000110 0.0002789
           dz  0.0000305-0.0003703 0.0001708-0.0000103 0.0000811-0.0002943
  54 h     dx  0.0000031 0.0000036-0.0000007-0.0000079-0.0000008 0.0000048
           dy  0.0000048-0.0000526 0.0000201-0.0000007-0.0000013-0.0000509
           dz -0.0000033 0.0000692 0.0000216 0.0000041-0.0000059 0.0000477

   ATOM             31 c                          32 h 
                  dx        dy        dz        dx        dy        dz
  31 c     dx  0.1488286
           dy -0.0469304 0.6680569
           dz -0.0008899 0.0086188 0.7561989
  32 h     dx -0.0004926-0.0000417-0.0000079 0.0255096
           dy -0.0000401-0.0000273 0.0000927-0.0289709 0.3489122
           dz -0.0000012 0.0000066 0.0001345 0.0067972-0.0767188 0.0859749
  33 h     dx -0.0005539-0.0000225 0.0001263-0.0052713-0.0005517-0.0000237
           dy -0.0000237-0.0002988-0.0014452-0.0005508 0.0008921 0.0002798
           dz -0.0000188 0.0001897 0.0004883 0.0000140-0.0001792 0.0005178
  34 h     dx  0.0002055 0.0000920 0.0003372-0.0009731-0.0000875-0.0000115
           dy  0.0001305-0.0010802-0.0030095-0.0000854 0.0000082 0.0001359
           dz -0.0000533 0.0004769-0.0026297-0.0000066 0.0000654-0.0004046
  35 h     dx -0.0000904-0.0000029-0.0000153-0.0000660-0.0000065 0.0000004
           dy  0.0000014-0.0000775 0.0001807-0.0000063 0.0000076-0.0000059
           dz  0.0000084-0.0001029 0.0001324-0.0000011 0.0000135-0.0000266
  36 h     dx -0.0000013-0.0001170-0.0001280 0.0001537-0.0000005-0.0000705
           dy  0.0000259 0.0005895 0.0001346 0.0000766 0.0000124 0.0001275
           dz -0.0000510-0.0001824 0.0000739 0.0003385-0.0001403-0.0000075
  37 h     dx -0.0000072 0.0000110 0.0001003 0.0001635 0.0000273 0.0000470
           dy -0.0001209 0.0005838 0.0001576-0.0000499 0.0000039 0.0001380
           dz  0.0000680-0.0001674 0.0000722-0.0003072-0.0001967-0.0000078
  38 h     dx  0.0000018-0.0000025 0.0000004 0.0000035-0.0000004-0.0000008
           dy  0.0000072-0.0000366-0.0000025 0.0000004 0.0000000 0.0000030
           dz  0.0000008-0.0000123 0.0000025 0.0000010 0.0000000 0.0000012
  39 h     dx  0.0000035 0.0000229-0.0000014 0.0000005 0.0000004-0.0000006
           dy -0.0000008 0.0000496-0.0000020-0.0000006 0.0000010 0.0000001
           dz -0.0000003 0.0000122 0.0000013-0.0000000-0.0000005-0.0000025
  40 h     dx  0.0000029-0.0000243 0.0000017-0.0000010-0.0000006-0.0000002
           dy  0.0000018-0.0000233 0.0000013 0.0000003-0.0000006-0.0000017
           dz  0.0000009 0.0000035-0.0000018-0.0000016 0.0000004 0.0000016
  41 h     dx -0.0000066 0.0000092-0.0000006 0.0000037 0.0000010 0.0000004
           dy  0.0000085-0.0000375-0.0000012-0.0000003-0.0000001 0.0000031
           dz  0.0000018-0.0000113 0.0000020-0.0000010-0.0000001 0.0000012
  42 h     dx -0.0000061 0.0000276-0.0000017-0.0000007 0.0000005 0.0000006
           dy  0.0000041-0.0000192 0.0000013-0.0000006-0.0000007-0.0000016
           dz -0.0000016 0.0000041-0.0000024 0.0000016 0.0000008 0.0000016
  43 h     dx  0.0000130-0.0000314 0.0000025 0.0000002-0.0000008 0.0000007
           dy -0.0000085 0.0000437-0.0000016 0.0000006 0.0000009 0.0000003
           dz  0.0000009 0.0000128 0.0000011-0.0000000-0.0000005-0.0000025
  44 h     dx -0.0000111-0.0000038-0.0000032 0.0000340 0.0000029 0.0000003
           dy -0.0000039 0.0000281 0.0000383 0.0000028 0.0000021-0.0000052
           dz -0.0000053 0.0000592-0.0000947 0.0000003-0.0000045 0.0000168
  45 h     dx -0.0000002-0.0000061-0.0000018 0.0000028 0.0000001 0.0000003
           dy -0.0000079 0.0000698 0.0000247 0.0000002 0.0000011-0.0000028
           dz  0.0000107-0.0000278 0.0000257-0.0000005-0.0000002-0.0000065
  46 h     dx -0.0000064-0.0000032 0.0000004 0.0000102 0.0000010-0.0000001
           dy -0.0000045 0.0000422-0.0000058 0.0000009 0.0000002 0.0000003
           dz -0.0000011 0.0000231-0.0000153-0.0000001 0.0000001 0.0000035
  47 h     dx  0.0000146 0.0000169-0.0000584-0.0005164-0.0003832-0.0004786
           dy  0.0000120-0.0000978 0.0000500 0.0003151 0.0003563 0.0004927
           dz -0.0000067 0.0000680 0.0000377-0.0008095 0.0007239-0.0010853
  48 h     dx  0.0000117 0.0000024 0.0000491-0.0005199 0.0001981 0.0003765
           dy -0.0000103-0.0000971 0.0000563-0.0005167 0.0002312 0.0005407
           dz  0.0000072 0.0000671 0.0000396 0.0007196 0.0009383-0.0011012
  49 h     dx -0.0007379 0.0000334 0.0000575 0.0001220 0.0000099-0.0000002
           dy  0.0000295-0.0010426-0.0006312 0.0000101 0.0000097 0.0000003
           dz  0.0000554-0.0006008 0.0006624 0.0000021-0.0000254-0.0000412
  50 h     dx  0.0062383 0.0005333-0.0002125-0.0001115-0.0000021 0.0000090
           dy  0.0005317 0.0003780 0.0023426-0.0000026-0.0000848-0.0001011
           dz -0.0002864 0.0032015-0.0043609-0.0000023 0.0000257 0.0000272
  51 h     dx  0.0035999 0.0016263-0.0005886 0.0001036 0.0000101-0.0000005
           dy  0.0016230-0.0142282 0.0065568 0.0000101-0.0000078 0.0000041
           dz  0.0021761-0.0240923 0.0081023-0.0000008 0.0000094 0.0000132
  52 h     dx -0.0399560 0.0042197-0.0083433 0.0000301 0.0000059 0.0000030
           dy  0.0042942-0.0897383 0.0924671 0.0000063-0.0000326-0.0000317
           dz -0.0083212 0.0919839-0.3099896-0.0000005 0.0000073-0.0000100
  53 o     dx -0.0000006 0.0000045-0.0000198-0.0008215-0.0001233 0.0000155
           dy  0.0000118-0.0001609 0.0002683-0.0001215 0.0005367-0.0001470
           dz -0.0000255 0.0002516-0.0000436-0.0000839 0.0009498 0.0005662
  54 h     dx -0.0000213-0.0000074-0.0000010 0.0001370-0.0000009-0.0000118
           dy -0.0000064 0.0000466 0.0000140-0.0000014 0.0001495 0.0001293
           dz  0.0000076-0.0000535-0.0000515 0.0000128-0.0001406-0.0000565

   ATOM             33 h                          34 h 
                  dx        dy        dz        dx        dy        dz
  33 h     dx  0.0243064
           dy -0.0174381 0.2190082
           dz -0.0135735 0.1534819 0.2037913
  34 h     dx -0.0002383-0.0000274 0.0000086 0.0244973
           dy -0.0000263 0.0000592-0.0001065-0.0281386 0.3456217
           dz -0.0000075 0.0000896 0.0001015 0.0051451-0.0564181 0.0737398
  35 h     dx  0.0010143-0.0000396-0.0001301 0.0054294 0.0005325 0.0002098
           dy -0.0000073 0.0011721 0.0010486 0.0005239-0.0006691-0.0024344
           dz -0.0001123 0.0009132-0.0024975 0.0002190-0.0025487-0.0032692
  36 h     dx  0.0000130-0.0000222-0.0000335 0.0000014 0.0000018 0.0000176
           dy  0.0001354-0.0000273 0.0000444 0.0000131-0.0000037 0.0000202
           dz -0.0004385 0.0000699-0.0002305 0.0000082 0.0000026-0.0000483
  37 h     dx  0.0000322 0.0000330 0.0000249 0.0000036-0.0000004-0.0000205
           dy -0.0001262-0.0000460 0.0000497-0.0000109-0.0000061 0.0000171
           dz  0.0004207 0.0001469-0.0002306-0.0000082 0.0000014-0.0000485
  38 h     dx  0.0000095-0.0000002-0.0000041 0.0000043 0.0000077 0.0000023
           dy  0.0000011 0.0000082-0.0000059-0.0000022 0.0000013-0.0000021
           dz -0.0000012-0.0000024-0.0000001 0.0000019 0.0000032 0.0000029
  39 h     dx -0.0000003 0.0000014-0.0000008-0.0000023-0.0000003 0.0000021
           dy -0.0000003-0.0000010 0.0000024-0.0000002-0.0000014 0.0000025
           dz  0.0000023-0.0000053 0.0000043 0.0000020-0.0000007-0.0000002
  40 h     dx -0.0000033-0.0000010-0.0000008-0.0000027 0.0000015-0.0000003
           dy  0.0000000-0.0000004-0.0000013-0.0000012 0.0000022-0.0000007
           dz -0.0000044 0.0000006 0.0000028-0.0000034-0.0000051-0.0000021
  41 h     dx  0.0000098 0.0000005 0.0000050 0.0000047-0.0000071-0.0000012
           dy -0.0000009 0.0000080-0.0000053 0.0000032 0.0000003-0.0000017
           dz  0.0000016-0.0000021-0.0000002-0.0000024 0.0000028 0.0000029
  42 h     dx -0.0000031 0.0000005 0.0000010-0.0000026-0.0000024 0.0000010
           dy -0.0000007-0.0000003-0.0000012 0.0000002 0.0000019 0.0000002
           dz  0.0000043 0.0000014 0.0000028 0.0000044-0.0000044-0.0000023
  43 h     dx -0.0000004-0.0000012 0.0000002-0.0000023 0.0000000-0.0000013
           dy  0.0000006-0.0000011 0.0000025-0.0000000-0.0000014 0.0000027
           dz -0.0000014-0.0000056 0.0000044-0.0000015-0.0000010-0.0000003
  44 h     dx -0.0001040-0.0000147 0.0000012 0.0003555-0.0000038-0.0000716
           dy -0.0000153 0.0000679-0.0000083-0.0000216 0.0005817 0.0007151
           dz  0.0000210-0.0002240 0.0000062 0.0000844-0.0009664-0.0003106
  45 h     dx  0.0000086-0.0000016 0.0000018 0.0002214 0.0000093-0.0000216
           dy -0.0000016 0.0000255-0.0000203 0.0000088 0.0001205 0.0002480
           dz -0.0000027 0.0000284-0.0000329-0.0000206 0.0002449-0.0000214
  46 h     dx  0.0000080 0.0000006 0.0000003-0.0000703-0.0000049-0.0000011
           dy  0.0000005 0.0000016-0.0000036-0.0000050-0.0000134 0.0000067
           dz  0.0000002-0.0000018 0.0000074 0.0000028-0.0000307-0.0000599
  47 h     dx  0.0000409 0.0000236-0.0000484 0.0000096-0.0000114 0.0000294
           dy  0.0000238-0.0000064 0.0000453-0.0000018 0.0000054-0.0000116
           dz -0.0000827-0.0000000 0.0000084-0.0000101 0.0000010-0.0000049
  48 h     dx  0.0000480-0.0000139 0.0000397 0.0000071 0.0000116-0.0000254
           dy -0.0000124-0.0000130 0.0000527 0.0000012 0.0000079-0.0000169
           dz  0.0000801 0.0000145 0.0000088 0.0000109 0.0000027-0.0000047
  49 h     dx  0.0000401 0.0000080-0.0000032-0.0000426-0.0000056-0.0000008
           dy  0.0000079-0.0000478 0.0000348-0.0000053 0.0000178 0.0000048
           dz  0.0000046-0.0000509 0.0000176-0.0000016 0.0000175 0.0000121
  50 h     dx  0.0000800 0.0000065 0.0000012 0.0000990 0.0000076 0.0000020
           dy  0.0000067 0.0000059-0.0000131 0.0000083 0.0000128-0.0000290
           dz  0.0000014-0.0000153 0.0000022 0.0000036-0.0000466 0.0000753
  51 h     dx  0.0001492 0.0000210-0.0000026 0.0001491 0.0000141 0.0000001
           dy  0.0000210-0.0000835 0.0000312 0.0000146-0.0000079-0.0000123
           dz  0.0000095-0.0001090 0.0000321-0.0000012 0.0000155-0.0000197
  52 h     dx  0.0001618 0.0000107 0.0000005 0.0014438 0.0002015 0.0002784
           dy  0.0000123 0.0000352-0.0000041 0.0001927-0.0007175-0.0028171
           dz -0.0000056 0.0000650-0.0000367 0.0002899-0.0031386-0.0016142
  53 o     dx  0.0000326 0.0000068-0.0000118-0.0000016-0.0000019 0.0000123
           dy  0.0000062-0.0000425 0.0001238 0.0000024 0.0000124-0.0000133
           dz -0.0000013 0.0000187 0.0000205-0.0000003 0.0000215-0.0000772
  54 h     dx  0.0000077 0.0000008-0.0000005 0.0000031 0.0000001 0.0000016
           dy  0.0000008-0.0000015 0.0000032 0.0000006 0.0000007-0.0000074
           dz -0.0000006 0.0000035-0.0000188 0.0000005-0.0000038 0.0000125

   ATOM             35 h                          36 h 
                  dx        dy        dz        dx        dy        dz
  35 h     dx  0.0275186
           dy -0.0268671 0.3396279
           dz  0.0037789-0.0444395 0.0666975
  36 h     dx -0.0000048 0.0000038-0.0000002 0.2478060
           dy  0.0000080-0.0000086-0.0000070-0.0723188 0.0805447
           dz -0.0000143-0.0000055 0.0000146-0.1047552 0.0361306 0.1136210
  37 h     dx -0.0000026-0.0000028 0.0000017-0.0199964-0.0125784-0.0109207
           dy -0.0000072-0.0000107-0.0000067 0.0082275 0.0042557 0.0036555
           dz  0.0000157-0.0000026 0.0000143 0.0100986 0.0055389 0.0073682
  38 h     dx  0.0000208 0.0000008-0.0000259-0.0000008 0.0000002 0.0000030
           dy -0.0000014 0.0000056-0.0000275-0.0000024 0.0000002 0.0000103
           dz -0.0000094-0.0000054 0.0000009-0.0000002-0.0000003 0.0000016
  39 h     dx -0.0000015 0.0000077-0.0000072 0.0000005-0.0000002-0.0000034
           dy  0.0000009 0.0000066-0.0000015 0.0000031 0.0000011-0.0000121
           dz  0.0000026-0.0000066 0.0000186 0.0000009 0.0000001-0.0000040
  40 h     dx -0.0000096-0.0000035 0.0000031-0.0000016-0.0000011 0.0000061
           dy -0.0000030-0.0000012-0.0000005-0.0000017 0.0000006 0.0000058
           dz -0.0000037-0.0000011 0.0000159 0.0000006-0.0000004-0.0000018
  41 h     dx  0.0000202 0.0000015 0.0000310 0.0000004-0.0000001-0.0000026
           dy  0.0000032 0.0000058-0.0000214-0.0000027-0.0000011 0.0000107
           dz  0.0000097-0.0000037 0.0000018 0.0000001-0.0000003 0.0000012
  42 h     dx -0.0000102 0.0000018-0.0000029 0.0000019-0.0000004-0.0000066
           dy  0.0000012-0.0000006-0.0000007-0.0000018-0.0000010 0.0000059
           dz  0.0000037-0.0000005 0.0000159 0.0000002 0.0000006-0.0000015
  43 h     dx  0.0000001-0.0000091 0.0000077-0.0000022-0.0000013 0.0000075
           dy -0.0000020 0.0000047-0.0000000 0.0000027 0.0000001-0.0000103
           dz -0.0000013-0.0000069 0.0000185 0.0000009 0.0000004-0.0000042
  44 h     dx  0.0074855 0.0006021-0.0000948 0.0000004-0.0000018 0.0000169
           dy  0.0006000 0.0005156 0.0010880 0.0000016-0.0000022-0.0000012
           dz -0.0001114 0.0013035-0.0043923 0.0000018 0.0000039-0.0000090
  45 h     dx  0.0002864-0.0000363 0.0000888-0.0000009 0.0000006 0.0000034
           dy -0.0000168 0.0006738-0.0010342 0.0000043-0.0000018-0.0000146
           dz -0.0000836 0.0007746-0.0003552-0.0000031-0.0000006 0.0000121
  46 h     dx  0.0003058 0.0000316 0.0000172-0.0000005 0.0000011 0.0000017
           dy  0.0000322-0.0000594-0.0002019 0.0000032-0.0000004-0.0000099
           dz  0.0000200-0.0002316 0.0001521 0.0000009 0.0000014-0.0000039
  47 h     dx -0.0000043-0.0000103-0.0000086 0.0014322 0.0003130-0.0001419
           dy  0.0000025 0.0000068 0.0000042 0.0002267-0.0059260 0.0011734
           dz -0.0000017 0.0000022 0.0000037 0.0000476 0.0019120-0.0004075
  48 h     dx -0.0000051 0.0000079 0.0000083 0.0011787-0.0002036 0.0003199
           dy -0.0000038 0.0000081 0.0000056 0.0001493 0.0015246-0.0001355
           dz  0.0000011 0.0000023 0.0000037-0.0004338-0.0004773 0.0001044
  49 h     dx  0.0000034 0.0000005-0.0000004 0.0000312-0.0011457 0.0003505
           dy  0.0000007-0.0000022 0.0000045-0.0002207-0.0017800 0.0005135
           dz  0.0000010-0.0000111 0.0000018-0.0006825 0.0006140 0.0004451
  50 h     dx  0.0000174 0.0000014-0.0000009 0.0000069-0.0000147-0.0000103
           dy  0.0000015 0.0000029 0.0000075-0.0000090 0.0000029 0.0000151
           dz  0.0000012-0.0000156-0.0000124 0.0000122 0.0000117 0.0000030
  51 h     dx  0.0000226 0.0000021-0.0000008 0.0000161-0.0000616 0.0000125
           dy  0.0000023-0.0000005 0.0000060 0.0000242-0.0000015-0.0000052
           dz -0.0000006 0.0000061 0.0000059-0.0000597-0.0000216 0.0000253
  52 h     dx  0.0000768-0.0000093-0.0000177 0.0000026 0.0000077 0.0000150
           dy -0.0000072 0.0001673 0.0001809 0.0000037 0.0000100-0.0000296
           dz  0.0000074-0.0001007-0.0000667-0.0000085-0.0000000-0.0000069
  53 o     dx -0.0000125-0.0000063 0.0000048 0.0004906-0.0017044-0.0004233
           dy -0.0000009 0.0000255 0.0000002-0.0005232 0.0027294 0.0007564
           dz  0.0000003 0.0000073 0.0000478-0.0003680-0.0010067 0.0004402
  54 h     dx  0.0000064 0.0000004-0.0000002 0.0002163-0.0003438-0.0001288
           dy  0.0000009-0.0000011 0.0000060-0.0002573 0.0002576-0.0001262
           dz  0.0000002-0.0000040-0.0000092-0.0003062-0.0002239 0.0000086

   ATOM             37 h                          38 h 
                  dx        dy        dz        dx        dy        dz
  37 h     dx  0.2173866
           dy  0.0969655 0.1116599
           dz  0.0969493 0.0537927 0.1143158
  38 h     dx  0.0000006-0.0000006 0.0000018 0.0478511
           dy  0.0000025 0.0000001 0.0000102 0.0013145 0.0467113
           dz  0.0000001-0.0000006 0.0000015-0.0158325 0.0268922 0.3412537
  39 h     dx -0.0000009-0.0000003-0.0000039-0.0013144 0.0014271-0.0000117
           dy -0.0000033 0.0000003-0.0000121-0.0000595 0.0004601 0.0006771
           dz -0.0000008-0.0000001-0.0000039 0.0024147-0.0295436-0.0046048
  40 h     dx  0.0000018 0.0000001 0.0000062 0.0034408-0.0017639 0.0019012
           dy  0.0000015 0.0000004 0.0000058-0.0034424 0.0003540-0.0016056
           dz -0.0000000 0.0000002-0.0000012-0.0257769 0.0113297-0.0099068
  41 h     dx -0.0000008-0.0000009-0.0000038-0.0006476-0.0000282 0.0000869
           dy  0.0000027-0.0000004 0.0000103-0.0001409 0.0002695-0.0000526
           dz  0.0000002-0.0000002 0.0000015-0.0000938-0.0000588 0.0005614
  42 h     dx -0.0000015 0.0000002-0.0000065 0.0002918 0.0000943 0.0000403
           dy  0.0000017 0.0000001 0.0000056-0.0000792-0.0001525 0.0000959
           dz -0.0000005-0.0000003-0.0000019-0.0001698 0.0000083 0.0002420
  43 h     dx  0.0000018-0.0000012 0.0000070-0.0001188-0.0000386 0.0000570
           dy -0.0000027 0.0000001-0.0000107 0.0000076 0.0000564 0.0000913
           dz -0.0000009-0.0000001-0.0000040 0.0000525-0.0001686 0.0000028
  44 h     dx -0.0000002 0.0000029-0.0000173 0.0000211 0.0000056 0.0000589
           dy -0.0000012-0.0000020-0.0000041 0.0000722 0.0000373-0.0000618
           dz -0.0000025 0.0000035-0.0000091 0.0000649 0.0000374-0.0000726
  45 h     dx  0.0000001-0.0000008-0.0000006-0.0003236-0.0008936-0.0002443
           dy -0.0000040-0.0000026-0.0000149-0.0005287-0.0003524-0.0011324
           dz  0.0000033-0.0000005 0.0000122-0.0005538-0.0007050 0.0000747
  46 h     dx -0.0000004-0.0000003-0.0000014-0.0000060-0.0000055 0.0000226
           dy -0.0000032-0.0000010-0.0000103 0.0000015 0.0000074 0.0000100
           dz -0.0000013 0.0000012-0.0000039-0.0000960-0.0000606 0.0000518
  47 h     dx  0.0011785 0.0001410-0.0002933-0.0000026 0.0000002 0.0000005
           dy -0.0002084 0.0015202-0.0001965 0.0000010-0.0000014-0.0000003
           dz  0.0005073-0.0003934 0.0001118-0.0000000 0.0000008-0.0000003
  48 h     dx  0.0012935 0.0009911-0.0000707-0.0000004-0.0000010-0.0000011
           dy  0.0010778-0.0057845 0.0011811-0.0000001-0.0000015-0.0000006
           dz -0.0003916 0.0018713-0.0004066-0.0000007 0.0000007-0.0000007
  49 h     dx -0.0002103 0.0013586-0.0003776 0.0000010 0.0000004 0.0000001
           dy  0.0004908-0.0014719 0.0004103 0.0000000-0.0000005-0.0000001
           dz  0.0006123 0.0006434 0.0004812 0.0000004 0.0000026 0.0000002
  50 h     dx  0.0000016 0.0000160 0.0000059 0.0000009 0.0000002 0.0000001
           dy  0.0000093 0.0000064 0.0000170 0.0000005 0.0000021 0.0000001
           dz -0.0000142 0.0000097 0.0000030 0.0000004 0.0000012-0.0000003
  51 h     dx  0.0000077 0.0000649-0.0000133 0.0000012 0.0000001 0.0000002
           dy -0.0000223 0.0000055-0.0000073 0.0000009 0.0000024 0.0000002
           dz  0.0000622-0.0000103 0.0000249 0.0000001-0.0000000 0.0000005
  52 h     dx  0.0000039-0.0000070-0.0000111 0.0000027-0.0000001 0.0000007
           dy -0.0000042 0.0000080-0.0000318-0.0000012-0.0000043 0.0000016
           dz  0.0000082 0.0000015-0.0000069-0.0000006-0.0000020-0.0000000
  53 o     dx  0.0001733 0.0011977 0.0003221-0.0000025-0.0000014-0.0000021
           dy  0.0000512 0.0030098 0.0008516-0.0000003-0.0000131-0.0000032
           dz  0.0005403-0.0009250 0.0004288 0.0000047 0.0000201-0.0000033
  54 h     dx  0.0001167 0.0003164 0.0001515 0.0000025 0.0000001 0.0000005
           dy  0.0002310 0.0003594-0.0000961 0.0000005 0.0000042 0.0000002
           dz  0.0003430-0.0001665 0.0000078-0.0000010-0.0000016 0.0000013

   ATOM             39 h                          40 h 
                  dx        dy        dz        dx        dy        dz
  39 h     dx  0.0516758
           dy -0.0240379 0.3220526
           dz -0.0080778 0.0689423 0.0614542
  40 h     dx -0.0007255-0.0003712-0.0001799 0.2573272
           dy  0.0243540-0.0082502 0.0129454-0.0877219 0.0860973
           dz  0.0077187-0.0026754 0.0029694 0.0994692-0.0453936 0.0936845
  41 h     dx -0.0001146-0.0000379-0.0000190 0.0002813 0.0001580 0.0001685
           dy  0.0000059 0.0000583-0.0001799-0.0000169-0.0001425 0.0000364
           dz -0.0000734 0.0000811-0.0000013-0.0000564 0.0000868 0.0002411
  42 h     dx  0.0002110 0.0000352-0.0000618-0.0012216-0.0009317 0.0006095
           dy  0.0002843 0.0003038 0.0001176 0.0005743 0.0007710-0.0000492
           dz  0.0001082 0.0001651-0.0000995-0.0005915-0.0001568 0.0005597
  43 h     dx -0.0006240-0.0005066-0.0000971 0.0002681-0.0002909-0.0001361
           dy  0.0002527 0.0006328-0.0001105-0.0000410 0.0002440 0.0001426
           dz  0.0001159-0.0000818 0.0003305 0.0000399 0.0001268-0.0000997
  44 h     dx -0.0000150-0.0000101 0.0000123-0.0000202-0.0000003 0.0000097
           dy  0.0000026 0.0000033-0.0000467-0.0000061-0.0000069-0.0000366
           dz  0.0000094 0.0000062-0.0000424-0.0000061-0.0000093-0.0000369
  45 h     dx -0.0000026 0.0000240 0.0002204-0.0000528-0.0000086 0.0000614
           dy  0.0000352-0.0000340-0.0003348-0.0000609 0.0000192 0.0000704
           dz -0.0000404-0.0000231 0.0001784 0.0000331 0.0000712 0.0001668
  46 h     dx  0.0001240 0.0001300-0.0000173-0.0000398-0.0000099-0.0000125
           dy -0.0000435-0.0000302-0.0000044-0.0000427-0.0000172-0.0000073
           dz -0.0000629-0.0000611 0.0000539-0.0000466-0.0000124 0.0000464
  47 h     dx -0.0000016 0.0000005-0.0000009-0.0000001-0.0000012 0.0000017
           dy  0.0000015 0.0000008 0.0000005-0.0000002-0.0000011-0.0000001
           dz -0.0000007-0.0000006 0.0000001-0.0000003 0.0000012-0.0000004
  48 h     dx -0.0000007-0.0000011 0.0000009 0.0000010 0.0000009 0.0000000
           dy  0.0000015 0.0000008 0.0000008 0.0000002-0.0000011 0.0000007
           dz -0.0000009-0.0000005-0.0000000 0.0000002 0.0000010 0.0000001
  49 h     dx  0.0000003 0.0000000 0.0000001-0.0000003 0.0000002-0.0000006
           dy  0.0000006 0.0000014-0.0000001-0.0000007-0.0000008 0.0000001
           dz -0.0000009-0.0000024-0.0000012 0.0000011 0.0000013-0.0000002
  50 h     dx  0.0000008 0.0000006 0.0000002-0.0000003-0.0000001-0.0000005
           dy -0.0000007-0.0000023-0.0000006 0.0000011 0.0000013-0.0000004
           dz -0.0000004-0.0000015-0.0000003 0.0000006 0.0000009-0.0000002
  51 h     dx  0.0000009 0.0000007 0.0000003-0.0000005-0.0000002-0.0000008
           dy -0.0000011-0.0000029-0.0000007 0.0000015 0.0000017-0.0000009
           dz -0.0000005-0.0000004-0.0000001 0.0000003 0.0000001-0.0000004
  52 h     dx  0.0000001 0.0000000 0.0000005-0.0000009-0.0000003-0.0000021
           dy  0.0000008 0.0000030 0.0000019-0.0000011-0.0000022 0.0000007
           dz  0.0000011 0.0000024 0.0000005-0.0000012-0.0000013 0.0000006
  53 o     dx -0.0000091-0.0000064-0.0000009 0.0000020-0.0000000 0.0000033
           dy  0.0000048 0.0000161 0.0000069-0.0000073-0.0000082-0.0000001
           dz -0.0000057-0.0000248-0.0000052 0.0000112 0.0000160-0.0000031
  54 h     dx  0.0000004-0.0000003-0.0000000-0.0000011 0.0000004-0.0000015
           dy -0.0000009-0.0000038-0.0000019 0.0000015 0.0000018-0.0000001
           dz  0.0000002 0.0000034-0.0000004-0.0000016-0.0000027 0.0000006

   ATOM             41 h                          42 h 
                  dx        dy        dz        dx        dy        dz
  41 h     dx  0.0482626
           dy -0.0011000 0.0464407
           dz  0.0109145 0.0291962 0.3410018
  42 h     dx  0.0024574 0.0021505-0.0016038 0.2214806
           dy  0.0038060 0.0013358-0.0018835 0.1117430 0.1216987
           dz  0.0233279 0.0156562-0.0098466-0.0899978-0.0622050 0.0938088
  43 h     dx -0.0009979-0.0016741-0.0001064 0.0031853-0.0222916-0.0071046
           dy -0.0002082 0.0001476 0.0006626 0.0024057-0.0121866-0.0039963
           dz  0.0028009-0.0295152-0.0046202-0.0020955 0.0127970 0.0029767
  44 h     dx  0.0000343-0.0000057-0.0000479-0.0000212-0.0000018-0.0000034
           dy -0.0000730 0.0000239-0.0000700 0.0000039-0.0000064-0.0000379
           dz -0.0000704 0.0000253-0.0000719 0.0000078-0.0000084-0.0000370
  45 h     dx -0.0004061 0.0007862 0.0004171-0.0000618-0.0000072-0.0000752
           dy  0.0004135-0.0000958-0.0010511 0.0000470 0.0000275 0.0000540
           dz  0.0006608-0.0005308 0.0001421-0.0000477 0.0000633 0.0001670
  46 h     dx -0.0000064 0.0000036-0.0000236-0.0000490 0.0000058 0.0000143
           dy -0.0000049 0.0000090 0.0000064 0.0000374-0.0000091-0.0000056
           dz  0.0001052-0.0000431 0.0000513 0.0000475-0.0000041 0.0000465
  47 h     dx -0.0000008 0.0000003 0.0000012 0.0000012-0.0000014 0.0000001
           dy  0.0000018-0.0000006-0.0000007 0.0000011 0.0000004 0.0000003
           dz -0.0000003-0.0000000-0.0000004-0.0000009-0.0000002 0.0000004
  48 h     dx -0.0000017-0.0000007-0.0000005 0.0000003 0.0000014-0.0000016
           dy  0.0000002-0.0000009-0.0000003 0.0000011 0.0000005-0.0000005
           dz -0.0000010 0.0000002-0.0000002-0.0000005 0.0000003-0.0000002
  49 h     dx  0.0000005 0.0000005-0.0000002-0.0000005-0.0000000 0.0000006
           dy  0.0000005-0.0000007-0.0000000 0.0000008-0.0000007 0.0000003
           dz -0.0000009 0.0000025 0.0000002-0.0000014 0.0000010-0.0000002
  50 h     dx  0.0000002 0.0000006-0.0000001-0.0000005 0.0000001 0.0000005
           dy -0.0000006 0.0000019 0.0000001-0.0000014 0.0000012-0.0000002
           dz -0.0000007 0.0000013-0.0000004-0.0000008 0.0000008-0.0000003
  51 h     dx  0.0000004 0.0000009-0.0000002-0.0000008 0.0000002 0.0000009
           dy -0.0000010 0.0000021 0.0000002-0.0000019 0.0000015-0.0000007
           dz -0.0000002 0.0000001 0.0000005-0.0000004-0.0000000-0.0000004
  52 h     dx  0.0000015 0.0000019-0.0000008-0.0000015 0.0000004 0.0000020
           dy  0.0000028-0.0000036 0.0000014 0.0000015-0.0000014 0.0000010
           dz  0.0000008-0.0000018-0.0000001 0.0000014-0.0000011 0.0000006
  53 o     dx  0.0000006-0.0000027 0.0000007 0.0000069-0.0000020-0.0000014
           dy  0.0000060-0.0000171-0.0000010 0.0000096-0.0000068 0.0000014
           dz -0.0000071 0.0000183-0.0000029-0.0000137 0.0000141-0.0000027
  54 h     dx  0.0000030-0.0000009-0.0000007-0.0000001-0.0000011 0.0000016
           dy -0.0000005 0.0000037 0.0000002-0.0000019 0.0000014 0.0000003
           dz  0.0000010-0.0000017 0.0000014 0.0000018-0.0000028 0.0000007

   ATOM             43 h                          44 h 
                  dx        dy        dz        dx        dy        dz
  43 h     dx  0.0518049
           dy -0.0244547 0.3220537
           dz -0.0041206 0.0691845 0.0613118
  44 h     dx -0.0000155 0.0000067-0.0000042 0.0271313
           dy -0.0000057 0.0000041-0.0000477-0.0267306 0.3376860
           dz -0.0000103 0.0000044-0.0000421 0.0043399-0.0506209 0.0668263
  45 h     dx  0.0000081-0.0000177-0.0001590 0.0052170 0.0005149 0.0002162
           dy -0.0000265-0.0000421-0.0003703 0.0005169-0.0007765-0.0025270
           dz  0.0000427-0.0000173 0.0001747 0.0001993-0.0023262-0.0031798
  46 h     dx  0.0001352-0.0001013 0.0000177 0.0003049-0.0000076-0.0000739
           dy  0.0000722-0.0000395-0.0000007-0.0000164 0.0005092 0.0007196
           dz  0.0000725-0.0000492 0.0000537 0.0000823-0.0009110-0.0003244
  47 h     dx -0.0000017 0.0000006-0.0000011-0.0000023-0.0000026 0.0000036
           dy -0.0000001 0.0000020 0.0000002-0.0000001 0.0000010-0.0000015
           dz -0.0000004-0.0000012 0.0000003 0.0000013 0.0000002-0.0000009
  48 h     dx -0.0000011-0.0000005 0.0000006-0.0000029 0.0000021-0.0000034
           dy  0.0000001 0.0000012 0.0000008-0.0000019 0.0000013-0.0000022
           dz -0.0000005-0.0000011 0.0000000-0.0000004 0.0000001-0.0000008
  49 h     dx  0.0000006-0.0000002 0.0000000 0.0000085 0.0000006-0.0000001
           dy -0.0000007 0.0000014-0.0000000 0.0000006 0.0000015 0.0000012
           dz  0.0000012-0.0000023-0.0000012 0.0000001-0.0000006 0.0000022
  50 h     dx  0.0000011-0.0000003 0.0000002 0.0000007 0.0000000 0.0000003
           dy  0.0000012-0.0000022-0.0000006 0.0000001-0.0000002-0.0000027
           dz  0.0000007-0.0000014-0.0000004 0.0000001-0.0000008 0.0000045
  51 h     dx  0.0000013-0.0000004 0.0000002 0.0000031 0.0000001 0.0000004
           dy  0.0000018-0.0000027-0.0000007 0.0000001 0.0000016-0.0000041
           dz  0.0000005-0.0000003-0.0000001-0.0000001 0.0000022-0.0000047
  52 h     dx  0.0000007-0.0000009-0.0000004 0.0000297 0.0000014 0.0000041
           dy -0.0000008 0.0000031 0.0000017 0.0000013 0.0000123-0.0000402
           dz -0.0000015 0.0000022 0.0000005-0.0000003 0.0000052-0.0000252
  53 o     dx -0.0000141 0.0000039-0.0000035-0.0000100-0.0000001-0.0000004
           dy -0.0000111 0.0000163 0.0000076-0.0000020 0.0000064-0.0000038
           dz  0.0000102-0.0000231-0.0000050 0.0000001-0.0000025-0.0000180
  54 h     dx -0.0000004 0.0000013 0.0000001 0.0000035 0.0000005 0.0000001
           dy  0.0000015-0.0000034-0.0000019 0.0000004-0.0000016-0.0000015
           dz -0.0000014 0.0000031-0.0000003 0.0000002-0.0000006 0.0000032

   ATOM             45 h                          46 h 
                  dx        dy        dz        dx        dy        dz
  45 h     dx  0.0281623
           dy -0.0267649 0.3386839
           dz  0.0047263-0.0545446 0.0682907
  46 h     dx  0.0076759 0.0005784-0.0000657 0.0276913
           dy  0.0005916 0.0009175 0.0008675-0.0273342 0.3416421
           dz -0.0000856 0.0010362-0.0044461 0.0038116-0.0448805 0.0693780
  47 h     dx -0.0000024-0.0000007-0.0000037-0.0000012 0.0000007 0.0000007
           dy  0.0000009 0.0000025 0.0000002-0.0000003 0.0000008-0.0000001
           dz  0.0000003-0.0000003 0.0000018 0.0000010-0.0000008-0.0000003
  48 h     dx -0.0000021 0.0000000 0.0000027-0.0000014-0.0000010-0.0000011
           dy -0.0000012 0.0000023 0.0000012-0.0000015 0.0000004-0.0000003
           dz -0.0000007-0.0000004 0.0000018-0.0000000-0.0000008-0.0000003
  49 h     dx  0.0000003-0.0000002 0.0000005-0.0000013-0.0000002-0.0000000
           dy -0.0000002 0.0000019-0.0000003-0.0000003 0.0000014 0.0000005
           dz  0.0000003-0.0000035 0.0000020 0.0000001-0.0000018 0.0000001
  50 h     dx  0.0000014 0.0000002 0.0000007-0.0000014 0.0000001 0.0000002
           dy  0.0000003-0.0000025 0.0000035-0.0000000-0.0000019-0.0000009
           dz  0.0000001-0.0000012 0.0000015 0.0000001-0.0000010 0.0000002
  51 h     dx  0.0000036 0.0000003 0.0000007 0.0000012 0.0000004 0.0000004
           dy  0.0000005-0.0000022 0.0000052 0.0000003-0.0000029-0.0000023
           dz -0.0000001 0.0000016 0.0000013 0.0000001-0.0000009-0.0000021
  52 h     dx  0.0000120 0.0000004 0.0000010-0.0000004-0.0000003 0.0000000
           dy  0.0000009 0.0000039-0.0000029-0.0000005 0.0000021 0.0000007
           dz -0.0000009 0.0000112 0.0000015-0.0000000 0.0000018-0.0000014
  53 o     dx -0.0000053-0.0000012-0.0000059-0.0000048-0.0000010-0.0000027
           dy -0.0000034 0.0000211-0.0000007-0.0000021 0.0000120-0.0000001
           dz  0.0000016-0.0000229 0.0000371 0.0000012-0.0000216-0.0000075
  54 h     dx  0.0000039 0.0000008-0.0000010 0.0000021 0.0000005-0.0000001
           dy  0.0000006-0.0000038 0.0000048 0.0000003-0.0000030-0.0000007
           dz -0.0000003 0.0000023-0.0000059-0.0000000 0.0000031 0.0000012

   ATOM             47 h                          48 h 
                  dx        dy        dz        dx        dy        dz
  47 h     dx  0.2427648
           dy -0.0778405 0.0836068
           dz -0.0877043 0.0350525 0.1043509
  48 h     dx -0.0202527-0.0140499-0.0084641 0.2108447
           dy  0.0091453 0.0068629 0.0031526 0.1010778 0.1168131
           dz  0.0078007 0.0046316 0.0067850 0.0796167 0.0491510 0.1043634
  49 h     dx -0.0000004 0.0001035-0.0000157 0.0000126-0.0001242 0.0000149
           dy -0.0000493 0.0001210 0.0000033 0.0000301 0.0001091 0.0000049
           dz -0.0000640 0.0001888-0.0000287 0.0000296 0.0001966-0.0000287
  50 h     dx -0.0000027 0.0000018 0.0000035-0.0000043-0.0000044-0.0000029
           dy -0.0000088-0.0000006 0.0000046 0.0000083 0.0000009 0.0000038
           dz  0.0000016-0.0000041 0.0000005-0.0000009-0.0000046 0.0000007
  51 h     dx -0.0000015 0.0000105-0.0000038-0.0000005-0.0000121 0.0000056
           dy  0.0000001-0.0000071 0.0000003 0.0000012-0.0000087 0.0000010
           dz -0.0000085 0.0000208-0.0000023 0.0000045 0.0000216-0.0000021
  52 h     dx -0.0000030 0.0000057 0.0000036-0.0000003-0.0000056-0.0000013
           dy  0.0000139-0.0000087-0.0000040-0.0000114-0.0000119-0.0000045
           dz  0.0000010 0.0000025 0.0000001-0.0000015 0.0000020 0.0000003
  53 o     dx  0.0095681-0.0039908 0.0293278 0.0081038 0.0044554-0.0273632
           dy -0.0031276 0.0058688-0.0093693 0.0035255 0.0072155-0.0144653
           dz  0.0047639 0.0030422-0.0348007-0.0053381 0.0021594-0.0347264
  54 h     dx  0.0005092-0.0011283 0.0000045 0.0003508 0.0010481 0.0003431
           dy  0.0000283 0.0007585-0.0017914-0.0001067 0.0009607-0.0017792
           dz  0.0008177 0.0000750 0.0011158-0.0008062-0.0000948 0.0011736

   ATOM             49 h                          50 h 
                  dx        dy        dz        dx        dy        dz
  49 h     dx  0.0242565
           dy -0.0058306 0.0890645
           dz  0.0079393-0.0904915 0.3394153
  50 h     dx -0.0046490-0.0005109 0.0000014 0.0276254
           dy -0.0005173 0.0010121-0.0000504-0.0142733 0.1840606
           dz  0.0000100-0.0001293 0.0008391-0.0134554 0.1484290 0.2300872
  51 h     dx  0.0003147 0.0000552 0.0000110-0.0036190-0.0003805-0.0000088
           dy  0.0000556-0.0002962-0.0001141-0.0003818 0.0005778 0.0000714
           dz -0.0001159 0.0012914-0.0001497 0.0000450-0.0004846 0.0011874
  52 h     dx -0.0007592-0.0000747-0.0000047-0.0000894-0.0000350 0.0000855
           dy -0.0000756 0.0000693 0.0000464-0.0000362 0.0003042-0.0009449
           dz -0.0000030 0.0000308-0.0000635-0.0000442 0.0004817-0.0007975
  53 o     dx -0.0000890-0.0000170 0.0000078-0.0000187 0.0000014 0.0000010
           dy -0.0000190 0.0001065-0.0000830 0.0000012-0.0000311-0.0000133
           dz  0.0000122-0.0001362-0.0001029-0.0000070 0.0000736 0.0000165
  54 h     dx -0.0000120-0.0000005 0.0000023 0.0000089 0.0000008-0.0000002
           dy -0.0000006-0.0000076-0.0000258 0.0000007 0.0000006 0.0000029
           dz -0.0000053 0.0000547 0.0000563 0.0000003-0.0000005-0.0000055

   ATOM             51 h                          52 h 
                  dx        dy        dz        dx        dy        dz
  51 h     dx  0.0286323
           dy -0.0287009 0.3442449
           dz  0.0053725-0.0598134 0.0692626
  52 h     dx -0.0046780-0.0004987-0.0000186 0.0252618
           dy -0.0005031 0.0008135 0.0002079-0.0058434 0.0920987
           dz -0.0000095 0.0001017 0.0010630 0.0084862-0.0939034 0.3325203
  53 o     dx -0.0000028 0.0000016-0.0000020-0.0000108 0.0000134-0.0000017
           dy  0.0000006-0.0000168 0.0000100 0.0000108-0.0000794 0.0000198
           dz -0.0000030 0.0000280-0.0000139-0.0000023 0.0000345-0.0000234
  54 h     dx  0.0000052 0.0000002 0.0000002 0.0000042 0.0000011 0.0000003
           dy  0.0000002 0.0000026-0.0000028 0.0000007-0.0000007-0.0000036
           dz  0.0000008-0.0000052 0.0000083-0.0000009 0.0000144 0.0000023

   ATOM             53 o                          54 h 
                  dx        dy        dz        dx        dy        dz
  53 o     dx  0.0503426
           dy -0.0475293 0.5952590
           dz  0.0119796-0.1311383 0.4046852
  54 h     dx -0.0055364 0.0427601-0.0107941 0.0062151
           dy  0.0428682-0.4974962 0.1231733-0.0426972 0.4963519
           dz -0.0060076 0.0675497-0.0602893 0.0099725-0.1129372 0.0811924
 

   *** projected hessian written onto $hessian (projected), file=<hessian> ***

 dipole moment in principle axis system (a.u.) :
     0.0092517046     2.4222121627    -9.7381974011
 norm :   10.0349233169899     

 rotational constants b for rotations around axis of inertia
 and optical intensities for (1 <-- 0) transition

   b   :     0.0010502538     0.0011487743     0.0112834621   (cm**(-1))
   b   :          31.4858          34.4394         338.2697     (MHz)
  int. :     0.0000855940     5.8671117610    94.8324886228     (a.u.)

   x   :     0.9960472332    -0.0881994349    -0.0105246837
   y   :     0.0888250857     0.9891843255     0.1167239233
   z   :     0.0001158681    -0.1171973968     0.9931086329

   ***  normal modes written onto $vibrational normal modes, file=<vib_normal_modes>  ***

  Keyword $vibrational reduced masses missing in file <control>


   ***  vibrational spectroscopic data written onto$vibrational spectrum   
        file=<vibspectrum>  ***

          ---------------------------------------------------
          NORMAL MODES and VIBRATIONAL FREQUENCIES (cm**(-1))
          ---------------------------------------------------

 imaginary wave numbers indicate a negative curvature of the energy surface.
 zero frequency modes have no physical meaning except being generators of
 translations and rotations. each vibrational normal mode - given in terms of
 cartesian displacement vectors of all atoms - has been normalized to unity.
 to obtain mass-weigthed normal coordinates in a.u. divide the tabulated
 modes by sqrt(reduced mass * 1822.88853).
 band intensities or cross sections refer to independent non-degenerate normal
 modes, that is, the intensities of degenerate modes have yet to be added.
 dDIP/dQ is the normal mode derivative of the dipole moment.


       mode               1        2        3        4        5        6

     frequency           0.00     0.00     0.00     0.00     0.00     0.00

     symmetry                                                             

        IR                -        -        -        -        -        - 
|dDIP/dQ|   (a.u.)     0.0000   0.0000   0.0000   0.0000   0.0000   0.0000
intensity (km/mol)       0.00     0.00     0.00     0.00     0.00     0.00
intensity (  %   )       0.00     0.00     0.00     0.00     0.00     0.00
 
       RAMAN              -        -        -        -        -        - 
 
  1   c           x   0.00525  0.08486 -0.02874  0.00129  0.08351  0.16270
                  y  -0.05862 -0.07178  0.11969 -0.04228  0.09506  0.02376
                  z  -0.10847 -0.01263 -0.05656  0.05603 -0.01181  0.00635
  2   c           x   0.00460  0.12705  0.05661  0.09595  0.04095  0.11024
                  y  -0.05148 -0.07016  0.11771 -0.02431  0.08925  0.02015
                  z  -0.13034 -0.00611 -0.02737  0.02712 -0.00572  0.00308
  3   c           x   0.00347  0.11413  0.03366  0.07114  0.05900  0.08917
                  y  -0.03887 -0.07511  0.09869 -0.00973  0.08733  0.02017
                  z  -0.12683 -0.00716 -0.03206  0.03177 -0.00670  0.00361
  4   c           x   0.00409  0.07010 -0.05522 -0.02741  0.10366  0.14199
                  y  -0.04555 -0.07702  0.09976 -0.02743  0.09319  0.02388
                  z  -0.10417 -0.01392 -0.06230  0.06171 -0.01300  0.00698
  5   c           x   0.00313  0.08482 -0.02369  0.00791  0.09157  0.10326
                  y  -0.03492 -0.07889  0.08829 -0.01008  0.08911  0.02201
                  z  -0.11355 -0.01112 -0.04978  0.04930 -0.01038  0.00557
  6   c           x   0.00198  0.07133 -0.04770 -0.01807  0.11032  0.08196
                  y  -0.02203 -0.08395  0.06884  0.00480  0.08715  0.02204
                  z  -0.10982 -0.01224 -0.05477  0.05423 -0.01142  0.00611
  7   c           x   0.00101  0.08368 -0.02083  0.01210  0.10081  0.04476
                  y  -0.01124 -0.08615  0.05661  0.02175  0.08334  0.02039
                  z  -0.11810 -0.00976 -0.04370  0.04331 -0.00913  0.00493
  8   c           x  -0.00331  0.10874  0.03933  0.08071  0.09040 -0.09654
                  y   0.03690 -0.09842 -0.00286  0.09191  0.06895  0.01505
                  z  -0.14053 -0.00306 -0.01375  0.01368 -0.00291  0.00163
  9   c           x  -0.00322  0.07864 -0.02063  0.01438  0.12218 -0.06968
                  y   0.03602 -0.10082 -0.00698  0.08486  0.07201  0.01730
                  z  -0.12583 -0.00745 -0.03337  0.03309 -0.00699  0.00380
 10   c           x  -0.00434  0.06315 -0.04869 -0.01609  0.14293 -0.08842
                  y   0.04854 -0.10594 -0.02627  0.09889  0.07032  0.01748
                  z  -0.12106 -0.00887 -0.03975  0.03938 -0.00831  0.00448
 11   c           x  -0.00514  0.08154 -0.01025  0.02679  0.12632 -0.12565
                  y   0.05737 -0.10695 -0.03473  0.11448  0.06636  0.01549
                  z  -0.13183 -0.00567 -0.02538  0.02516 -0.00531  0.00288
 12   c           x  -0.00633  0.07656 -0.01727  0.01961  0.13614 -0.15496
                  y   0.07068 -0.11134 -0.05315  0.13169  0.06344  0.01483
                  z  -0.13229 -0.00554 -0.02478  0.02453 -0.00516  0.00275
 13   c           x   0.00669  0.12825  0.05392  0.09196  0.03176  0.16798
                  y  -0.07488 -0.06300  0.14898 -0.05581  0.09498  0.02177
                  z  -0.12588 -0.00745 -0.03333  0.03301 -0.00695  0.00373
 14   n           x   0.00549  0.11354  0.02762  0.06348  0.05199  0.14625
                  y  -0.06142 -0.06836  0.12852 -0.04043  0.09302  0.02186
                  z  -0.12169 -0.00869 -0.03892  0.03855 -0.00812  0.00436
 15   c           x  -0.00285  0.12635  0.07319  0.11790  0.06985 -0.09776
                  y   0.03165 -0.12104 -0.04395  0.03165  0.09605  0.03525
                  z  -0.14678  0.00463  0.00433  0.01255 -0.01089  0.02694
 16   c           x  -0.00285  0.12181  0.06416  0.10792  0.07469 -0.09404
                  y   0.03163 -0.06991  0.05760  0.14390  0.04156 -0.00661
                  z  -0.14680 -0.00702 -0.01512 -0.00175  0.00856 -0.02555
 17   o           x  -0.00455  0.10746  0.03979  0.08182  0.09644 -0.13016
                  y   0.05071 -0.10269 -0.02141  0.11040  0.06561  0.01413
                  z  -0.14289 -0.00236 -0.01061  0.01056 -0.00225  0.00128
 18   c           x  -0.00460  0.03404 -0.10584 -0.07913  0.17500 -0.07230
                  y   0.05161 -0.10943 -0.03545  0.09741  0.07229  0.01936
                  z  -0.10770 -0.01287 -0.05760  0.05704 -0.01202  0.00645
 19   c           x  -0.00702  0.04959 -0.06915 -0.03740  0.16754 -0.15255
                  y   0.07852 -0.11601 -0.06815  0.13724  0.06395  0.01616
                  z  -0.12098 -0.00893 -0.03991  0.03945 -0.00827  0.00435
 20   c           x  -0.00690  0.09916  0.02897  0.07100  0.11420 -0.18933
                  y   0.07701 -0.11120 -0.05749  0.14475  0.05968  0.01270
                  z  -0.14454 -0.00189 -0.00844  0.00833 -0.00174  0.00090
 21   n           x  -0.00474  0.01029 -0.15268 -0.13084  0.20086 -0.05685
                  y   0.05321 -0.11201 -0.04175  0.09495  0.07413  0.02097
                  z  -0.09659 -0.01618 -0.07242  0.07172 -0.01510  0.00809
 22   n           x  -0.00762  0.02802 -0.11053 -0.08284  0.19282 -0.15186
                  y   0.08528 -0.11988 -0.08076  0.14238  0.06421  0.01716
                  z  -0.11205 -0.01161 -0.05187  0.05124 -0.01073  0.00559
 23   n           x  -0.00738  0.11737  0.06629  0.11249  0.09656 -0.21741
                  y   0.08225 -0.11113 -0.06116  0.15550  0.05661  0.01096
                  z  -0.15445  0.00106  0.00477 -0.00477  0.00103 -0.00061
 24   c           x  -0.00012  0.06933 -0.04661 -0.01584  0.12037  0.02485
                  y   0.00138 -0.09119  0.03739  0.03614  0.08151  0.02048
                  z  -0.11390 -0.01102 -0.04932  0.04885 -0.01029  0.00553
 25   c           x  -0.00108  0.08192 -0.01928  0.01484  0.11059 -0.01243
                  y   0.01213 -0.09336  0.02525  0.05306  0.07769  0.01882
                  z  -0.12228 -0.00850 -0.03812  0.03779 -0.00798  0.00434
 26   c           x  -0.00221  0.06769 -0.04483 -0.01286  0.13005 -0.03245
                  y   0.02476 -0.09839  0.00605  0.06748  0.07584  0.01891
                  z  -0.11813 -0.00975 -0.04366  0.04326 -0.00912  0.00493
 27   c           x   0.00689  0.15945  0.11539  0.15982 -0.00227  0.14819
                  y  -0.07718 -0.05951  0.15758 -0.05277  0.09257  0.01965
                  z  -0.14043 -0.00311 -0.01393  0.01378 -0.00290  0.00154
 28   c           x   0.00616  0.07035 -0.05973 -0.03341  0.09556  0.19983
                  y  -0.06868 -0.07007  0.13042 -0.05884  0.09898  0.02558
                  z  -0.09931 -0.01536 -0.06877  0.06814 -0.01436  0.00774
 29   c           x   0.00593  0.04191 -0.11565 -0.09510  0.12676  0.21653
                  y  -0.06606 -0.07342  0.12185 -0.06090  0.10106  0.02749
                  z  -0.08617 -0.01927 -0.08631  0.08551 -0.01803  0.00972
 30   c           x   0.00480  0.02716 -0.14219 -0.12388  0.14680  0.19662
                  y  -0.05331 -0.07857  0.10234 -0.04648  0.09927  0.02763
                  z  -0.08180 -0.02057 -0.09213  0.09128 -0.01924  0.01037
 31   c           x   0.00390  0.04120 -0.11215 -0.09024  0.13521  0.16014
                  y  -0.04336 -0.08029  0.09167 -0.03017  0.09542  0.02585
                  z  -0.09071 -0.01792 -0.08025  0.07950 -0.01676  0.00902
 32   h           x   0.00482  0.14931  0.10025  0.14408  0.01635  0.09858
                  y  -0.05410 -0.06739  0.12511 -0.02351  0.08780  0.01872
                  z  -0.14051 -0.00308 -0.01381  0.01369 -0.00289  0.00157
 33   h           x   0.00283  0.12695  0.06066  0.10129  0.04775  0.06082
                  y  -0.03175 -0.07611  0.09151  0.00242  0.08434  0.01872
                  z  -0.13453 -0.00486 -0.02177  0.02158 -0.00455  0.00246
 34   h           x   0.00179  0.04897 -0.09163 -0.06653  0.13490  0.09470
                  y  -0.01981 -0.08656  0.06204  0.00355  0.08867  0.02346
                  z  -0.09953 -0.01532 -0.06853  0.06782 -0.01426  0.00759
 35   h           x   0.00114  0.10610  0.02335  0.06087  0.07640  0.03029
                  y  -0.01278 -0.08376  0.06247  0.02388  0.08167  0.01893
                  z  -0.12856 -0.00662 -0.02971  0.02950 -0.00625  0.00345
 36   h           x   0.00713  0.12376  0.04394  0.08071  0.03488  0.18400
                  y  -0.07979 -0.07979  0.11921 -0.10260  0.11569  0.03709
                  z  -0.12190 -0.00459 -0.03190  0.04322 -0.01481  0.02252
 37   h           x   0.00714  0.12057  0.03762  0.07373  0.03827  0.18660
                  y  -0.07981 -0.04435  0.18961 -0.02477  0.07791  0.00808
                  z  -0.12189 -0.01268 -0.04540  0.03333 -0.00132 -0.01387
 38   h           x  -0.00191  0.12922  0.07661  0.12123  0.06323 -0.07374
                  y   0.02114 -0.11880 -0.03185  0.01535  0.09967  0.03678
                  z  -0.14586  0.00462  0.00353  0.01410 -0.01160  0.02828
 39   h           x  -0.00308  0.14664  0.11403  0.16316  0.04907 -0.12068
                  y   0.03416 -0.12010 -0.04392  0.03878  0.09362  0.03368
                  z  -0.15710  0.00774  0.01814 -0.00105 -0.00807  0.02552
 40   h           x  -0.00322  0.11661  0.05476  0.09771  0.08166 -0.10038
                  y   0.03588 -0.14117 -0.08701 -0.00404  0.11510  0.05038
                  z  -0.14223  0.00735  0.00504  0.02355 -0.01895  0.04595
 41   h           x  -0.00191  0.12447  0.06717  0.11079  0.06830 -0.06985
                  y   0.02112 -0.06533  0.07436  0.13276  0.04267 -0.00700
                  z  -0.14587 -0.00756 -0.01680 -0.00085  0.00875 -0.02662
 42   h           x  -0.00322  0.10890  0.03944  0.08078  0.08988 -0.09408
                  y   0.03585 -0.05433  0.08546  0.18663  0.02254 -0.02071
                  z  -0.14226 -0.01244 -0.02798 -0.00073  0.01409 -0.04321
 43   h           x  -0.00308  0.14208  0.10497  0.15315  0.05393 -0.11694
                  y   0.03414 -0.06875  0.05807  0.15151  0.03889 -0.00836
                  z  -0.15711 -0.00397 -0.00139 -0.01541  0.01147 -0.02719
 44   h           x  -0.00028  0.04688 -0.09079 -0.06460  0.14494  0.03853
                  y   0.00325 -0.09368  0.03109  0.03446  0.08309  0.02192
                  z  -0.10349 -0.01414 -0.06325  0.06259 -0.01316  0.00700
 45   h           x  -0.00091  0.10436  0.02484  0.06352  0.08597 -0.02554
                  y   0.01003 -0.09080  0.03186  0.05444  0.07616  0.01740
                  z  -0.13264 -0.00540 -0.02426  0.02412 -0.00513  0.00287
 46   h           x  -0.00235  0.04528 -0.08898 -0.06159  0.15450 -0.01831
                  y   0.02643 -0.10083 -0.00002  0.06550  0.07749  0.02037
                  z  -0.10769 -0.01287 -0.05761  0.05704 -0.01201  0.00642
 47   h           x   0.00649  0.16516  0.12770  0.17362 -0.00686  0.13235
                  y  -0.07273 -0.04229  0.18855 -0.00598  0.07168  0.00413
                  z  -0.14491 -0.00586 -0.01476  0.00286  0.00516 -0.01752
 48   h           x   0.00649  0.16838  0.13409  0.18068 -0.01029  0.12977
                  y  -0.07274 -0.07811  0.11741 -0.08467  0.10987  0.03346
                  z  -0.14491  0.00231 -0.00112  0.01286 -0.00847  0.01927
 49   h           x   0.00705  0.08130 -0.04015 -0.01219  0.08052  0.21592
                  y  -0.07867 -0.06610  0.14559 -0.07025  0.10045  0.02552
                  z  -0.10244 -0.01442 -0.06460  0.06400 -0.01349  0.00727
 50   h           x   0.00665  0.03118 -0.13868 -0.12091  0.13550  0.24528
                  y  -0.07402 -0.07201  0.13047 -0.07384  0.10409  0.02887
                  z  -0.07929 -0.02132 -0.09548  0.09461 -0.01995  0.01077
 51   h           x   0.00462  0.00479 -0.18616 -0.17240  0.17136  0.20961
                  y  -0.05119 -0.08122  0.09552 -0.04803  0.10089  0.02912
                  z  -0.07148 -0.02365 -0.10590  0.10493 -0.02213  0.01193
 52   h           x   0.00302  0.02942 -0.13343 -0.11334  0.15111  0.14506
                  y  -0.03350 -0.08431  0.07649 -0.01913  0.09408  0.02600
                  z  -0.08715 -0.01898 -0.08500  0.08421 -0.01775  0.00956
 53   o           x   0.00809  0.16828  0.13004  0.17542 -0.01625  0.17474
                  y  -0.09064 -0.05464  0.17707 -0.06923  0.09506  0.01996
                  z  -0.14179 -0.00271 -0.01212  0.01197 -0.00250  0.00130
 54   h           x   0.00827  0.18805  0.16883  0.21821 -0.03804  0.16389
                  y  -0.09276 -0.05229  0.18328 -0.06836  0.09377  0.01872
                  z  -0.15086  0.00000  0.00000  0.00000  0.00000  0.00000

reduced mass(g/mol)     7.764    7.379    6.701    6.982    8.348    7.905


       mode               7        8        9       10       11       12

     frequency           9.77    17.12    18.04    29.71    45.24    48.92

     symmetry            a        a        a        a        a        a   

        IR               YES      YES      YES      YES      YES      YES
|dDIP/dQ|   (a.u.)     0.0007   0.0005   0.0007   0.0004   0.0003   0.0006
intensity (km/mol)       0.95     0.44     0.95     0.23     0.18     0.61
intensity (  %   )       0.02     0.01     0.02     0.01     0.00     0.01
 
       RAMAN             YES      YES      YES      YES      YES      YES
 
  1   c           x   0.02286 -0.06654  0.00187 -0.05886 -0.05804  0.00494
                  y   0.00621 -0.00367  0.02521 -0.00179 -0.00336  0.00108
                  z  -0.00102 -0.00001 -0.00331  0.00023  0.00020 -0.00009
  2   c           x   0.03339  0.07107  0.01150 -0.27435 -0.04814 -0.01799
                  y   0.00021  0.00661 -0.00375 -0.02290 -0.00235 -0.00022
                  z   0.01911  0.00607  0.08489  0.00591 -0.00004 -0.00224
  3   c           x   0.07683  0.10880  0.00137 -0.26078  0.04319 -0.03508
                  y  -0.00755  0.00638 -0.05624 -0.02527  0.00569 -0.00046
                  z   0.01573  0.00507  0.07031  0.00497 -0.00001 -0.00183
  4   c           x   0.06557 -0.02598 -0.00842 -0.03159  0.07337 -0.02069
                  y  -0.00211 -0.00376 -0.02911 -0.00314  0.00814  0.00016
                  z  -0.00478 -0.00122 -0.02040 -0.00099  0.00015  0.00031
  5   c           x   0.07481  0.07002 -0.00785 -0.10003  0.10531 -0.03651
                  y  -0.01123  0.00183 -0.07286 -0.01217  0.01110 -0.00021
                  z   0.00389  0.00146  0.01764  0.00154  0.00013 -0.00061
  6   c           x   0.07608  0.11529 -0.01429 -0.01703  0.15902 -0.04685
                  y  -0.02154  0.00241 -0.12186 -0.00866  0.01531 -0.00036
                  z   0.00107  0.00054  0.00451  0.00053 -0.00000 -0.00042
  7   c           x   0.09244  0.15424 -0.01741 -0.02496  0.13245 -0.02259
                  y  -0.02572  0.00352 -0.15105 -0.01197  0.01212  0.00149
                  z   0.00527  0.00219  0.02591  0.00239  0.00066 -0.00026
  8   c           x   0.10682  0.03006 -0.02838  0.08369 -0.06547  0.07657
                  y  -0.00398 -0.00317 -0.07144  0.00096 -0.00783  0.00492
                  z  -0.01500 -0.00539 -0.06939 -0.00469 -0.00032  0.00058
  9   c           x   0.03331  0.09816 -0.01390  0.06892 -0.04979  0.01543
                  y  -0.01145  0.00268 -0.07472 -0.00066 -0.00648 -0.00044
                  z  -0.00150 -0.00011 -0.00486  0.00036  0.00066  0.00065
 10   c           x  -0.03515  0.07483  0.00102  0.04402 -0.07595 -0.01260
                  y  -0.00574  0.00495 -0.01752  0.00150 -0.00802 -0.00291
                  z   0.00286  0.00149  0.01618  0.00200  0.00095  0.00068
 11   c           x  -0.00925 -0.02051 -0.00095  0.02604 -0.05201 -0.00518
                  y   0.00492 -0.00045  0.02211  0.00310 -0.00533 -0.00209
                  z  -0.00712 -0.00224 -0.03137 -0.00178  0.00029  0.00057
 12   c           x  -0.05551 -0.09677  0.01454 -0.02905  0.00940 -0.00277
                  y   0.01381 -0.00234  0.08661  0.00348  0.00125 -0.00095
                  z  -0.00767 -0.00256 -0.03358 -0.00207  0.00038  0.00056
 13   c           x  -0.07845 -0.04575  0.02469 -0.09955 -0.17404  0.02347
                  y   0.01359  0.00263  0.09553 -0.00235 -0.01534  0.00098
                  z   0.01518  0.00487  0.06736  0.00473 -0.00001 -0.00190
 14   n           x  -0.00917 -0.01067  0.01249 -0.14356 -0.09037  0.00181
                  y   0.00583  0.00214  0.03737 -0.00869 -0.00633  0.00054
                  z   0.01101  0.00371  0.04986  0.00383  0.00026 -0.00141
 15   c           x   0.16228  0.02198 -0.03957  0.10334 -0.07700  0.16320
                  y  -0.06916  0.04583 -0.08117 -0.01949  0.01376 -0.06603
                  z   0.01784  0.04460 -0.10843  0.01096  0.00466  0.08963
 16   c           x   0.15058  0.03079 -0.03812  0.09971 -0.07321  0.14936
                  y   0.06034 -0.05517 -0.10744  0.02084 -0.03121  0.08971
                  z  -0.05887 -0.05830 -0.08144 -0.02466 -0.00520 -0.08881
 17   o           x   0.07408 -0.04039 -0.02049  0.06218 -0.06928 -0.01242
                  y   0.00596 -0.00453 -0.00955  0.00391 -0.00732 -0.00281
                  z  -0.01729 -0.00610 -0.08047 -0.00563 -0.00046  0.00041
 18   c           x  -0.11907  0.13153  0.01657  0.03289 -0.12163 -0.13557
                  y  -0.01021  0.01103 -0.00207  0.00167 -0.01181 -0.01369
                  z   0.01558  0.00615  0.07707  0.00700  0.00203  0.00102
 19   c           x  -0.14876 -0.08101  0.03840 -0.08651  0.06021  0.21809
                  y   0.01346  0.00193  0.12744  0.00174  0.00664  0.01937
                  z   0.00320  0.00160  0.02175  0.00242  0.00188  0.00264
 20   c           x  -0.01109 -0.20442  0.00888 -0.04499  0.06362 -0.17968
                  y   0.02409 -0.00942  0.11765  0.00481  0.00670 -0.01587
                  z  -0.01967 -0.00758 -0.09385 -0.00736 -0.00068 -0.00136
 21   n           x  -0.18641  0.18573  0.02821  0.02934 -0.17706 -0.26826
                  y  -0.01459  0.01643  0.00671  0.00203 -0.01654 -0.02536
                  z   0.02650  0.01028  0.13060  0.01166  0.00328  0.00162
 22   n           x  -0.22568 -0.07219  0.05887 -0.13950  0.11282  0.44771
                  y   0.01351  0.00520  0.16339  0.00001  0.01227  0.04070
                  z   0.01179  0.00491  0.06659  0.00604  0.00343  0.00512
 23   n           x   0.02474 -0.29560  0.00464 -0.06008  0.11587 -0.35726
                  y   0.03259 -0.01538  0.14424  0.00590  0.01191 -0.03087
                  z  -0.02952 -0.01188 -0.14438 -0.01195 -0.00157 -0.00340
 24   c           x   0.06736  0.18065 -0.01798  0.04574  0.11384 -0.03190
                  y  -0.02937  0.00442 -0.16358 -0.00759  0.00916 -0.00055
                  z   0.00477  0.00175  0.02187  0.00186  0.00025 -0.00060
 25   c           x   0.07913  0.16675 -0.02072  0.05035  0.04568  0.00694
                  y  -0.02517  0.00333 -0.15375 -0.00719  0.00214  0.00128
                  z   0.00241  0.00166  0.01424  0.00179  0.00113  0.00051
 26   c           x   0.03204  0.15915 -0.01419  0.07875 -0.00396 -0.01307
                  y  -0.02122  0.00453 -0.11942 -0.00288 -0.00284 -0.00203
                  z   0.00492  0.00221  0.02481  0.00241  0.00090  0.00007
 27   c           x  -0.19813  0.04209  0.02779  0.05936  0.07280 -0.01442
                  y   0.00568  0.01108  0.10612  0.01185  0.00603 -0.00269
                  z   0.03214  0.00849  0.13081  0.00526 -0.00389 -0.00360
 28   c           x   0.01622 -0.16639  0.00128 -0.00268 -0.15892  0.03567
                  y   0.01497 -0.00975  0.06603  0.00611 -0.01214  0.00276
                  z  -0.00940 -0.00269 -0.04015 -0.00236 -0.00016  0.00090
 29   c           x   0.04963 -0.22649 -0.00999  0.09272 -0.09491  0.03658
                  y   0.01557 -0.01591  0.05442  0.01399 -0.00639  0.00312
                  z  -0.02137 -0.00647 -0.09284 -0.00615 -0.00066  0.00229
 30   c           x   0.09332 -0.18909 -0.02057  0.12975  0.07294  0.00626
                  y   0.00768 -0.01620  0.00154  0.01363  0.00839  0.00174
                  z  -0.02533 -0.00771 -0.11038 -0.00739 -0.00075  0.00274
 31   c           x   0.10189 -0.09122 -0.01958  0.06507  0.14931 -0.02088
                  y  -0.00081 -0.01028 -0.03893  0.00495  0.01493  0.00037
                  z  -0.01707 -0.00511 -0.07436 -0.00488 -0.00038  0.00175
 32   h           x   0.02885  0.10818  0.01990 -0.39526 -0.09773 -0.02008
                  y   0.00226  0.01063  0.00770 -0.03298 -0.00684 -0.00066
                  z   0.02886  0.00885  0.12668  0.00827 -0.00058 -0.00327
 33   h           x   0.10271  0.17907  0.00219 -0.37468  0.06374 -0.05265
                  y  -0.01149  0.01071 -0.08419 -0.03740  0.00747 -0.00138
                  z   0.02234  0.00710  0.10006  0.00717  0.00008 -0.00248
 34   h           x   0.05413  0.10594 -0.01540  0.07863  0.18952 -0.06530
                  y  -0.02501  0.00106 -0.12943 -0.00104  0.01778 -0.00188
                  z  -0.00605 -0.00193 -0.02987 -0.00276 -0.00088 -0.00008
 35   h           x   0.12433  0.14601 -0.01946 -0.08345  0.10390  0.01340
                  y  -0.02249  0.00306 -0.14834 -0.01670  0.00983  0.00467
                  z   0.00897  0.00391  0.04639  0.00410  0.00157  0.00029
 36   h           x  -0.07296 -0.08932  0.02828 -0.11682 -0.27566  0.04366
                  y   0.07956 -0.05683  0.11568 -0.07481 -0.16379  0.02548
                  z  -0.01919 -0.03431  0.06051  0.02423 -0.08212  0.01794
 37   h           x  -0.06257 -0.09932  0.02784 -0.12931 -0.30002  0.04778
                  y  -0.03877  0.05567  0.11835  0.06641  0.11051 -0.02062
                  z   0.04029  0.04213  0.04045 -0.01528  0.08359 -0.02083
 38   h           x   0.19404  0.07262 -0.04559  0.12367 -0.07634  0.25480
                  y  -0.08368  0.04538 -0.12228 -0.03600  0.02693 -0.10313
                  z   0.02096  0.04761 -0.10520  0.01343  0.00379  0.09782
 39   h           x   0.20635 -0.03263 -0.04833  0.11155 -0.09235  0.19557
                  y  -0.06219  0.04295 -0.07203 -0.01491  0.00971 -0.05415
                  z   0.00441  0.03783 -0.14864 -0.00478  0.01570  0.05218
 40   h           x   0.12834  0.01922 -0.03276  0.08966 -0.07070  0.10433
                  y  -0.11099  0.08506 -0.05493 -0.02568  0.02339 -0.10304
                  z   0.05251  0.08539 -0.09947  0.03442 -0.00009  0.18157
 41   h           x   0.18025  0.08035 -0.04654  0.11750 -0.07085  0.23320
                  y   0.06085 -0.04858 -0.15203  0.03339 -0.04279  0.14144
                  z  -0.06021 -0.06104 -0.07684 -0.02646 -0.00441 -0.09690
 42   h           x   0.10955  0.03480 -0.02905  0.08500 -0.06512  0.08504
                  y   0.10303 -0.09276 -0.09808  0.02725 -0.04003  0.11573
                  z  -0.08465 -0.09744 -0.05228 -0.04497 -0.00063 -0.18037
 43   h           x   0.19467 -0.02334 -0.04656  0.10827 -0.08908  0.18292
                  y   0.06583 -0.06126 -0.09793  0.01948 -0.03021  0.08385
                  z  -0.06427 -0.05445 -0.12350 -0.01594 -0.01517 -0.05197
 44   h           x   0.02976  0.19244 -0.01422  0.09425  0.13685 -0.07245
                  y  -0.03238  0.00535 -0.16319 -0.00357  0.01092 -0.00426
                  z   0.00568  0.00124  0.02133  0.00111 -0.00093 -0.00192
 45   h           x   0.12416  0.14740 -0.02697  0.01980  0.02916  0.05559
                  y  -0.02240  0.00154 -0.15861 -0.01002  0.00092  0.00570
                  z  -0.00282  0.00122 -0.00584  0.00079  0.00232  0.00162
 46   h           x  -0.01815  0.18641 -0.00588  0.09438  0.00595 -0.05873
                  y  -0.02428  0.00730 -0.11293 -0.00116 -0.00200 -0.00617
                  z   0.01273  0.00468  0.06009  0.00468  0.00078 -0.00109
 47   h           x  -0.19823  0.08362  0.02538  0.04942  0.14514 -0.03153
                  y  -0.06679  0.07232  0.08641  0.10146  0.17383 -0.02949
                  z   0.09192  0.04142  0.14224 -0.08926  0.00245 -0.01582
 48   h           x  -0.21014  0.09400  0.02545  0.06552  0.17350 -0.03610
                  y   0.06461 -0.04368  0.08581 -0.07570 -0.14160  0.02155
                  z  -0.01543 -0.02271  0.15908  0.09779 -0.01498  0.00774
 49   h           x  -0.01195 -0.19922  0.00951 -0.04000 -0.29137  0.05976
                  y   0.02180 -0.00985  0.10724  0.00540 -0.02392  0.00385
                  z  -0.00655 -0.00182 -0.02763 -0.00148 -0.00011  0.00057
 50   h           x   0.04449 -0.30437 -0.01044  0.13444 -0.17460  0.06108
                  y   0.02241 -0.02065  0.08660  0.02008 -0.01332  0.00449
                  z  -0.02764 -0.00846 -0.12049 -0.00813 -0.00090  0.00302
 51   h           x   0.12291 -0.23802 -0.02959  0.20417  0.13569  0.00579
                  y   0.00837 -0.02123 -0.00795  0.01975  0.01400  0.00193
                  z  -0.03487 -0.01071 -0.15226 -0.01027 -0.00098  0.00385
 52   h           x   0.14168 -0.06727 -0.02776  0.08706  0.26949 -0.04091
                  y  -0.00624 -0.01099 -0.07881  0.00397  0.02491 -0.00036
                  z  -0.02027 -0.00614 -0.08833 -0.00594 -0.00066  0.00212
 53   o           x  -0.29042 -0.00005  0.03635  0.21170  0.07670  0.00123
                  y   0.01421  0.01054  0.16757  0.02494  0.00141 -0.00291
                  z   0.03412  0.00884  0.13702  0.00478 -0.00461 -0.00379
 54   h           x  -0.36088  0.04886  0.03778  0.28570  0.19838 -0.01852
                  y   0.01080  0.01522  0.17734  0.03125  0.01103 -0.00486
                  z   0.04551  0.01075  0.17785  0.00440 -0.00845 -0.00478

reduced mass(g/mol)     6.134    6.903    6.678    5.230    4.580    8.387


       mode              13       14       15       16       17       18

     frequency          61.03    68.29    78.52   101.93   105.91   116.12

     symmetry            a        a        a        a        a        a   

        IR               YES      YES      YES      YES      YES      YES
|dDIP/dQ|   (a.u.)     0.0013   0.0006   0.0010   0.0015   0.0007   0.0013
intensity (km/mol)       2.85     0.57     1.67     3.79     0.97     2.89
intensity (  %   )       0.07     0.01     0.04     0.09     0.02     0.07
 
       RAMAN             YES      YES      YES      YES      YES      YES
 
  1   c           x   0.00197  0.02934  0.00493 -0.00014  0.00354 -0.01368
                  y  -0.05368  0.00286  0.00021 -0.00544 -0.04298 -0.00207
                  z   0.00688 -0.00036  0.00020  0.09514 -0.08152 -0.00164
  2   c           x  -0.00317 -0.08764 -0.02988 -0.00137  0.00013  0.08394
                  y  -0.08130 -0.00700 -0.00284  0.01014 -0.06074  0.00611
                  z   0.08468 -0.00223  0.00002  0.06600 -0.04816 -0.00019
  3   c           x   0.00120 -0.12685 -0.03370 -0.00259  0.00336  0.04887
                  y  -0.12606 -0.00926 -0.00304  0.03102 -0.08028  0.00204
                  z   0.06865 -0.00186  0.00004  0.06745 -0.05458 -0.00043
  4   c           x   0.00790 -0.05949 -0.01112 -0.00140  0.00894 -0.05607
                  y  -0.10109 -0.00372 -0.00107  0.01716 -0.06560 -0.00680
                  z  -0.00700  0.00003  0.00024  0.09791 -0.08260 -0.00188
  5   c           x   0.01093 -0.04110 -0.00455 -0.00332  0.01143 -0.09141
                  y  -0.13769 -0.00124 -0.00040  0.03499 -0.08071 -0.01061
                  z   0.02459 -0.00060  0.00018  0.06916 -0.05881 -0.00118
  6   c           x   0.01937  0.07411  0.02829 -0.00529  0.01524 -0.20162
                  y  -0.15027  0.00972  0.00269  0.04889 -0.05758 -0.02026
                  z   0.02089 -0.00034  0.00022  0.06242 -0.04378 -0.00099
  7   c           x   0.01400  0.09272  0.03314 -0.00597  0.00440 -0.08118
                  y  -0.11511  0.01114  0.00328  0.07317 -0.01586 -0.00908
                  z  -0.00499 -0.00025  0.00006  0.02922 -0.06218 -0.00126
  8   c           x  -0.01177 -0.02168 -0.05235  0.00152 -0.00502  0.01485
                  y   0.12357 -0.00414 -0.00471 -0.02347  0.04668  0.00245
                  z  -0.00361 -0.00030 -0.00100 -0.00324  0.11676  0.00134
  9   c           x  -0.00976  0.04394 -0.08703  0.00112 -0.00965  0.10750
                  y   0.12631  0.00175 -0.00756 -0.01454  0.04964  0.01090
                  z  -0.03519  0.00030 -0.00013 -0.02327  0.01549 -0.00015
 10   c           x  -0.00916 -0.01416 -0.09399  0.00463 -0.00016  0.04213
                  y   0.09899 -0.00303 -0.00776 -0.05769 -0.02471  0.00391
                  z  -0.04785  0.00044 -0.00002 -0.04181 -0.00389 -0.00048
 11   c           x  -0.00726 -0.02733 -0.14196  0.00602  0.00719 -0.03313
                  y   0.07422 -0.00390 -0.01167 -0.07718 -0.07902 -0.00389
                  z  -0.02200  0.00008 -0.00046 -0.02745  0.06841  0.00089
 12   c           x  -0.00023 -0.00936 -0.05740  0.00333  0.00647 -0.03248
                  y   0.00464 -0.00117 -0.00465 -0.03837 -0.06970 -0.00395
                  z  -0.02006  0.00009 -0.00029 -0.03111  0.07146  0.00098
 13   c           x  -0.00100  0.12559  0.02392 -0.00291  0.00514 -0.09006
                  y   0.02282  0.01057  0.00198 -0.00656  0.00003 -0.00766
                  z   0.07491 -0.00200  0.00007  0.08372 -0.05464 -0.00042
 14   n           x  -0.00038  0.02344 -0.00062 -0.00029  0.00217  0.01354
                  y  -0.04409  0.00212 -0.00030 -0.00779 -0.03974  0.00056
                  z   0.05384 -0.00163  0.00007  0.08102 -0.06430 -0.00077
 15   c           x  -0.01702 -0.06987  0.09283  0.00169 -0.00689 -0.01667
                  y   0.13491  0.06966 -0.09341 -0.00962  0.08107  0.10730
                  z   0.00283 -0.00074  0.18699  0.01369  0.16119  0.07936
 16   c           x  -0.01084 -0.05641  0.07500 -0.00030 -0.00619  0.00216
                  y   0.13108 -0.08458  0.10789 -0.01113  0.09162 -0.10298
                  z   0.00347  0.00112 -0.18963  0.01083  0.16493 -0.07362
 17   o           x  -0.00937 -0.03097 -0.24110  0.00391  0.00564 -0.07893
                  y   0.09245 -0.00452 -0.02058 -0.06328 -0.04298 -0.00729
                  z   0.00737 -0.00035 -0.00097 -0.00703  0.12520  0.00177
 18   c           x  -0.01210 -0.07623  0.03832  0.00820  0.00472 -0.00272
                  y   0.08585 -0.00831  0.00393 -0.09195 -0.03825 -0.00040
                  z  -0.10525  0.00138 -0.00001 -0.18940 -0.06485 -0.00203
 19   c           x   0.01095  0.00435 -0.00268  0.00144 -0.00181 -0.01293
                  y  -0.05805  0.00121 -0.00055 -0.01813  0.01704 -0.00039
                  z  -0.10974  0.00180 -0.00106 -0.00982  0.19672  0.00374
 20   c           x   0.00162  0.03338  0.04577 -0.00242  0.00158  0.00674
                  y  -0.04651  0.00351  0.00377  0.03939 -0.02218 -0.00017
                  z   0.07543 -0.00146  0.00133 -0.18269 -0.01206  0.00069
 21   n           x  -0.01610 -0.15360  0.18178  0.01228  0.00998 -0.07103
                  y   0.07331 -0.01494  0.01658 -0.13303 -0.04244 -0.00669
                  z  -0.19062  0.00294 -0.00041 -0.47083 -0.09405 -0.00358
 22   n           x   0.02272  0.01950  0.04589  0.00419 -0.01591  0.00153
                  y  -0.12705  0.00392  0.00295 -0.05213  0.17517  0.00507
                  z  -0.20170  0.00368 -0.00187 -0.05399  0.40709  0.00932
 23   n           x   0.00351  0.08053  0.16710 -0.01376 -0.00424  0.06955
                  y  -0.09806  0.00864  0.01364  0.18585  0.02787  0.00507
                  z   0.17245 -0.00306  0.00344 -0.45979 -0.10748  0.00153
 24   c           x   0.01197  0.18495  0.03498 -0.00604 -0.00352 -0.03627
                  y  -0.03209  0.01777  0.00345  0.06495  0.06482 -0.00306
                  z   0.01867 -0.00063  0.00004  0.01575 -0.02951 -0.00042
 25   c           x  -0.00007  0.13739  0.01007 -0.00404 -0.01470  0.10830
                  y   0.04920  0.01186  0.00113  0.05772  0.10122  0.01060
                  z  -0.04226  0.00068  0.00016  0.00366 -0.04363 -0.00101
 26   c           x  -0.00479  0.12906 -0.03501 -0.00120 -0.01583  0.14039
                  y   0.11279  0.00942 -0.00315  0.01023  0.10627  0.01414
                  z  -0.02465  0.00016  0.00002 -0.02140 -0.03351 -0.00063
 27   c           x  -0.00056 -0.07210 -0.01947  0.00212 -0.00549  0.10475
                  y   0.03914 -0.00709 -0.00183  0.00026  0.01062  0.01005
                  z   0.16864 -0.00183  0.00048  0.11791  0.00474  0.00054
 28   c           x  -0.00190  0.11448  0.02389  0.00155 -0.00157  0.02403
                  y  -0.01733  0.00935  0.00177 -0.02835 -0.02158  0.00216
                  z  -0.02568  0.00073  0.00034  0.11750 -0.10200 -0.00237
 29   c           x  -0.00045  0.04804  0.01068  0.00245 -0.00261  0.07234
                  y  -0.02688  0.00360  0.00060 -0.02294 -0.02731  0.00631
                  z  -0.07178  0.00222  0.00055  0.15163 -0.13190 -0.00348
 30   c           x   0.00525 -0.11239 -0.02337  0.00174  0.00255  0.06259
                  y  -0.07280 -0.00946 -0.00230  0.00221 -0.05141  0.00447
                  z  -0.08709  0.00263  0.00059  0.16067 -0.13981 -0.00379
 31   c           x   0.00930 -0.15725 -0.03195 -0.00057  0.00874 -0.01092
                  y  -0.10853 -0.01233 -0.00292  0.02456 -0.07211 -0.00294
                  z  -0.05392  0.00149  0.00044  0.13801 -0.11755 -0.00300
 32   h           x  -0.00907 -0.13144 -0.04774 -0.00134 -0.00450  0.16425
                  y  -0.07235 -0.01107 -0.00444  0.00511 -0.05607  0.01342
                  z   0.12494 -0.00289 -0.00001  0.05171 -0.02589  0.00049
 33   h           x  -0.00193 -0.19882 -0.05505 -0.00296  0.00013  0.11028
                  y  -0.14869 -0.01503 -0.00487  0.03722 -0.08534  0.00710
                  z   0.09090 -0.00248 -0.00002  0.05974 -0.05025 -0.00004
 34   h           x   0.02735  0.17333  0.04971 -0.00800  0.02287 -0.33306
                  y  -0.14836  0.01839  0.00459  0.05565 -0.05421 -0.03163
                  z   0.02921 -0.00026  0.00035  0.08858 -0.02299 -0.00037
 35   h           x   0.00721  0.01164  0.02534 -0.00368 -0.00218  0.02218
                  y  -0.12380  0.00428  0.00260  0.07097 -0.02419 -0.00042
                  z  -0.05250  0.00003 -0.00008  0.02232 -0.11513 -0.00241
 36   h           x  -0.00096  0.22673  0.04764 -0.00528  0.00992 -0.19457
                  y   0.05094  0.13805  0.03104 -0.00408  0.02307 -0.13390
                  z   0.05624  0.09397  0.02317  0.07730 -0.06139 -0.10207
 37   h           x  -0.00219  0.24768  0.05238 -0.00740  0.00970 -0.21545
                  y   0.05121 -0.09700 -0.02220  0.00211  0.01140  0.09874
                  z   0.04930 -0.09770 -0.02314  0.08207 -0.07293  0.10060
 38   h           x  -0.02234 -0.07149  0.28857 -0.00421 -0.01537  0.07746
                  y   0.13846  0.08665 -0.15034  0.03221  0.15520  0.09395
                  z   0.00156 -0.00212  0.20297  0.01001  0.15377  0.08566
 39   h           x  -0.02208 -0.13008  0.11192  0.00608 -0.00439 -0.13842
                  y   0.13355  0.06165 -0.07687 -0.01944  0.06283  0.10351
                  z   0.00681  0.01123  0.12622  0.05503  0.23619  0.05369
 40   h           x  -0.01330 -0.04412 -0.01214  0.00280 -0.00511 -0.01362
                  y   0.13759  0.11983 -0.13375 -0.02829  0.04974  0.20495
                  z  -0.00287 -0.01068  0.37381 -0.00527  0.12953  0.15982
 41   h           x  -0.00660 -0.05576  0.25813  0.00006 -0.01666  0.09202
                  y   0.13655 -0.09757  0.19845  0.02805  0.16244 -0.06466
                  z   0.00214  0.00218 -0.20566  0.00736  0.15816 -0.08076
 42   h           x  -0.01270 -0.02206 -0.03543  0.00140 -0.00566  0.02205
                  y   0.12953 -0.13080  0.12872 -0.02894  0.07011 -0.20115
                  z  -0.00222  0.00972 -0.37664 -0.00811  0.13916 -0.15767
 43   h           x  -0.00942 -0.11704  0.09611 -0.00371  0.00552 -0.11754
                  y   0.13000 -0.08822  0.09489 -0.02094  0.07514 -0.12270
                  z   0.00859 -0.00719 -0.12864  0.04939  0.23653 -0.03963
 44   h           x   0.01754  0.26011  0.03634 -0.00801  0.00179 -0.12070
                  y  -0.01719  0.02392  0.00356  0.06490  0.07429 -0.01000
                  z   0.09732 -0.00207 -0.00003  0.01184  0.02446  0.00124
 45   h           x  -0.00443  0.07627  0.01909 -0.00229 -0.01891  0.16639
                  y   0.03674  0.00701  0.00202  0.06061  0.10000  0.01557
                  z  -0.10783  0.00283  0.00053  0.02402 -0.05822 -0.00141
 46   h           x  -0.00120  0.17435 -0.03680 -0.00213 -0.01313  0.11782
                  y   0.11846  0.01321 -0.00332  0.00594  0.10125  0.01220
                  z   0.00799 -0.00060 -0.00015 -0.05585 -0.06023 -0.00046
 47   h           x  -0.00090 -0.16066 -0.04225  0.00566 -0.01003  0.22665
                  y   0.00715 -0.15034 -0.03447 -0.00978 -0.01916  0.16494
                  z   0.19426 -0.06116 -0.01825  0.13330  0.02011  0.11656
 48   h           x  -0.00123 -0.18460 -0.04763  0.00599 -0.01174  0.25210
                  y   0.00808  0.11698  0.02579 -0.01679 -0.00377 -0.12102
                  z   0.20645  0.05896  0.01975  0.13092  0.03307 -0.11561
 49   h           x  -0.00679  0.22494  0.04647  0.00243 -0.00585  0.03308
                  y   0.01992  0.01822  0.00367 -0.05145  0.00318  0.00390
                  z  -0.01440  0.00041  0.00031  0.10953 -0.09442 -0.00202
 50   h           x  -0.00390  0.10924  0.02381  0.00400 -0.00756  0.12172
                  y   0.00109  0.00825  0.00167 -0.04115 -0.01142  0.01141
                  z  -0.09610  0.00298  0.00064  0.16738 -0.14599 -0.00401
 51   h           x   0.00619 -0.19546 -0.04132  0.00268  0.00166  0.11211
                  y  -0.08063 -0.01671 -0.00389  0.00682 -0.05604  0.00877
                  z  -0.12519  0.00375  0.00072  0.18232 -0.16147 -0.00458
 52   h           x   0.01294 -0.28020 -0.05751 -0.00196  0.01221 -0.01175
                  y  -0.13987 -0.02188 -0.00498  0.04983 -0.09119 -0.00375
                  z  -0.06459  0.00199  0.00052  0.14645 -0.12319 -0.00322
 53   o           x   0.00079  0.00515  0.00651 -0.00328 -0.00173 -0.06597
                  y   0.13910  0.00065  0.00109  0.04660  0.08162 -0.00444
                  z   0.18016 -0.00177  0.00053  0.12533  0.01273  0.00085
 54   h           x  -0.00387 -0.10261 -0.01863 -0.00283 -0.01250  0.07612
                  y   0.15472 -0.00841 -0.00096  0.05421  0.09229  0.00777
                  z   0.24818 -0.00064  0.00108  0.15760  0.06176  0.00052

reduced mass(g/mol)     7.335    3.846    4.495   10.631    7.740    3.299


       mode              19       20       21       22       23       24

     frequency         125.73   130.63   136.19   149.27   163.59   169.42

     symmetry            a        a        a        a        a        a   

        IR               YES      YES      YES      YES      YES      YES
|dDIP/dQ|   (a.u.)     0.0007   0.0009   0.0012   0.0014   0.0010   0.0014
intensity (km/mol)       0.78     1.41     2.69     3.57     1.88     3.41
intensity (  %   )       0.02     0.03     0.07     0.09     0.05     0.08
 
       RAMAN             YES      YES      YES      YES      YES      YES
 
  1   c           x   0.07451 -0.00655 -0.00435 -0.02923 -0.06315 -0.00351
                  y   0.00706  0.06575  0.05519 -0.00297 -0.00558  0.05142
                  z  -0.00009  0.03094 -0.00083 -0.00028 -0.00002  0.09287
  2   c           x  -0.03204 -0.00276  0.00012  0.05633 -0.01625 -0.00344
                  y  -0.00274  0.05486  0.02950  0.00456 -0.00135  0.04716
                  z   0.00094  0.07045  0.07038  0.00015  0.00006  0.15199
  3   c           x  -0.03660  0.00042  0.00428  0.14469 -0.04141  0.00023
                  y  -0.00389  0.02117 -0.02667  0.01239 -0.00369  0.00024
                  z   0.00078  0.06699  0.06084  0.00006  0.00007  0.13422
  4   c           x  -0.00143 -0.00335 -0.00099 -0.06787 -0.07017  0.00037
                  y  -0.00041  0.03267 -0.00385 -0.00647 -0.00628  0.00342
                  z  -0.00041  0.01570 -0.02025 -0.00033 -0.00007  0.06303
  5   c           x   0.01700 -0.00019  0.00315  0.01061 -0.06481  0.00244
                  y   0.00062  0.00701 -0.04480  0.00047 -0.00583 -0.02225
                  z   0.00020  0.03706  0.02425 -0.00026 -0.00012  0.06170
  6   c           x   0.07801  0.00458  0.00632 -0.03042 -0.05613  0.00572
                  y   0.00530 -0.05253 -0.09012 -0.00292 -0.00520 -0.05711
                  z   0.00008  0.02179  0.01979 -0.00028 -0.00020  0.03398
  7   c           x   0.02664  0.01013  0.00916  0.10051  0.14343 -0.00015
                  y   0.00046 -0.10864 -0.11376  0.00852  0.01177 -0.01459
                  z   0.00037  0.06080  0.04658 -0.00037 -0.00004 -0.02383
  8   c           x  -0.00831  0.00162 -0.00384 -0.00235 -0.00672 -0.00378
                  y  -0.00031 -0.01461  0.04309  0.00015 -0.00022  0.04624
                  z   0.00024 -0.02923  0.08944 -0.00033 -0.00044 -0.08254
  9   c           x  -0.04216  0.00087 -0.00320 -0.02219 -0.05392 -0.00433
                  y  -0.00336 -0.01153  0.03989 -0.00176 -0.00469  0.04692
                  z   0.00011  0.01453  0.05653 -0.00052 -0.00047 -0.12805
 10   c           x  -0.02076 -0.00196 -0.00226 -0.02228 -0.06812  0.00097
                  y  -0.00146  0.02125  0.02199 -0.00188 -0.00587 -0.01524
                  z   0.00015  0.02682  0.05161 -0.00056 -0.00044 -0.15998
 11   c           x   0.00795 -0.00336 -0.00133 -0.00200 -0.02093  0.00538
                  y   0.00109  0.04195  0.00576 -0.00029 -0.00181 -0.06600
                  z   0.00022  0.00755  0.06777 -0.00038 -0.00037 -0.12488
 12   c           x   0.00990 -0.00675  0.00009  0.00019 -0.02036  0.01185
                  y   0.00143  0.07513 -0.00494 -0.00029 -0.00180 -0.14484
                  z   0.00024  0.00825  0.06856 -0.00038 -0.00038 -0.12827
 13   c           x  -0.14848  0.00534  0.00145 -0.17791  0.09857  0.00048
                  y  -0.01250  0.02393  0.02769 -0.01520  0.00858  0.02560
                  z   0.00080  0.04838  0.03853  0.00049 -0.00022  0.15229
 14   n           x   0.05078 -0.00654 -0.00443 -0.07382 -0.02890 -0.00414
                  y   0.00504  0.06919  0.06120 -0.00688 -0.00245  0.05753
                  z   0.00057  0.05821  0.04441  0.00002  0.00003  0.14510
 15   c           x   0.00574  0.00332 -0.00549 -0.00712 -0.00689 -0.02049
                  y  -0.04316 -0.03956  0.06099  0.00237 -0.01950  0.08806
                  z  -0.02888 -0.05872  0.11359 -0.00857 -0.02899 -0.07048
 16   c           x  -0.00193  0.00375 -0.00429 -0.00702 -0.01101  0.00593
                  y   0.04344 -0.03806  0.06099 -0.00163  0.02031  0.09120
                  z   0.02854 -0.05627  0.11097  0.00966  0.03087 -0.07076
 17   o           x   0.02589 -0.00089 -0.00291  0.01584  0.03812  0.00275
                  y   0.00267  0.02466  0.01561  0.00135  0.00333 -0.02681
                  z   0.00018 -0.03013  0.09145 -0.00016 -0.00021 -0.06955
 18   c           x  -0.00292  0.00062 -0.00221 -0.00410 -0.02228 -0.00060
                  y  -0.00009 -0.00904  0.01970 -0.00018 -0.00176  0.00413
                  z  -0.00074 -0.10577  0.04265 -0.00021 -0.00025 -0.08980
 19   c           x   0.00425 -0.00981  0.00459  0.00125 -0.00555  0.00769
                  y   0.00121  0.10422 -0.05026 -0.00003 -0.00046 -0.09622
                  z   0.00061  0.05055  0.00070 -0.00013 -0.00029 -0.05341
 20   c           x  -0.00130 -0.00407 -0.00285 -0.00058 -0.00738  0.01430
                  y   0.00036  0.04257  0.03608 -0.00043 -0.00075 -0.16242
                  z   0.00040  0.07687 -0.01127 -0.00026 -0.00017 -0.11082
 21   n           x   0.02414  0.00535 -0.00258  0.02827  0.06247 -0.00403
                  y   0.00199 -0.06170  0.02019  0.00286  0.00582  0.04703
                  z  -0.00290 -0.46776  0.04396  0.00096  0.00026  0.20558
 22   n           x   0.00105 -0.01740  0.01729  0.00650  0.02894 -0.00835
                  y   0.00156  0.18738 -0.19025  0.00100  0.00277  0.09395
                  z   0.00144  0.16066 -0.18404  0.00063  0.00011  0.19856
 23   n           x  -0.02156  0.00461 -0.01231 -0.00728 -0.00520  0.01686
                  y  -0.00185 -0.06269  0.15710 -0.00119 -0.00078 -0.18042
                  z   0.00112  0.27682 -0.23936  0.00003  0.00026 -0.08159
 24   c           x   0.03790  0.01263  0.00738 -0.01652  0.02794 -0.00227
                  y   0.00161 -0.14136 -0.08037 -0.00159  0.00146  0.03171
                  z   0.00044  0.05105  0.06244 -0.00037 -0.00012 -0.03011
 25   c           x  -0.03488  0.01100  0.00364  0.06220  0.12882 -0.00913
                  y  -0.00396 -0.12361 -0.03335  0.00510  0.00986  0.08890
                  z  -0.00003  0.03695  0.03790 -0.00028  0.00012 -0.09936
 26   c           x  -0.04050  0.00611 -0.00114 -0.05928 -0.08090 -0.00646
                  y  -0.00354 -0.06805  0.02524 -0.00526 -0.00786  0.07423
                  z   0.00028  0.05237  0.05939 -0.00034  0.00009 -0.12047
 27   c           x   0.12395 -0.00730 -0.00333 -0.17273  0.09957 -0.00153
                  y   0.01185 -0.00736 -0.00421 -0.01472  0.00874 -0.00487
                  z   0.00005 -0.09620 -0.10906  0.00108 -0.00022  0.03548
 28   c           x   0.13616 -0.00879 -0.00722  0.08645 -0.04116 -0.00696
                  y   0.01310  0.09536  0.11064  0.00740 -0.00360  0.08956
                  z  -0.00046  0.00349 -0.05235 -0.00013 -0.00005  0.06055
 29   c           x   0.07660 -0.00887 -0.00725  0.11899  0.02809 -0.00795
                  y   0.00757  0.08996  0.09932  0.01030  0.00265  0.08301
                  z  -0.00123 -0.03691 -0.12845 -0.00001 -0.00004  0.01806
 30   c           x  -0.08181 -0.00584 -0.00486 -0.01176  0.06329 -0.00463
                  y  -0.00737  0.05495  0.03577 -0.00148  0.00578  0.03486
                  z  -0.00152 -0.04981 -0.15106 -0.00002 -0.00004  0.00164
 31   c           x  -0.11353 -0.00279 -0.00129 -0.10322 -0.00081 -0.00043
                  y  -0.01070  0.02582 -0.01809 -0.00964 -0.00001 -0.00138
                  z  -0.00116 -0.02425 -0.09991 -0.00013 -0.00002  0.03209
 32   h           x  -0.08545 -0.00108  0.00175  0.08613  0.00793 -0.00337
                  y  -0.00739  0.06047  0.03998  0.00713  0.00087  0.05219
                  z   0.00119  0.07794  0.09466  0.00016  0.00017  0.16189
 33   h           x  -0.07060  0.00369  0.00822  0.25833 -0.05771  0.00296
                  y  -0.00730  0.00240 -0.05258  0.02245 -0.00527 -0.03368
                  z   0.00120  0.08836  0.08934  0.00009  0.00028  0.16774
 34   h           x   0.16138  0.00513  0.00725 -0.19253 -0.21075  0.00742
                  y   0.01242 -0.06340 -0.09977 -0.01686 -0.01859 -0.05222
                  z  -0.00061 -0.03094 -0.01975  0.00057  0.00012  0.04826
 35   h           x  -0.04585  0.01024  0.00885  0.29505  0.39411 -0.00287
                  y  -0.00572 -0.10216 -0.11350  0.02516  0.03324 -0.02343
                  z   0.00043  0.10131  0.04499 -0.00013  0.00029 -0.05938
 36   h           x  -0.30757  0.01297  0.00405 -0.20249  0.13810  0.00126
                  y  -0.18228  0.00344  0.00496  0.01064 -0.00195  0.00978
                  z  -0.16617  0.07662  0.05969 -0.06017  0.07605  0.16498
 37   h           x  -0.33534  0.02016  0.01133 -0.19778  0.13577  0.00790
                  y   0.12691 -0.01379 -0.00327 -0.04281  0.02444  0.00465
                  z   0.16715  0.06193  0.05384  0.05925 -0.07508  0.16124
 38   h           x  -0.02966  0.00652  0.00177 -0.05616 -0.13928 -0.07441
                  y  -0.04010 -0.09822  0.08135  0.07567  0.15096  0.18502
                  z  -0.03109 -0.05364  0.11156 -0.01738 -0.05073 -0.08230
 39   h           x   0.05461  0.00352 -0.01518  0.02451  0.09645 -0.01436
                  y  -0.04114 -0.02540  0.05497 -0.01272 -0.05334  0.06536
                  z  -0.02061 -0.11615  0.13472  0.06328  0.14297  0.02407
 40   h           x   0.00332  0.00158 -0.00652  0.00445  0.01667  0.00291
                  y  -0.08220 -0.01810  0.05874 -0.04309 -0.15031  0.05658
                  z  -0.05851 -0.03607  0.11378 -0.07358 -0.19539 -0.14854
 41   h           x  -0.03598  0.00942 -0.01216 -0.04380 -0.11371  0.03933
                  y   0.03111 -0.09327  0.08218 -0.07891 -0.16545  0.18925
                  z   0.03102 -0.05146  0.10863  0.01816  0.05211 -0.08177
 42   h           x  -0.01113  0.00197 -0.00365 -0.00326 -0.00996 -0.01198
                  y   0.08243 -0.01734  0.05744  0.04406  0.15128  0.06088
                  z   0.05940 -0.03402  0.10777  0.07384  0.19612 -0.14348
 43   h           x   0.04636  0.00193  0.00477  0.02183  0.08504  0.00694
                  y   0.05080 -0.02481  0.05617  0.01806  0.07074  0.06964
                  z   0.01731 -0.11086  0.13407 -0.05917 -0.13676  0.01765
 44   h           x   0.10092  0.01221  0.00705 -0.20492 -0.22099  0.00016
                  y   0.00707 -0.14195 -0.07363 -0.01769 -0.01986  0.04332
                  z   0.00085  0.04612  0.10167 -0.00043 -0.00042  0.02499
 45   h           x  -0.08179  0.01159  0.00409  0.22613  0.36324 -0.01106
                  y  -0.00815 -0.13070 -0.04018  0.01915  0.02996  0.08244
                  z  -0.00088  0.00102 -0.00543 -0.00004  0.00061 -0.12427
 46   h           x  -0.01520  0.00548 -0.00110 -0.17913 -0.26051 -0.00442
                  y  -0.00127 -0.05891  0.03022 -0.01561 -0.02331  0.07098
                  z   0.00081  0.10329  0.09318 -0.00033  0.00040 -0.14410
 47   h           x   0.28658 -0.02075 -0.01221 -0.28633  0.16158 -0.00896
                  y   0.23147  0.04166  0.05459 -0.04684  0.02739  0.04962
                  z   0.14317 -0.16332 -0.17521 -0.19881  0.10856 -0.02398
 48   h           x   0.32269 -0.02084 -0.01103 -0.28980  0.16368 -0.00686
                  y  -0.17406  0.06079  0.06197 -0.00117  0.00006  0.05323
                  z  -0.14489 -0.15152 -0.17286  0.19921 -0.10782 -0.02293
 49   h           x   0.21682 -0.00999 -0.00912  0.16867 -0.05893 -0.00858
                  y   0.02104  0.11689  0.15830  0.01493 -0.00535  0.11400
                  z  -0.00011  0.01227 -0.03490 -0.00004 -0.00011  0.07016
 50   h           x   0.12760 -0.01096 -0.00944  0.23368  0.06391 -0.01099
                  y   0.01265  0.11390  0.14296  0.02062  0.00590  0.11166
                  z  -0.00162 -0.05749 -0.16598  0.00005 -0.00005 -0.00661
 51   h           x  -0.17538 -0.00544 -0.00510 -0.02000  0.13900 -0.00533
                  y  -0.01593  0.04909  0.02460 -0.00222  0.01261  0.02668
                  z  -0.00210 -0.07857 -0.20485 -0.00002 -0.00002 -0.03798
 52   h           x  -0.23646  0.00100  0.00237 -0.16667  0.03054  0.00190
                  y  -0.02182 -0.00613 -0.07401 -0.01495  0.00270 -0.03119
                  z  -0.00121 -0.03628 -0.11928  0.00001 -0.00005  0.02104
 53   o           x  -0.09572  0.01841  0.01635  0.17077 -0.08446  0.01615
                  y  -0.00941 -0.21006 -0.22132  0.01578 -0.00706 -0.20971
                  z   0.00013 -0.12305 -0.13862  0.00037  0.00023  0.01118
 54   h           x   0.08157  0.02137  0.02619  0.05708  0.02844  0.02919
                  y   0.00540 -0.24381 -0.25688  0.00616  0.00263 -0.24407
                  z  -0.00210 -0.26711 -0.29281  0.00131 -0.00009 -0.13836

reduced mass(g/mol)     2.409    8.715    6.599    3.127    2.326    7.655


       mode              25       26       27       28       29       30

     frequency         183.43   194.66   210.69   214.24   224.41   239.10

     symmetry            a        a        a        a        a        a   

        IR               YES      YES      YES      YES      YES      YES
|dDIP/dQ|   (a.u.)     0.0000   0.0032   0.0003   0.0004   0.0018   0.0007
intensity (km/mol)       0.00    17.96     0.13     0.28     5.69     0.78
intensity (  %   )       0.00     0.44     0.00     0.01     0.14     0.02
 
       RAMAN             YES      YES      YES      YES      YES      YES
 
  1   c           x   0.08034  0.12689  0.00030 -0.03805  0.06166  0.00064
                  y   0.00731  0.01143  0.00996 -0.00336  0.00554 -0.00140
                  z   0.00008 -0.00012 -0.01880  0.00002  0.00029  0.00012
  2   c           x  -0.07986 -0.02081 -0.00176 -0.02746  0.03109  0.00095
                  y  -0.00702 -0.00167  0.02034 -0.00237  0.00287 -0.00152
                  z   0.00041 -0.00038 -0.06249 -0.00003  0.00055  0.00071
  3   c           x  -0.07589 -0.07126 -0.00603  0.02551 -0.06239 -0.00067
                  y  -0.00690 -0.00594  0.05649  0.00241 -0.00569 -0.00225
                  z   0.00032 -0.00028 -0.04283 -0.00001  0.00043  0.00002
  4   c           x   0.07891  0.11682 -0.00417 -0.02414  0.02686  0.00021
                  y   0.00687  0.01078  0.06052 -0.00202  0.00218 -0.00317
                  z  -0.00003 -0.00002 -0.00346  0.00002  0.00013 -0.00011
  5   c           x   0.04924  0.01561 -0.00601  0.03140 -0.06269 -0.00099
                  y   0.00409  0.00178  0.06284  0.00293 -0.00583 -0.00203
                  z   0.00007 -0.00014 -0.01627 -0.00003 -0.00004  0.00045
  6   c           x   0.03934 -0.05552  0.00197  0.06278 -0.11783 -0.00188
                  y   0.00336 -0.00483 -0.03465  0.00539 -0.01026  0.00531
                  z   0.00007 -0.00020 -0.04219 -0.00018  0.00000  0.00270
  7   c           x   0.09760 -0.05881  0.01494  0.05369  0.02504 -0.00085
                  y   0.00850 -0.00574 -0.17836  0.00419  0.00313  0.01114
                  z   0.00003  0.00028  0.05434  0.00002 -0.00084 -0.00008
  8   c           x   0.01407  0.05100 -0.00761  0.04125 -0.02922  0.00132
                  y   0.00092  0.00441  0.07501  0.00438 -0.00199 -0.01455
                  z  -0.00064 -0.00014  0.00279  0.00043  0.00053 -0.00771
  9   c           x   0.03171  0.04102 -0.00600  0.02921 -0.04981  0.00022
                  y   0.00236  0.00341  0.05476  0.00335 -0.00357 -0.01920
                  z  -0.00013 -0.00000 -0.03292 -0.00017 -0.00009  0.00154
 10   c           x   0.06761 -0.05903 -0.00431 -0.00212 -0.07075 -0.00119
                  y   0.00585 -0.00515  0.04443  0.00031 -0.00580 -0.01678
                  z   0.00002  0.00008 -0.03969 -0.00039 -0.00038  0.00600
 11   c           x   0.05359 -0.10343  0.00049 -0.03148  0.00033  0.00049
                  y   0.00473 -0.00899  0.00223 -0.00269  0.00020 -0.00812
                  z  -0.00018 -0.00009 -0.01306 -0.00008  0.00000 -0.00004
 12   c           x   0.08565 -0.23654  0.00890 -0.13611  0.05829 -0.00214
                  y   0.00778 -0.02035 -0.06804 -0.01290  0.00426  0.02316
                  z  -0.00012 -0.00038 -0.01138 -0.00027  0.00016 -0.00127
 13   c           x  -0.00912 -0.06360 -0.00209  0.02937 -0.04099 -0.00036
                  y  -0.00071 -0.00549  0.00745  0.00259 -0.00363 -0.00199
                  z   0.00044 -0.00017 -0.07757 -0.00016  0.00093  0.00209
 14   n           x   0.05287  0.11777  0.00063 -0.05927  0.10569  0.00166
                  y   0.00484  0.01051  0.00974 -0.00522  0.00945 -0.00165
                  z   0.00034 -0.00033 -0.06036 -0.00002  0.00062  0.00125
 15   c           x  -0.00638  0.02152 -0.03637  0.00510 -0.01908 -0.01146
                  y   0.08599  0.02723  0.13858  0.02840 -0.06345  0.01387
                  z   0.06987 -0.03401  0.02413 -0.04310 -0.05668 -0.00150
 16   c           x   0.00884  0.02568  0.01086  0.01007 -0.03136  0.00832
                  y  -0.08352 -0.02215  0.14685 -0.02734  0.05524  0.01789
                  z  -0.06889  0.03528  0.02488  0.04259  0.05691  0.00231
 17   o           x  -0.03440  0.07013 -0.00318  0.06815  0.01749  0.00400
                  y  -0.00322  0.00607  0.02471  0.00650  0.00218 -0.01794
                  z  -0.00049 -0.00003  0.02212  0.00049  0.00050 -0.00974
 18   c           x   0.03086 -0.03065 -0.00450 -0.00759 -0.03806 -0.00002
                  y   0.00261 -0.00264  0.05013 -0.00011 -0.00286 -0.01894
                  z   0.00003  0.00011 -0.03681 -0.00037 -0.00038  0.00655
 19   c           x   0.03505 -0.10375  0.00728 -0.06721  0.02724 -0.00257
                  y   0.00347 -0.00896 -0.06832 -0.00702  0.00149  0.02737
                  z  -0.00016 -0.00035 -0.00500 -0.00014  0.00011  0.00090
 20   c           x   0.03308 -0.10003  0.00796 -0.06487  0.03421 -0.00229
                  y   0.00300 -0.00819 -0.07392 -0.00661  0.00203  0.02690
                  z  -0.00004 -0.00003 -0.01088 -0.00015  0.00013 -0.00403
 21   n           x  -0.03768  0.06211 -0.00529  0.02506  0.03420  0.00354
                  y  -0.00350  0.00551  0.05801  0.00288  0.00365 -0.01996
                  z  -0.00025 -0.00035  0.01073  0.00023  0.00027  0.00073
 22   n           x  -0.06271  0.14618 -0.00111  0.07683 -0.02123 -0.00004
                  y  -0.00494  0.01219 -0.00752  0.00622 -0.00200  0.00681
                  z  -0.00034 -0.00036  0.07728  0.00126  0.00095 -0.02718
 23   n           x  -0.03422  0.11886  0.00199  0.06976 -0.04122 -0.00143
                  y  -0.00347  0.01128 -0.03928  0.00606 -0.00409  0.00963
                  z   0.00068  0.00065 -0.07952 -0.00108 -0.00123  0.02962
 24   c           x  -0.15172 -0.05952  0.02604 -0.06505  0.07914  0.00115
                  y  -0.01323 -0.00634 -0.27458 -0.00642  0.00876  0.00971
                  z  -0.00000  0.00018  0.02768 -0.00011 -0.00057 -0.00048
 25   c           x   0.01283  0.05091  0.02032 -0.03869  0.10681  0.00120
                  y   0.00042  0.00294 -0.22605 -0.00365  0.01131 -0.00284
                  z   0.00040  0.00037 -0.00495 -0.00052 -0.00078  0.00895
 26   c           x  -0.11417  0.05643  0.00652 -0.03700  0.01325  0.00099
                  y  -0.01078  0.00396 -0.06334 -0.00252  0.00286 -0.01976
                  z   0.00020  0.00049  0.04002 -0.00019 -0.00080  0.00334
 27   c           x  -0.00409 -0.05887 -0.00233  0.02635 -0.03372 -0.00021
                  y  -0.00039 -0.00514  0.02130  0.00240 -0.00325 -0.00243
                  z   0.00005 -0.00021 -0.05685 -0.00007  0.00055  0.00323
 28   c           x   0.03860  0.03767  0.00436 -0.00028  0.00337 -0.00034
                  y   0.00388  0.00327 -0.05279 -0.00021  0.00078  0.00193
                  z  -0.00023 -0.00001  0.03788  0.00024 -0.00011 -0.00302
 29   c           x  -0.06130 -0.10573  0.00209  0.03679 -0.06028 -0.00053
                  y  -0.00518 -0.00962 -0.04182  0.00317 -0.00500  0.00135
                  z  -0.00065  0.00017  0.11598  0.00055 -0.00059 -0.00739
 30   c           x  -0.06729 -0.06998 -0.00179  0.00332 -0.00246  0.00061
                  y  -0.00605 -0.00613  0.02031  0.00031 -0.00014 -0.00130
                  z  -0.00077  0.00026  0.13605  0.00060 -0.00068 -0.00827
 31   c           x   0.03196  0.07880 -0.00507 -0.03373  0.05460  0.00094
                  y   0.00254  0.00738  0.07670 -0.00282  0.00460 -0.00415
                  z  -0.00040  0.00019  0.07490  0.00034 -0.00023 -0.00481
 32   h           x  -0.20343 -0.10397 -0.00174 -0.04248  0.03512  0.00167
                  y  -0.01799 -0.00915  0.01616 -0.00369  0.00320 -0.00148
                  z   0.00043 -0.00061 -0.07789 -0.00004  0.00050  0.00085
 33   h           x  -0.22176 -0.20457 -0.00848  0.04843 -0.14003 -0.00123
                  y  -0.02013 -0.01777  0.07507  0.00447 -0.01285 -0.00264
                  z   0.00070 -0.00024 -0.05889 -0.00002  0.00071  0.00025
 34   h           x  -0.05160 -0.06217  0.00485  0.04003 -0.20391 -0.00233
                  y  -0.00448 -0.00550 -0.05279  0.00341 -0.01759  0.00612
                  z   0.00046 -0.00066 -0.14357 -0.00032  0.00089  0.00792
 35   h           x   0.37673 -0.00625  0.01164  0.13214  0.11223 -0.00128
                  y   0.03237 -0.00116 -0.16055  0.01096  0.01041  0.01079
                  z   0.00025  0.00071  0.16092  0.00052 -0.00190 -0.00186
 36   h           x  -0.03057 -0.12992 -0.00180  0.06488 -0.10108 -0.00130
                  y  -0.00377 -0.01026  0.00224  0.00814 -0.01560 -0.00169
                  z  -0.03403 -0.11288 -0.07433  0.05880 -0.09703  0.00025
 37   h           x  -0.03081 -0.12988 -0.00473  0.06537 -0.10234 -0.00131
                  y  -0.00110 -0.01104  0.00375  0.00266 -0.00136 -0.00139
                  z   0.03448  0.11104 -0.07044 -0.05836  0.09769  0.00308
 38   h           x   0.07611 -0.16467 -0.08932  0.18521  0.13843 -0.23313
                  y   0.10101  0.25701  0.23064 -0.29648 -0.38928  0.35886
                  z   0.07323 -0.06494  0.01105 -0.00400 -0.01792 -0.04416
 39   h           x  -0.10693  0.12186 -0.05903 -0.17676 -0.10968  0.13121
                  y   0.07739 -0.02222  0.11443  0.09624  0.01062 -0.06093
                  z   0.07133  0.20049  0.11491 -0.37896 -0.38807  0.35120
 40   h           x  -0.00636  0.07113 -0.00512 -0.00843 -0.05638  0.03781
                  y   0.15774 -0.11515  0.13190  0.28709  0.11688 -0.20490
                  z   0.13377 -0.26613 -0.04889  0.21541  0.18271 -0.30075
 41   h           x   0.09273 -0.11686  0.05099  0.12422  0.05075  0.17429
                  y  -0.07396 -0.27502  0.26159  0.30509  0.36637  0.42127
                  z  -0.07321  0.06551  0.01025  0.00571  0.02253 -0.04303
 42   h           x   0.02109  0.04986 -0.01993  0.04210 -0.03420 -0.00133
                  y  -0.15746  0.12399  0.12820 -0.27368 -0.10913 -0.22187
                  z  -0.13754  0.26415 -0.05848 -0.20220 -0.15309 -0.31504
 43   h           x  -0.09143  0.11520  0.03507 -0.15169 -0.09813 -0.12801
                  y  -0.09507  0.04291  0.12350 -0.12155 -0.02442 -0.08779
                  z  -0.06108 -0.19447  0.12955  0.36212  0.35499  0.38028
 44   h           x  -0.45930 -0.12346  0.02849 -0.14990  0.02154  0.00218
                  y  -0.03958 -0.01187 -0.27762 -0.01366  0.00393  0.00854
                  z  -0.00045 -0.00016  0.00764 -0.00014 -0.00004 -0.00711
 45   h           x   0.29975  0.12045  0.01951  0.00992  0.14004  0.00006
                  y   0.02511  0.00891 -0.24051  0.00026  0.01403  0.00125
                  z   0.00089  0.00053 -0.09270 -0.00192 -0.00110  0.02909
 46   h           x  -0.31574  0.00516  0.00687 -0.08258 -0.02025  0.00074
                  y  -0.02820 -0.00037 -0.04163 -0.00640 -0.00016 -0.02080
                  z   0.00006  0.00115  0.17605  0.00021 -0.00160 -0.00347
 47   h           x  -0.00412 -0.09159 -0.00005  0.04135 -0.05325 -0.00049
                  y   0.00523 -0.01058  0.00111  0.00573 -0.00607 -0.00245
                  z  -0.00548 -0.06239 -0.03572  0.02778 -0.03757  0.00265
 48   h           x  -0.00315 -0.09189 -0.00184  0.04162 -0.05334 -0.00044
                  y  -0.00546 -0.00484  0.00120  0.00129 -0.00289 -0.00235
                  z   0.00513  0.06129 -0.03404 -0.02742  0.03759  0.00357
 49   h           x   0.04526  0.03176  0.00902  0.00855 -0.00705 -0.00088
                  y   0.00483  0.00278 -0.11035  0.00028  0.00032  0.00526
                  z  -0.00011 -0.00001  0.01792  0.00015  0.00004 -0.00186
 50   h           x  -0.13247 -0.23251  0.00401  0.08164 -0.13276 -0.00132
                  y  -0.01138 -0.02122 -0.08455  0.00708 -0.01131  0.00342
                  z  -0.00086  0.00027  0.15284  0.00068 -0.00081 -0.00923
 51   h           x  -0.14151 -0.15820 -0.00302  0.01240 -0.00849  0.00107
                  y  -0.01283 -0.01406  0.03244  0.00117 -0.00076 -0.00185
                  z  -0.00115  0.00037  0.19447  0.00078 -0.00106 -0.01109
 52   h           x   0.04183  0.10875 -0.00848 -0.05114  0.09561  0.00159
                  y   0.00314  0.01007  0.12610 -0.00410  0.00782 -0.00693
                  z  -0.00049  0.00018  0.08875  0.00042 -0.00036 -0.00554
 53   o           x  -0.00283  0.04240 -0.00811 -0.02239  0.03188  0.00073
                  y  -0.00116  0.00344  0.10725 -0.00143  0.00110 -0.00342
                  z  -0.00006 -0.00049 -0.04876  0.00010  0.00024  0.00331
 54   h           x  -0.04268 -0.12284 -0.02089  0.08601 -0.17937 -0.00357
                  y  -0.00473 -0.01073  0.12207  0.00792 -0.01723 -0.00404
                  z  -0.00056 -0.00000  0.01768 -0.00002  0.00003  0.00232

reduced mass(g/mol)     2.574    3.840    5.090    1.931    2.161    1.100


       mode              31       32       33       34       35       36

     frequency         262.73   281.64   284.37   288.69   295.72   315.88

     symmetry            a        a        a        a        a        a   

        IR               YES      YES      YES      YES      YES      YES
|dDIP/dQ|   (a.u.)     0.0075   0.0002   0.0018   0.0023   0.0011   0.0006
intensity (km/mol)     100.54     0.09     5.47     9.61     2.16     0.58
intensity (  %   )       2.45     0.00     0.13     0.23     0.05     0.01
 
       RAMAN             YES      YES      YES      YES      YES      YES
 
  1   c           x  -0.02374  0.00937 -0.00127 -0.01754  0.00046  0.00179
                  y  -0.00164  0.00007  0.01388 -0.00206 -0.00889 -0.00973
                  z   0.00057 -0.00008  0.00188 -0.00065  0.00325  0.00845
  2   c           x   0.01656 -0.02926 -0.00139  0.13960 -0.00041  0.00094
                  y   0.00192 -0.00342  0.01752  0.01155  0.03029 -0.02797
                  z   0.00043 -0.00123  0.02435 -0.00003 -0.05763  0.02285
  3   c           x  -0.01890  0.00533 -0.00170 -0.13736 -0.00997  0.00666
                  y  -0.00143  0.00032  0.00537 -0.01353  0.08729 -0.05115
                  z   0.00044 -0.00108  0.02007  0.00009 -0.05433  0.01982
  4   c           x  -0.03445  0.00742 -0.00214 -0.09599 -0.00379  0.00487
                  y  -0.00289 -0.00015  0.01337 -0.00900  0.02502 -0.03493
                  z   0.00037  0.00030 -0.00734 -0.00024 -0.00536  0.01703
  5   c           x  -0.01528  0.00896 -0.00039 -0.11411 -0.00984  0.00417
                  y  -0.00119  0.00111 -0.00453 -0.01133  0.09165 -0.04573
                  z   0.00048  0.00076 -0.01985  0.00047 -0.04319  0.03730
  6   c           x   0.03037 -0.03158  0.00547  0.04937 -0.01102 -0.00434
                  y   0.00277  0.00117 -0.06584  0.00303  0.14002  0.00741
                  z   0.00048  0.00224 -0.04817  0.00079 -0.03762  0.05928
  7   c           x   0.01491  0.09827  0.01195  0.06055 -0.00953 -0.00585
                  y   0.00141  0.01301 -0.07309  0.00449  0.09961  0.05367
                  z   0.00051  0.00286 -0.06297  0.00061 -0.00322  0.03537
  8   c           x   0.00631 -0.09598 -0.00408  0.00919 -0.00048  0.00102
                  y   0.00058 -0.00684 -0.02277  0.00077  0.00440 -0.01820
                  z  -0.00010 -0.00072  0.01660  0.00012 -0.01108 -0.01272
  9   c           x   0.00303  0.03832  0.00510 -0.01250  0.00212  0.00283
                  y   0.00034  0.00556 -0.03409 -0.00071 -0.02942 -0.04734
                  z   0.00014  0.00338 -0.06333  0.00116 -0.01082  0.02596
 10   c           x   0.01902  0.25957  0.02642  0.12032  0.00364  0.00915
                  y   0.00179  0.02812 -0.08856  0.01156 -0.01582 -0.07525
                  z   0.00009  0.00381 -0.06931  0.00133 -0.00246  0.02557
 11   c           x   0.00559  0.03820  0.01014  0.04595  0.00202  0.00562
                  y   0.00058  0.00765 -0.07694  0.00499 -0.01274 -0.05007
                  z  -0.00002  0.00264 -0.04469  0.00104 -0.00976  0.00303
 12   c           x  -0.01440 -0.07741 -0.01504 -0.06486 -0.00186 -0.00239
                  y  -0.00161 -0.01243  0.10088 -0.00687  0.00796  0.01310
                  z  -0.00007  0.00323 -0.05985  0.00109 -0.01259  0.00139
 13   c           x  -0.00943  0.00435 -0.00323 -0.03372  0.01196 -0.00407
                  y  -0.00231 -0.00198  0.03637  0.00047 -0.14237  0.04892
                  z   0.00002 -0.00091  0.02347 -0.00049  0.04049 -0.01912
 14   n           x   0.02457 -0.01270 -0.00041  0.20786  0.00715 -0.00348
                  y   0.00248 -0.00243  0.02266  0.01874 -0.04329  0.00293
                  z   0.00051 -0.00070  0.01789 -0.00100  0.01387 -0.00481
 15   c           x   0.00274 -0.03482  0.03187  0.00404 -0.04402 -0.11721
                  y   0.01231 -0.16515  0.03269  0.02830  0.10693  0.13606
                  z   0.00713 -0.07616  0.17994  0.02275  0.02782 -0.08036
 16   c           x   0.00524 -0.05992 -0.04424  0.01073  0.02487  0.09073
                  y  -0.01161  0.15108  0.04497 -0.02946  0.11347  0.15624
                  z  -0.00833  0.05676  0.18627 -0.02906  0.02731 -0.07965
 17   o           x   0.00353 -0.13396 -0.00043  0.01136  0.00192  0.00524
                  y   0.00045 -0.00685 -0.08632  0.00207 -0.01847 -0.05520
                  z  -0.00006  0.00104 -0.01500  0.00044 -0.00894 -0.01398
 18   c           x   0.01140  0.21165  0.02444  0.08572  0.00337  0.01088
                  y   0.00113  0.02476 -0.10507  0.00864 -0.01827 -0.09734
                  z   0.00007  0.00379 -0.07266  0.00122  0.00483  0.01860
 19   c           x  -0.00792 -0.03272 -0.01682 -0.03805 -0.00209 -0.00357
                  y  -0.00114 -0.01180  0.16080 -0.00540  0.01617  0.03164
                  z  -0.00012  0.00091 -0.01494  0.00054 -0.00641  0.02422
 20   c           x  -0.01045 -0.07737 -0.01829 -0.05798 -0.00209 -0.00390
                  y  -0.00136 -0.01429  0.13757 -0.00660  0.01102  0.02911
                  z   0.00003  0.00563 -0.10730  0.00162 -0.01878 -0.02418
 21   n           x  -0.00727 -0.15863 -0.00304 -0.05358  0.00080  0.00771
                  y  -0.00054 -0.00896 -0.08993 -0.00396 -0.02010 -0.10194
                  z  -0.00009 -0.00372  0.06882 -0.00082 -0.00195  0.01738
 22   n           x   0.00560  0.01090 -0.00484  0.02266 -0.00048  0.00088
                  y   0.00038 -0.00320  0.07254  0.00061  0.01123 -0.00440
                  z   0.00039  0.00776 -0.13961  0.00181 -0.01404 -0.02428
 23   n           x   0.00968  0.06942  0.00407  0.04717  0.00127  0.00068
                  y   0.00066  0.00584  0.01081  0.00454 -0.00585  0.00200
                  z  -0.00034 -0.00745  0.13916 -0.00144  0.01352  0.02869
 24   c           x   0.00326 -0.06690  0.00257  0.09894  0.00521 -0.00122
                  y   0.00040 -0.00281 -0.04914  0.00938 -0.03699  0.06158
                  z   0.00046  0.00283 -0.06330  0.00119 -0.04291  0.03790
 25   c           x  -0.02598  0.01071 -0.00104 -0.07136  0.01075  0.00020
                  y  -0.00203  0.00104 -0.00201 -0.00447 -0.13549  0.01408
                  z   0.00035  0.00513 -0.10180  0.00073  0.03344  0.06674
 26   c           x  -0.02631  0.09748  0.00213 -0.16401  0.00792  0.00121
                  y  -0.00219  0.00833  0.00837 -0.01291 -0.11803 -0.05280
                  z   0.00024  0.00509 -0.09754  0.00064  0.03689  0.04068
 27   c           x   0.04162  0.00958 -0.00312 -0.08149  0.01343 -0.00479
                  y   0.00168 -0.00163  0.03582 -0.00305 -0.17218  0.06445
                  z  -0.00054  0.00057 -0.00067 -0.00151  0.15870 -0.06825
 28   c           x  -0.03340  0.01983  0.00056 -0.10303 -0.00619  0.00376
                  y  -0.00181  0.00265 -0.01206 -0.01086  0.05004 -0.01270
                  z  -0.00000 -0.00159  0.02612  0.00028 -0.05075  0.01145
 29   c           x   0.01836 -0.00785  0.00051  0.00294 -0.00418  0.00074
                  y   0.00282 -0.00003 -0.00877 -0.00133  0.05300 -0.01896
                  z  -0.00087 -0.00381  0.06441  0.00131 -0.09992 -0.00342
 30   c           x   0.03147 -0.01576  0.00034  0.10598 -0.00277  0.00139
                  y   0.00347 -0.00153  0.00362  0.00846  0.05110 -0.03756
                  z  -0.00106 -0.00409  0.06881  0.00155 -0.09993 -0.00972
 31   c           x  -0.02461  0.01127 -0.00220 -0.03979 -0.00258  0.00593
                  y  -0.00215 -0.00042  0.02429 -0.00379  0.01637 -0.04234
                  z  -0.00050 -0.00231  0.04002  0.00061 -0.05661 -0.00087
 32   h           x   0.05156 -0.07955 -0.00185  0.29749  0.00358 -0.00110
                  y   0.00504 -0.00802  0.01904  0.02576  0.01105 -0.01980
                  z   0.00042 -0.00154  0.02753  0.00060 -0.11223  0.04685
 33   h           x  -0.01265 -0.03481 -0.00275 -0.18481 -0.01101  0.00812
                  y  -0.00094 -0.00270 -0.00794 -0.01768  0.09678 -0.05108
                  z   0.00051 -0.00155  0.03314  0.00004 -0.06434  0.01971
 34   h           x   0.06113 -0.19440 -0.00031  0.16327 -0.00652 -0.00764
                  y   0.00539 -0.01280 -0.06711  0.01292  0.13737  0.01443
                  z   0.00025  0.00406 -0.06685  0.00063 -0.04413  0.10293
 35   h           x  -0.00597  0.34735  0.02193 -0.04279 -0.01548 -0.00779
                  y  -0.00037  0.03446 -0.07516 -0.00449  0.11222  0.04995
                  z   0.00053  0.00356 -0.07257 -0.00055  0.07890  0.01254
 36   h           x  -0.04629  0.01143 -0.00503 -0.12443  0.01290 -0.00362
                  y  -0.05081 -0.00280  0.03571  0.01126 -0.12939  0.04456
                  z  -0.03519  0.01232  0.02057 -0.16717  0.03317 -0.01502
 37   h           x  -0.05426  0.01104 -0.00284 -0.12115  0.00641 -0.00108
                  y   0.03753 -0.00001  0.03620 -0.02318 -0.13147  0.04511
                  z   0.03641 -0.01380  0.02285  0.16302  0.03850 -0.01985
 38   h           x   0.00344 -0.12338  0.25508  0.02235  0.03589 -0.12875
                  y   0.02609 -0.23141  0.02154  0.05335  0.07298  0.05445
                  z   0.00582 -0.07473  0.19303  0.02139  0.03437 -0.07385
 39   h           x  -0.00534  0.14726 -0.06979 -0.02447 -0.20072 -0.35644
                  y   0.00839 -0.13836  0.02832  0.02036  0.10602  0.14333
                  z   0.02048 -0.12551  0.16344  0.04627 -0.02143 -0.19058
 40   h           x   0.00519 -0.06084 -0.03815  0.00489 -0.02264 -0.01752
                  y   0.01405 -0.29263  0.08373  0.04061  0.24899  0.39499
                  z   0.00348 -0.13434  0.37521  0.03184  0.10792 -0.06426
 41   h           x   0.00887 -0.12867 -0.26852  0.04117 -0.04634  0.11820
                  y  -0.02672  0.21823  0.00452 -0.05152  0.06760  0.08066
                  z  -0.00688  0.05249  0.19870 -0.02794  0.03361 -0.07367
 42   h           x   0.00736 -0.11242  0.00894  0.01133 -0.02138 -0.05323
                  y  -0.01164  0.25316  0.11871 -0.04246  0.24832  0.39206
                  z  -0.00427  0.08260  0.38202 -0.04412  0.10521 -0.06618
 43   h           x  -0.00275  0.10262  0.07512 -0.02186  0.17823  0.32449
                  y  -0.00869  0.15158  0.05829 -0.02658  0.13986  0.20496
                  z  -0.02349  0.11953  0.17836 -0.05429 -0.02101 -0.18774
 44   h           x   0.01880 -0.25474 -0.00482  0.19576  0.01111  0.00226
                  y   0.00175 -0.01930 -0.04290  0.01787 -0.05877  0.05847
                  z   0.00052  0.00057 -0.02761  0.00237 -0.16555  0.02000
 45   h           x  -0.03155  0.00044 -0.00165 -0.07780  0.00923 -0.00036
                  y  -0.00252  0.00022 -0.00431 -0.00516 -0.12297  0.02418
                  z   0.00028  0.00654 -0.12736  0.00017  0.08826  0.12701
 46   h           x  -0.02759  0.20620  0.00912 -0.20569  0.00666 -0.00059
                  y  -0.00231  0.01802  0.00452 -0.01665 -0.10835 -0.05686
                  z   0.00015  0.00673 -0.11979 -0.00030  0.09840  0.01310
 47   h           x   0.04821  0.01357 -0.00489 -0.11555  0.01458 -0.00462
                  y   0.01169  0.00099  0.05000 -0.02787 -0.20576  0.07622
                  z  -0.00241  0.00583 -0.01592 -0.04517  0.19005 -0.07839
 48   h           x   0.04999  0.01406 -0.00407 -0.11938  0.01648 -0.00585
                  y  -0.00742 -0.00511  0.04983  0.01742 -0.20393  0.07509
                  z   0.00198 -0.00296 -0.01529  0.03968  0.19148 -0.07950
 49   h           x  -0.05164  0.03186  0.00302 -0.15394 -0.01126  0.00461
                  y  -0.00298  0.00547 -0.04180 -0.01594  0.09329 -0.00426
                  z   0.00021 -0.00096  0.01563 -0.00004 -0.03317  0.01302
 50   h           x   0.04396 -0.01712  0.00174  0.01943 -0.00460 -0.00182
                  y   0.00557  0.00001 -0.02361 -0.00030  0.06493 -0.00706
                  z  -0.00123 -0.00457  0.07725  0.00169 -0.10987 -0.01405
 51   h           x   0.07119 -0.02863  0.00117  0.23570 -0.00039 -0.00098
                  y   0.00695 -0.00293  0.00739  0.02033  0.04726 -0.04051
                  z  -0.00155 -0.00519  0.08586  0.00236 -0.11943 -0.02195
 52   h           x  -0.04023  0.03460 -0.00389 -0.06960  0.00059  0.00774
                  y  -0.00416  0.00003  0.05144 -0.00546 -0.03165 -0.04363
                  z  -0.00070 -0.00274  0.04710  0.00094 -0.07152  0.00038
 53   o           x   0.04948 -0.00088  0.00165 -0.00129  0.01016 -0.00510
                  y   0.00358  0.00014 -0.01505  0.00088 -0.11344  0.05445
                  z  -0.00049  0.00103 -0.00779 -0.00232  0.18862 -0.08066
 54   h           x  -0.96865 -0.06425 -0.00617  0.55255  0.03029 -0.01118
                  y  -0.08331 -0.00483 -0.02476  0.04777 -0.10636  0.05474
                  z   0.00450  0.00323 -0.04610 -0.00670  0.21568 -0.07939

reduced mass(g/mol)     1.182    4.212    4.614    3.606    4.399    3.014


       mode              37       38       39       40       41       42

     frequency         319.83   338.22   355.21   372.06   405.21   422.10

     symmetry            a        a        a        a        a        a   

        IR               YES      YES      YES      YES      YES      YES
|dDIP/dQ|   (a.u.)     0.0005   0.0022   0.0012   0.0002   0.0020   0.0006
intensity (km/mol)       0.43     8.57     2.76     0.11     7.47     0.72
intensity (  %   )       0.01     0.21     0.07     0.00     0.18     0.02
 
       RAMAN             YES      YES      YES      YES      YES      YES
 
  1   c           x  -0.03582 -0.00102 -0.00322  0.00761  0.00311 -0.00489
                  y  -0.00377  0.01602  0.04174 -0.00005 -0.03738  0.04862
                  z  -0.00021 -0.03690  0.06047 -0.00005 -0.12429 -0.04129
  2   c           x   0.05499 -0.00444  0.00038 -0.00559  0.00342  0.00079
                  y   0.00419  0.03502  0.01234 -0.00095 -0.05522  0.00886
                  z   0.00057 -0.01165 -0.01496  0.00004 -0.10164  0.02712
  3   c           x  -0.08630 -0.00323 -0.00303  0.00263 -0.00270  0.00178
                  y  -0.00896  0.04689  0.02044 -0.00022  0.04118 -0.03071
                  z   0.00041 -0.01400  0.00876 -0.00012 -0.06703  0.02323
  4   c           x  -0.06636 -0.00427 -0.00495 -0.02997 -0.00743 -0.00554
                  y  -0.00699  0.04639  0.04471 -0.00371  0.08401  0.05534
                  z  -0.00002 -0.05091  0.05617  0.00019 -0.06795 -0.05921
  5   c           x   0.00805 -0.00371 -0.00363 -0.05733 -0.00503  0.00292
                  y  -0.00050  0.03227  0.02234 -0.00536  0.06527 -0.04428
                  z   0.00042 -0.07295  0.07128 -0.00004  0.01133 -0.03276
  6   c           x   0.14728  0.00348  0.00493 -0.09221 -0.00032  0.01701
                  y   0.01350 -0.07697 -0.06829 -0.00581 -0.00178 -0.17591
                  z   0.00095 -0.11391  0.05754  0.00066  0.03965 -0.06703
  7   c           x   0.07053  0.01548  0.01526  0.19008  0.01051  0.00974
                  y   0.00807 -0.11266 -0.12178  0.01914 -0.12436 -0.10951
                  z   0.00023 -0.10655  0.09203  0.00049  0.16720 -0.12093
  8   c           x   0.00101  0.00162 -0.00044  0.01390 -0.00253  0.00634
                  y  -0.00015 -0.00554  0.00840  0.00131  0.02542 -0.08668
                  z  -0.00007  0.04727  0.01867  0.00027  0.03714 -0.03139
  9   c           x   0.05718 -0.00106 -0.00267 -0.00838 -0.00396  0.01140
                  y   0.00404  0.01408  0.03418 -0.00109  0.04425 -0.13481
                  z   0.00029  0.00675  0.01324 -0.00002  0.07926  0.05622
 10   c           x  -0.11886  0.00152  0.00298 -0.02267  0.00413  0.00103
                  y  -0.01252 -0.02932 -0.04342 -0.00142 -0.04895 -0.01358
                  z   0.00016  0.01970 -0.01783 -0.00006  0.03053  0.13358
 11   c           x  -0.06624  0.00267  0.00332  0.00506  0.00192 -0.00744
                  y  -0.00745 -0.03661 -0.04217  0.00110 -0.02021  0.09320
                  z   0.00000  0.09455 -0.00924 -0.00126 -0.04221 -0.02356
 12   c           x   0.05649 -0.00134 -0.00055 -0.00010  0.00043 -0.00065
                  y   0.00555  0.01928  0.00911 -0.00014 -0.00425  0.00654
                  z   0.00023  0.13162 -0.01744 -0.00201 -0.08803 -0.04449
 13   c           x  -0.00817 -0.00074  0.01759 -0.00337 -0.00843  0.00436
                  y   0.00214  0.01132 -0.21218  0.00138  0.10167 -0.05401
                  z   0.00042  0.04448 -0.10917  0.00060  0.00175 -0.01933
 14   n           x   0.13413 -0.00272  0.00179 -0.01390  0.00340 -0.00378
                  y   0.01207  0.01430 -0.00071 -0.00159 -0.04557  0.03411
                  z  -0.00009  0.00723 -0.01562  0.00009 -0.09485 -0.00577
 15   c           x  -0.00056 -0.08084 -0.00471  0.00949  0.00014 -0.04586
                  y  -0.02135 -0.00054 -0.01919  0.03118 -0.01179  0.04156
                  z  -0.03042 -0.12496 -0.03293  0.02946 -0.01681  0.04513
 16   c           x   0.00008  0.08087  0.00824  0.01351  0.00126  0.03609
                  y   0.02923  0.01063 -0.01915 -0.02897 -0.01136  0.05116
                  z   0.02763 -0.12593 -0.03331 -0.02476 -0.01670  0.04471
 17   o           x  -0.03156  0.00246  0.00214  0.03322 -0.00082 -0.00148
                  y  -0.00446 -0.02971 -0.02545  0.00350  0.00710  0.03367
                  z  -0.00014  0.06704  0.00740 -0.00044  0.00409 -0.06341
 18   c           x  -0.09841  0.00324  0.00490 -0.03635  0.00676 -0.00294
                  y  -0.01135 -0.05049 -0.06573 -0.00212 -0.07758  0.02760
                  z  -0.00008 -0.01606 -0.05811  0.00091  0.01149  0.38259
 19   c           x   0.03841 -0.00161 -0.00287 -0.00388 -0.00141  0.00674
                  y   0.00472  0.02147  0.03537 -0.00055  0.01543 -0.08518
                  z   0.00106  0.17269  0.00882 -0.00303 -0.11211 -0.21235
 20   c           x   0.06212 -0.00520 -0.00203  0.00265  0.00143  0.00774
                  y   0.00664  0.06311  0.02705 -0.00061 -0.01573 -0.08720
                  z  -0.00064  0.10546 -0.05147 -0.00171 -0.12486  0.09585
 21   n           x   0.05436  0.00473  0.00529  0.01768  0.00729  0.00443
                  y   0.00218 -0.04699 -0.05413  0.00250 -0.08188 -0.04772
                  z   0.00067  0.02366  0.04073 -0.00064  0.01859 -0.11451
 22   n           x  -0.02117  0.00938 -0.00087  0.00261 -0.00698 -0.00808
                  y  -0.00191 -0.11137  0.01019  0.00219  0.08300  0.09824
                  z  -0.00106  0.00393 -0.02666 -0.00030 -0.03217  0.02379
 23   n           x  -0.04388 -0.00967  0.00098 -0.00158  0.00758  0.00053
                  y  -0.00377  0.10515 -0.01312 -0.00174 -0.08334 -0.00628
                  z   0.00093  0.03680  0.02402 -0.00052 -0.00849 -0.06193
 24   c           x  -0.23397  0.00591  0.00192  0.05863  0.00057 -0.00986
                  y  -0.01898 -0.04761 -0.02591  0.00527 -0.01113  0.09851
                  z   0.00002 -0.08380  0.11621 -0.00019  0.22012 -0.04726
 25   c           x  -0.03935 -0.00805 -0.01356 -0.21404 -0.01078 -0.00861
                  y  -0.00399  0.04906  0.11811 -0.02064  0.13860  0.09848
                  z   0.00111 -0.13949 -0.00331  0.00162  0.10892 -0.02203
 26   c           x   0.24736 -0.00963 -0.00907  0.04440 -0.01084  0.00485
                  y   0.01987  0.11818  0.12231  0.00138  0.12315 -0.03678
                  z   0.00085 -0.09517 -0.01401  0.00149  0.08733 -0.03251
 27   c           x  -0.03325  0.00107  0.01886  0.00383 -0.00848  0.00684
                  y   0.00038 -0.00389 -0.23083  0.00238  0.10599 -0.07901
                  z  -0.00086  0.08320 -0.07750  0.00009  0.12272  0.00402
 28   c           x  -0.10798  0.00312 -0.00769  0.06690  0.00748 -0.00120
                  y  -0.01076 -0.01428  0.09686  0.00534 -0.08691  0.02749
                  z   0.00014 -0.01303  0.02825 -0.00018 -0.10971 -0.01692
 29   c           x   0.04231 -0.00080 -0.01005 -0.04170  0.00722 -0.00444
                  y   0.00263 -0.00528  0.10516 -0.00464 -0.07972  0.04442
                  z   0.00035  0.05335 -0.03193 -0.00067 -0.03047  0.06220
 30   c           x   0.08292 -0.00433 -0.00788 -0.02474 -0.00395 -0.00723
                  y   0.00605  0.03469  0.08480 -0.00336  0.04522  0.07410
                  z   0.00035  0.06770 -0.04321 -0.00071  0.01247  0.07052
 31   c           x  -0.08760 -0.00451 -0.00299  0.06130 -0.00982 -0.00735
                  y  -0.00900  0.06849  0.03926  0.00423  0.10739  0.09488
                  z   0.00007  0.02188 -0.00342 -0.00020 -0.04421  0.02118
 32   h           x   0.09530 -0.00583  0.00078 -0.01733  0.00274  0.00303
                  y   0.00793  0.02836  0.01379 -0.00200 -0.06624  0.01849
                  z   0.00105 -0.03052 -0.00812 -0.00004 -0.13301  0.06248
 33   h           x  -0.17117 -0.00277 -0.00666 -0.00928 -0.00758  0.00401
                  y  -0.01677  0.03447  0.04909 -0.00145  0.10338 -0.04392
                  z   0.00073 -0.00196 -0.01826  0.00011 -0.12848  0.03523
 34   h           x   0.18485 -0.00483  0.00248 -0.37978  0.00261  0.01925
                  y   0.01706 -0.08491 -0.08557 -0.03044 -0.02664 -0.17464
                  z   0.00231 -0.17004 -0.02202  0.00308 -0.06841 -0.08400
 35   h           x   0.27992  0.02388  0.02175  0.41442  0.01016  0.01170
                  y   0.02596 -0.11563 -0.12306  0.03848 -0.11601 -0.13373
                  z   0.00037 -0.12739  0.07119  0.00169  0.18453 -0.27615
 36   h           x  -0.06552 -0.00219  0.03082  0.00145 -0.01891  0.00906
                  y  -0.00060  0.02863 -0.28152  0.00481  0.18707 -0.07927
                  z  -0.09914  0.02989 -0.03980  0.00726 -0.07317  0.00496
 37   h           x  -0.06503 -0.00077  0.01385  0.00196 -0.01148  0.00383
                  y  -0.00347  0.02817 -0.28098  0.00006  0.18532 -0.07880
                  z   0.09791  0.02776 -0.03701 -0.00717 -0.07361  0.00461
 38   h           x  -0.05459 -0.27261 -0.04956  0.01592 -0.03700  0.04056
                  y  -0.02908 -0.09055 -0.05427  0.07555 -0.04120  0.14656
                  z  -0.03330 -0.12808 -0.03186  0.02477 -0.01526  0.04192
 39   h           x   0.04125 -0.09304  0.02326 -0.01253  0.03437 -0.22194
                  y  -0.01745  0.02091 -0.00866  0.01699 -0.00175  0.00619
                  z  -0.03344 -0.21625 -0.06594  0.08029 -0.04504  0.12897
 40   h           x   0.01044  0.01690  0.00709  0.01139  0.00676 -0.01976
                  y  -0.04756  0.08153 -0.02191  0.02901 -0.02129  0.15254
                  z  -0.07701 -0.26156 -0.06052  0.02345 -0.03906  0.08802
 41   h           x  -0.05273  0.28308  0.05789  0.02494  0.04337 -0.06366
                  y   0.02477 -0.04987 -0.04776 -0.07123 -0.03367  0.13996
                  z   0.03066 -0.12840 -0.03199 -0.02003 -0.01523  0.04123
 42   h           x  -0.00051 -0.02816 -0.00246  0.01708 -0.00385 -0.01111
                  y   0.06764  0.07558 -0.02325 -0.02745 -0.02157  0.15604
                  z   0.07418 -0.25755 -0.05924 -0.01592 -0.03908  0.08395
 43   h           x   0.05291  0.08853 -0.02114 -0.01016 -0.03361  0.21572
                  y   0.03484  0.03518 -0.01326 -0.01924 -0.00753  0.04743
                  z   0.02651 -0.22295 -0.06834 -0.07412 -0.04472  0.12880
 44   h           x  -0.45823  0.00326 -0.00309  0.09023 -0.00389 -0.01223
                  y  -0.03840 -0.03457  0.00020  0.00747  0.01980  0.11463
                  z  -0.00141 -0.00943  0.25812 -0.00289  0.39533  0.05491
 45   h           x  -0.10418 -0.01448 -0.01707 -0.57875 -0.00730 -0.01013
                  y  -0.00930  0.02655  0.09671 -0.05140  0.12098  0.11491
                  z   0.00247 -0.25019 -0.09608  0.00347  0.03618  0.05499
 46   h           x   0.41188 -0.00298 -0.00296  0.36071 -0.01146  0.00811
                  y   0.03414  0.11061  0.11472  0.02900  0.11678 -0.05724
                  z   0.00134 -0.13303 -0.06958  0.00339  0.03621 -0.15231
 47   h           x  -0.05124 -0.00165  0.03146  0.00803 -0.01751  0.01014
                  y  -0.01607  0.00757 -0.32019  0.00990  0.14382 -0.10457
                  z  -0.02225  0.06903  0.02275  0.00209  0.07302  0.03299
 48   h           x  -0.05391  0.00249  0.02050  0.00923 -0.00503  0.00800
                  y   0.01534  0.00682 -0.31758 -0.00286  0.14264 -0.10398
                  z   0.01832  0.06879  0.02253 -0.00348  0.07303  0.03251
 49   h           x  -0.17022  0.00830 -0.00902  0.13591  0.00888  0.00565
                  y  -0.01641 -0.05776  0.12668  0.01209 -0.10689 -0.03250
                  z  -0.00001 -0.02785  0.04456 -0.00001 -0.12132 -0.03464
 50   h           x   0.10672  0.00100 -0.01276 -0.08376  0.01396 -0.00136
                  y   0.00849 -0.04023  0.12964 -0.00820 -0.15360  0.00701
                  z   0.00032  0.08358 -0.05202 -0.00089  0.03281  0.09519
 51   h           x   0.18970 -0.00578 -0.00704 -0.03203 -0.00533 -0.00815
                  y   0.01570  0.04285  0.07870 -0.00409  0.06567  0.08073
                  z   0.00046  0.10585 -0.07526 -0.00100  0.11139  0.09769
 52   h           x  -0.16204 -0.00503  0.00440  0.17157 -0.01254 -0.00974
                  y  -0.01497  0.10663 -0.01650  0.01365  0.14002  0.14365
                  z   0.00035  0.03095 -0.02435 -0.00027 -0.03456  0.03230
 53   o           x   0.00217  0.00845 -0.01306 -0.00007  0.01411 -0.00008
                  y   0.00015 -0.09218  0.14419 -0.00053 -0.15506  0.00188
                  z  -0.00158  0.08524 -0.03296 -0.00032  0.11146  0.02042
 54   h           x   0.14751  0.00368  0.00248 -0.01309  0.01011  0.00118
                  y   0.01201 -0.11248  0.21815 -0.00212 -0.21355  0.01653
                  z  -0.00460  0.00389  0.27208 -0.00227 -0.12889  0.08271

reduced mass(g/mol)     3.908    4.574    4.336    2.324    5.723    6.193


       mode              43       44       45       46       47       48

     frequency         424.43   447.47   473.37   475.24   475.92   505.61

     symmetry            a        a        a        a        a        a   

        IR               YES      YES      YES      YES      YES      YES
|dDIP/dQ|   (a.u.)     0.0019   0.0013   0.0019   0.0010   0.0005   0.0029
intensity (km/mol)       6.23     3.03     6.53     1.83     0.37    14.98
intensity (  %   )       0.15     0.07     0.16     0.04     0.01     0.36
 
       RAMAN             YES      YES      YES      YES      YES      YES
 
  1   c           x   0.08726  0.02077  0.00284 -0.00091  0.00371  0.00292
                  y   0.00818  0.00191 -0.03536  0.01818  0.00073 -0.03433
                  z  -0.00007  0.00032  0.10036 -0.10017  0.00159  0.08673
  2   c           x  -0.15702 -0.03394 -0.00808  0.00892 -0.00828 -0.01168
                  y  -0.01370 -0.00270  0.09208 -0.11826  0.00212  0.01374
                  z   0.00056  0.00023 -0.03659  0.01561  0.00066 -0.10301
  3   c           x   0.11379  0.02870 -0.01149  0.01196  0.00732  0.00169
                  y   0.00996  0.00261  0.12623 -0.11750  0.00203  0.09288
                  z   0.00040  0.00008 -0.03828  0.02995 -0.00011 -0.07531
  4   c           x   0.07863  0.00296  0.00745 -0.00948 -0.00553 -0.01425
                  y   0.00704 -0.00010 -0.08103  0.09098 -0.00242 -0.02728
                  z  -0.00028  0.00013  0.07880 -0.05990  0.00021  0.09765
  5   c           x   0.13914  0.00995 -0.00881  0.00706 -0.00115 -0.00882
                  y   0.01206  0.00084  0.09893 -0.07980  0.00030  0.09106
                  z  -0.00016 -0.00027 -0.03012  0.06604 -0.00247  0.03528
  6   c           x  -0.12105 -0.03910 -0.01097  0.00770 -0.00658  0.00114
                  y  -0.01096 -0.00309  0.12217 -0.09583  0.00010  0.02595
                  z  -0.00026 -0.00030 -0.04262  0.08542 -0.00299  0.02410
  7   c           x  -0.00076  0.02176  0.00103  0.00061  0.00718  0.00719
                  y  -0.00048  0.00226 -0.01177  0.00672  0.00103 -0.09730
                  z  -0.00040 -0.00047  0.04429  0.02464 -0.00317  0.09826
  8   c           x  -0.01614  0.15740 -0.00124  0.00526  0.03162  0.00827
                  y  -0.00168  0.01397  0.02224 -0.03233  0.00382 -0.09818
                  z   0.00017  0.00115  0.03209 -0.15113  0.00766 -0.17262
  9   c           x  -0.02917  0.12395 -0.00191  0.00394  0.01181  0.00852
                  y  -0.00292  0.01025  0.02452 -0.02920  0.00182 -0.08651
                  z   0.00022  0.00070  0.03325 -0.07246  0.00280 -0.07742
 10   c           x   0.00196  0.00602  0.00726 -0.00002  0.01052 -0.00118
                  y   0.00016  0.00026 -0.08117  0.00536  0.00383  0.01553
                  z   0.00046  0.00093  0.01831 -0.07784  0.00361 -0.01812
 11   c           x   0.02333 -0.12749 -0.00766 -0.00665 -0.09642 -0.00147
                  y   0.00240 -0.01103  0.05647  0.01983 -0.01212  0.00490
                  z  -0.00008 -0.00069  0.00810  0.01075 -0.00103 -0.01840
 12   c           x  -0.00413  0.01428 -0.00659 -0.00348 -0.00492  0.00059
                  y  -0.00032  0.00125  0.07415  0.03529 -0.00528 -0.01099
                  z  -0.00029 -0.00121  0.00460  0.07837 -0.00475  0.04524
 13   c           x   0.02172  0.00357 -0.00167  0.00050  0.00065 -0.00231
                  y   0.00142  0.00020  0.02054 -0.00542 -0.00045  0.03538
                  z  -0.00005  0.00016  0.04282 -0.05142  0.00116 -0.01381
 14   n           x   0.10597  0.01950  0.00038  0.00253  0.00499  0.01186
                  y   0.00978  0.00188 -0.00403 -0.01841  0.00163 -0.04050
                  z   0.00027  0.00033  0.05109 -0.07012  0.00189 -0.02710
 15   c           x  -0.01104  0.11028  0.00110  0.06007  0.01972  0.03035
                  y  -0.00057  0.06942  0.00111  0.03440  0.01672  0.03201
                  z   0.02447 -0.15088  0.00614 -0.00326 -0.02739  0.00663
 16   c           x  -0.01057  0.12177 -0.00032 -0.06071  0.02983 -0.03574
                  y  -0.00124 -0.04866 -0.00003  0.02187 -0.01578  0.02767
                  z  -0.02395  0.15270  0.00703  0.00192  0.02725  0.00799
 17   o           x   0.04091 -0.27364 -0.00487 -0.00002 -0.06920  0.00672
                  y   0.00378 -0.02360  0.03436 -0.04216 -0.00513 -0.06953
                  z  -0.00006  0.00038  0.00067 -0.11152  0.00656 -0.14814
 18   c           x   0.00495 -0.03756  0.02258  0.01017  0.17103 -0.00700
                  y   0.00060 -0.00324 -0.19514 -0.04586  0.02547  0.08221
                  z   0.00133  0.00351 -0.09674 -0.32051  0.02167  0.12422
 19   c           x  -0.01240  0.10358 -0.00514 -0.01118 -0.59209 -0.00002
                  y  -0.00137  0.00922 -0.13134 -0.07095 -0.04198  0.00568
                  z  -0.00101 -0.00194 -0.36741 -0.01311  0.01391  0.16738
 20   c           x  -0.00841  0.00692  0.02441  0.02194  0.64487  0.00032
                  y  -0.00104  0.00013 -0.07126 -0.01469  0.06154  0.00262
                  z   0.00013 -0.00153  0.39110  0.31888 -0.03261  0.06560
 21   n           x  -0.00245  0.01855  0.01448 -0.00352 -0.06984 -0.00562
                  y  -0.00032  0.00104 -0.18888  0.01309  0.00053  0.06326
                  z  -0.00040 -0.00093  0.07370  0.08817 -0.00779 -0.04924
 22   n           x   0.00617 -0.04898 -0.00808  0.00955  0.25170  0.00904
                  y   0.00104 -0.00261  0.17714 -0.02631  0.01613 -0.10867
                  z   0.00005 -0.00072  0.01987  0.05105 -0.00331  0.03497
 23   n           x   0.00420 -0.00357 -0.02313 -0.02427 -0.27242 -0.00380
                  y   0.00026 -0.00157  0.17045  0.16901 -0.04109  0.03817
                  z  -0.00021 -0.00035 -0.04677 -0.00429  0.00145  0.00856
 24   c           x   0.05467  0.06225  0.01080 -0.00731  0.01446  0.00180
                  y   0.00477  0.00518 -0.12086  0.09856  0.00044 -0.03479
                  z  -0.00018 -0.00061  0.00394  0.04798 -0.00300  0.10266
 25   c           x  -0.02412 -0.06054 -0.00007 -0.00488 -0.01938 -0.01107
                  y  -0.00187 -0.00556  0.00359  0.01503 -0.00300  0.12440
                  z  -0.00018 -0.00036 -0.08489  0.09039 -0.00168 -0.05041
 26   c           x  -0.00236 -0.09585 -0.01172  0.01061 -0.02744  0.00015
                  y  -0.00021 -0.00818  0.12679 -0.13703  0.00025  0.00285
                  z  -0.00011 -0.00003 -0.04665  0.01970  0.00086 -0.10307
 27   c           x  -0.00533 -0.00041 -0.00398  0.00199  0.00003 -0.00580
                  y  -0.00124 -0.00016  0.04367 -0.02059 -0.00058  0.06598
                  z  -0.00048 -0.00025 -0.01662  0.02536 -0.00079  0.01939
 28   c           x  -0.16129 -0.01564  0.00151 -0.00022  0.00142  0.00709
                  y  -0.01418 -0.00126 -0.01962  0.00923  0.00046  0.00471
                  z  -0.00020  0.00026  0.08643 -0.09535  0.00185  0.06985
 29   c           x   0.06224 -0.00065  0.00465 -0.00427 -0.00431 -0.00930
                  y   0.00600  0.00004 -0.04860  0.03686 -0.00044 -0.00973
                  z   0.00021  0.00003 -0.04416  0.02073  0.00060 -0.04425
 30   c           x   0.08038  0.01526  0.01172 -0.01180  0.00438  0.01076
                  y   0.00728  0.00102 -0.13298  0.14156 -0.00218 -0.04483
                  z   0.00017 -0.00010 -0.07069  0.05347 -0.00018 -0.05640
 31   c           x  -0.16240 -0.01953  0.01375 -0.01445 -0.00123  0.00745
                  y  -0.01464 -0.00228 -0.15342  0.15997 -0.00298 -0.07903
                  z   0.00007  0.00009 -0.01291  0.00490  0.00028  0.00280
 32   h           x  -0.54063 -0.11086 -0.00585  0.00412 -0.02480 -0.02850
                  y  -0.04773 -0.00954  0.07105 -0.10064  0.00051 -0.00622
                  z   0.00070  0.00018 -0.11772  0.08614  0.00004 -0.16783
 33   h           x  -0.07497  0.00588 -0.00989  0.00809  0.00699  0.00319
                  y  -0.00719  0.00030  0.10960 -0.07436  0.00021  0.14567
                  z   0.00082  0.00036 -0.01794 -0.01690  0.00172 -0.12645
 34   h           x  -0.34742 -0.10969 -0.00843  0.00288 -0.02380  0.00154
                  y  -0.03043 -0.00913  0.10290 -0.08154 -0.00138 -0.00226
                  z   0.00097  0.00026 -0.12671  0.15370 -0.00313 -0.10235
 35   h           x   0.08967 -0.00339 -0.00091  0.00124 -0.00305 -0.00011
                  y   0.00719  0.00013  0.00947 -0.00892  0.00020 -0.09036
                  z  -0.00071 -0.00031  0.17927 -0.07712 -0.00272  0.13415
 36   h           x   0.00073  0.00004 -0.00319 -0.00032 -0.00038 -0.00914
                  y  -0.00142  0.00030  0.02238  0.00996 -0.00107  0.08032
                  z  -0.03427 -0.00582  0.03936 -0.06328 -0.00015 -0.05359
 37   h           x   0.00078  0.00016 -0.00001 -0.00209 -0.00033 -0.00702
                  y  -0.00047 -0.00088  0.02218  0.00961 -0.00186  0.07718
                  z   0.03470  0.00639  0.03900 -0.06197  0.00400 -0.04472
 38   h           x   0.02221 -0.13258 -0.02729  0.24366 -0.02895  0.24956
                  y   0.01783 -0.01976 -0.01167  0.13269 -0.00008  0.19191
                  z   0.02492 -0.15998  0.00560 -0.00168 -0.02911  0.00520
 39   h           x  -0.02077  0.11144  0.02645 -0.00405  0.00835 -0.12647
                  y  -0.00632  0.09364  0.00519  0.00702  0.02134 -0.01611
                  z   0.04482 -0.24855 -0.00085  0.08566 -0.04851  0.14789
 40   h           x  -0.02515  0.23511  0.00394 -0.00336  0.04913 -0.01597
                  y  -0.00530  0.14407 -0.01343  0.02314  0.04272  0.07810
                  z   0.04991 -0.34688 -0.01243  0.12219 -0.06602  0.14625
 41   h           x   0.02539 -0.13030  0.02784 -0.26438  0.00045 -0.27791
                  y  -0.01345 -0.00317 -0.00793  0.08828 -0.01491  0.14744
                  z  -0.02441  0.16172  0.00667  0.00364  0.02882  0.00645
 42   h           x  -0.02569  0.25667  0.00069  0.00790  0.05550  0.00111
                  y   0.00166 -0.10027 -0.01533  0.01857 -0.03489  0.08068
                  z  -0.04920  0.34613 -0.00973  0.13092  0.05217  0.14546
 43   h           x  -0.02012  0.12692 -0.02654  0.00538  0.01351  0.12699
                  y   0.00277 -0.07245 -0.00057  0.00509 -0.02042  0.00770
                  z  -0.04426  0.25108  0.00007  0.09487  0.03834  0.15072
 44   h           x   0.09958  0.14918  0.01012 -0.00399  0.04020  0.00189
                  y   0.00865  0.01249 -0.11678  0.10123  0.00227 -0.00238
                  z   0.00017 -0.00125  0.01772  0.06425 -0.00489  0.27029
 45   h           x  -0.12319 -0.05995  0.00392 -0.00926 -0.01815 -0.00626
                  y  -0.01030 -0.00570 -0.02854  0.04520 -0.00334  0.11404
                  z   0.00002 -0.00134 -0.25250  0.25152 -0.00423 -0.09172
 46   h           x   0.07344 -0.21678 -0.01280  0.01081 -0.06526  0.00054
                  y   0.00630 -0.01870  0.12289 -0.13762 -0.00280 -0.01763
                  z  -0.00030 -0.00034 -0.06384  0.00126  0.00277 -0.24098
 47   h           x  -0.02281 -0.00313 -0.00538  0.00202 -0.00038 -0.01003
                  y  -0.02367 -0.00325  0.06269 -0.03373 -0.00099  0.08320
                  z  -0.01668 -0.00313 -0.03580  0.03646 -0.00126 -0.00448
 48   h           x  -0.02657 -0.00367 -0.00590  0.00424 -0.00054 -0.00524
                  y   0.01688  0.00229  0.06198 -0.03311 -0.00033  0.08302
                  z   0.01685  0.00281 -0.03536  0.03623 -0.00002 -0.00280
 49   h           x  -0.40678 -0.04923 -0.00383  0.00371  0.00111  0.01368
                  y  -0.03675 -0.00424  0.04596 -0.03496  0.00030  0.09200
                  z  -0.00051  0.00026  0.10715 -0.10987  0.00184  0.09736
 50   h           x   0.09286 -0.01024 -0.00226  0.00230 -0.01025 -0.02225
                  y   0.00875 -0.00057  0.03485 -0.05085  0.00059  0.04404
                  z   0.00023 -0.00020 -0.11706  0.09718 -0.00075 -0.09114
 51   h           x   0.14254  0.03121  0.01242 -0.01125  0.01168  0.02824
                  y   0.01286  0.00239 -0.14542  0.15602 -0.00184 -0.05169
                  z  -0.00003 -0.00042 -0.12249  0.11518 -0.00162 -0.09186
 52   h           x  -0.39042 -0.04150  0.02020 -0.01821  0.00225  0.03212
                  y  -0.03394 -0.00423 -0.22850  0.21839 -0.00292 -0.16672
                  z   0.00047  0.00012 -0.03404  0.02107  0.00023 -0.02587
 53   o           x  -0.00580 -0.00112 -0.00231  0.00329 -0.00030  0.00154
                  y  -0.00002  0.00019  0.02496 -0.03646  0.00106 -0.01970
                  z  -0.00035 -0.00025 -0.02679  0.03173 -0.00075  0.01155
 54   h           x   0.03005  0.00451 -0.00284  0.00379  0.00079  0.00232
                  y   0.00330  0.00078  0.02419 -0.04336  0.00158 -0.03876
                  z   0.00059  0.00015 -0.03150  0.00455  0.00098 -0.06862

reduced mass(g/mol)     2.907    4.071    8.640    6.786   11.976    4.528


       mode              49       50       51       52       53       54

     frequency         507.35   512.66   543.82   546.40   549.34   556.40

     symmetry            a        a        a        a        a        a   

        IR               YES      YES      YES      YES      YES      YES
|dDIP/dQ|   (a.u.)     0.0001   0.0073   0.0027   0.0011   0.0008   0.0005
intensity (km/mol)       0.02    93.43    12.76     2.31     1.28     0.47
intensity (  %   )       0.00     2.27     0.31     0.06     0.03     0.01
 
       RAMAN             YES      YES      YES      YES      YES      YES
 
  1   c           x   0.01073  0.00574  0.00853  0.01239  0.00208  0.24970
                  y   0.00258 -0.03801 -0.09560  0.00149 -0.00852  0.02292
                  z  -0.00248 -0.11476 -0.03953  0.00005 -0.02388  0.00042
  2   c           x  -0.16199 -0.01177  0.01802 -0.00044  0.00457  0.03486
                  y  -0.01586  0.11817 -0.19928  0.00050 -0.04743  0.00300
                  z   0.00357  0.18154  0.06230 -0.00015  0.03061 -0.00108
  3   c           x   0.15949 -0.01472  0.00434  0.00146  0.00438 -0.01704
                  y   0.00894  0.18370 -0.05462 -0.00001 -0.05249 -0.00253
                  z   0.00219  0.19858  0.10439 -0.00036  0.02484 -0.00137
  4   c           x  -0.27662 -0.01006 -0.00614  0.00229  0.00003  0.05568
                  y  -0.02428  0.07798  0.07272 -0.00009  0.00439  0.00425
                  z  -0.00322 -0.11168  0.04377 -0.00024 -0.01178  0.00010
  5   c           x  -0.02167 -0.01138 -0.00073 -0.00680  0.00205 -0.12654
                  y  -0.00659  0.10733  0.00884 -0.00086 -0.03136 -0.01182
                  z  -0.00136 -0.01483  0.13203 -0.00048  0.00739 -0.00029
  6   c           x   0.06996 -0.00152 -0.00989 -0.00031 -0.00385  0.01457
                  y   0.00490  0.02620  0.11369 -0.00026  0.04429  0.00189
                  z  -0.00096 -0.03411  0.14249 -0.00042  0.02127  0.00027
  7   c           x  -0.03369  0.00220 -0.01107 -0.00237 -0.00521  0.03527
                  y   0.00189 -0.02300  0.12437 -0.00036  0.06448  0.00303
                  z  -0.00485  0.02949  0.08593 -0.00031 -0.00224  0.00074
  8   c           x  -0.00784  0.00161  0.00480 -0.03228 -0.01500 -0.00071
                  y   0.00407 -0.01784 -0.05910 -0.00047  0.17303 -0.00095
                  z   0.00856 -0.05477  0.05612 -0.00273 -0.10697  0.00013
  9   c           x   0.00451  0.00163  0.00257  0.13915 -0.00623  0.00221
                  y   0.00457 -0.01563 -0.02436  0.01275  0.06828 -0.00012
                  z   0.00370 -0.00833 -0.05633  0.00012  0.01334 -0.00023
 10   c           x  -0.00118 -0.00043  0.00067  0.21747  0.00428 -0.00166
                  y  -0.00093  0.00495  0.00059  0.01839 -0.06148  0.00004
                  z   0.00105 -0.00576 -0.02713  0.00034  0.03766 -0.00019
 11   c           x   0.00014 -0.00069  0.00335  0.48117 -0.00575 -0.00743
                  y  -0.00022  0.00299 -0.02013  0.04296  0.03510 -0.00085
                  z   0.00092 -0.00449  0.00137  0.00055 -0.02957  0.00001
 12   c           x  -0.00034  0.00022 -0.00029  0.15905 -0.00002 -0.00321
                  y   0.00047 -0.00434  0.00980  0.01384 -0.01325 -0.00022
                  z  -0.00218  0.01080  0.00060  0.00115  0.00780 -0.00000
 13   c           x   0.00909  0.00464 -0.00023 -0.00057  0.00024 -0.01591
                  y  -0.00051 -0.05538  0.00285 -0.00007 -0.00378 -0.00113
                  z  -0.00016  0.11859  0.01900 -0.00010  0.00482 -0.00045
 14   n           x   0.12663 -0.00431  0.01067 -0.00633  0.00053 -0.15599
                  y   0.01264  0.05424 -0.12152 -0.00014 -0.01536 -0.01386
                  z   0.00037  0.14935  0.00704 -0.00007  0.00375 -0.00063
 15   c           x  -0.00780  0.01894 -0.07466 -0.02647  0.18646 -0.00146
                  y  -0.00789  0.01223 -0.03723 -0.03799  0.09857 -0.00100
                  z   0.00355 -0.00422  0.03367  0.00354 -0.06638  0.00106
 16   c           x  -0.00532 -0.02051  0.07896 -0.03989 -0.20040 -0.00009
                  y   0.00377  0.00902 -0.02292  0.03528  0.06325  0.00026
                  z  -0.00434 -0.00361  0.03286 -0.00593 -0.06705 -0.00050
 17   o           x   0.00822  0.00144  0.00310 -0.20739 -0.00650  0.00412
                  y   0.00419 -0.01545 -0.03972 -0.01699  0.09159 -0.00022
                  z   0.00737 -0.04403  0.02545 -0.00145 -0.05092 -0.00012
 18   c           x   0.00137 -0.00096 -0.00700 -0.57163  0.01694  0.00417
                  y  -0.00379  0.01169  0.05961 -0.05314 -0.16055  0.00111
                  z  -0.00474 -0.00950  0.11920  0.00020  0.19551 -0.00019
 19   c           x   0.00355 -0.00007 -0.00051 -0.36558 -0.00006  0.00559
                  y   0.00008  0.00242 -0.00592 -0.03212  0.02201  0.00043
                  z  -0.00802  0.05083 -0.05033  0.00159  0.12903 -0.00029
 20   c           x  -0.00302  0.00014 -0.00085 -0.14513  0.00282  0.00353
                  y  -0.00038  0.00152  0.00263 -0.01251 -0.01897  0.00036
                  z  -0.00339  0.01016  0.04088  0.00009  0.00712  0.00022
 21   n           x  -0.00010 -0.00137 -0.00308  0.21019  0.01808 -0.00161
                  y  -0.00325  0.01459  0.04163  0.01580 -0.21611  0.00071
                  z   0.00207 -0.00137 -0.03866  0.00055 -0.00404 -0.00012
 22   n           x  -0.00181  0.00261 -0.00210  0.14001  0.00539 -0.00213
                  y   0.00511 -0.03217  0.02934  0.01010 -0.07219 -0.00001
                  z  -0.00172  0.01035 -0.00860  0.00124  0.01895 -0.00004
 23   n           x   0.00134 -0.00070 -0.00203  0.06253  0.00059 -0.00143
                  y  -0.00185  0.00642  0.02573  0.00620 -0.01146  0.00003
                  z  -0.00041  0.00245  0.00368  0.00047 -0.00986  0.00003
 24   c           x  -0.02692 -0.00235  0.01273  0.00970  0.00512 -0.01260
                  y  -0.00128  0.02390 -0.14792  0.00116 -0.05625 -0.00157
                  z  -0.00542  0.04371 -0.04289 -0.00000 -0.04129  0.00057
 25   c           x   0.02597 -0.00454  0.00464  0.00533  0.00355 -0.00835
                  y  -0.00397  0.04593 -0.04067  0.00030 -0.05580 -0.00034
                  z   0.00148  0.03395 -0.18139  0.00057 -0.04298 -0.00028
 26   c           x   0.00383  0.00164 -0.00784 -0.02429 -0.00613  0.00488
                  y   0.00080 -0.01774  0.08981 -0.00218  0.07219  0.00069
                  z   0.00434  0.00487 -0.14825  0.00059  0.00579 -0.00042
 27   c           x   0.00028  0.00752 -0.00231  0.00017  0.00050  0.00303
                  y  -0.00241 -0.08881  0.02767 -0.00012 -0.00492  0.00071
                  z  -0.00066 -0.06636 -0.02339  0.00009 -0.00682  0.00043
 28   c           x   0.13215  0.02046  0.00309  0.00221 -0.00045  0.05203
                  y   0.01310 -0.20135 -0.03587  0.00043  0.00768  0.00575
                  z  -0.00175 -0.10287 -0.11999  0.00031 -0.03891  0.00034
 29   c           x  -0.17968  0.01910  0.00188 -0.00571 -0.00213 -0.11239
                  y  -0.01422 -0.24641 -0.01569 -0.00031  0.01858 -0.00891
                  z   0.00217 -0.08142 -0.08497  0.00039  0.00208  0.00055
 30   c           x   0.11883  0.01085 -0.01481  0.00838 -0.00313  0.16833
                  y   0.01341 -0.09110  0.15909  0.00031  0.04259  0.01485
                  z   0.00244 -0.03081 -0.02471  0.00018  0.01141  0.00023
 31   c           x   0.00356 -0.00694 -0.01098 -0.00533 -0.00297 -0.11315
                  y   0.00333  0.07105  0.12262 -0.00086  0.02804 -0.01115
                  z   0.00082 -0.15023  0.01129  0.00005  0.01592  0.00059
 32   h           x  -0.44609 -0.01167  0.01946  0.00803  0.00549  0.25841
                  y  -0.04018  0.09780 -0.20574  0.00132 -0.04198  0.02302
                  z   0.00691  0.08635  0.03975  0.00011  0.05146 -0.00041
 33   h           x   0.26903 -0.00709 -0.00251  0.01658  0.00587  0.22732
                  y   0.01682  0.12877  0.02497  0.00101 -0.05748  0.01925
                  z   0.00386  0.25893  0.01895 -0.00002  0.02872 -0.00148
 34   h           x   0.04354  0.00245 -0.01254  0.01866 -0.00570  0.20070
                  y   0.00396  0.01223  0.13465  0.00137  0.05826  0.01803
                  z   0.00507 -0.09925  0.24714 -0.00052  0.08895 -0.00001
 35   h           x  -0.14776  0.00080 -0.01274 -0.02104 -0.00638  0.02325
                  y  -0.00818 -0.01935  0.14514 -0.00200  0.07255  0.00216
                  z  -0.00618  0.05468  0.25321 -0.00067  0.06098  0.00166
 36   h           x  -0.02539  0.01208 -0.00399  0.00227  0.00055  0.04947
                  y   0.01167 -0.16015  0.01203  0.00014 -0.00847  0.00494
                  z  -0.06619  0.19681  0.00737  0.00482  0.00846  0.11178
 37   h           x  -0.02282  0.01535  0.00209  0.00226  0.00132  0.04968
                  y  -0.01982 -0.15804  0.01214  0.00009 -0.00823  0.00388
                  z   0.06690  0.19565  0.00746 -0.00488  0.00733 -0.11204
 38   h           x  -0.01018  0.08854 -0.14827 -0.06144  0.32057 -0.00025
                  y  -0.01553  0.05655 -0.04787 -0.07278  0.08950 -0.00010
                  z   0.00433 -0.00399  0.03056  0.00369 -0.06122  0.00108
 39   h           x   0.00467 -0.01553 -0.13145  0.06900  0.38104 -0.00217
                  y  -0.00518 -0.00020 -0.03988 -0.02492  0.11412 -0.00131
                  z  -0.00342  0.03427  0.02253 -0.02249 -0.05474  0.00203
 40   h           x  -0.01120 -0.00073 -0.02316 -0.03759  0.05700 -0.00198
                  y  -0.01546  0.01653  0.02504 -0.10889 -0.09265 -0.00097
                  z   0.00390  0.04162 -0.02205 -0.03397  0.04337  0.00211
 41   h           x   0.01495 -0.09656  0.15344 -0.08737 -0.33074  0.00148
                  y  -0.00070  0.04075 -0.02071  0.06351  0.03084  0.00033
                  z  -0.00500 -0.00341  0.02981 -0.00593 -0.06178 -0.00058
 42   h           x  -0.01389 -0.00189  0.01665 -0.05769 -0.03933 -0.00175
                  y   0.00558  0.01640  0.03038  0.09816 -0.10253  0.00164
                  z  -0.01852  0.04178 -0.02272  0.03632  0.04213 -0.00195
 43   h           x  -0.00837  0.01550  0.13617  0.05138 -0.39531  0.00132
                  y   0.00527  0.00273 -0.01521  0.03850  0.04418  0.00051
                  z  -0.01132  0.03550  0.02086  0.02167 -0.05544 -0.00097
 44   h           x   0.01086 -0.00305  0.01311  0.00881  0.00742 -0.06621
                  y   0.00036  0.03399 -0.15993  0.00105 -0.07088 -0.00605
                  z  -0.01378  0.10082 -0.14152 -0.00006 -0.12782  0.00103
 45   h           x   0.08701 -0.00451  0.00934  0.07157  0.00544  0.00123
                  y   0.00158  0.05163 -0.08343  0.00609 -0.06819  0.00032
                  z   0.00244  0.06775 -0.39593  0.00116 -0.12217 -0.00100
 46   h           x  -0.04720  0.00207 -0.00796 -0.04474 -0.00567  0.01408
                  y  -0.00265 -0.02208  0.08454 -0.00391  0.08040  0.00142
                  z   0.01085 -0.02828 -0.17415  0.00095  0.06505 -0.00089
 47   h           x  -0.00604  0.01377 -0.00223  0.00062  0.00119  0.01564
                  y  -0.00566 -0.09485  0.04109  0.00050 -0.00527  0.01916
                  z  -0.01091 -0.04671 -0.03640  0.00049 -0.00540  0.01056
 48   h           x  -0.00657  0.00180 -0.00428  0.00073  0.00005  0.01875
                  y  -0.00192 -0.09523  0.04010 -0.00074 -0.00552 -0.01481
                  z   0.01164 -0.04629 -0.03647 -0.00021 -0.00557 -0.01023
 49   h           x   0.34307  0.02530 -0.00369 -0.01427 -0.00195 -0.29762
                  y   0.02957 -0.27796  0.02873 -0.00138 -0.00057 -0.02583
                  z  -0.00237 -0.13230 -0.09981  0.00020 -0.04125  0.00012
 50   h           x  -0.34372  0.01769  0.01148 -0.02515 -0.00141 -0.51627
                  y  -0.03080 -0.29368 -0.11872 -0.00178 -0.01254 -0.04490
                  z   0.00368 -0.04505  0.00443  0.00015  0.02906  0.00005
 51   h           x   0.39500  0.01055 -0.01649  0.00802 -0.00359  0.14729
                  y   0.03849 -0.05084  0.17384  0.00021  0.04276  0.01268
                  z   0.00299  0.16960  0.04239 -0.00014  0.00988 -0.00110
 52   h           x   0.25455 -0.01065 -0.00677 -0.02412 -0.00668 -0.50431
                  y   0.02811  0.11736  0.08091 -0.00219  0.04365 -0.04454
                  z   0.00149 -0.13359 -0.00255  0.00017  0.02148  0.00119
 53   o           x  -0.00326 -0.00762 -0.00226  0.00007 -0.00055  0.00171
                  y   0.00023  0.08284  0.02448 -0.00011  0.00633 -0.00026
                  z  -0.00037 -0.06466 -0.04366  0.00016 -0.00965  0.00049
 54   h           x   0.01187 -0.00803 -0.00284 -0.00063 -0.00074 -0.01295
                  y   0.00215  0.12741  0.02780 -0.00018  0.00963 -0.00174
                  z   0.00220  0.11937 -0.03265  0.00012  0.00364 -0.00038

reduced mass(g/mol)     3.449    5.610    5.233   11.550    4.823    2.898


       mode              55       56       57       58       59       60

     frequency         597.13   601.67   616.39   635.16   666.38   668.78

     symmetry            a        a        a        a        a        a   

        IR               YES      YES      YES      YES      YES      YES
|dDIP/dQ|   (a.u.)     0.0011   0.0005   0.0004   0.0028   0.0001   0.0037
intensity (km/mol)       2.35     0.51     0.31    13.68     0.03    23.78
intensity (  %   )       0.06     0.01     0.01     0.33     0.00     0.58
 
       RAMAN             YES      YES      YES      YES      YES      YES
 
  1   c           x   0.01701 -0.00156  0.00055  0.00926  0.07999 -0.00050
                  y  -0.16955  0.00201 -0.00586 -0.10859  0.00757  0.01166
                  z   0.10499 -0.00121  0.00392 -0.10102  0.00014  0.00850
  2   c           x   0.01135  0.00342  0.00019 -0.00170 -0.14169  0.00056
                  y  -0.12792  0.00180 -0.00197  0.01319 -0.01260 -0.01697
                  z  -0.04775  0.00055 -0.00271  0.02601  0.00002  0.00880
  3   c           x  -0.01405 -0.00246 -0.00066  0.00243  0.09613  0.00216
                  y   0.15974 -0.00216  0.00752 -0.02352  0.00835 -0.01782
                  z   0.02990 -0.00031  0.00004 -0.03242 -0.00002  0.00881
  4   c           x  -0.00250 -0.00689 -0.00008  0.01412  0.00051 -0.00130
                  y   0.03469 -0.00086  0.00053 -0.17135  0.00024  0.01583
                  z   0.14857 -0.00170  0.00454 -0.07120  0.00005  0.00385
  5   c           x  -0.01306  0.00782 -0.00045  0.00160 -0.24891 -0.00107
                  y   0.13902 -0.00093  0.00541 -0.02670 -0.02216 -0.00635
                  z   0.05165 -0.00032 -0.00090 -0.19742  0.00023  0.01705
  6   c           x   0.01253  0.01290  0.00088 -0.01107  0.02945 -0.00157
                  y  -0.14336  0.00294 -0.00938  0.13726  0.00237  0.02011
                  z  -0.06245  0.00108 -0.00490 -0.13538  0.00036  0.01177
  7   c           x   0.00795 -0.01683  0.00032  0.00293  0.04610 -0.00138
                  y  -0.08894 -0.00038 -0.00505 -0.03636  0.00429  0.01933
                  z  -0.13879  0.00194 -0.00865  0.04323  0.00003  0.00284
  8   c           x  -0.00330  0.07817  0.00131  0.00484 -0.00117  0.01099
                  y   0.04589  0.00649 -0.01361 -0.05551  0.00033 -0.12506
                  z   0.02008 -0.00099  0.04152 -0.04307  0.00029 -0.06714
  9   c           x  -0.00271 -0.33970 -0.00061 -0.00034  0.01169  0.00537
                  y  -0.00176 -0.02982 -0.00189  0.00304  0.00123 -0.07689
                  z   0.02292 -0.00074  0.00389  0.03873 -0.00033  0.08716
 10   c           x  -0.00260 -0.27812 -0.00023 -0.00088 -0.01103 -0.00436
                  y   0.00422 -0.02464 -0.00061  0.00684 -0.00112  0.04848
                  z   0.01848 -0.00029 -0.00901  0.02890 -0.00039  0.11014
 11   c           x  -0.00045  0.19915 -0.00103 -0.00057 -0.00413 -0.02498
                  y   0.02206  0.01718  0.01928  0.00710 -0.00120  0.29115
                  z   0.01037  0.00037 -0.04924 -0.00132  0.00007 -0.01879
 12   c           x   0.00218  0.27459  0.00034  0.00035  0.01349 -0.00088
                  y  -0.00242  0.02422  0.00445  0.00014  0.00118  0.00002
                  z  -0.00055  0.00120 -0.07530  0.00033  0.00008 -0.00998
 13   c           x  -0.00015 -0.00071  0.00002  0.00191  0.01652 -0.00005
                  y   0.00310 -0.00007 -0.00023 -0.02075  0.00156  0.00183
                  z   0.09189 -0.00131  0.00439  0.16131 -0.00035 -0.01628
 14   n           x   0.01659 -0.00342  0.00054  0.00709  0.07579  0.00014
                  y  -0.19512  0.00212 -0.00625 -0.06601  0.00706  0.00349
                  z   0.06633 -0.00095  0.00350  0.12169 -0.00032 -0.01202
 15   c           x   0.02205  0.09707 -0.04646 -0.01387 -0.00177 -0.11729
                  y   0.01385  0.09128 -0.02724 -0.01136 -0.00176 -0.07425
                  z  -0.01087 -0.05899  0.02403  0.00260  0.00080  0.05536
 16   c           x  -0.02215  0.11071  0.05079  0.01586 -0.00273  0.12929
                  y   0.00826 -0.07278 -0.01886 -0.00842  0.00172 -0.05223
                  z  -0.01003  0.05902  0.02415  0.00327 -0.00114  0.05678
 17   o           x  -0.00563 -0.11561 -0.00393  0.00231  0.00200 -0.03021
                  y   0.05330 -0.01119  0.04125 -0.02702 -0.00073  0.34077
                  z   0.03808 -0.00102  0.01314 -0.05759  0.00037 -0.07445
 18   c           x   0.00504  0.27121  0.00092 -0.00096  0.00730  0.01175
                  y  -0.03172  0.02452 -0.00686  0.01250  0.00101 -0.13421
                  z  -0.04884  0.00148 -0.03268 -0.04388  0.00062 -0.18602
 19   c           x  -0.00099 -0.22426 -0.04958  0.00007 -0.00704  0.00336
                  y  -0.00703 -0.02044  0.53886 -0.00405 -0.00051 -0.03538
                  z  -0.00707 -0.00066  0.29047  0.01066 -0.00036  0.11046
 20   c           x  -0.00256 -0.27281  0.03998  0.00002 -0.00881  0.00040
                  y   0.00680 -0.02357 -0.48032 -0.00329 -0.00079  0.00348
                  z  -0.03780 -0.00058  0.34962 -0.00759  0.00034 -0.12643
 21   n           x   0.00152 -0.09671 -0.00006 -0.00213 -0.00238  0.01060
                  y  -0.02607 -0.00830 -0.00042  0.02322  0.00008 -0.11926
                  z   0.01661 -0.00040  0.00556  0.00581 -0.00020  0.06293
 22   n           x   0.00056  0.08260 -0.01335  0.00091  0.00240  0.00824
                  y   0.00049  0.00651  0.16972 -0.00992  0.00051 -0.09832
                  z   0.00246  0.00083 -0.27374  0.00579 -0.00017  0.05768
 23   n           x   0.00212  0.09709  0.02042  0.00074  0.00284  0.00613
                  y  -0.01558  0.00939 -0.21533 -0.00717  0.00046 -0.07026
                  z   0.00036  0.00072 -0.24691 -0.00215  0.00005 -0.01305
 24   c           x  -0.01017 -0.03937 -0.00107  0.00316 -0.02158  0.00387
                  y   0.11209 -0.00489  0.01059 -0.03712 -0.00165 -0.04660
                  z  -0.07429  0.00102 -0.00118  0.08668 -0.00014 -0.02876
 25   c           x   0.00157  0.05499  0.00075 -0.00496 -0.00841 -0.00093
                  y  -0.01468  0.00520 -0.00297  0.05522 -0.00089  0.00908
                  z   0.05188 -0.00111  0.01019  0.04434  0.00003 -0.05693
 26   c           x   0.00830  0.08339  0.00066 -0.00496  0.00612 -0.00280
                  y  -0.08735  0.00824 -0.00648  0.05779  0.00033  0.03780
                  z   0.04827 -0.00107  0.00982  0.04694 -0.00006 -0.03380
 27   c           x  -0.00697  0.00018 -0.00021  0.00071 -0.00058 -0.00002
                  y   0.07836 -0.00092  0.00242 -0.00996 -0.00006  0.00038
                  z  -0.02709  0.00037 -0.00109 -0.03715  0.00005  0.00268
 28   c           x   0.00155  0.00767  0.00007 -0.00712 -0.09297 -0.00025
                  y  -0.01919  0.00081 -0.00058  0.08302 -0.00840 -0.00446
                  z  -0.02045  0.00045 -0.00053 -0.27963  0.00037  0.02816
 29   c           x   0.00006 -0.00960 -0.00007 -0.01467  0.12688  0.00191
                  y   0.00065 -0.00107  0.00025  0.17049  0.01132 -0.01190
                  z  -0.11029  0.00123 -0.00324  0.06770  0.00019 -0.00453
 30   c           x  -0.01344  0.00862 -0.00040 -0.01087 -0.10269 -0.00010
                  y   0.15464 -0.00122  0.00467  0.11079 -0.00977 -0.00559
                  z  -0.05416  0.00055 -0.00138  0.08331 -0.00005 -0.00698
 31   c           x  -0.00426 -0.00499 -0.00007  0.01172  0.11610 -0.00076
                  y   0.03238 -0.00073 -0.00008 -0.11660  0.01047  0.01729
                  z   0.07302 -0.00114  0.00314  0.24580 -0.00042 -0.02442
 32   h           x   0.01745  0.00703  0.00041  0.00004  0.01681  0.00131
                  y  -0.18351  0.00283 -0.00432 -0.01018  0.00165 -0.01169
                  z  -0.25207  0.00312 -0.01141 -0.05863  0.00055  0.02894
 33   h           x  -0.02385 -0.00702 -0.00100  0.01445  0.64797  0.00547
                  y   0.29210 -0.00404  0.01156 -0.14942  0.05789 -0.01254
                  z  -0.11293  0.00130 -0.00438  0.09826 -0.00069  0.00337
 34   h           x   0.01848  0.03380  0.00131 -0.01277  0.30225 -0.00029
                  y  -0.16559  0.00502 -0.01058  0.13403  0.02591  0.02469
                  z  -0.20173  0.00265 -0.01226 -0.15100 -0.00075  0.03347
 35   h           x   0.01177  0.04488  0.00083 -0.00109 -0.07665 -0.00266
                  y  -0.12407  0.00535 -0.00741 -0.00579 -0.00621  0.02480
                  z  -0.36393  0.00492 -0.02489  0.20736  0.00016  0.04698
 36   h           x  -0.00793  0.00066 -0.00018 -0.00011 -0.01512 -0.00025
                  y   0.03260  0.00075  0.00018 -0.06160 -0.02939  0.00557
                  z   0.06156  0.00054  0.00394  0.18453 -0.03395 -0.01932
 37   h           x   0.00470  0.00066  0.00023  0.01140 -0.01993 -0.00115
                  y   0.03134 -0.00122  0.00013 -0.06139  0.02608  0.00602
                  z   0.05993 -0.00246  0.00388  0.18488  0.03327 -0.01875
 38   h           x  -0.00370  0.03435 -0.09370  0.05061 -0.00154  0.00979
                  y  -0.02331  0.12048 -0.04032  0.06165 -0.00364  0.13440
                  z  -0.00942 -0.06669  0.02349  0.00094  0.00100  0.04790
 39   h           x   0.08152 -0.04779 -0.06351 -0.10283  0.00272 -0.35883
                  y   0.02755  0.08158 -0.02621 -0.03501 -0.00104 -0.14263
                  z  -0.04456 -0.06186  0.01167  0.06694 -0.00081  0.24342
 40   h           x   0.01574  0.18461 -0.02079 -0.01444 -0.00332 -0.10132
                  y  -0.01909  0.23222 -0.00202  0.03207 -0.00503  0.04637
                  z  -0.02592 -0.11702 -0.00923  0.04164  0.00118  0.12473
 41   h           x   0.00839  0.05130  0.09939 -0.05966 -0.00165 -0.03085
                  y  -0.02427 -0.11166 -0.02369  0.05171  0.00242  0.12887
                  z  -0.00850  0.06677  0.02362  0.00164 -0.00129  0.04950
 42   h           x  -0.00817  0.22221  0.02139  0.00870 -0.00465  0.09208
                  y  -0.02512 -0.19526  0.00119  0.03417  0.00390  0.06305
                  z  -0.02383  0.11909 -0.00882  0.04174 -0.00211  0.12471
 43   h           x  -0.08536 -0.03152  0.06693  0.10720  0.00012  0.37702
                  y   0.01093 -0.08899 -0.01483 -0.01600  0.00197 -0.07662
                  z  -0.04349  0.06341  0.01153  0.06759 -0.00081  0.24321
 44   h           x  -0.01132 -0.12470 -0.00153  0.00228 -0.07329  0.00353
                  y   0.11019 -0.01208  0.01012 -0.02041 -0.00613 -0.04959
                  z  -0.06640  0.00134 -0.00176  0.18888 -0.00056 -0.05060
 45   h           x  -0.00366 -0.10812 -0.00030 -0.00288  0.03709  0.00144
                  y   0.01877 -0.00916 -0.00065  0.04584  0.00304 -0.00831
                  z   0.21392 -0.00305  0.02380 -0.00282  0.00020 -0.15335
 46   h           x   0.00963  0.29678  0.00085 -0.00467 -0.00859 -0.00026
                  y  -0.08348  0.02662 -0.00505  0.05441 -0.00089  0.02254
                  z   0.07858 -0.00151  0.01829  0.01652  0.00024 -0.12275
 47   h           x  -0.00932  0.00097 -0.00029  0.00267 -0.01860 -0.00018
                  y   0.12512 -0.00026  0.00417  0.02376 -0.03467 -0.00354
                  z  -0.07404  0.00142 -0.00278 -0.06244 -0.00718  0.00558
 48   h           x  -0.01159  0.00122 -0.00039 -0.00653 -0.02442  0.00037
                  y   0.12172 -0.00257  0.00402  0.02073  0.03039 -0.00270
                  z  -0.07334  0.00049 -0.00275 -0.06147  0.00771  0.00557
 49   h           x  -0.01807  0.01890 -0.00046 -0.00149 -0.36454 -0.00257
                  y   0.16577 -0.00034  0.00535 -0.00967 -0.03316  0.00490
                  z   0.04106 -0.00026  0.00147 -0.30778  0.00010  0.03127
 50   h           x   0.00415 -0.01931  0.00006  0.00124  0.11118  0.00028
                  y  -0.05949 -0.00107 -0.00169 -0.00872  0.01028  0.00558
                  z  -0.05660  0.00045 -0.00149  0.22345 -0.00015 -0.01962
 51   h           x  -0.01308  0.02233 -0.00028 -0.00765 -0.39749 -0.00259
                  y   0.15685  0.00004  0.00459  0.05711 -0.03637 -0.00016
                  z  -0.04508  0.00071 -0.00190 -0.18032 -0.00006  0.01990
 52   h           x   0.01416 -0.00331  0.00070  0.00991  0.00615 -0.00229
                  y  -0.16540  0.00180 -0.00740 -0.10051  0.00116  0.02381
                  z  -0.00009 -0.00026  0.00035  0.25090 -0.00024 -0.02176
 53   o           x  -0.00426  0.00013 -0.00017 -0.00507 -0.00140  0.00038
                  y   0.04529 -0.00061  0.00186  0.05415 -0.00024 -0.00438
                  z  -0.06571  0.00086 -0.00232 -0.06217  0.00015  0.00396
 54   h           x  -0.00537 -0.00024 -0.00021 -0.00660  0.01308  0.00062
                  y   0.04720 -0.00070  0.00210  0.08117  0.00094 -0.00654
                  z  -0.06357  0.00070 -0.00157  0.04583 -0.00014 -0.00465

reduced mass(g/mol)     4.888    7.829   12.054    5.938    2.758    6.349


       mode              61       62       63       64       65       66

     frequency         690.97   724.36   756.57   777.34   780.48   784.42

     symmetry            a        a        a        a        a        a   

        IR               YES      YES      YES      YES      YES      YES
|dDIP/dQ|   (a.u.)     0.0018   0.0027   0.0003   0.0058   0.0010   0.0021
intensity (km/mol)       5.89    12.59     0.16    59.03     1.88     7.84
intensity (  %   )       0.14     0.31     0.00     1.44     0.05     0.19
 
       RAMAN             YES      YES      YES      YES      YES      YES
 
  1   c           x   0.00088 -0.00055 -0.00275  0.10806 -0.05623 -0.00307
                  y   0.00007  0.00875  0.02121  0.00970 -0.00500  0.00339
                  z  -0.00021  0.06691  0.08066  0.00008 -0.00033 -0.00606
  2   c           x  -0.01442  0.00654  0.00881 -0.02599 -0.03638  0.00133
                  y  -0.00117 -0.07412 -0.10088 -0.00142 -0.00433 -0.03993
                  z   0.00003  0.00093 -0.05011 -0.00006  0.00075  0.03810
  3   c           x   0.00948  0.00526  0.01570 -0.02224 -0.00581 -0.00126
                  y   0.00082 -0.05822 -0.17614 -0.00269 -0.00014  0.00360
                  z  -0.00002 -0.01353 -0.13849 -0.00060  0.00112  0.05050
  4   c           x  -0.00387 -0.00460 -0.00550  0.03651  0.04664  0.00330
                  y  -0.00056  0.05503  0.06379  0.00315  0.00413 -0.00133
                  z  -0.00011 -0.00173 -0.07246  0.00013 -0.00031 -0.00113
  5   c           x  -0.01590  0.00115  0.00490 -0.01627  0.00369 -0.00101
                  y  -0.00144 -0.01490 -0.05272 -0.00193  0.00073  0.01337
                  z  -0.00007 -0.04088 -0.13760 -0.00038 -0.00003  0.00156
  6   c           x   0.01273 -0.00049 -0.01064  0.00152 -0.01944 -0.00578
                  y   0.00128  0.00503  0.11823  0.00031 -0.00101  0.05235
                  z   0.00008 -0.06677 -0.10604 -0.00005 -0.00030 -0.01229
  7   c           x  -0.02707 -0.00333  0.00347  0.00666 -0.02048  0.00150
                  y  -0.00242  0.03923 -0.03933  0.00071 -0.00186 -0.00817
                  z   0.00033 -0.09074  0.04927  0.00016  0.00011  0.01588
  8   c           x   0.02783  0.00916 -0.00273 -0.00003 -0.00507  0.00749
                  y   0.00308 -0.10577  0.03157  0.00009 -0.00101 -0.08503
                  z   0.00055 -0.09593  0.02876  0.00006 -0.00035 -0.03640
  9   c           x  -0.42085 -0.01221  0.00542 -0.00020 -0.23042  0.01956
                  y  -0.03676  0.12825 -0.05907  0.00006 -0.02154 -0.20424
                  z  -0.00081  0.17699 -0.05735 -0.00020  0.00062  0.13000
 10   c           x   0.17655 -0.00034  0.00032 -0.00014  0.37625 -0.00514
                  y   0.01529  0.00873 -0.00471 -0.00004  0.03351  0.02346
                  z  -0.00067  0.13807 -0.04567 -0.00026  0.00175  0.22325
 11   c           x   0.20489  0.00366 -0.00047  0.00019 -0.44037  0.00124
                  y   0.01715 -0.04060  0.00507  0.00001 -0.03855  0.02028
                  z   0.00000  0.03718 -0.01098 -0.00018  0.00080  0.19450
 12   c           x  -0.33148 -0.00117  0.00043 -0.00014  0.28371 -0.00376
                  y  -0.02926  0.00773 -0.00378 -0.00003  0.02503  0.00777
                  z  -0.00119  0.01739 -0.00582 -0.00010  0.00172  0.11067
 13   c           x   0.00157  0.00074  0.00235 -0.01010  0.00382 -0.00009
                  y   0.00014 -0.00748 -0.02548 -0.00104  0.00032  0.00388
                  z   0.00001  0.04724  0.23358  0.00032 -0.00075 -0.05344
 14   n           x   0.00830  0.00386  0.00819 -0.01737  0.02298  0.00136
                  y   0.00082 -0.04316 -0.08390 -0.00113  0.00173 -0.00328
                  z   0.00000  0.02137  0.08921  0.00021 -0.00026 -0.01944
 15   c           x   0.07555  0.00799  0.00530 -0.00004  0.03751  0.16542
                  y   0.06238 -0.01464  0.01042 -0.00004  0.02417  0.08528
                  z  -0.04155 -0.02009  0.00292  0.00003 -0.02359 -0.08266
 16   c           x   0.08445 -0.00468 -0.00716  0.00024  0.03835 -0.17832
                  y  -0.04819 -0.01546  0.00923 -0.00005 -0.01668  0.05554
                  z   0.04162 -0.01889  0.00263  0.00012  0.02246 -0.08250
 17   o           x  -0.07386  0.01588 -0.00454 -0.00008  0.08954  0.00167
                  y  -0.00711 -0.18106  0.05157  0.00009  0.00802 -0.02615
                  z   0.00034 -0.16141  0.05860 -0.00004  0.00144  0.16211
 18   c           x  -0.11146 -0.00337  0.00036  0.00008 -0.14403 -0.00224
                  y  -0.00957  0.03412 -0.00325 -0.00003 -0.01274  0.03804
                  z   0.00087 -0.05747  0.01154  0.00015 -0.00104 -0.15877
 19   c           x   0.15609 -0.00004 -0.00012  0.00007 -0.10060 -0.00152
                  y   0.01386  0.00238  0.00096 -0.00002 -0.00871  0.03079
                  z   0.00036 -0.01559  0.00212  0.00008 -0.00111 -0.08974
 20   c           x   0.18566  0.00224 -0.00063  0.00006 -0.10129  0.00468
                  y   0.01647 -0.02258  0.00662  0.00005 -0.00912 -0.03945
                  z   0.00118 -0.01714  0.00697  0.00009 -0.00121 -0.09855
 21   n           x   0.03328 -0.00467  0.00053 -0.00005  0.04262 -0.00776
                  y   0.00312  0.05408 -0.00661 -0.00009  0.00403  0.08412
                  z  -0.00021  0.00393 -0.00182 -0.00002  0.00020  0.01769
 22   n           x  -0.05221 -0.00117  0.00007 -0.00003  0.03015 -0.00806
                  y  -0.00425  0.01310 -0.00100 -0.00008  0.00325  0.09137
                  z  -0.00035 -0.00656 -0.00005  0.00004 -0.00026 -0.05403
 23   n           x  -0.05899  0.00277 -0.00094 -0.00003  0.02975  0.00890
                  y  -0.00492 -0.03172  0.01068  0.00010  0.00196 -0.10221
                  z  -0.00012 -0.01454  0.00467  0.00004 -0.00012 -0.03931
 24   c           x  -0.03162  0.00365  0.00086 -0.00138  0.00409  0.00500
                  y  -0.00262 -0.03918 -0.00975 -0.00014  0.00000 -0.05354
                  z   0.00031 -0.06916  0.07706  0.00017 -0.00013 -0.01700
 25   c           x   0.09711  0.00521 -0.00554 -0.00120  0.06854 -0.00756
                  y   0.00861 -0.06908  0.06661 -0.00008  0.00645  0.06826
                  z  -0.00012  0.03465  0.01378  0.00007 -0.00078 -0.09231
 26   c           x   0.04014 -0.02314  0.00866  0.00064 -0.03521  0.00680
                  y   0.00304  0.26634 -0.09977 -0.00000 -0.00361 -0.06605
                  z  -0.00043  0.18606 -0.05582 -0.00003 -0.00081 -0.09222
 27   c           x   0.00002 -0.00112 -0.00090 -0.00355  0.00034 -0.00009
                  y  -0.00005  0.01204  0.00626 -0.00052  0.00004  0.00255
                  z  -0.00001 -0.00507 -0.01908  0.00002  0.00005  0.00395
 28   c           x  -0.00412  0.00024 -0.00110 -0.07320  0.00641 -0.00076
                  y  -0.00028 -0.00652  0.01264 -0.00697  0.00098  0.00855
                  z  -0.00037  0.13565  0.20084 -0.00010 -0.00006  0.00362
 29   c           x   0.00571  0.00215  0.00012 -0.05231 -0.02621 -0.00278
                  y   0.00070 -0.02331 -0.00166 -0.00523 -0.00173  0.01128
                  z   0.00016 -0.01435  0.02199 -0.00035  0.00049  0.00811
 30   c           x  -0.00462 -0.00181 -0.00144 -0.06468  0.02620  0.00274
                  y  -0.00047  0.01915  0.01779 -0.00504  0.00174 -0.01468
                  z   0.00011 -0.02002 -0.00957  0.00000  0.00009 -0.00165
 31   c           x   0.00870 -0.00762 -0.01316 -0.05664 -0.00465  0.00038
                  y   0.00057  0.08420  0.15222 -0.00491 -0.00071 -0.00961
                  z   0.00023 -0.08788 -0.16901  0.00036 -0.00016  0.00076
 32   h           x   0.00823  0.00691  0.01039  0.15917  0.11509  0.01138
                  y   0.00086 -0.07656 -0.11169  0.01520  0.00912 -0.03443
                  z   0.00008  0.00215 -0.06300  0.00055  0.00073  0.05590
 33   h           x   0.06659  0.00517  0.02150  0.20084  0.16591  0.01086
                  y   0.00581 -0.05877 -0.24565  0.01646  0.01545  0.00056
                  z   0.00008 -0.01927 -0.07598  0.00006  0.00077  0.05538
 34   h           x   0.10817 -0.00084 -0.00856  0.01360  0.17236 -0.00183
                  y   0.00950  0.01075  0.10762  0.00132  0.01548  0.05182
                  z  -0.00045 -0.04911 -0.14978 -0.00019 -0.00152 -0.01926
 35   h           x   0.05504 -0.00402  0.00120 -0.01331  0.08342 -0.00090
                  y   0.00465  0.03783 -0.01104 -0.00092  0.00717  0.00602
                  z   0.00068 -0.10228  0.19632  0.00062  0.00119  0.11652
 36   h           x  -0.00204 -0.00149 -0.00489  0.02811 -0.00951 -0.00012
                  y  -0.00237 -0.01234 -0.07321  0.05023 -0.00194  0.01699
                  z  -0.00453  0.04714  0.25119  0.03504 -0.02236 -0.06169
 37   h           x  -0.00242  0.00425  0.02058  0.03641 -0.00992 -0.00494
                  y   0.00193 -0.01233 -0.07426 -0.04403  0.00110  0.01785
                  z   0.00456  0.04687  0.24996 -0.03482  0.02028 -0.05864
 38   h           x   0.06689  0.16466 -0.04393 -0.00026  0.06573  0.22212
                  y   0.12453  0.15622 -0.04638 -0.00008  0.08574  0.17673
                  z  -0.04783 -0.02429  0.00434  0.00002 -0.02637 -0.09298
 39   h           x  -0.06780 -0.19004  0.07212 -0.00004 -0.05315  0.06586
                  y   0.04590 -0.07196  0.03057  0.00000  0.00758  0.06980
                  z  -0.01457  0.14380 -0.05509 -0.00014  0.02045 -0.04005
 40   h           x   0.13196 -0.00725  0.01167  0.00001  0.04613  0.20965
                  y   0.18034  0.07281 -0.01723  0.00001  0.08108  0.18034
                  z  -0.05554  0.08869 -0.03430 -0.00003  0.00583 -0.08355
 41   h           x   0.08851 -0.18723  0.05093  0.00026  0.07595 -0.24901
                  y  -0.11257  0.12367 -0.03756 -0.00027 -0.07105  0.13519
                  z   0.04799 -0.02290  0.00397  0.00014  0.02508 -0.09277
 42   h           x   0.16046 -0.00516 -0.00849  0.00037  0.05565 -0.23809
                  y  -0.15456  0.07264 -0.01901 -0.00027 -0.06952  0.14044
                  z   0.05491  0.08862 -0.03423  0.00008 -0.00702 -0.08369
 43   h           x  -0.06113  0.19879 -0.07602 -0.00006 -0.05212 -0.07785
                  y  -0.05698 -0.03681  0.01721 -0.00007 -0.01635  0.05782
                  z   0.01285  0.14420 -0.05504  0.00008 -0.02091 -0.03962
 44   h           x  -0.21703  0.00644 -0.00253 -0.01058 -0.23164  0.00399
                  y  -0.01832 -0.07133  0.01818 -0.00091 -0.01996 -0.04087
                  z   0.00112 -0.23008  0.23436  0.00023  0.00084  0.04526
 45   h           x  -0.12452  0.01159 -0.00797  0.00422 -0.13534 -0.00131
                  y  -0.01017 -0.09925  0.07811  0.00039 -0.01092  0.05487
                  z   0.00098 -0.16175  0.09141  0.00013 -0.00040 -0.16738
 46   h           x   0.51508 -0.02318  0.00952  0.00163  0.45399  0.00672
                  y   0.04416  0.29267 -0.11493  0.00010  0.03839 -0.11841
                  z   0.00014  0.33989 -0.14981  0.00006 -0.00221 -0.38781
 47   h           x  -0.00154 -0.00097  0.00136  0.02069 -0.00157 -0.00057
                  y  -0.00328  0.02743  0.07039  0.04415 -0.00759 -0.01209
                  z  -0.00047 -0.01820 -0.06884  0.01030  0.00203  0.01467
 48   h           x  -0.00209 -0.00368 -0.01189  0.02819 -0.00282  0.00171
                  y   0.00282  0.02616  0.06287 -0.03940  0.00689 -0.00904
                  z   0.00050 -0.01774 -0.06698 -0.01105 -0.00172  0.01398
 49   h           x  -0.01102 -0.00537 -0.00680  0.32679  0.16892  0.01113
                  y  -0.00118  0.06779  0.08212  0.02914  0.01527  0.00548
                  z  -0.00047  0.16293  0.23065  0.00015 -0.00005  0.00251
 50   h           x   0.00312 -0.00335 -0.01179  0.55223  0.00729  0.00051
                  y   0.00028  0.04854  0.12122  0.04868  0.00172  0.02424
                  z   0.00031 -0.07437 -0.08001  0.00037  0.00015 -0.00267
 51   h           x  -0.02421 -0.00352 -0.00743  0.57912 -0.00874  0.00318
                  y  -0.00231  0.04453  0.05901  0.05322 -0.00157 -0.01889
                  z  -0.00026  0.09492  0.17278  0.00096 -0.00067 -0.02105
 52   h           x  -0.00260 -0.00826 -0.02638  0.36686 -0.13414 -0.00696
                  y  -0.00033  0.09626  0.26417  0.03058 -0.01126 -0.00373
                  z   0.00027 -0.08720 -0.13665 -0.00052  0.00023  0.00434
 53   o           x  -0.00013 -0.00116 -0.00425  0.00171  0.00006  0.00074
                  y  -0.00001  0.01212  0.04491  0.00023 -0.00008 -0.00804
                  z   0.00001 -0.01870 -0.06212 -0.00002  0.00006  0.00827
 54   h           x   0.00133 -0.00155 -0.00641 -0.00270  0.00221  0.00138
                  y   0.00013  0.01612  0.07356 -0.00003  0.00004 -0.01469
                  z   0.00005 -0.00441  0.05015  0.00048 -0.00022 -0.01846

reduced mass(g/mol)     6.378    5.140    4.850    1.346    7.060    5.569


       mode              67       68       69       70       71       72

     frequency         786.66   803.74   806.09   833.25   844.16   868.94

     symmetry            a        a        a        a        a        a   

        IR               YES      YES      YES      YES      YES      YES
|dDIP/dQ|   (a.u.)     0.0025   0.0014   0.0012   0.0005   0.0008   0.0010
intensity (km/mol)      10.95     3.33     2.58     0.41     1.02     1.95
intensity (  %   )       0.27     0.08     0.06     0.01     0.02     0.05
 
       RAMAN             YES      YES      YES      YES      YES      YES
 
  1   c           x   0.16143  0.00477 -0.04713 -0.00293  0.00518  0.00272
                  y   0.01446 -0.02287 -0.00555  0.03603  0.00000  0.00007
                  z   0.00070  0.05022  0.00240 -0.08721  0.00138  0.00008
  2   c           x   0.11212 -0.04057  0.06681  0.00108 -0.00824  0.01088
                  y   0.01218  0.29406  0.02045 -0.01243 -0.00041  0.00101
                  z  -0.00103 -0.13479 -0.00624 -0.13701  0.00271 -0.00028
  3   c           x   0.04347 -0.00762  0.10995 -0.00892 -0.02027 -0.00013
                  y   0.00249 -0.13351  0.00312  0.09024 -0.00288  0.00073
                  z  -0.00186 -0.24464 -0.01155 -0.10130  0.00245  0.00007
  4   c           x  -0.14304 -0.00932  0.08532 -0.00379 -0.02279  0.03571
                  y  -0.01285 -0.01855  0.00663  0.02836 -0.00252  0.00330
                  z   0.00096  0.10633  0.00525 -0.06743  0.00097 -0.00031
  5   c           x  -0.02199  0.03231 -0.12972 -0.00043  0.01735 -0.06262
                  y  -0.00281 -0.10664 -0.01680  0.01408  0.00128 -0.00561
                  z   0.00020  0.05032  0.00233  0.13163 -0.00211 -0.00024
  6   c           x   0.05957  0.01159 -0.02878  0.01167  0.01571  0.09203
                  y   0.00501 -0.08955 -0.00667 -0.13020  0.00346  0.00754
                  z   0.00076  0.12607  0.00615  0.16774 -0.00287 -0.00008
  7   c           x  -0.01830 -0.00737  0.03081 -0.00408 -0.00687  0.03133
                  y  -0.00141  0.03111  0.00437  0.04835 -0.00145  0.00239
                  z   0.00034  0.00921  0.00055  0.01836 -0.00037 -0.00005
  8   c           x  -0.00069  0.00170  0.00018  0.00146 -0.00014 -0.00332
                  y  -0.00086 -0.01944 -0.00089 -0.01668  0.00026 -0.00027
                  z  -0.00035 -0.01107 -0.00052 -0.01124  0.00020 -0.00015
  9   c           x  -0.02939  0.00053  0.00724 -0.00017 -0.00332 -0.04579
                  y  -0.00440 -0.02048 -0.00026 -0.00173 -0.00026 -0.00374
                  z   0.00106  0.01995  0.00087  0.01190 -0.00011 -0.00018
 10   c           x   0.03886  0.00078 -0.00732 -0.00021  0.00235  0.02609
                  y   0.00365  0.00484 -0.00043  0.00420  0.00014  0.00229
                  z   0.00199  0.03800  0.00168  0.02301 -0.00032 -0.00032
 11   c           x  -0.04062 -0.00141  0.00538 -0.00049 -0.00109 -0.00982
                  y  -0.00338  0.00504  0.00071  0.00433 -0.00015 -0.00106
                  z   0.00169  0.03084  0.00140  0.02144 -0.00033 -0.00008
 12   c           x   0.02524  0.00018 -0.00303 -0.00023  0.00052  0.00428
                  y   0.00229  0.00218 -0.00017  0.00192  0.00002  0.00031
                  z   0.00109  0.01950  0.00088  0.01469 -0.00024 -0.00004
 13   c           x  -0.01255  0.00265 -0.01641 -0.00249 -0.06252  0.00898
                  y  -0.00089  0.00289 -0.00135 -0.01347 -0.00599  0.00077
                  z   0.00054  0.13969  0.00640  0.21451 -0.00407  0.00022
 14   n           x  -0.06590 -0.00789 -0.00420  0.00625  0.03544 -0.00933
                  y  -0.00482  0.12079  0.00553 -0.04321  0.00391 -0.00121
                  z   0.00017  0.05128  0.00244  0.03055 -0.00094  0.00023
 15   c           x   0.00570  0.02166  0.00015  0.01110  0.00014  0.00430
                  y   0.00338  0.00897 -0.00011  0.00210  0.00012  0.00117
                  z  -0.00364 -0.01175 -0.00012 -0.00733 -0.00010 -0.00492
 16   c           x   0.00305 -0.02256 -0.00187 -0.01121  0.00048  0.00478
                  y  -0.00142  0.00501  0.00056  0.00020 -0.00008 -0.00064
                  z   0.00217 -0.01154 -0.00093 -0.00724  0.00033  0.00474
 17   o           x   0.00810  0.00065 -0.00101  0.00046  0.00019  0.00143
                  y   0.00057 -0.00525 -0.00031 -0.00499  0.00005  0.00026
                  z   0.00153  0.01890  0.00088  0.00943 -0.00020  0.00037
 18   c           x  -0.01491 -0.00079  0.00272 -0.00011 -0.00084 -0.00923
                  y  -0.00102  0.00351  0.00039  0.00030 -0.00007 -0.00084
                  z  -0.00138 -0.02145 -0.00093 -0.00881  0.00012  0.00019
 19   c           x  -0.00884 -0.00045  0.00100 -0.00016 -0.00016 -0.00118
                  y  -0.00051  0.00377  0.00026  0.00204 -0.00004 -0.00007
                  z  -0.00085 -0.01334 -0.00060 -0.00832  0.00013 -0.00003
 20   c           x  -0.00882  0.00045  0.00103  0.00038 -0.00018 -0.00146
                  y  -0.00112 -0.00622 -0.00019 -0.00397  0.00005 -0.00008
                  z  -0.00093 -0.01594 -0.00071 -0.01032  0.00015  0.00006
 21   n           x   0.00431 -0.00069 -0.00082 -0.00020  0.00025  0.00258
                  y   0.00108  0.00926  0.00033  0.00234  0.00001  0.00015
                  z   0.00016  0.00294  0.00013  0.00156 -0.00002 -0.00002
 22   n           x   0.00256 -0.00108 -0.00034 -0.00070  0.00006  0.00034
                  y   0.00104  0.01311  0.00056  0.00813 -0.00012  0.00007
                  z  -0.00047 -0.00752 -0.00034 -0.00462  0.00007 -0.00002
 23   n           x   0.00267  0.00152 -0.00022  0.00098  0.00003  0.00039
                  y  -0.00068 -0.01643 -0.00077 -0.01087  0.00017  0.00014
                  z  -0.00033 -0.00631 -0.00028 -0.00419  0.00006  0.00004
 24   c           x  -0.01409  0.00013  0.00472 -0.00060 -0.00637 -0.08894
                  y  -0.00182 -0.00897  0.00002  0.00256 -0.00062 -0.00767
                  z  -0.00006 -0.01532 -0.00075 -0.02811  0.00040  0.00020
 25   c           x   0.01459  0.00329 -0.01075  0.00327  0.00365  0.00217
                  y   0.00172 -0.02112 -0.00203 -0.03941  0.00100  0.00024
                  z  -0.00100 -0.03390 -0.00160 -0.03340  0.00056  0.00012
 26   c           x   0.00074 -0.00082 -0.00065 -0.00175  0.00236  0.05684
                  y  -0.00044  0.01197  0.00054  0.02337 -0.00016  0.00494
                  z  -0.00093 -0.01535 -0.00074 -0.01366  0.00024  0.00010
 27   c           x  -0.00121  0.00268 -0.00551 -0.00181 -0.05616  0.01164
                  y  -0.00012 -0.02418 -0.00188 -0.01941 -0.00557  0.00124
                  z  -0.00004 -0.01206 -0.00053 -0.01036  0.00061 -0.00007
 28   c           x  -0.02115  0.01722 -0.03147 -0.00735 -0.02092 -0.03715
                  y  -0.00289 -0.11296 -0.00839  0.07324 -0.00302 -0.00332
                  z   0.00004 -0.05709 -0.00294 -0.09799  0.00174  0.00022
 29   c           x   0.07307  0.02221 -0.04502 -0.00982  0.01325 -0.02506
                  y   0.00503 -0.16993 -0.01236  0.11130 -0.00058 -0.00221
                  z  -0.00121 -0.16085 -0.00796  0.14040 -0.00230 -0.00028
 30   c           x  -0.07953 -0.01865  0.02077  0.01652  0.01244  0.02822
                  y  -0.00563  0.19547  0.01168 -0.18400  0.00396  0.00242
                  z  -0.00026 -0.01734 -0.00081  0.03964 -0.00066 -0.00009
 31   c           x   0.01723 -0.00598  0.01101  0.00260  0.01866  0.02095
                  y   0.00205  0.04047  0.00286 -0.01765  0.00183  0.00195
                  z   0.00065  0.10288  0.00526 -0.10450  0.00176 -0.00004
 32   h           x  -0.41814  0.06819 -0.51817  0.00628  0.06007 -0.07659
                  y  -0.03468  0.33537 -0.03005 -0.05977  0.00629 -0.00701
                  z  -0.00013 -0.03664 -0.00162 -0.30527  0.00510 -0.00126
 33   h           x  -0.54476  0.10994 -0.45427 -0.02195  0.09418  0.00751
                  y  -0.05116 -0.21421 -0.05221  0.29954  0.00367  0.00172
                  z  -0.00031 -0.14802 -0.00598 -0.31852  0.00622 -0.00027
 34   h           x  -0.17532 -0.06419  0.42602  0.00490 -0.13651 -0.60287
                  y  -0.01514 -0.07491  0.03351 -0.11593 -0.00982 -0.05202
                  z   0.00241  0.24203  0.00935  0.25897 -0.00328  0.00494
 35   h           x  -0.04816  0.00778 -0.05582 -0.00232  0.01009 -0.15197
                  y  -0.00393  0.01615 -0.00385  0.01988  0.00051 -0.01323
                  z   0.00054 -0.08227 -0.00421 -0.14395  0.00262  0.00026
 36   h           x   0.03198 -0.00771  0.04389  0.00515  0.19006 -0.03000
                  y   0.01482 -0.06392  0.09546 -0.04119  0.41847 -0.06244
                  z   0.06733  0.16169  0.04678  0.24492  0.16059 -0.02677
 37   h           x   0.03448 -0.00098  0.06061  0.03494  0.26015 -0.04067
                  y  -0.01035 -0.03367 -0.08893 -0.08757 -0.37168  0.05589
                  z  -0.06495  0.17616 -0.03236  0.22402 -0.17368  0.02747
 38   h           x   0.01031  0.03832  0.00095  0.02825  0.00015  0.01665
                  y   0.01195  0.03497  0.00006  0.02831  0.00037  0.01719
                  z  -0.00405 -0.01393 -0.00015 -0.00915 -0.00011 -0.00546
 39   h           x  -0.00618 -0.00837  0.00101 -0.02005 -0.00042 -0.01224
                  y   0.00126  0.00221 -0.00008 -0.00583  0.00007 -0.00229
                  z   0.00195  0.00732 -0.00006  0.01509 -0.00001  0.00489
 40   h           x   0.00720  0.02784 -0.00003  0.01448  0.00025  0.00448
                  y   0.01134  0.02997 -0.00065  0.02080  0.00053  0.01164
                  z   0.00001 -0.00518 -0.00016  0.00253  0.00001  0.00381
 41   h           x   0.00770 -0.04328 -0.00302 -0.03252  0.00126  0.01858
                  y  -0.00747  0.02704  0.00263  0.02260 -0.00107 -0.01351
                  z   0.00239 -0.01365 -0.00111 -0.00900  0.00040  0.00527
 42   h           x   0.00478 -0.03197 -0.00301 -0.01765  0.00084  0.00695
                  y  -0.00731  0.02383  0.00282  0.01766 -0.00101 -0.01068
                  z  -0.00146 -0.00520 -0.00028  0.00248 -0.00013 -0.00342
 43   h           x  -0.00704  0.00701  0.00180  0.02026 -0.00111 -0.01169
                  y  -0.00140  0.00365  0.00055 -0.00209 -0.00005 -0.00027
                  z  -0.00254  0.00709  0.00080  0.01492 -0.00052 -0.00445
 44   h           x   0.07463  0.02024 -0.11700  0.00434  0.05828  0.54127
                  y   0.00582 -0.01836 -0.01095 -0.01700  0.00524  0.04618
                  z   0.00016 -0.08321 -0.00430 -0.15019  0.00250  0.00026
 45   h           x   0.00120  0.00099  0.01703  0.00579 -0.00279  0.09953
                  y   0.00038 -0.03200 -0.00019 -0.05130  0.00066  0.00856
                  z  -0.00197 -0.08929 -0.00439 -0.09644  0.00166 -0.00002
 46   h           x   0.01715 -0.00434  0.02491 -0.00290 -0.01933 -0.29102
                  y   0.00051  0.00757  0.00258  0.02443 -0.00206 -0.02515
                  z  -0.00353 -0.03578 -0.00152 -0.00399  0.00000 -0.00024
 47   h           x   0.00690 -0.00248  0.03193  0.01255  0.16392 -0.02700
                  y   0.02928 -0.01014  0.08980  0.06732  0.44116 -0.07548
                  z  -0.00651 -0.03065 -0.00113 -0.05371  0.06394 -0.01249
 48   h           x   0.01192 -0.01074  0.04703  0.00512  0.23985 -0.03998
                  y  -0.02751  0.01482 -0.08236  0.01126 -0.40253  0.06906
                  z   0.00653 -0.02993 -0.00215 -0.05889 -0.06700  0.01323
 49   h           x  -0.46375 -0.05597  0.37086  0.01223  0.03243  0.26676
                  y  -0.04197 -0.01681  0.03304 -0.12666  0.00506  0.02453
                  z  -0.00005 -0.03184 -0.00143 -0.16124  0.00269  0.00059
 50   h           x   0.00008 -0.00497  0.17975 -0.01558 -0.05096  0.11307
                  y  -0.00271 -0.35575 -0.00127  0.17801 -0.00726  0.01064
                  z  -0.00027 -0.00785 -0.00021  0.08294 -0.00157 -0.00057
 51   h           x   0.04911 -0.03357  0.02947  0.01601 -0.14132 -0.11997
                  y   0.00631  0.22669  0.01401 -0.20661 -0.00960 -0.01100
                  z   0.00140  0.13897  0.00660 -0.06292  0.00071 -0.00031
 52   h           x   0.40290  0.03764 -0.23121 -0.01581 -0.07395 -0.23620
                  y   0.03340 -0.11087 -0.02545  0.15495 -0.00865 -0.01873
                  z  -0.00048  0.04638  0.00282 -0.04108  0.00097  0.00080
 53   o           x  -0.00014 -0.00159  0.00144 -0.00185  0.01589 -0.00302
                  y  -0.00002  0.01429  0.00081  0.02834  0.00113 -0.00027
                  z   0.00011 -0.00664 -0.00034 -0.03683  0.00062 -0.00007
 54   h           x  -0.00784 -0.00016 -0.01363 -0.00707 -0.03395  0.00443
                  y  -0.00067  0.03346  0.00051  0.06076 -0.00315  0.00028
                  z   0.00016  0.07209  0.00380  0.09477  0.00078 -0.00048

reduced mass(g/mol)     1.992    5.549    1.564    3.994    1.139    1.369


       mode              73       74       75       76       77       78

     frequency         890.09   902.47   906.32   927.49   937.67   949.25

     symmetry            a        a        a        a        a        a   

        IR               YES      YES      YES      YES      YES      YES
|dDIP/dQ|   (a.u.)     0.0000   0.0036   0.0008   0.0019   0.0008   0.0002
intensity (km/mol)       0.00    22.89     1.03     6.60     1.14     0.07
intensity (  %   )       0.00     0.56     0.03     0.16     0.03     0.00
 
       RAMAN             YES      YES      YES      YES      YES      YES
 
  1   c           x  -0.07510  0.00926  0.12107  0.03224 -0.00152 -0.00848
                  y  -0.00658 -0.00156  0.01085  0.00293 -0.00017 -0.00073
                  z  -0.00003  0.00270 -0.00013 -0.00006  0.00003 -0.00000
  2   c           x  -0.00930  0.00068  0.00640 -0.00515 -0.00234  0.09482
                  y  -0.00121 -0.00064  0.00085 -0.00052 -0.00018  0.00830
                  z   0.00051  0.00384 -0.00023  0.00015  0.00001  0.00009
  3   c           x   0.00779 -0.00253 -0.03312 -0.00706  0.00417 -0.09802
                  y   0.00021  0.00208 -0.00334 -0.00113  0.00042 -0.00864
                  z   0.00030  0.00463 -0.00053 -0.00015  0.00003  0.00017
  4   c           x   0.06364 -0.01051 -0.15314 -0.05128  0.00213  0.00960
                  y   0.00572 -0.00273 -0.01384 -0.00465  0.00016  0.00084
                  z   0.00027 -0.00289  0.00007  0.00016 -0.00005 -0.00013
  5   c           x   0.00059  0.00784  0.12982  0.06505 -0.00548  0.01966
                  y   0.00026  0.00038  0.01160  0.00602 -0.00052  0.00162
                  z  -0.00026 -0.00993  0.00084  0.00019 -0.00010 -0.00020
  6   c           x  -0.08310 -0.00378 -0.11111 -0.11350  0.00852 -0.00719
                  y  -0.00670 -0.00418 -0.00949 -0.00953  0.00066 -0.00058
                  z  -0.00044 -0.00933  0.00077  0.00011 -0.00007 -0.00014
  7   c           x   0.11436 -0.00065  0.04991  0.13396 -0.02215  0.05303
                  y   0.00985  0.00021  0.00436  0.01147 -0.00186  0.00448
                  z   0.00003 -0.00178  0.00011  0.00011  0.00000 -0.00012
  8   c           x  -0.00792  0.00455 -0.01013  0.02308  0.09280  0.00705
                  y  -0.00135 -0.07522  0.00276  0.00108  0.00761  0.00072
                  z  -0.00200 -0.19203  0.00896 -0.00206 -0.00066  0.00065
  9   c           x  -0.06026 -0.00961 -0.04661  0.03198 -0.02579  0.01344
                  y  -0.00391  0.09684 -0.00833  0.00367 -0.00189  0.00075
                  z  -0.00105 -0.08125  0.00362 -0.00067 -0.00023  0.00011
 10   c           x   0.02915  0.00023  0.02056 -0.01158  0.01381 -0.00871
                  y   0.00252  0.00074  0.00172 -0.00087  0.00116 -0.00091
                  z  -0.00173 -0.12024  0.00519 -0.00075 -0.00063  0.00013
 11   c           x  -0.00944  0.00696 -0.00647  0.00345 -0.00282  0.00137
                  y  -0.00194 -0.07864  0.00286 -0.00018 -0.00058  0.00019
                  z   0.00026  0.04104 -0.00203  0.00065 -0.00013 -0.00032
 12   c           x   0.00394  0.00299  0.00229 -0.00124  0.00127 -0.00041
                  y  -0.00013 -0.03621  0.00181 -0.00036 -0.00009 -0.00000
                  z   0.00026  0.03765 -0.00187  0.00061 -0.00011 -0.00030
 13   c           x  -0.00607  0.00037  0.00286  0.00003  0.00003 -0.00217
                  y  -0.00049 -0.00102  0.00030  0.00006 -0.00003  0.00008
                  z  -0.00051 -0.00618  0.00054  0.00004 -0.00005 -0.00007
 14   n           x   0.02415 -0.00236 -0.03395 -0.00821  0.00068 -0.00350
                  y   0.00240 -0.00273 -0.00288 -0.00055  0.00002 -0.00027
                  z  -0.00027  0.00085  0.00018  0.00001  0.00001  0.00011
 15   c           x   0.00616 -0.02074  0.00656 -0.00615 -0.00631  0.00051
                  y   0.00061 -0.05867  0.00427 -0.01036 -0.07280 -0.00879
                  z  -0.01088 -0.07445 -0.00835  0.02446  0.09420  0.00805
 16   c           x   0.00751  0.03224  0.00495 -0.00802 -0.01955 -0.00117
                  y  -0.00097 -0.05416  0.00171  0.00820  0.06966  0.00889
                  z   0.00916 -0.07008  0.01484 -0.02566 -0.09486 -0.00782
 17   o           x   0.00070 -0.00667  0.00018  0.00222  0.01127  0.00055
                  y   0.00098  0.07209 -0.00322  0.00071  0.00147  0.00010
                  z   0.00312  0.25268 -0.01127  0.00198  0.00093 -0.00036
 18   c           x  -0.01034  0.00059 -0.00744  0.00476 -0.00232  0.00271
                  y  -0.00103 -0.00890 -0.00026  0.00030 -0.00022  0.00032
                  z   0.00094  0.06503 -0.00280  0.00045  0.00025 -0.00014
 19   c           x  -0.00095 -0.00146 -0.00043  0.00014 -0.00052  0.00014
                  y   0.00013  0.01816 -0.00086  0.00016  0.00001 -0.00002
                  z  -0.00038 -0.03547  0.00163 -0.00036 -0.00003  0.00012
 20   c           x  -0.00141 -0.00100 -0.00087  0.00054 -0.00022  0.00019
                  y   0.00006  0.01134 -0.00055  0.00008  0.00007  0.00004
                  z   0.00012  0.00069  0.00007 -0.00014  0.00011  0.00009
 21   n           x   0.00285  0.00264  0.00191 -0.00127  0.00074 -0.00086
                  y  -0.00014 -0.02904  0.00146 -0.00041 -0.00002  0.00007
                  z  -0.00011 -0.00692  0.00029 -0.00003 -0.00003  0.00000
 22   n           x   0.00023 -0.00367  0.00032 -0.00009  0.00013 -0.00003
                  y   0.00049  0.04303 -0.00195  0.00042  0.00008 -0.00014
                  z  -0.00032 -0.02845  0.00130 -0.00027 -0.00006  0.00009
 23   n           x   0.00034 -0.00116  0.00027 -0.00013  0.00009 -0.00007
                  y   0.00031  0.01227 -0.00042 -0.00008  0.00019  0.00009
                  z   0.00014  0.00749 -0.00029 -0.00000  0.00008  0.00003
 24   c           x  -0.05032  0.00473  0.03979 -0.17638  0.02062  0.00552
                  y  -0.00400  0.01682  0.00286 -0.01488  0.00196  0.00058
                  z   0.00014  0.01074 -0.00061 -0.00001  0.00014  0.00007
 25   c           x  -0.07470 -0.00639 -0.11107  0.15616 -0.01731 -0.01808
                  y  -0.00666 -0.02442 -0.00856  0.01304 -0.00155 -0.00152
                  z   0.00053  0.03163 -0.00135  0.00005  0.00024  0.00000
 26   c           x   0.10532  0.00072  0.10188 -0.09570  0.03299 -0.03956
                  y   0.00944  0.03750  0.00702 -0.00771  0.00317 -0.00356
                  z   0.00037  0.02333 -0.00099  0.00011  0.00026  0.00002
 27   c           x  -0.01258  0.00068  0.01036  0.00091 -0.00023  0.00705
                  y  -0.00128  0.00216  0.00089  0.00002  0.00001  0.00057
                  z   0.00008  0.00030 -0.00007 -0.00001  0.00001 -0.00008
 28   c           x   0.08717 -0.00834 -0.10694 -0.02267  0.00169 -0.00165
                  y   0.00785 -0.00174 -0.00965 -0.00206  0.00014 -0.00019
                  z   0.00014  0.00602 -0.00065 -0.00026  0.00007  0.00019
 29   c           x   0.01674 -0.00030 -0.00065  0.00453 -0.00037  0.00216
                  y   0.00148 -0.00040 -0.00006  0.00040 -0.00003  0.00013
                  z   0.00030 -0.00161 -0.00011  0.00008 -0.00000 -0.00009
 30   c           x  -0.03442  0.00255  0.03544  0.00559 -0.00133  0.00640
                  y  -0.00298  0.00525  0.00302  0.00051 -0.00007  0.00067
                  z   0.00001 -0.00066  0.00010  0.00005 -0.00000 -0.00002
 31   c           x  -0.06742  0.00668  0.08632  0.01891 -0.00031 -0.00938
                  y  -0.00615  0.00124  0.00777  0.00166 -0.00002 -0.00086
                  z  -0.00004  0.00118  0.00012  0.00004 -0.00000  0.00008
 32   h           x   0.01468  0.00545  0.09409  0.07807  0.00878 -0.56061
                  y   0.00111 -0.00086  0.00879  0.00706  0.00079 -0.05007
                  z   0.00129  0.00128  0.00025  0.00087 -0.00007 -0.00033
 33   h           x  -0.00869  0.00023 -0.01503 -0.04186 -0.01107  0.51354
                  y  -0.00169 -0.00468 -0.00135 -0.00440 -0.00102  0.04627
                  z   0.00064  0.01181 -0.00096 -0.00005  0.00015 -0.00062
 34   h           x   0.25980  0.01392  0.37522  0.37509  0.00335 -0.14493
                  y   0.02246 -0.00419  0.03234  0.03220  0.00022 -0.01237
                  z  -0.00390 -0.01683 -0.00190 -0.00385 -0.00005  0.00090
 35   h           x  -0.35708 -0.00244 -0.17016 -0.25529  0.09279 -0.38455
                  y  -0.03046 -0.00193 -0.01455 -0.02191  0.00794 -0.03290
                  z  -0.00034 -0.01978 -0.00032 -0.00055 -0.00018  0.00002
 36   h           x   0.02455 -0.00118 -0.01720 -0.00203  0.00013  0.00337
                  y   0.05930 -0.00271 -0.04795 -0.00638  0.00055 -0.00431
                  z   0.01358 -0.00759 -0.00227  0.00088 -0.00024  0.01172
 37   h           x   0.03478 -0.00271 -0.02554 -0.00316  0.00022  0.00253
                  y  -0.05375  0.00486  0.04395  0.00591 -0.00053  0.00499
                  z  -0.01485 -0.00677  0.00369 -0.00067  0.00010 -0.01146
 38   h           x   0.04060  0.33162  0.03053 -0.10419 -0.43128 -0.03876
                  y   0.03563  0.28126  0.02176 -0.05105 -0.11754 -0.00511
                  z  -0.01166 -0.08276 -0.00824  0.02194  0.07325  0.00554
 39   h           x  -0.01980 -0.28576  0.00245 -0.02933 -0.29764 -0.03364
                  y  -0.00650 -0.15617  0.00244 -0.00228 -0.05870 -0.00757
                  z   0.01126  0.22722 -0.00009 -0.01889 -0.06731 -0.00900
 40   h           x   0.00120 -0.09747  0.00033  0.03861  0.25716  0.02926
                  y   0.01496  0.03698  0.00654  0.02321  0.23176  0.02796
                  z   0.01215  0.16764  0.00708 -0.04162 -0.20125 -0.02094
 41   h           x   0.03779 -0.35732  0.06712 -0.11806 -0.44825 -0.03758
                  y  -0.02303  0.21129 -0.03562  0.03594  0.04231 -0.00257
                  z   0.00978 -0.07841  0.01552 -0.02335 -0.07405 -0.00529
 42   h           x   0.00647  0.08497 -0.00577  0.04272  0.29211  0.03285
                  y  -0.01369  0.05430 -0.01174 -0.01426 -0.18000 -0.02228
                  z  -0.00854  0.16088 -0.02227  0.04504  0.20233  0.01967
 43   h           x  -0.01369  0.30896 -0.02558 -0.02263 -0.29770 -0.03566
                  y   0.00032 -0.10150  0.00717 -0.00475  0.00390  0.00194
                  z  -0.00642  0.22364 -0.02085  0.02392  0.07112  0.00778
 44   h           x   0.25529 -0.02224 -0.11951  0.57751 -0.04990 -0.15997
                  y   0.02199  0.01221 -0.01077  0.04942 -0.00408 -0.01351
                  z  -0.00071 -0.00037 -0.00093 -0.00080  0.00006  0.00042
 45   h           x   0.32981  0.03002  0.37983 -0.46732  0.00493  0.24244
                  y   0.02793 -0.01267  0.03287 -0.04006  0.00010  0.02066
                  z   0.00004  0.07384 -0.00458  0.00169 -0.00049 -0.00074
 46   h           x  -0.40322 -0.01170 -0.34132  0.25837 -0.15817  0.35067
                  y  -0.03425  0.06735 -0.03277  0.02327 -0.01326  0.03017
                  z   0.00158  0.18818 -0.00902  0.00229  0.00067  0.00028
 47   h           x   0.02576 -0.00199 -0.01968 -0.00166  0.00038 -0.01088
                  y   0.07624 -0.00461 -0.06309 -0.00791  0.00098 -0.01526
                  z   0.01141  0.00064 -0.00659  0.00121  0.00039 -0.02027
 48   h           x   0.03891 -0.00245 -0.03056 -0.00302  0.00054 -0.01339
                  y  -0.07010  0.00570  0.05802  0.00727 -0.00081  0.01203
                  z  -0.01198  0.00185  0.00703 -0.00115 -0.00041  0.02122
 49   h           x  -0.39860  0.03304  0.40744  0.07094 -0.00718  0.01477
                  y  -0.03618  0.00845  0.03639  0.00611 -0.00059  0.00144
                  z  -0.00028  0.00839 -0.00043 -0.00030  0.00008  0.00026
 50   h           x  -0.17232  0.01236  0.14471  0.01367  0.00092 -0.01764
                  y  -0.01570  0.00179  0.01270  0.00095  0.00010 -0.00156
                  z   0.00036 -0.00228  0.00022  0.00031 -0.00001 -0.00018
 51   h           x   0.29255 -0.03105 -0.39110 -0.08571  0.00936 -0.02669
                  y   0.02661  0.00278 -0.03557 -0.00774  0.00091 -0.00230
                  z   0.00044  0.00118 -0.00046 -0.00005  0.00003  0.00000
 52   h           x   0.29979 -0.02065 -0.23436 -0.01313 -0.00027  0.02552
                  y   0.02375 -0.00411 -0.01904 -0.00159 -0.00001  0.00216
                  z  -0.00110 -0.00024  0.00080 -0.00010 -0.00001  0.00005
 53   o           x   0.00304 -0.00017 -0.00229 -0.00011  0.00008 -0.00242
                  y   0.00024 -0.00043 -0.00018 -0.00001  0.00000 -0.00025
                  z   0.00010  0.00081 -0.00009 -0.00000  0.00001 -0.00003
 54   h           x  -0.00457  0.00047  0.00426  0.00095 -0.00003 -0.00250
                  y  -0.00037 -0.00198  0.00042  0.00011 -0.00002 -0.00029
                  z   0.00030 -0.00578  0.00005  0.00010 -0.00007 -0.00019

reduced mass(g/mol)     1.769    3.335    2.343    2.202    1.455    1.282


       mode              79       80       81       82       83       84

     frequency         957.15   959.53   980.97   993.29  1008.18  1022.83

     symmetry            a        a        a        a        a        a   

        IR               YES      YES      YES      YES      YES      YES
|dDIP/dQ|   (a.u.)     0.0001   0.0019   0.0003   0.0019   0.0014   0.0016
intensity (km/mol)       0.01     6.27     0.20     6.18     3.45     4.55
intensity (  %   )       0.00     0.15     0.00     0.15     0.08     0.11
 
       RAMAN             YES      YES      YES      YES      YES      YES
 
  1   c           x   0.00471  0.00020  0.01348  0.00913  0.00045  0.00307
                  y   0.00033 -0.00279  0.00146 -0.10268 -0.00004  0.00021
                  z   0.00002  0.00164 -0.00058  0.04989  0.00004  0.00013
  2   c           x  -0.06596  0.00064 -0.00196 -0.01721  0.00163  0.00239
                  y  -0.00574  0.00411 -0.00056  0.19474  0.00031  0.00003
                  z  -0.00001 -0.00000  0.00002 -0.00591 -0.00000 -0.00010
  3   c           x   0.06008 -0.00149  0.00751 -0.00801 -0.00036 -0.00342
                  y   0.00572  0.00646  0.00041  0.08817 -0.00010 -0.00015
                  z   0.00014  0.00212 -0.00019  0.03340 -0.00004  0.00002
  4   c           x   0.00403  0.00011  0.04340  0.00532 -0.00063 -0.01108
                  y   0.00041 -0.00241  0.00413 -0.05695 -0.00009 -0.00109
                  z  -0.00014 -0.00379  0.00013 -0.08250  0.00003 -0.00016
  5   c           x  -0.01165  0.00063 -0.02711  0.01075 -0.00054  0.00812
                  y  -0.00101 -0.00463 -0.00217 -0.11752 -0.00009  0.00070
                  z  -0.00020 -0.00336  0.00010 -0.06554  0.00004  0.00000
  6   c           x   0.01874  0.00052  0.00645  0.00520 -0.00382 -0.00366
                  y   0.00143 -0.01101  0.00070 -0.06994 -0.00028 -0.00046
                  z   0.00000 -0.00356 -0.00004  0.04434  0.00006  0.00005
  7   c           x   0.05412 -0.00190 -0.00332 -0.00428 -0.01581 -0.01477
                  y   0.00467  0.00977 -0.00010  0.05367 -0.00140 -0.00128
                  z  -0.00011 -0.00531  0.00012  0.03197  0.00012 -0.00022
  8   c           x   0.00524  0.01067  0.00006 -0.00023  0.00219 -0.00243
                  y  -0.00022 -0.12582 -0.00005  0.00268  0.00108  0.00036
                  z   0.00189  0.13968 -0.00008 -0.00385  0.00028 -0.00011
  9   c           x   0.01601  0.00313 -0.00148  0.00045  0.04155 -0.00229
                  y   0.00055 -0.03192 -0.00008 -0.00677  0.00419 -0.00151
                  z   0.00036  0.02923 -0.00002 -0.00418 -0.00069  0.00120
 10   c           x  -0.01083  0.00547  0.00102 -0.00014 -0.01023 -0.00094
                  y  -0.00160 -0.06275  0.00011  0.00221 -0.00008 -0.00119
                  z  -0.00029 -0.07190 -0.00004  0.00213  0.00019  0.00059
 11   c           x   0.00159  0.00246 -0.00013 -0.00046  0.00232 -0.00002
                  y   0.00006 -0.02673 -0.00001  0.00498  0.00084 -0.00083
                  z  -0.00131 -0.12645  0.00004  0.00694  0.00109 -0.00125
 12   c           x  -0.00042  0.00287  0.00003 -0.00022 -0.00025  0.00003
                  y  -0.00017 -0.02665 -0.00000  0.00221  0.00045 -0.00047
                  z  -0.00128 -0.12577  0.00004  0.00732  0.00122 -0.00146
 13   c           x   0.00198  0.00022  0.00036  0.01707 -0.00008 -0.00040
                  y  -0.00016 -0.00280  0.00043 -0.19244 -0.00016  0.00072
                  z  -0.00013 -0.00296  0.00068 -0.13381 -0.00008  0.00033
 14   n           x   0.00109  0.00032 -0.00577  0.01377 -0.00006 -0.00355
                  y  -0.00015 -0.00385 -0.00025 -0.15377 -0.00009 -0.00018
                  z   0.00003  0.00128 -0.00012  0.09197  0.00007 -0.00011
 15   c           x   0.00250  0.13811 -0.00039 -0.00333  0.01392 -0.00052
                  y  -0.01026 -0.01650  0.00141  0.00307 -0.08609  0.00690
                  z   0.00591 -0.00647  0.00030  0.00186 -0.06444  0.00587
 16   c           x  -0.00125 -0.13311 -0.00020  0.00273 -0.00053  0.00182
                  y   0.01025 -0.03926 -0.00150  0.00307  0.08761 -0.00620
                  z  -0.00565 -0.00369 -0.00032  0.00155  0.06495 -0.00641
 17   o           x   0.00013 -0.00738  0.00013  0.00028 -0.01823  0.00182
                  y   0.00061  0.08028  0.00001 -0.00266 -0.00234  0.00057
                  z  -0.00034  0.02283  0.00005 -0.00152 -0.00095  0.00056
 18   c           x   0.00316 -0.00198 -0.00024  0.00005 -0.00049  0.00047
                  y   0.00055  0.02274 -0.00004 -0.00067 -0.00034  0.00046
                  z  -0.00019  0.00097  0.00002 -0.00061  0.00010 -0.00038
 19   c           x   0.00018  0.00013 -0.00002  0.00000  0.00104 -0.00007
                  y  -0.00005 -0.00281 -0.00000 -0.00003  0.00004  0.00002
                  z   0.00043  0.03797 -0.00001 -0.00166 -0.00025  0.00031
 20   c           x   0.00019 -0.00194 -0.00001  0.00011 -0.00031  0.00004
                  y   0.00018  0.01974 -0.00001 -0.00110 -0.00024  0.00021
                  z   0.00046  0.04889 -0.00001 -0.00285 -0.00045  0.00050
 21   n           x  -0.00106 -0.00311  0.00008  0.00007 -0.00001 -0.00025
                  y   0.00036  0.03530 -0.00002 -0.00092 -0.00052  0.00079
                  z  -0.00006 -0.00827 -0.00000  0.00031  0.00009 -0.00008
 22   n           x  -0.00002  0.00308  0.00000 -0.00014 -0.00029  0.00003
                  y  -0.00044 -0.03584  0.00001  0.00157  0.00017 -0.00027
                  z   0.00025  0.01905 -0.00001 -0.00078 -0.00009  0.00013
 23   n           x  -0.00011 -0.00532  0.00000  0.00033  0.00011 -0.00008
                  y   0.00053  0.05913 -0.00002 -0.00357 -0.00061  0.00066
                  z   0.00020  0.02384 -0.00000 -0.00147 -0.00025  0.00027
 24   c           x   0.00738  0.00001  0.00108  0.00074 -0.01024 -0.00880
                  y   0.00071 -0.00351  0.00007 -0.01009 -0.00084 -0.00095
                  z   0.00015 -0.00160  0.00001  0.01730 -0.00003 -0.00007
 25   c           x  -0.03187  0.00208  0.00434  0.00058 -0.00295 -0.01858
                  y  -0.00283 -0.01526  0.00036 -0.00445 -0.00028 -0.00141
                  z   0.00015  0.02517  0.00000 -0.00283 -0.00013  0.00001
 26   c           x  -0.04862 -0.00387  0.00494 -0.00009 -0.01799 -0.00902
                  y  -0.00403  0.05202  0.00046  0.00263 -0.00203 -0.00059
                  z   0.00018  0.02857 -0.00002 -0.01106 -0.00046  0.00034
 27   c           x  -0.00469 -0.00020  0.00553 -0.01668  0.00030  0.00302
                  y  -0.00024  0.00301 -0.00001  0.18731  0.00018 -0.00050
                  z   0.00007  0.00072 -0.00002  0.02168  0.00002  0.00001
 28   c           x  -0.00542  0.00014 -0.08618  0.00010 -0.00218 -0.04773
                  y  -0.00047 -0.00057 -0.00790 -0.00730 -0.00019 -0.00404
                  z   0.00008  0.00344 -0.00021  0.02217 -0.00008 -0.00000
 29   c           x   0.00068 -0.00007  0.08956 -0.00481  0.00379  0.10172
                  y   0.00014  0.00108  0.00834  0.06720  0.00042  0.00886
                  z  -0.00000  0.00051  0.00101  0.06090  0.00011 -0.00095
 30   c           x   0.00738 -0.00045  0.05583 -0.00509 -0.00240 -0.10890
                  y   0.00058  0.00365  0.00512  0.05029 -0.00020 -0.01019
                  z  -0.00001 -0.00014  0.00001  0.00731  0.00001  0.00013
 31   c           x  -0.00368 -0.00002 -0.11711 -0.00574 -0.00018  0.06620
                  y  -0.00029  0.00100 -0.01062  0.05955  0.00004  0.00589
                  z  -0.00006 -0.00081 -0.00041 -0.11073 -0.00015  0.00073
 32   h           x   0.41060 -0.00647 -0.00254 -0.01259 -0.01273 -0.00628
                  y   0.03655  0.00118 -0.00050  0.12798 -0.00097 -0.00073
                  z  -0.00027 -0.00947  0.00049 -0.28702 -0.00006 -0.00009
 33   h           x  -0.37842  0.00540 -0.00400  0.01356  0.01381  0.01393
                  y  -0.03364  0.00614 -0.00023 -0.13235  0.00090  0.00185
                  z   0.00054  0.00334 -0.00063  0.28052  0.00026 -0.00043
 34   h           x  -0.23530  0.00593  0.02382  0.00725  0.06097  0.03058
                  y  -0.02030 -0.00876  0.00183 -0.02854  0.00525  0.00277
                  z   0.00201  0.00599 -0.00191  0.28344 -0.00045  0.00121
 35   h           x  -0.46775  0.00894  0.02403 -0.00567  0.15196  0.13785
                  y  -0.04001  0.00859  0.00227  0.06385  0.01299  0.01172
                  z  -0.00088 -0.02071  0.00024  0.10126  0.00052 -0.00043
 36   h           x  -0.00389  0.00022 -0.00583  0.02707  0.00012 -0.00284
                  y   0.00152 -0.00008 -0.00406 -0.14740 -0.00014  0.00213
                  z  -0.01099 -0.00487 -0.00745 -0.14536  0.00023 -0.00488
 37   h           x  -0.00360 -0.00012 -0.00671 -0.00003  0.00009 -0.00280
                  y  -0.00237 -0.00007  0.00447 -0.15029 -0.00011  0.00049
                  z   0.01038 -0.00512  0.00826 -0.14616 -0.00040  0.00436
 38   h           x  -0.03136 -0.06595 -0.00043 -0.00408  0.22145 -0.02056
                  y   0.00448  0.13707 -0.00350 -0.01091  0.30310 -0.02385
                  z   0.00282 -0.03407  0.00068  0.00286 -0.08171  0.00695
 39   h           x  -0.04171 -0.25034  0.00611  0.01691 -0.39766  0.03296
                  y  -0.01084 -0.04963  0.00227  0.00671 -0.19120  0.01721
                  z  -0.00686  0.01071 -0.00107 -0.00662  0.23249 -0.02530
 40   h           x   0.03364  0.39203 -0.00280 -0.01015  0.05229 -0.00053
                  y   0.03525  0.38317 -0.00426 -0.01395  0.20293 -0.01383
                  z  -0.02030 -0.18087  0.00044  0.00109  0.10989 -0.01251
 41   h           x  -0.02739  0.05314 -0.00116  0.00473  0.27425 -0.02746
                  y  -0.00915  0.14118  0.00352 -0.00859 -0.26263  0.01943
                  z  -0.00290 -0.03132 -0.00071  0.00245  0.08249 -0.00718
 42   h           x   0.03210 -0.45567 -0.00363  0.01167  0.09027  0.00167
                  y  -0.02465  0.30655  0.00385 -0.01073 -0.19410  0.01087
                  z   0.01600 -0.18610 -0.00034  0.00148 -0.10969  0.01456
 43   h           x  -0.04155  0.24967  0.00674 -0.01530 -0.42981  0.03210
                  y   0.00391 -0.00175 -0.00121  0.00299  0.11847 -0.01104
                  z   0.00506  0.00481  0.00127 -0.00557 -0.23522  0.02561
 44   h           x  -0.15461  0.00519 -0.01119  0.00125  0.13800  0.15212
                  y  -0.01317 -0.01257 -0.00101 -0.01606  0.01190  0.01271
                  z   0.00012 -0.04961 -0.00027 -0.01862  0.00036 -0.00050
 45   h           x   0.37442 -0.00565 -0.05126 -0.00053  0.06187  0.18368
                  y   0.03169 -0.02034 -0.00439 -0.01314  0.00559  0.01559
                  z  -0.00131  0.00225  0.00006 -0.04202  0.00137 -0.00167
 46   h           x   0.46143 -0.01341 -0.05037 -0.00125  0.08355  0.12517
                  y   0.04009  0.05971 -0.00432 -0.00086  0.00682  0.01069
                  z   0.00066  0.06937 -0.00009 -0.03350  0.00010 -0.00139
 47   h           x   0.00721 -0.00058 -0.00622 -0.02333 -0.00035 -0.00279
                  y   0.00845  0.00314 -0.02334  0.19015 -0.00059 -0.01172
                  z   0.01481 -0.00009 -0.00408  0.01361 -0.00058 -0.00230
 48   h           x   0.00858 -0.00031 -0.01023 -0.01158 -0.00047 -0.00467
                  y  -0.00606  0.00345  0.02081  0.19242  0.00081  0.00942
                  z  -0.01545  0.00038  0.00413  0.01410  0.00065  0.00226
 49   h           x   0.03430 -0.00085  0.46656  0.00283  0.01088  0.26610
                  y   0.00319  0.00291  0.04010 -0.00301  0.00085  0.02625
                  z   0.00015  0.00487 -0.00044  0.03346 -0.00011  0.00082
 50   h           x  -0.01216 -0.00000 -0.52535 -0.01237 -0.02024 -0.56369
                  y  -0.00079  0.00112 -0.04747  0.05805 -0.00186 -0.05047
                  z  -0.00020  0.00072  0.00116  0.07607  0.00021 -0.00184
 51   h           x  -0.03794  0.00032 -0.30187 -0.00336  0.01190  0.58933
                  y  -0.00352  0.00410 -0.02714  0.06879  0.00112  0.05283
                  z  -0.00010  0.00063 -0.00019  0.05747  0.00009  0.00069
 52   h           x   0.00163 -0.00008  0.60387 -0.01423  0.00527 -0.35584
                  y   0.00059  0.00185  0.04745  0.18997  0.00043 -0.02704
                  z   0.00009 -0.00090 -0.00268 -0.07426 -0.00019  0.00245
 53   o           x   0.00170 -0.00004 -0.00109 -0.00062 -0.00007 -0.00055
                  y   0.00017  0.00001 -0.00008  0.00981  0.00001 -0.00011
                  z   0.00005  0.00031 -0.00021  0.03290  0.00002 -0.00024
 54   h           x   0.00177  0.00006  0.00076  0.00707  0.00009  0.00022
                  y   0.00011 -0.00164  0.00043 -0.11067 -0.00008  0.00052
                  z  -0.00022 -0.00655  0.00124 -0.46642 -0.00040  0.00204

reduced mass(g/mol)     1.182    2.614    1.400    3.851    1.302    1.341


       mode              85       86       87       88       89       90

     frequency        1026.84  1027.57  1048.92  1078.15  1081.11  1119.97

     symmetry            a        a        a        a        a        a   

        IR               YES      YES      YES      YES      YES      YES
|dDIP/dQ|   (a.u.)     0.0050   0.0047   0.0098   0.0069   0.0036   0.0119
intensity (km/mol)      43.92    38.90   169.01    85.09    23.00   251.25
intensity (  %   )       1.07     0.95     4.11     2.07     0.56     6.12
 
       RAMAN             YES      YES      YES      YES      YES      YES
 
  1   c           x  -0.00011 -0.00025  0.00207  0.01188  0.00164  0.00507
                  y  -0.00023  0.00164 -0.02106 -0.13073 -0.01828 -0.05709
                  z  -0.00000  0.00013 -0.04675  0.08089 -0.01831  0.03196
  2   c           x  -0.00293 -0.00127 -0.00008 -0.00943 -0.00056  0.00089
                  y  -0.00038 -0.00007 -0.00143  0.10490  0.00647 -0.01017
                  z   0.00030 -0.00239 -0.02671  0.00705  0.00731 -0.01507
  3   c           x  -0.00143 -0.00088 -0.01425  0.00291  0.00134 -0.00012
                  y  -0.00035  0.00368  0.16267 -0.03377 -0.01599  0.00139
                  z  -0.00005  0.00127  0.06672 -0.01531 -0.00744  0.01119
  4   c           x  -0.00129 -0.00060  0.00885 -0.00065  0.00180  0.00180
                  y  -0.00049  0.00236 -0.09890  0.00761 -0.02366 -0.01979
                  z  -0.00052  0.00189 -0.16791  0.09131  0.04239  0.02128
  5   c           x   0.00471  0.00211  0.00984  0.00037 -0.00169  0.00109
                  y   0.00069 -0.00233 -0.10808 -0.00411  0.01991 -0.01185
                  z  -0.00051  0.00280 -0.08681  0.01072  0.02967 -0.01454
  6   c           x   0.01047  0.00505  0.00713 -0.00110 -0.00103 -0.00022
                  y   0.00190 -0.00686 -0.09321  0.01517  0.01660  0.00193
                  z  -0.00045  0.00338  0.02588 -0.00678 -0.00466  0.00093
  7   c           x   0.04971  0.02002 -0.00609  0.00112  0.00018 -0.00006
                  y   0.00205  0.01616  0.07284 -0.01311 -0.00184  0.00075
                  z   0.00251 -0.01798  0.04248 -0.00737  0.00432 -0.00580
  8   c           x   0.00796 -0.00336  0.00004 -0.00019 -0.00009  0.00033
                  y  -0.01009  0.07488 -0.00039  0.00191  0.00109 -0.00348
                  z   0.00567 -0.04432 -0.00434  0.00218  0.00075 -0.00491
  9   c           x   0.00292  0.01606  0.00073 -0.00028 -0.00007  0.00022
                  y   0.02306 -0.15533 -0.00829  0.00328  0.00083 -0.00260
                  z  -0.02248  0.15727 -0.00382  0.00423  0.00327 -0.00563
 10   c           x   0.00153  0.01363 -0.00010  0.00008  0.00009 -0.00009
                  y   0.02029 -0.13902  0.00110 -0.00084 -0.00094  0.00102
                  z  -0.01124  0.07856 -0.00582  0.00048 -0.00002  0.00310
 11   c           x  -0.00124  0.00985 -0.00066  0.00011  0.00001  0.00009
                  y   0.01569 -0.11024  0.00736 -0.00128 -0.00008 -0.00098
                  z   0.02206 -0.15291  0.00657 -0.00110 -0.00055 -0.00165
 12   c           x  -0.00083  0.00627 -0.00020  0.00008  0.00005 -0.00000
                  y   0.00900 -0.06335  0.00203 -0.00080 -0.00043 -0.00004
                  z   0.02618 -0.18182  0.00651 -0.00272 -0.00177  0.00115
 13   c           x   0.00017  0.00008 -0.01201 -0.01141 -0.00235 -0.01115
                  y   0.00029  0.00002  0.14992  0.14681  0.02391  0.11210
                  z   0.00006  0.00034  0.04647 -0.05177  0.00696 -0.01806
 14   n           x  -0.00107 -0.00046  0.00184  0.00560 -0.00163  0.00163
                  y  -0.00022  0.00086 -0.03103 -0.07839  0.01917 -0.00970
                  z  -0.00012  0.00041 -0.04362  0.03882 -0.01130  0.04032
 15   c           x   0.01014 -0.07833 -0.00135 -0.00044 -0.00050  0.00095
                  y  -0.01895  0.02493  0.00288 -0.00121 -0.00027  0.00132
                  z  -0.00847 -0.04438  0.00227 -0.00152 -0.00085  0.00275
 16   c           x  -0.01391  0.06955  0.00081  0.00063  0.00052 -0.00117
                  y   0.00746  0.05201  0.00311 -0.00114 -0.00018  0.00114
                  z   0.01916 -0.03141  0.00232 -0.00153 -0.00084  0.00276
 17   o           x  -0.00365 -0.00648  0.00020  0.00004  0.00005 -0.00015
                  y  -0.00758  0.04993 -0.00235 -0.00053 -0.00062  0.00167
                  z  -0.01152  0.08203  0.00043 -0.00042  0.00005  0.00149
 18   c           x  -0.00068 -0.00512  0.00005 -0.00000 -0.00002  0.00000
                  y  -0.00761  0.05193 -0.00051  0.00021  0.00024 -0.00009
                  z   0.00669 -0.04622  0.00112  0.00001  0.00000 -0.00075
 19   c           x   0.00021 -0.00043  0.00000  0.00000 -0.00000 -0.00000
                  y  -0.00054  0.00411 -0.00001  0.00004  0.00002  0.00005
                  z  -0.00528  0.03643 -0.00103  0.00055  0.00040 -0.00040
 20   c           x   0.00021 -0.00256  0.00007 -0.00004 -0.00002  0.00002
                  y  -0.00375  0.02613 -0.00068  0.00031  0.00018 -0.00013
                  z  -0.00898  0.06240 -0.00221  0.00076  0.00044 -0.00023
 21   n           x   0.00180 -0.00878  0.00007 -0.00003 -0.00005  0.00004
                  y  -0.01456  0.10148 -0.00082  0.00062  0.00067 -0.00058
                  z   0.00157 -0.01094 -0.00012 -0.00013 -0.00016  0.00031
 22   n           x  -0.00041  0.00266 -0.00011  0.00005  0.00003 -0.00001
                  y   0.00454 -0.03114  0.00131 -0.00037 -0.00027  0.00006
                  z  -0.00212  0.01440 -0.00068  0.00018  0.00012 -0.00001
 23   n           x   0.00112 -0.00741  0.00027 -0.00009 -0.00005 -0.00000
                  y  -0.01187  0.08272 -0.00304  0.00090  0.00050  0.00010
                  z  -0.00492  0.03435 -0.00126  0.00037  0.00020  0.00007
 24   c           x   0.02697  0.01454  0.00151 -0.00023 -0.00022 -0.00025
                  y   0.00704 -0.03352 -0.01988  0.00330  0.00373  0.00285
                  z   0.00180 -0.01340  0.02473 -0.01044 -0.00663  0.00621
 25   c           x   0.05354  0.02190  0.00003 -0.00022  0.00007  0.00028
                  y   0.00148  0.02338 -0.00050  0.00260 -0.00007 -0.00318
                  z   0.00019 -0.00190  0.00793  0.00013  0.00111 -0.00499
 26   c           x   0.02571  0.00822 -0.00051  0.00017 -0.00002 -0.00007
                  y  -0.00203  0.03105  0.00543 -0.00194  0.00039  0.00102
                  z  -0.00636  0.04507 -0.01341  0.00106 -0.00138  0.00443
 27   c           x   0.00033  0.00007  0.01189  0.01085  0.00110  0.00116
                  y  -0.00028  0.00019 -0.13228 -0.12161 -0.01174 -0.01367
                  z   0.00020 -0.00134  0.01082  0.05456 -0.00541 -0.46875
 28   c           x  -0.01114 -0.00391  0.00382 -0.00366  0.00777 -0.00189
                  y  -0.00094  0.00005 -0.03870  0.04337 -0.08673  0.02019
                  z   0.00043 -0.00187  0.18312 -0.10808  0.03570 -0.02453
 29   c           x   0.02491  0.00876  0.00001 -0.00387 -0.00470 -0.00082
                  y   0.00217  0.00009 -0.00468  0.03939  0.05308  0.00925
                  z  -0.00030 -0.00180 -0.01728  0.05134  0.17651  0.01430
 30   c           x  -0.02955 -0.01031 -0.01126  0.00650 -0.01278  0.00104
                  y  -0.00253 -0.00326  0.13058 -0.06948  0.13257 -0.01101
                  z  -0.00008  0.00090 -0.03550  0.04688 -0.09574  0.01613
 31   c           x   0.02138  0.00786  0.00141 -0.00565  0.00423 -0.00195
                  y   0.00199  0.00006 -0.02227  0.06205 -0.02992  0.02087
                  z   0.00032  0.00096  0.05512 -0.12527 -0.12138 -0.04591
 32   h           x   0.02860  0.01222  0.00690 -0.00979 -0.00191  0.00597
                  y   0.00252 -0.00011 -0.06764  0.10804  0.02362 -0.05944
                  z   0.00070 -0.00726 -0.28934 -0.00379  0.06851 -0.22559
 33   h           x  -0.02898 -0.01380 -0.01818  0.02210  0.00103  0.00548
                  y  -0.00408  0.01395  0.19470 -0.23929 -0.01240 -0.06156
                  z   0.00122 -0.01078  0.04584  0.20365 -0.01227  0.07761
 34   h           x  -0.17997 -0.07567  0.00919 -0.00192 -0.00226 -0.00039
                  y  -0.01497 -0.00817 -0.03257  0.00276 -0.01973  0.00738
                  z  -0.00178  0.03038  0.36191 -0.06775 -0.17353  0.03168
 35   h           x  -0.46553 -0.20044 -0.00634  0.00039 -0.00100 -0.00028
                  y  -0.04181 -0.00393  0.08890 -0.01135 -0.00563  0.00338
                  z   0.00333 -0.02411  0.13932  0.00984 -0.01865  0.01048
 36   h           x  -0.00133 -0.00003 -0.03606 -0.02996 -0.00580 -0.01680
                  y   0.00097 -0.00236  0.27067  0.37805  0.00193 -0.03216
                  z  -0.00301  0.00210 -0.07675 -0.23227  0.01414  0.06407
 37   h           x  -0.00126 -0.00043 -0.01531 -0.04111  0.00558  0.02425
                  y   0.00063 -0.00244  0.27090  0.37163  0.00345 -0.02473
                  z   0.00192  0.00384 -0.06499 -0.21416  0.01245  0.05267
 38   h           x   0.02020  0.23401 -0.00637  0.00520  0.00315 -0.00927
                  y   0.04961  0.03608 -0.00981  0.00502  0.00202 -0.00742
                  z  -0.01304 -0.02524  0.00287 -0.00153 -0.00072  0.00257
 39   h           x  -0.09742  0.17143  0.01286 -0.00375 -0.00052  0.00288
                  y  -0.04294  0.01696  0.00634 -0.00278 -0.00096  0.00365
                  z   0.05363  0.07494 -0.00787  0.00386  0.00200 -0.00633
 40   h           x   0.03412 -0.29240 -0.00370 -0.00184 -0.00223  0.00465
                  y   0.05767 -0.22779 -0.00848  0.00125 -0.00071 -0.00065
                  z   0.00857  0.18598 -0.00290  0.00363  0.00244 -0.00694
 41   h           x   0.08793 -0.18181  0.00824 -0.00611 -0.00345  0.01049
                  y  -0.03744 -0.04711 -0.00873  0.00402  0.00142 -0.00564
                  z   0.01796 -0.01031  0.00294 -0.00155 -0.00071  0.00258
 42   h           x  -0.04929  0.32766  0.00515  0.00162  0.00230 -0.00452
                  y   0.00206 -0.19783 -0.00784  0.00153 -0.00031 -0.00143
                  z  -0.05593  0.15607 -0.00302  0.00369  0.00242 -0.00700
 43   h           x  -0.04297 -0.24380 -0.01406  0.00418  0.00064 -0.00350
                  y   0.02516  0.01040  0.00404 -0.00211 -0.00085  0.00311
                  z  -0.06562  0.01831 -0.00809  0.00395  0.00195 -0.00640
 44   h           x  -0.46844 -0.19706  0.00378 -0.00079 -0.00101 -0.00055
                  y  -0.03294 -0.06761 -0.02788  0.00445 -0.00046  0.00684
                  z   0.01335 -0.09151 -0.01903 -0.00465 -0.03386  0.02881
 45   h           x  -0.52367 -0.23047  0.00157 -0.00071 -0.00062  0.00038
                  y  -0.04352 -0.02676 -0.01236  0.00729  0.00056 -0.00472
                  z   0.02460 -0.16173 -0.04574  0.02209  0.00416 -0.01376
 46   h           x  -0.35009 -0.15083  0.00057  0.00010 -0.00021 -0.00042
                  y  -0.02841 -0.02519 -0.00016 -0.00119 -0.00004  0.00291
                  z   0.02810 -0.19656 -0.05307  0.00680 -0.00419  0.01686
 47   h           x  -0.00010  0.00000  0.00692  0.00148  0.00174  0.01031
                  y  -0.00227 -0.00076 -0.10833 -0.12710 -0.01060  0.04762
                  z   0.00083 -0.00046 -0.03075  0.02006 -0.00409 -0.43398
 48   h           x  -0.00045 -0.00008  0.01273  0.02274 -0.00004 -0.02181
                  y   0.00172  0.00053 -0.10852 -0.12501 -0.01032  0.04625
                  z  -0.00071 -0.00118 -0.03071  0.01643 -0.00403 -0.43011
 49   h           x   0.06535  0.02296 -0.01304 -0.02421  0.04286 -0.01087
                  y   0.00708  0.00230  0.10134  0.24536 -0.46900  0.13143
                  z   0.00085 -0.00204  0.23522 -0.04679 -0.08311  0.01214
 50   h           x  -0.14117 -0.04966 -0.00181  0.00500  0.01729  0.00231
                  y  -0.01240 -0.00387  0.05220 -0.03515 -0.20489 -0.02803
                  z  -0.00072 -0.00317 -0.05637  0.11395  0.42176  0.04619
 51   h           x   0.16232  0.05804 -0.01344  0.00091 -0.00349 -0.00173
                  y   0.01475  0.00295  0.11562 -0.02539  0.09461  0.01516
                  z  -0.00013  0.00206 -0.13695  0.25808 -0.36939  0.13843
 52   h           x  -0.12879 -0.04784 -0.00150 -0.00885  0.03010 -0.00419
                  y  -0.00923 -0.00282  0.06474  0.10391 -0.44473  0.05131
                  z   0.00109  0.00187  0.07996 -0.11475 -0.27323 -0.03813
 53   o           x   0.00004  0.00003  0.00097  0.00148  0.00022  0.00250
                  y  -0.00003  0.00007 -0.01383 -0.01786 -0.00283 -0.02556
                  z  -0.00024  0.00112 -0.04284 -0.07172  0.00211  0.35519
 54   h           x  -0.00010  0.00000 -0.00661 -0.00629 -0.00043  0.00499
                  y   0.00023 -0.00033  0.10046  0.09438  0.00749 -0.04762
                  z   0.00087 -0.00043  0.42567  0.37962  0.04599  0.35591

reduced mass(g/mol)     1.168    3.496    3.385    2.644    2.019    5.610


       mode              91       92       93       94       95       96

     frequency        1140.62  1145.51  1168.13  1183.83  1204.51  1207.14

     symmetry            a        a        a        a        a        a   

        IR               YES      YES      YES      YES      YES      YES
|dDIP/dQ|   (a.u.)     0.0113   0.0004   0.0094   0.0032   0.0067   0.0032
intensity (km/mol)     227.56     0.28   157.77    18.37    79.71    18.08
intensity (  %   )       5.54     0.01     3.84     0.45     1.94     0.44
 
       RAMAN             YES      YES      YES      YES      YES      YES
 
  1   c           x  -0.00002  0.00831 -0.00377  0.00119 -0.00453 -0.00041
                  y  -0.00028  0.00183  0.04250 -0.01325  0.05111  0.00485
                  z   0.00392 -0.00078  0.03653  0.02543 -0.00543 -0.00028
  2   c           x   0.00037  0.00192  0.00512  0.00072 -0.00024  0.00011
                  y  -0.00428  0.00033 -0.05746 -0.00814  0.00269 -0.00108
                  z   0.00315  0.00031  0.00443  0.00086 -0.02774 -0.00244
  3   c           x   0.00033 -0.00097 -0.00425  0.00023 -0.00257 -0.00028
                  y  -0.00384 -0.00077  0.04829 -0.00230  0.02947  0.00264
                  z  -0.00166  0.00012 -0.00023 -0.00686  0.03314  0.00288
  4   c           x  -0.00030 -0.00046  0.00706  0.00056 -0.00138  0.00003
                  y   0.00314  0.00088 -0.07985 -0.00497  0.01435 -0.00069
                  z   0.00274 -0.00002 -0.00538 -0.01835  0.05154  0.00266
  5   c           x  -0.00064 -0.00072  0.00378 -0.00047  0.00416  0.00028
                  y   0.00728  0.00042 -0.04242  0.00467 -0.04588 -0.00309
                  z  -0.01012  0.00048 -0.01392  0.00529  0.02087 -0.00085
  6   c           x   0.00070 -0.00014  0.00208 -0.00085 -0.00162 -0.00075
                  y  -0.00736  0.00037 -0.02373  0.00871  0.01481  0.00562
                  z  -0.00426  0.00004 -0.02932 -0.00074 -0.00859  0.00364
  7   c           x  -0.00119 -0.00015 -0.00312  0.00107  0.00249 -0.00082
                  y   0.01319 -0.00033  0.03679 -0.01229 -0.02665 -0.00501
                  z  -0.00443 -0.00011  0.01932 -0.00971 -0.04743 -0.00677
  8   c           x   0.00863  0.00008 -0.00018 -0.00043 -0.03184  0.43752
                  y  -0.09983 -0.00022  0.00146  0.00242  0.08594  0.04706
                  z  -0.25929 -0.00066  0.00686 -0.00624 -0.07265 -0.00635
  9   c           x   0.00427  0.00000  0.00024 -0.00046 -0.00541 -0.06699
                  y  -0.05016 -0.00006 -0.00266  0.00564  0.10516  0.00323
                  z  -0.01692  0.00002  0.00121  0.00407  0.05136  0.00230
 10   c           x  -0.00153 -0.00000  0.00015 -0.00037 -0.00937  0.01032
                  y   0.01698  0.00005 -0.00157  0.00402  0.09780  0.00967
                  z  -0.00595  0.00004 -0.01449  0.00396  0.11524  0.01415
 11   c           x  -0.00650 -0.00002 -0.00036 -0.00016 -0.00089 -0.00742
                  y   0.07507  0.00018  0.00397  0.00195  0.01582 -0.00235
                  z  -0.04502 -0.00014  0.00612 -0.00315 -0.05708 -0.00548
 12   c           x   0.00174  0.00001 -0.00031  0.00017  0.00305  0.00436
                  y  -0.01844 -0.00007  0.00338 -0.00177 -0.03315 -0.00452
                  z  -0.04159 -0.00017  0.00698 -0.00672 -0.12564 -0.01062
 13   c           x  -0.00081  0.16439  0.00169  0.00034  0.00290 -0.00001
                  y   0.00202  0.01193 -0.01103 -0.00507 -0.02706 -0.00031
                  z  -0.00505  0.00116 -0.00500 -0.00586  0.03669  0.00094
 14   n           x   0.00006 -0.06217 -0.00401 -0.00134  0.00020  0.00003
                  y   0.00210 -0.00550  0.04366  0.01562 -0.00560  0.00001
                  z   0.00537 -0.00052  0.00298  0.01026 -0.05848 -0.00186
 15   c           x   0.01834  0.00002 -0.00108  0.00085  0.02317 -0.14216
                  y   0.04624  0.00009  0.00003 -0.00164 -0.04613 -0.02195
                  z   0.10777  0.00027 -0.00252  0.00191  0.01834 -0.02119
 16   c           x  -0.02608 -0.00009  0.00109 -0.00040  0.00126 -0.14589
                  y   0.04245  0.00009  0.00022 -0.00174 -0.04856 -0.01236
                  z   0.10785  0.00026 -0.00255  0.00188  0.01595  0.02373
 17   o           x   0.00270  0.00000  0.00004  0.00040  0.00915 -0.03923
                  y  -0.03091 -0.00011 -0.00031 -0.00430 -0.07962 -0.00880
                  z   0.10325  0.00027 -0.00311  0.00347  0.05029  0.00363
 18   c           x   0.00043  0.00000  0.00000  0.00006  0.00119  0.00461
                  y  -0.00491 -0.00002  0.00001 -0.00079 -0.01647 -0.00092
                  z  -0.00093 -0.00001  0.00255 -0.00025 -0.00999 -0.00154
 19   c           x  -0.00036 -0.00000  0.00004 -0.00003 -0.00050  0.00187
                  y   0.00396  0.00001 -0.00039  0.00021  0.00380  0.00079
                  z   0.00908  0.00003 -0.00080  0.00114  0.01925  0.00143
 20   c           x  -0.00048 -0.00000  0.00005 -0.00004 -0.00060 -0.00131
                  y   0.00533  0.00002 -0.00059  0.00045  0.00681  0.00071
                  z   0.00488  0.00003 -0.00144  0.00107  0.01941  0.00178
 21   n           x   0.00096  0.00000  0.00001  0.00012  0.00275 -0.00060
                  y  -0.01090 -0.00003 -0.00012 -0.00136 -0.03054 -0.00256
                  z   0.00203  0.00001 -0.00058  0.00032  0.00836  0.00087
 22   n           x   0.00062  0.00000 -0.00008  0.00009  0.00166 -0.00033
                  y  -0.00722 -0.00003  0.00091 -0.00104 -0.01911 -0.00118
                  z   0.00346  0.00001 -0.00043  0.00053  0.00986  0.00047
 23   n           x  -0.00134 -0.00001  0.00026 -0.00016 -0.00299 -0.00022
                  y   0.01486  0.00005 -0.00289  0.00178  0.03311  0.00357
                  z   0.00721  0.00003 -0.00131  0.00077  0.01430  0.00161
 24   c           x  -0.00080  0.00001  0.00194  0.00055  0.00449 -0.00184
                  y   0.00951  0.00014 -0.02255 -0.00672 -0.05188  0.00264
                  z   0.02651 -0.00011  0.00467 -0.00751 -0.09653 -0.00244
 25   c           x   0.00154  0.00002 -0.00119 -0.00058 -0.00625 -0.00833
                  y  -0.01753 -0.00005  0.01412  0.00642  0.07483 -0.00065
                  z   0.02778  0.00001  0.02238 -0.00171 -0.05841 -0.01233
 26   c           x  -0.00556 -0.00000 -0.00029  0.00040  0.00745  0.00575
                  y   0.06548  0.00013  0.00310 -0.00479 -0.09051 -0.00973
                  z   0.04195  0.00011 -0.00576  0.00104 -0.01283  0.00077
 27   c           x   0.00054 -0.13633 -0.00191 -0.00042  0.00058 -0.00001
                  y  -0.00110 -0.01103  0.00659  0.00163  0.00942  0.00008
                  z   0.00549 -0.00143  0.00967 -0.00174  0.01083  0.00142
 28   c           x  -0.00016 -0.00338 -0.00712 -0.00301 -0.00133 -0.00015
                  y   0.00184 -0.00083  0.07809  0.03297  0.01464  0.00161
                  z  -0.00419  0.00030 -0.03899 -0.00245 -0.01592 -0.00075
 29   c           x  -0.00001  0.00016  0.00385  0.00361  0.00098  0.00012
                  y  -0.00002 -0.00005 -0.04264 -0.03970 -0.01089 -0.00112
                  z   0.00034 -0.00015  0.00438  0.01607  0.00047  0.00018
 30   c           x   0.00007 -0.00003 -0.00326  0.00206  0.00026 -0.00009
                  y  -0.00110 -0.00010  0.03479 -0.02094 -0.00313  0.00118
                  z   0.00371 -0.00041  0.04268 -0.03248 -0.00279 -0.00006
 31   c           x   0.00025 -0.00015  0.00339 -0.00262  0.00084  0.00015
                  y  -0.00210 -0.00029 -0.03275  0.02341 -0.00819 -0.00189
                  z  -0.00366  0.00097 -0.07716  0.00341 -0.00782 -0.00225
 32   h           x   0.00027 -0.06329  0.00449 -0.00069  0.00397  0.00050
                  y  -0.00064 -0.00540 -0.05342  0.00671 -0.04003 -0.00569
                  z   0.01874  0.00058  0.03276  0.05802 -0.19397 -0.01960
 33   h           x  -0.00020  0.02301 -0.02512 -0.00616  0.00841  0.00136
                  y   0.00282  0.00089  0.27565  0.06814 -0.09788 -0.00412
                  z  -0.01031  0.00059 -0.24145 -0.08310  0.17633  0.01067
 34   h           x   0.00100  0.00153  0.00211 -0.00143 -0.00432  0.00205
                  y  -0.01630  0.00023 -0.03402  0.02846  0.07675  0.01258
                  z  -0.04759 -0.00160 -0.05859  0.08950  0.28934  0.03574
 35   h           x   0.00025  0.00277 -0.00437  0.00147 -0.00492  0.01260
                  y  -0.00037 -0.00021  0.04624 -0.01419  0.04701 -0.00124
                  z  -0.10611 -0.00087  0.06678 -0.01606  0.46491  0.01258
 36   h           x   0.00203 -0.15349  0.00989  0.00540 -0.00581  0.00030
                  y   0.00183 -0.07705 -0.04622 -0.00394 -0.02109 -0.00225
                  z   0.00127 -0.51699  0.03375  0.00217  0.01240  0.00299
 37   h           x  -0.00107 -0.16437 -0.00308 -0.00434  0.00906  0.00018
                  y   0.00113  0.04940 -0.04461 -0.00479 -0.02243 -0.00189
                  z  -0.00275  0.51207  0.03595  0.00121  0.01786  0.00238
 38   h           x  -0.34618 -0.00084  0.00919 -0.00775 -0.10839  0.09363
                  y  -0.28316 -0.00069  0.00464 -0.00055  0.06152 -0.14069
                  z   0.10509  0.00027 -0.00195  0.00130  0.00193  0.01818
 39   h           x   0.10603  0.00020  0.00293 -0.00714 -0.17955 -0.00583
                  y   0.13840  0.00031 -0.00118 -0.00101 -0.05079 -0.08357
                  z  -0.26482 -0.00062  0.00395 -0.00370 -0.02633  0.23557
 40   h           x   0.13141  0.00030 -0.00512  0.00523  0.10330 -0.36716
                  y  -0.07704 -0.00020 -0.00109  0.00277  0.09963 -0.28141
                  z  -0.25176 -0.00061  0.00545 -0.00415 -0.03469  0.22492
 41   h           x   0.39073  0.00098 -0.00994  0.00763  0.08738  0.08623
                  y  -0.21768 -0.00049  0.00290  0.00068  0.06218  0.16875
                  z   0.10522  0.00025 -0.00197  0.00131  0.00387 -0.01843
 42   h           x  -0.11539 -0.00035  0.00541 -0.00520 -0.07333 -0.42776
                  y  -0.09997 -0.00021 -0.00025  0.00159  0.05598  0.22592
                  z  -0.25177 -0.00063  0.00560 -0.00391 -0.01020 -0.22485
 43   h           x  -0.13032 -0.00025 -0.00258  0.00720  0.18556  0.01711
                  y   0.11749  0.00029 -0.00173  0.00018 -0.02687  0.07578
                  z  -0.26532 -0.00066  0.00416 -0.00343 -0.00078 -0.23111
 44   h           x   0.00084 -0.00045  0.00293  0.00009 -0.00258  0.02037
                  y  -0.00813  0.00006 -0.03603  0.00086  0.02306  0.01717
                  z  -0.06957 -0.00034 -0.06487  0.03949  0.33238  0.06614
 45   h           x   0.00561 -0.00022 -0.00119 -0.00092 -0.01605  0.07640
                  y  -0.05624 -0.00009  0.01251  0.01286  0.16242  0.00807
                  z  -0.17391 -0.00015  0.01663  0.02943  0.35526 -0.00724
 46   h           x  -0.00671 -0.00018  0.00069  0.00034  0.00436  0.07034
                  y   0.07210  0.00016 -0.00542 -0.00354 -0.08440 -0.00134
                  z   0.05563  0.00036 -0.06587  0.01156  0.07276  0.02513
 47   h           x  -0.00025  0.12609  0.00398  0.00174 -0.00551 -0.00020
                  y  -0.00936  0.31456 -0.02648 -0.02242  0.08550  0.00144
                  z   0.00975  0.25209  0.04703  0.02215 -0.06306 -0.00025
 48   h           x   0.00088  0.17847  0.00428  0.00318 -0.01382 -0.00011
                  y  -0.00695 -0.27988 -0.02943 -0.02135  0.07943  0.00149
                  z   0.01071 -0.25924  0.03886  0.01831 -0.04334 -0.00015
 49   h           x  -0.00046  0.01123 -0.02687 -0.03399  0.00531  0.00044
                  y   0.00479 -0.00188  0.30524  0.37689 -0.05790 -0.00402
                  z  -0.00348 -0.00048  0.02987  0.10866 -0.04241 -0.00279
 50   h           x   0.00036  0.00025  0.03084  0.04223  0.00568  0.00087
                  y  -0.00409  0.00102 -0.34330 -0.47088 -0.06290 -0.00896
                  z   0.00366 -0.00105  0.25919  0.38645  0.04339  0.00688
 51   h           x  -0.00028  0.00017 -0.01352  0.01044 -0.00131 -0.00038
                  y   0.00425 -0.00095  0.15265 -0.12245  0.01510  0.00466
                  z   0.02947 -0.00439  0.59540 -0.51741  0.08693  0.01600
 52   h           x   0.00229  0.00124  0.02260 -0.02889  0.00849  0.00129
                  y  -0.03121 -0.00087 -0.28419  0.36252 -0.09988 -0.00970
                  z  -0.01428  0.00081 -0.17123  0.12202 -0.03726 -0.00488
 53   o           x  -0.00010  0.03289 -0.00000 -0.00010 -0.00052 -0.00002
                  y   0.00026  0.00303  0.00531  0.00344 -0.00437 -0.00010
                  z  -0.00430  0.00126 -0.00369  0.00255 -0.00710 -0.00100
 54   h           x   0.00008 -0.00820  0.00142  0.00103 -0.00215  0.00003
                  y  -0.00074 -0.00067 -0.02161 -0.01482  0.02847  0.00106
                  z  -0.00983  0.00097 -0.11560 -0.07186  0.12588  0.00337

reduced mass(g/mol)     2.588    1.581    1.497    1.092    2.590    3.702


       mode              97       98       99      100      101      102

     frequency        1210.28  1214.70  1224.64  1232.62  1239.46  1251.92

     symmetry            a        a        a        a        a        a   

        IR               YES      YES      YES      YES      YES      YES
|dDIP/dQ|   (a.u.)     0.0366   0.0149   0.0032   0.0036   0.0109   0.0011
intensity (km/mol)    2381.30   397.16    17.76    23.37   212.89     2.12
intensity (  %   )      57.97     9.67     0.43     0.57     5.18     0.05
 
       RAMAN             YES      YES      YES      YES      YES      YES
 
  1   c           x  -0.00067  0.00745 -0.00081  0.00216 -0.00059 -0.00403
                  y   0.00800 -0.08375  0.00958 -0.02311  0.01167  0.01230
                  z  -0.00697  0.01608 -0.02663 -0.03623  0.00988  0.00647
  2   c           x  -0.00158 -0.00045 -0.00081 -0.00150 -0.00136  0.00243
                  y   0.01798  0.00521  0.00890  0.01641  0.01269 -0.00073
                  z  -0.00556  0.04207 -0.00536  0.00507  0.03304  0.00314
  3   c           x   0.00026  0.00133  0.00109  0.00155  0.00044 -0.00083
                  y  -0.00362 -0.01457 -0.01288 -0.01786 -0.00305  0.00067
                  z   0.01074 -0.05491  0.01669  0.00511 -0.00631 -0.00047
  4   c           x  -0.00386  0.00498 -0.00064  0.00288  0.00286  0.00011
                  y   0.04290 -0.05408  0.00714 -0.03141 -0.03171  0.00097
                  z   0.02689 -0.03862 -0.03036 -0.05833 -0.01732  0.00224
  5   c           x   0.00043 -0.00054 -0.00263 -0.00341  0.00133  0.00020
                  y  -0.00403  0.00488  0.02932  0.03745 -0.01518 -0.00579
                  z   0.02502  0.03185 -0.00838  0.01697  0.01905 -0.00202
  6   c           x   0.00630  0.00048  0.00031 -0.00135 -0.00342 -0.00027
                  y  -0.07124 -0.00456  0.00009  0.02002  0.03922  0.00351
                  z  -0.06269 -0.01515  0.02052  0.03130  0.00440 -0.00163
  7   c           x  -0.00392 -0.00068 -0.00032  0.00218  0.00168  0.00000
                  y   0.04558  0.00757  0.00239 -0.02649 -0.01966 -0.00007
                  z   0.04890  0.02628  0.05180  0.07362 -0.01444 -0.00314
  8   c           x   0.01536 -0.00314 -0.01348  0.00954  0.00070 -0.00040
                  y  -0.01469  0.06732  0.11702 -0.10773 -0.00726  0.00351
                  z   0.00167 -0.02872 -0.03934  0.12276 -0.00115 -0.00049
  9   c           x  -0.00118 -0.00430 -0.00215 -0.00263  0.00025  0.00009
                  y  -0.01115  0.04521  0.03125  0.02970 -0.00305 -0.00087
                  z   0.01827  0.02898  0.01262 -0.02276  0.00108 -0.00029
 10   c           x   0.00162 -0.00405 -0.00229 -0.01208  0.00076  0.00020
                  y  -0.01384  0.04622  0.02450  0.13729 -0.00855 -0.00222
                  z  -0.07300  0.01974  0.04292  0.02260 -0.00538 -0.00345
 11   c           x  -0.00304 -0.00134  0.00356 -0.01864  0.00047 -0.00010
                  y   0.03132  0.01492 -0.03967  0.21277 -0.00544  0.00119
                  z   0.01737 -0.01452 -0.00089 -0.09226  0.00441 -0.00051
 12   c           x  -0.00198  0.00061  0.00388 -0.02233  0.00084 -0.00101
                  y   0.02336 -0.00529 -0.04435  0.26026 -0.00988  0.01146
                  z   0.02017 -0.04296 -0.00298 -0.21050  0.00917  0.00027
 13   c           x   0.00424 -0.00448  0.00316  0.00340  0.01224 -0.02546
                  y  -0.04165  0.03980 -0.02831 -0.02915 -0.07547 -0.01101
                  z   0.04104 -0.04132  0.01788  0.01586 -0.02143 -0.01001
 14   n           x   0.00050 -0.00112  0.00054 -0.00041 -0.00472  0.03114
                  y  -0.01224  0.01900 -0.01327 -0.00603 -0.00345 -0.00049
                  z  -0.06180  0.06983 -0.02787 -0.02246  0.00355  0.00605
 15   c           x  -0.00933  0.00776  0.01794 -0.01914 -0.00073  0.00037
                  y   0.00717 -0.03065 -0.04607  0.03275  0.00329 -0.00125
                  z  -0.00077  0.00534  0.01262 -0.07204  0.00171 -0.00018
 16   c           x  -0.00132 -0.00408 -0.00742  0.01292  0.00012 -0.00010
                  y   0.00826 -0.03165 -0.04853  0.03567  0.00338 -0.00129
                  z   0.00044  0.00568  0.01268 -0.07219  0.00171 -0.00019
 17   o           x  -0.00061  0.00338  0.00050  0.01667 -0.00077  0.00013
                  y  -0.00730 -0.04166 -0.00271 -0.19169  0.00882 -0.00142
                  z   0.00191  0.01809 -0.01385  0.14940 -0.00569  0.00170
 18   c           x   0.00008  0.00075  0.00023  0.00212 -0.00012 -0.00003
                  y   0.00075 -0.00812 -0.00307 -0.02412  0.00130  0.00028
                  z   0.01138  0.00159 -0.00203 -0.00551  0.00046  0.00038
 19   c           x   0.00032 -0.00005 -0.00056  0.00327 -0.00013  0.00014
                  y  -0.00303  0.00053  0.00626 -0.03816  0.00144 -0.00162
                  z  -0.00099  0.00716 -0.00148  0.04004 -0.00152  0.00006
 20   c           x   0.00023 -0.00017 -0.00052  0.00288 -0.00011  0.00014
                  y  -0.00301  0.00154  0.00596 -0.03349  0.00133 -0.00156
                  z  -0.00462  0.00606  0.00293  0.01726 -0.00092 -0.00018
 21   n           x  -0.00014  0.00141  0.00047  0.00492 -0.00027 -0.00005
                  y   0.00120 -0.01595 -0.00525 -0.05549  0.00296  0.00050
                  z  -0.00307  0.00278  0.00187  0.01086 -0.00066 -0.00017
 22   n           x   0.00005  0.00065 -0.00085  0.00900 -0.00037  0.00021
                  y  -0.00076 -0.00757  0.01015 -0.10612  0.00425 -0.00254
                  z   0.00140  0.00417 -0.00840  0.07739 -0.00307  0.00212
 23   n           x   0.00113 -0.00078 -0.00127  0.00351 -0.00010  0.00028
                  y  -0.01249  0.00863  0.01406 -0.03850  0.00109 -0.00310
                  z  -0.00605  0.00348  0.00758 -0.02793  0.00092 -0.00177
 24   c           x   0.00657  0.00441 -0.00482 -0.00816  0.00086  0.00029
                  y  -0.07636 -0.05154  0.05647  0.09568 -0.01037 -0.00353
                  z  -0.05513 -0.02269  0.05648  0.03338 -0.00190  0.00353
 25   c           x  -0.00690 -0.00540  0.00159  0.00662 -0.00030 -0.00024
                  y   0.07625  0.06195 -0.01503 -0.07557  0.00326  0.00282
                  z   0.11048  0.03585 -0.00369 -0.02323 -0.00192  0.00330
 26   c           x  -0.00281  0.00332  0.00428 -0.00014 -0.00010  0.00012
                  y   0.03363 -0.03945 -0.05130  0.00159  0.00116 -0.00140
                  z  -0.01483 -0.01106  0.00559 -0.05441  0.00376  0.00306
 27   c           x   0.00137 -0.00125  0.00156  0.00229  0.01148 -0.08631
                  y   0.01468 -0.01356  0.00951  0.00974  0.04312  0.00359
                  z  -0.00215 -0.02169  0.00541  0.00084  0.02660  0.00642
 28   c           x  -0.00058  0.00357 -0.00182 -0.00132  0.00012 -0.00013
                  y   0.00654 -0.03922  0.02008  0.01460 -0.00106  0.00074
                  z  -0.00911  0.01030  0.01563  0.02824 -0.00076 -0.00344
 29   c           x   0.00062 -0.00290  0.00122  0.00052 -0.00008  0.00026
                  y  -0.00695  0.03226 -0.01360 -0.00576  0.00053 -0.00162
                  z  -0.00272  0.00268 -0.00156  0.00247 -0.00636 -0.00367
 30   c           x   0.00235 -0.00118  0.00001 -0.00109 -0.00105  0.00027
                  y  -0.02653  0.01411 -0.00086  0.01180  0.01152 -0.00016
                  z  -0.00125 -0.00143  0.00629  0.00593 -0.00078 -0.00013
 31   c           x  -0.00096 -0.00266  0.00119  0.00070  0.00004  0.00008
                  y   0.01184  0.02648 -0.01160 -0.00705 -0.00203 -0.00101
                  z   0.02726 -0.00391  0.01143  0.00564 -0.00700  0.00027
 32   h           x  -0.00100 -0.00833  0.00128 -0.00179 -0.00042 -0.02876
                  y   0.01807  0.08548 -0.00724  0.02964  0.05874 -0.00555
                  z  -0.01486  0.34512 -0.06929  0.04803  0.19978 -0.00427
 33   h           x   0.01418 -0.03203  0.01685  0.00891 -0.02000 -0.00310
                  y  -0.15772  0.35200 -0.18197 -0.09521  0.22356  0.02282
                  z   0.17725 -0.45020  0.19701  0.08834 -0.24721 -0.02425
 34   h           x   0.00750  0.00104  0.00296  0.00179 -0.00371  0.00002
                  y  -0.10603 -0.01958 -0.06239 -0.05518  0.04461  0.00644
                  z  -0.22883 -0.08732 -0.28010 -0.33457  0.02370  0.01198
 35   h           x  -0.00839  0.00063  0.00393  0.00620  0.00402 -0.00008
                  y   0.08949 -0.00544 -0.04463 -0.07288 -0.04297 -0.00387
                  z   0.32728 -0.05631 -0.27177 -0.22697 -0.15488 -0.02865
 36   h           x  -0.01089  0.00187 -0.00243 -0.00396 -0.00457  0.04671
                  y   0.00341  0.02327  0.00796  0.01610  0.04814 -0.27598
                  z  -0.02603 -0.01584 -0.02031 -0.03334 -0.14413  0.31526
 37   h           x   0.01031 -0.00539  0.00110  0.00140 -0.00511 -0.00462
                  y  -0.00371  0.02876 -0.00173  0.00080 -0.02760  0.26014
                  z  -0.01482 -0.02690 -0.00765 -0.01453 -0.04320 -0.32701
 38   h           x   0.02054 -0.05265 -0.11432  0.28111 -0.00097 -0.00147
                  y  -0.01631  0.04534  0.06533  0.04481 -0.00894  0.00287
                  z   0.00397 -0.00293 -0.00317 -0.05317  0.00251 -0.00056
 39   h           x   0.03424 -0.11008 -0.17372  0.15069  0.01026 -0.00396
                  y   0.01199 -0.04006 -0.06173  0.00395  0.00558 -0.00181
                  z  -0.01042  0.00704  0.02060  0.10536 -0.00504  0.00108
 40   h           x  -0.02390  0.03958  0.06970 -0.12843 -0.00140  0.00112
                  y  -0.03116  0.05414  0.09733 -0.06188 -0.00670  0.00270
                  z  -0.00280  0.00610  0.01962  0.09155 -0.00533  0.00152
 41   h           x  -0.01285  0.04488  0.10037 -0.28386  0.00251  0.00098
                  y  -0.00959  0.05620  0.08299 -0.00629 -0.00861  0.00305
                  z   0.00257 -0.00316 -0.00258 -0.05315  0.00249 -0.00056
 42   h           x   0.00298 -0.05400 -0.08096  0.13796  0.00250 -0.00139
                  y  -0.01277  0.04922  0.08092 -0.03851 -0.00630  0.00237
                  z  -0.01638  0.00305  0.02148  0.09231 -0.00534  0.00166
 43   h           x  -0.03536  0.11524  0.18093 -0.14808 -0.01107  0.00424
                  y   0.01043 -0.01892 -0.03066 -0.02275  0.00369 -0.00110
                  z  -0.02380  0.00373  0.02118  0.10631 -0.00500  0.00113
 44   h           x   0.01544  0.00872 -0.00006 -0.00659  0.00001  0.00067
                  y  -0.17859 -0.09996 -0.00472  0.07115  0.00122 -0.00515
                  z  -0.59979 -0.27633 -0.30751 -0.15286  0.06835 -0.00273
 45   h           x  -0.00706 -0.00458  0.00890  0.00748 -0.00059  0.00014
                  y   0.11737  0.06505 -0.12027 -0.10751  0.00818 -0.00216
                  z   0.31235  0.04508 -0.53350 -0.16141  0.02461 -0.02221
 46   h           x   0.00380  0.00834  0.00893 -0.00237 -0.00067  0.00035
                  y  -0.00371 -0.07709 -0.10055  0.02191  0.00688 -0.00403
                  z  -0.29367 -0.24493 -0.28453  0.05963  0.04149 -0.01331
 47   h           x  -0.00675  0.01032 -0.00669 -0.00627 -0.03555  0.10858
                  y   0.11903 -0.12273  0.07664  0.07130  0.33822 -0.07455
                  z  -0.10109  0.09134 -0.06556 -0.06587 -0.30967  0.49112
 48   h           x  -0.02142  0.01827 -0.01283 -0.01368 -0.05946  0.08030
                  y   0.11142 -0.11192  0.06902  0.06195  0.27844  0.19299
                  z  -0.06943  0.05665 -0.03594 -0.02820 -0.10841 -0.55102
 49   h           x  -0.00630  0.01275 -0.01830 -0.02078  0.00167  0.02542
                  y   0.06509 -0.14053  0.19639  0.21983 -0.05799 -0.03266
                  z   0.00865 -0.01892  0.07369  0.09781 -0.01916 -0.01541
 50   h           x   0.00267 -0.02321  0.00814  0.00170  0.00164 -0.00209
                  y  -0.02917  0.25764 -0.08961 -0.01720 -0.01145 -0.01754
                  z   0.01385 -0.18763  0.06309  0.01345  0.00398  0.00914
 51   h           x   0.00577 -0.00152  0.00026 -0.00224 -0.00219  0.00090
                  y  -0.06015  0.01260 -0.00006  0.02583  0.02038 -0.00142
                  z  -0.14732 -0.01871  0.01426  0.07031  0.03637 -0.00569
 52   h           x   0.00237 -0.01974  0.00909  0.00377 -0.00793 -0.00168
                  y  -0.03841  0.24036 -0.11477 -0.04864  0.10056  0.01565
                  z   0.01182  0.06754 -0.02460 -0.01035  0.02807  0.00623
 53   o           x  -0.00089  0.00091 -0.00090 -0.00130 -0.00524  0.04359
                  y  -0.00633  0.00737 -0.00467 -0.00384 -0.03797 -0.00594
                  z   0.00218  0.01522 -0.00361 -0.00011 -0.01845 -0.00623
 54   h           x  -0.00248  0.00350 -0.00192 -0.00158 -0.01021  0.00584
                  y   0.03279 -0.04591  0.02439  0.01856  0.12820  0.02969
                  z   0.16448 -0.19772  0.11409  0.09158  0.65442  0.14978

reduced mass(g/mol)     1.726    1.687    1.536    5.183    1.208    1.149


       mode             103      104      105      106      107      108

     frequency        1253.91  1259.81  1263.44  1278.16  1292.28  1305.69

     symmetry            a        a        a        a        a        a   

        IR               YES      YES      YES      YES      YES      YES
|dDIP/dQ|   (a.u.)     0.0133   0.0039   0.0067   0.0028   0.0098   0.0048
intensity (km/mol)     312.61    26.46    79.56    14.07   171.50    41.78
intensity (  %   )       7.61     0.64     1.94     0.34     4.17     1.02
 
       RAMAN             YES      YES      YES      YES      YES      YES
 
  1   c           x   0.01083 -0.00559 -0.00964  0.00776  0.00280  0.00030
                  y  -0.12516  0.06137  0.10883 -0.08605 -0.03065 -0.00325
                  z  -0.09029  0.06635  0.01113 -0.01000  0.07155  0.00994
  2   c           x  -0.00391  0.00282  0.00132 -0.00140  0.00384  0.00017
                  y   0.04865 -0.03167 -0.01686  0.01652 -0.04270 -0.00179
                  z  -0.00823  0.02476 -0.02115 -0.00467 -0.03766  0.00179
  3   c           x   0.00076  0.00106 -0.00057 -0.00297 -0.00430 -0.00120
                  y  -0.01043 -0.01226  0.00758  0.03333  0.04851  0.01334
                  z   0.02569 -0.04695  0.01701  0.04136  0.03017  0.01365
  4   c           x   0.01008 -0.01099  0.00412 -0.00095  0.01152 -0.00100
                  y  -0.11048  0.12145 -0.04574  0.00994 -0.12737  0.01088
                  z  -0.07046  0.01010  0.01246  0.08035  0.09785  0.03618
  5   c           x  -0.00459  0.00020  0.00371  0.00208  0.00182  0.00138
                  y   0.04911 -0.00035 -0.04270 -0.02249 -0.02054 -0.01515
                  z   0.08854 -0.07666  0.01837 -0.03391 -0.00983 -0.03229
  6   c           x  -0.00613  0.01258 -0.00946 -0.00171  0.00209 -0.00104
                  y   0.07438 -0.14497  0.10897  0.01568 -0.02462  0.01093
                  z   0.06114 -0.07221  0.04567 -0.01828 -0.05696 -0.00789
  7   c           x   0.00803 -0.01184  0.00829 -0.00388  0.00230 -0.00292
                  y  -0.09414  0.13797 -0.09703  0.04579 -0.02658  0.03441
                  z   0.04189  0.04269 -0.01565 -0.11108  0.03829 -0.03146
  8   c           x   0.00867  0.01081  0.00417  0.00377 -0.00035 -0.00365
                  y  -0.08903 -0.13313 -0.04488 -0.05153 -0.00134  0.04739
                  z   0.02191  0.10259  0.02723  0.04380  0.00507  0.00178
  9   c           x  -0.00188 -0.00315 -0.00108 -0.00062  0.00015  0.00249
                  y   0.01958  0.03758  0.01193  0.00863 -0.00100 -0.02953
                  z   0.00732 -0.04177 -0.00844 -0.02584  0.00949  0.00484
 10   c           x  -0.00477 -0.01849 -0.00446 -0.00538  0.00010 -0.00242
                  y   0.05354  0.20816  0.05056  0.06101 -0.00122  0.02751
                  z   0.04217  0.05365 -0.01663 -0.05808 -0.01155 -0.00393
 11   c           x   0.00061 -0.00409 -0.00158 -0.00153 -0.00116 -0.00440
                  y  -0.00728  0.04698  0.01797  0.01773  0.01313  0.04977
                  z   0.01211 -0.00703  0.00014 -0.00194  0.00353  0.00172
 12   c           x   0.01982  0.02758  0.00494  0.00051  0.00140  0.00457
                  y  -0.22487 -0.31160 -0.05590 -0.00596 -0.01593 -0.05165
                  z  -0.00527 -0.06032 -0.00707  0.00410  0.00142 -0.00769
 13   c           x  -0.00153 -0.00110 -0.00189  0.00195  0.00197  0.00003
                  y  -0.03777  0.01490  0.03658 -0.02527  0.01123 -0.00228
                  z   0.08127 -0.06619 -0.04497  0.08522  0.01730  0.01979
 14   n           x   0.00303  0.00191  0.00042 -0.00241 -0.00667 -0.00023
                  y   0.02295 -0.02158 -0.01923  0.02910  0.07818  0.00210
                  z  -0.11325  0.09955  0.06688 -0.14191 -0.07905 -0.03540
 15   c           x  -0.00963 -0.01298 -0.00513 -0.00420  0.00178  0.00184
                  y   0.03147  0.04337  0.01389  0.01634  0.00286 -0.01614
                  z  -0.00089 -0.03446 -0.00805 -0.01444 -0.00411 -0.00395
 16   c           x   0.00337  0.00561  0.00238  0.00165 -0.00186  0.00068
                  y   0.03277  0.04507  0.01463  0.01685  0.00244 -0.01618
                  z  -0.00103 -0.03464 -0.00816 -0.01451 -0.00403 -0.00398
 17   o           x  -0.00186  0.00324  0.00084  0.00092  0.00045  0.00306
                  y   0.02100 -0.03583 -0.00968 -0.00984 -0.00470 -0.03543
                  z  -0.03019 -0.01014 -0.00012  0.00413 -0.00090  0.00770
 18   c           x   0.00068  0.00258  0.00066  0.00073  0.00001  0.00035
                  y  -0.00754 -0.02948 -0.00742 -0.00848 -0.00023 -0.00387
                  z  -0.00359 -0.00166  0.00408  0.00897  0.00156  0.00083
 19   c           x  -0.00280 -0.00393 -0.00071 -0.00012 -0.00020 -0.00064
                  y   0.03177  0.04422  0.00808  0.00129  0.00217  0.00715
                  z  -0.00035  0.00886  0.00152  0.00015  0.00052  0.00322
 20   c           x  -0.00274 -0.00376 -0.00067 -0.00006 -0.00019 -0.00059
                  y   0.03073  0.04217  0.00755  0.00077  0.00227  0.00664
                  z   0.00278  0.00803  0.00054 -0.00111 -0.00062 -0.00108
 21   n           x   0.00137  0.00642  0.00176  0.00240 -0.00001  0.00076
                  y  -0.01538 -0.07249 -0.01985 -0.02725 -0.00006 -0.00865
                  z   0.00351  0.01389  0.00276  0.00329 -0.00044  0.00104
 22   n           x  -0.00419 -0.00473 -0.00089 -0.00013 -0.00032 -0.00074
                  y   0.04966  0.05621  0.01062  0.00145  0.00371  0.00877
                  z  -0.04163 -0.05016 -0.00940 -0.00123 -0.00312 -0.00815
 23   n           x  -0.00544 -0.00824 -0.00139 -0.00007 -0.00027 -0.00112
                  y   0.05995  0.09099  0.01535  0.00090  0.00309  0.01239
                  z   0.03440  0.05088  0.00879  0.00079  0.00196  0.00735
 24   c           x  -0.00376 -0.00108  0.00315  0.01135 -0.00884  0.00189
                  y   0.04447  0.01281 -0.03687 -0.13369  0.10339 -0.02240
                  z  -0.07162  0.07081 -0.01751  0.05072  0.00106  0.05739
 25   c           x   0.00169  0.00132 -0.00547 -0.01135  0.00544  0.01084
                  y  -0.02254 -0.01295  0.06364  0.13577 -0.06201 -0.12834
                  z  -0.03608 -0.00707  0.03884  0.04886  0.00675  0.07089
 26   c           x  -0.00188  0.00261  0.00078  0.00622 -0.00078 -0.00900
                  y   0.02248 -0.03070 -0.00958 -0.07349  0.00870  0.10506
                  z  -0.04647 -0.01272  0.01871  0.10524 -0.00562 -0.07527
 27   c           x  -0.01402 -0.00028  0.00431 -0.00059 -0.00212  0.00027
                  y   0.00087  0.00458 -0.00945 -0.00065  0.01093 -0.00221
                  z  -0.01296  0.00361  0.01251 -0.00895  0.01611 -0.00240
 28   c           x  -0.00125  0.00181 -0.00170  0.00044 -0.00149 -0.00012
                  y   0.01355 -0.01974  0.01882 -0.00508  0.01582  0.00138
                  z   0.05723 -0.03762 -0.00309 -0.00923 -0.02738 -0.00889
 29   c           x  -0.00086  0.00010  0.00208 -0.00166 -0.00046 -0.00021
                  y   0.00989 -0.00127 -0.02277  0.01804  0.00503  0.00225
                  z   0.03345 -0.02640 -0.02180  0.03115 -0.00104  0.00286
 30   c           x  -0.00266  0.00276 -0.00139  0.00125 -0.00030  0.00065
                  y   0.03016 -0.03137  0.01604 -0.01376  0.00512 -0.00705
                  z  -0.00670  0.02370 -0.01603 -0.01141 -0.03703 -0.00439
 31   c           x  -0.00083  0.00114  0.00043 -0.00185 -0.00447 -0.00052
                  y   0.00870 -0.01005 -0.00737  0.02050  0.04361  0.00568
                  z  -0.01698  0.03049 -0.00389 -0.02336 -0.03806 -0.00509
 32   h           x  -0.01612  0.00350  0.01507 -0.00935  0.00319 -0.00062
                  y   0.12277 -0.03690 -0.15035  0.09742 -0.02441  0.00494
                  z   0.24118  0.02918 -0.50891  0.27582  0.02527  0.02441
 33   h           x   0.00808 -0.00855  0.00619  0.00082  0.00265  0.00218
                  y  -0.08987  0.09174 -0.06647 -0.00346 -0.03064 -0.02009
                  z   0.11890 -0.16806  0.09796  0.08413  0.11958  0.04887
 34   h           x  -0.00378  0.01380 -0.01000 -0.00622  0.00155 -0.00246
                  y   0.01767 -0.16740  0.12347  0.10869 -0.01487  0.03898
                  z  -0.22369 -0.16623  0.11130  0.43538 -0.00256  0.12683
 35   h           x   0.00973 -0.01677  0.01463  0.00028 -0.00237  0.00206
                  y  -0.11658  0.19201 -0.16524  0.00191  0.02583 -0.02417
                  z  -0.03566  0.30593 -0.40938 -0.42024  0.36160 -0.41917
 36   h           x  -0.00893  0.01335  0.00738 -0.01929 -0.00059 -0.00679
                  y  -0.05750  0.03177  0.01238 -0.04181 -0.15991 -0.00547
                  z   0.06865 -0.04176 -0.00111  0.04406  0.12267  0.00685
 37   h           x   0.01891 -0.01921 -0.00961  0.02652  0.02326  0.00796
                  y   0.03024  0.02970 -0.01132 -0.03399 -0.12706 -0.00629
                  z  -0.03719 -0.04106  0.02703  0.03900  0.11273  0.00783
 38   h           x   0.05414  0.16051  0.05026  0.06354 -0.00197 -0.01272
                  y  -0.06459 -0.05270 -0.01925 -0.02236 -0.00663  0.05073
                  z   0.00964 -0.01583 -0.00186 -0.00650 -0.00306 -0.00941
 39   h           x   0.10390  0.15712  0.05228  0.06059  0.00057 -0.03372
                  y   0.04239  0.03180  0.01403  0.00944 -0.00309 -0.01815
                  z  -0.01679  0.06348  0.00752  0.03287  0.01940 -0.00020
 40   h           x  -0.03255 -0.07731 -0.01992 -0.02445 -0.00965  0.00360
                  y  -0.06444 -0.06458 -0.02337 -0.01600 -0.00242  0.02987
                  z  -0.03080  0.02159 -0.00511  0.00665  0.01604  0.03028
 41   h           x  -0.04182 -0.14834 -0.04580 -0.05823  0.00284  0.00370
                  y  -0.07324 -0.08132 -0.02801 -0.03353 -0.00606  0.05191
                  z   0.00939 -0.01568 -0.00198 -0.00635 -0.00288 -0.00957
 42   h           x   0.04253  0.08968  0.02382  0.02857  0.01038 -0.00966
                  y  -0.05718 -0.05098 -0.01948 -0.01221 -0.00088  0.02902
                  z  -0.03080  0.02334 -0.00464  0.00803  0.01606  0.02947
 43   h           x  -0.10924 -0.15977 -0.05349 -0.06127 -0.00047  0.03716
                  y   0.02332  0.00330  0.00453 -0.00145 -0.00310 -0.01193
                  z  -0.01579  0.06482  0.00818  0.03300  0.01877  0.00034
 44   h           x  -0.00297 -0.00197  0.01011  0.01222 -0.00844 -0.00149
                  y   0.03422  0.02031 -0.11878 -0.14025  0.09560  0.01932
                  z  -0.16734  0.10072 -0.45059  0.09712 -0.07552  0.32762
 45   h           x  -0.00436  0.00549 -0.00583 -0.00389  0.00981  0.00649
                  y   0.06476 -0.08124  0.06920  0.02897 -0.12267 -0.06970
                  z   0.41455 -0.34935  0.05859 -0.53135 -0.29673  0.44067
 46   h           x  -0.00561  0.00221  0.00259  0.00833  0.00063 -0.00100
                  y   0.06457 -0.03013 -0.02412 -0.09704 -0.00699  0.02149
                  z   0.20701 -0.01063 -0.08876 -0.02387 -0.10806 -0.64690
 47   h           x   0.02544 -0.00558 -0.00967  0.00918  0.00046  0.00226
                  y  -0.01819  0.02494 -0.04613  0.00818  0.04121 -0.00335
                  z   0.08959 -0.02475  0.00995  0.00592 -0.00365  0.00281
 48   h           x   0.00644  0.00072  0.01093 -0.00924 -0.00749 -0.00165
                  y   0.03066  0.02286 -0.05871  0.01009  0.00024 -0.00115
                  z  -0.08766 -0.02049  0.05603 -0.00360  0.04075  0.00003
 49   h           x  -0.03400  0.01342  0.02493 -0.00931  0.03603  0.00341
                  y   0.41234 -0.14786 -0.28402  0.10607 -0.37802 -0.03795
                  z   0.19541 -0.08398 -0.10600  0.02917 -0.15834 -0.02247
 50   h           x  -0.01276  0.00699  0.01058 -0.00918 -0.00183 -0.00001
                  y   0.13657 -0.07826 -0.11693  0.10251  0.01731  0.00039
                  z  -0.06836  0.03443  0.05588 -0.03777 -0.01163  0.00424
 51   h           x  -0.00740  0.00892 -0.00350  0.00013 -0.00386  0.00055
                  y   0.08153 -0.09313  0.03432 -0.00262  0.03459 -0.00653
                  z   0.21864 -0.24927  0.06866  0.03672  0.09143 -0.00052
 52   h           x  -0.00311  0.01313 -0.01444  0.00202 -0.05004 -0.00058
                  y   0.03792 -0.16759  0.18171 -0.02100  0.59775  0.00808
                  z  -0.01003 -0.02271  0.06289 -0.03741  0.14886 -0.00392
 53   o           x   0.00611  0.00092 -0.00173 -0.00051 -0.00082 -0.00016
                  y   0.01354 -0.01278 -0.00149  0.01052 -0.00664  0.00292
                  z   0.01000 -0.00424 -0.00725  0.00567 -0.01048  0.00153
 54   h           x   0.00308 -0.00187 -0.00014  0.00123 -0.00142  0.00037
                  y  -0.02713  0.02854 -0.00255 -0.01829  0.01526 -0.00540
                  z  -0.14946  0.16242 -0.01591 -0.10850  0.07507 -0.03136

reduced mass(g/mol)     3.194    4.643    1.798    2.578    1.912    1.691


       mode             109      110      111      112      113      114

     frequency        1314.01  1324.43  1328.87  1349.77  1363.13  1368.04

     symmetry            a        a        a        a        a        a   

        IR               YES      YES      YES      YES      YES      YES
|dDIP/dQ|   (a.u.)     0.0027   0.0028   0.0239   0.0114   0.0020   0.0083
intensity (km/mol)      13.05    13.56  1011.58   228.95     6.81   122.15
intensity (  %   )       0.32     0.33    24.62     5.57     0.17     2.97
 
       RAMAN             YES      YES      YES      YES      YES      YES
 
  1   c           x   0.00069  0.00070 -0.00858  0.00312 -0.00382  0.00338
                  y   0.00932 -0.00651  0.09181 -0.03347  0.04125 -0.03664
                  z   0.00198 -0.02376 -0.02773 -0.12366  0.06771 -0.00980
  2   c           x  -0.00190 -0.00054 -0.00622 -0.00183  0.00129 -0.00095
                  y   0.00325  0.00447  0.07377  0.01929 -0.01335  0.00970
                  z   0.00341 -0.01955  0.04987 -0.00070 -0.01600  0.01152
  3   c           x  -0.00031  0.00148 -0.00098  0.00349  0.00190 -0.00317
                  y   0.00273 -0.01710  0.01149 -0.03879 -0.02199  0.03616
                  z   0.00176  0.02384  0.02989 -0.00790 -0.02178  0.03660
  4   c           x  -0.00018  0.00797 -0.00032  0.00336  0.00203 -0.00366
                  y  -0.00058 -0.08790  0.00400 -0.03762 -0.02180  0.04019
                  z   0.00530  0.00939  0.05630  0.00909 -0.10771  0.09820
  5   c           x   0.00072 -0.00070  0.01292 -0.00053 -0.01106  0.01289
                  y  -0.00964  0.00676 -0.14639  0.00555  0.12405 -0.14453
                  z   0.00184  0.06517  0.06190  0.08518  0.04897 -0.07787
  6   c           x  -0.00039  0.00372 -0.00470 -0.00223  0.00248 -0.00208
                  y   0.00420 -0.03852  0.05587  0.02538 -0.02794  0.02415
                  z  -0.00432 -0.01528 -0.05190 -0.01077  0.03024 -0.02064
  7   c           x   0.00049 -0.01209  0.00119  0.00262 -0.00203 -0.00006
                  y  -0.00586  0.14038 -0.01386 -0.03004  0.02374  0.00038
                  z   0.00207 -0.01194  0.00942 -0.06461 -0.03326  0.06251
  8   c           x   0.00003 -0.00038  0.00034  0.00297  0.00843  0.01220
                  y  -0.00070  0.00584 -0.00669 -0.03745 -0.09801 -0.13911
                  z   0.00016 -0.00389 -0.00062  0.00510 -0.00726 -0.01907
  9   c           x  -0.00004  0.00030 -0.00073 -0.00366 -0.01077 -0.01542
                  y   0.00053 -0.00359  0.00873  0.04241  0.12353  0.17662
                  z   0.00211 -0.00727  0.02930  0.05671  0.04132 -0.01604
 10   c           x   0.00012  0.00027  0.00185  0.00045 -0.00095 -0.00291
                  y  -0.00138 -0.00308 -0.02071 -0.00476  0.01042  0.03161
                  z  -0.00244  0.01602 -0.03069 -0.08529  0.00193  0.14923
 11   c           x  -0.00014  0.00104 -0.00178 -0.00235  0.00775  0.01946
                  y   0.00161 -0.01179  0.02005  0.02665 -0.08784 -0.22077
                  z   0.00058 -0.00092  0.00701  0.00680  0.00581  0.00496
 12   c           x   0.00010 -0.00062  0.00104  0.00059 -0.00453 -0.00963
                  y  -0.00116  0.00715 -0.01190 -0.00714  0.05182  0.11090
                  z   0.00053 -0.00289  0.00630  0.01592 -0.01380 -0.05701
 13   c           x  -0.04758 -0.00298  0.00992 -0.00244  0.00298 -0.00258
                  y  -0.01315  0.00961 -0.05158  0.02024 -0.02922  0.02629
                  z   0.01118 -0.01638  0.09996 -0.06399  0.03426 -0.01291
 14   n           x  -0.01864 -0.00348  0.01184 -0.00242  0.00272 -0.00271
                  y  -0.00763  0.02683 -0.09097  0.01950 -0.02247  0.02365
                  z  -0.00691  0.00592 -0.05911  0.07481  0.00327 -0.03847
 15   c           x   0.00017 -0.00152  0.00186  0.00564  0.00671  0.00455
                  y   0.00052 -0.00326  0.00535  0.01827  0.03801  0.04834
                  z  -0.00029  0.00313 -0.00229 -0.00715  0.00125  0.01226
 16   c           x  -0.00023  0.00192 -0.00251 -0.00826 -0.01260 -0.01225
                  y   0.00046 -0.00291  0.00483  0.01680  0.03600  0.04661
                  z  -0.00027  0.00309 -0.00219 -0.00698  0.00145  0.01242
 17   o           x   0.00002 -0.00043  0.00033  0.00045 -0.00416 -0.00916
                  y  -0.00029  0.00475 -0.00354 -0.00484  0.04771  0.10465
                  z  -0.00015 -0.00100 -0.00166 -0.00103 -0.01314 -0.02608
 18   c           x  -0.00000 -0.00005 -0.00012  0.00005  0.00008  0.00011
                  y   0.00009  0.00061  0.00150 -0.00060 -0.00099 -0.00153
                  z   0.00030 -0.00264  0.00358  0.01285  0.00847 -0.00375
 19   c           x  -0.00001  0.00009 -0.00013 -0.00009  0.00061  0.00130
                  y   0.00014 -0.00103  0.00146  0.00101 -0.00685 -0.01470
                  z   0.00003 -0.00021  0.00043 -0.00031 -0.00243 -0.00409
 20   c           x  -0.00002  0.00008 -0.00018 -0.00012  0.00051  0.00116
                  y   0.00018 -0.00095  0.00200  0.00149 -0.00593 -0.01356
                  z  -0.00011  0.00079 -0.00136 -0.00251  0.00525  0.01490
 21   n           x  -0.00002 -0.00018 -0.00044  0.00035  0.00021 -0.00015
                  y   0.00032  0.00210  0.00512 -0.00399 -0.00234  0.00169
                  z  -0.00014  0.00029 -0.00187 -0.00214 -0.00066  0.00207
 22   n           x  -0.00002  0.00016 -0.00031 -0.00037  0.00089  0.00229
                  y   0.00035 -0.00183  0.00383  0.00428 -0.01049 -0.02710
                  z  -0.00028  0.00154 -0.00299 -0.00316  0.00895  0.02229
 23   n           x  -0.00002  0.00008 -0.00006  0.00018  0.00075  0.00109
                  y   0.00009 -0.00094  0.00065 -0.00196 -0.00826 -0.01203
                  z   0.00010 -0.00073  0.00078 -0.00040 -0.00585 -0.01038
 24   c           x  -0.00069  0.00869 -0.00332 -0.00172  0.00211 -0.00182
                  y   0.00814 -0.10166  0.03860  0.01965 -0.02494  0.02144
                  z  -0.00168  0.02516 -0.01773 -0.06558 -0.03334  0.05730
 25   c           x   0.00037 -0.00367  0.00216  0.00186  0.00027  0.00282
                  y  -0.00410  0.04247 -0.02426 -0.02041 -0.00327 -0.03449
                  z   0.00067 -0.02329  0.00307  0.05152  0.01287 -0.03700
 26   c           x   0.00000  0.00167  0.00075  0.00085  0.00337  0.00350
                  y  -0.00001 -0.01907 -0.00888 -0.01093 -0.04000 -0.04072
                  z   0.00021 -0.00307  0.00358  0.05714  0.01972 -0.07536
 27   c           x   0.04678  0.00210 -0.00392 -0.00024  0.00069 -0.00067
                  y   0.00522  0.00530 -0.05147  0.02043 -0.02464  0.02109
                  z  -0.00534  0.01401 -0.03232  0.01857 -0.01325  0.00898
 28   c           x   0.00081 -0.00248 -0.00093 -0.00259  0.00112  0.00098
                  y   0.00079  0.02783  0.01003  0.02827 -0.01193 -0.01114
                  z  -0.00144  0.01191 -0.00469  0.02743  0.01415 -0.02962
 29   c           x   0.00025  0.00193  0.00169  0.00412 -0.00387  0.00181
                  y  -0.00061 -0.02110 -0.01912 -0.04583  0.04324 -0.02018
                  z  -0.00225  0.00507 -0.01235  0.05302 -0.05244  0.02944
 30   c           x  -0.00034 -0.00026  0.00087  0.00043 -0.00265  0.00228
                  y  -0.00017  0.00310 -0.00905 -0.00542  0.03008 -0.02569
                  z  -0.00073 -0.02458 -0.00441 -0.03463  0.01225  0.01468
 31   c           x   0.00001 -0.00352 -0.00230 -0.00486  0.00825 -0.00632
                  y   0.00013  0.03759  0.02543  0.05583 -0.09414  0.07221
                  z   0.00001  0.00767  0.01631  0.02354 -0.01455  0.00125
 32   h           x  -0.01624  0.00572 -0.00240  0.00588 -0.00367  0.00230
                  y   0.00430 -0.06930  0.04250 -0.06369  0.03830 -0.02313
                  z   0.01064 -0.30237 -0.08596 -0.31543  0.18948 -0.12661
 33   h           x   0.00079  0.00762 -0.02727 -0.00373  0.01931 -0.02013
                  y   0.02132 -0.07925  0.29427  0.03884 -0.21485  0.22530
                  z  -0.01689  0.09090 -0.25945 -0.09187  0.18039 -0.15924
 34   h           x   0.00001  0.01019 -0.00181 -0.00314  0.00255 -0.00040
                  y   0.00471 -0.16136  0.00188  0.03674 -0.03284  0.00050
                  z  -0.00291 -0.64424 -0.34675  0.01427 -0.00536 -0.11881
 35   h           x   0.00062 -0.00906  0.00045 -0.00251 -0.00319  0.00372
                  y  -0.00318  0.09945 -0.00759  0.02786  0.03538 -0.04163
                  z   0.01984 -0.30904  0.05280  0.32017  0.04288 -0.20794
 36   h           x  -0.02769  0.00475 -0.04879  0.02677 -0.01485  0.00775
                  y   0.46812 -0.03843  0.24842 -0.10610  0.17240 -0.15956
                  z  -0.28154  0.02993 -0.21321  0.07593 -0.12998  0.12622
 37   h           x   0.05493  0.00733 -0.01080 -0.00519 -0.01786  0.02211
                  y  -0.40585 -0.08408  0.39509 -0.13442  0.19619 -0.17763
                  z   0.22956  0.05897 -0.31121  0.09488 -0.14929  0.14213
 38   h           x  -0.00041  0.00099 -0.00576 -0.00438  0.00559  0.01874
                  y  -0.00160  0.01068 -0.01820 -0.07272 -0.16415 -0.21293
                  z  -0.00009  0.00172 -0.00007  0.00151  0.01754  0.03120
 39   h           x   0.00018 -0.00051 -0.00086 -0.00507 -0.01494 -0.01508
                  y  -0.00002  0.00146  0.00006  0.00049  0.01566  0.03055
                  z   0.00171 -0.01490  0.01542  0.05160  0.05906  0.04225
 40   h           x  -0.00107  0.00717 -0.01038 -0.02394 -0.02299 -0.01241
                  y  -0.00097  0.00472 -0.01224 -0.04010 -0.10058 -0.13679
                  z   0.00106 -0.00881  0.00827  0.00570 -0.05527 -0.11141
 41   h           x   0.00059 -0.00265  0.00837  0.01607  0.02135  0.01640
                  y  -0.00145  0.01019 -0.01647 -0.06972 -0.16137 -0.21235
                  z  -0.00007  0.00165  0.00006  0.00170  0.01773  0.03140
 42   h           x   0.00119 -0.00792  0.01238  0.03031  0.03906  0.03436
                  y  -0.00074  0.00332 -0.01007 -0.03439 -0.09287 -0.12980
                  z   0.00102 -0.00875  0.00818  0.00567 -0.05562 -0.11230
 43   h           x  -0.00030  0.00048  0.00007  0.00318  0.00886  0.00602
                  y  -0.00006  0.00151  0.00025  0.00143  0.01785  0.03229
                  z   0.00160 -0.01460  0.01465  0.05027  0.05819  0.04241
 44   h           x  -0.00085  0.00398 -0.00634 -0.00720 -0.00181  0.00186
                  y   0.00842 -0.04389  0.07501  0.08469  0.02239 -0.02165
                  z  -0.00276  0.36225  0.16494  0.31746  0.25300 -0.20319
 45   h           x   0.00071 -0.00563  0.00523  0.00653  0.00114 -0.00016
                  y  -0.00909  0.06783 -0.06471 -0.08025 -0.00921  0.01200
                  z  -0.02470  0.10520 -0.20406 -0.27926 -0.03111  0.23716
 46   h           x   0.00009 -0.00168  0.00122  0.00978  0.01181  0.00704
                  y  -0.00112  0.01458 -0.01344 -0.10246 -0.12505 -0.07437
                  z  -0.00659  0.22656 -0.01476 -0.50798 -0.49817 -0.28906
 47   h           x   0.04439 -0.00134  0.00100 -0.00773  0.00403 -0.00198
                  y  -0.36868 -0.01476  0.04315 -0.01176  0.02781 -0.03011
                  z   0.31135  0.02453 -0.10359  0.03147 -0.05183  0.05028
 48   h           x  -0.02336  0.00123  0.00033  0.00797 -0.00733  0.00605
                  y   0.36736  0.01941 -0.04469  0.00105  0.01944 -0.02439
                  z  -0.31521 -0.00116 -0.04998  0.02776 -0.05287  0.05232
 49   h           x  -0.03162  0.00441  0.01436 -0.02440  0.02058 -0.01474
                  y  -0.02778 -0.06591 -0.10933  0.26246 -0.22464  0.16201
                  z  -0.01040 -0.01852 -0.04819  0.10735 -0.05508  0.02528
 50   h           x   0.00455 -0.00192  0.00180 -0.01278  0.01685 -0.01366
                  y  -0.00756  0.02283 -0.02559  0.14310 -0.18829  0.15265
                  z   0.00363 -0.03365 -0.01159 -0.10798  0.14854 -0.12149
 51   h           x  -0.00162 -0.00128  0.00278  0.00051 -0.00684  0.00738
                  y  -0.00030  0.01208 -0.02719 -0.00345  0.07211 -0.07854
                  z  -0.00043  0.01608 -0.08321 -0.02728  0.20667 -0.23231
 52   h           x  -0.00070 -0.02088 -0.00451  0.01544 -0.01864  0.01267
                  y   0.01524  0.23922  0.04842 -0.18712  0.22950 -0.15809
                  z   0.00540  0.07403  0.02652 -0.05933  0.09825 -0.08062
 53   o           x   0.01670  0.00101 -0.00413  0.00124 -0.00109  0.00081
                  y   0.00254 -0.00452  0.03525 -0.01432  0.01421 -0.01109
                  z   0.00170 -0.00703  0.02899 -0.01145  0.01198 -0.01031
 54   h           x   0.00590 -0.00030  0.00362 -0.00136  0.00136 -0.00111
                  y  -0.00064  0.00825 -0.06465  0.02239 -0.02173  0.01743
                  z  -0.00645  0.04185 -0.36251  0.13117 -0.12721  0.09955

reduced mass(g/mol)     1.076    1.617    2.039    1.936    2.202    3.614


       mode             115      116      117      118      119      120

     frequency        1382.28  1385.87  1400.93  1406.73  1430.61  1444.05

     symmetry            a        a        a        a        a        a   

        IR               YES      YES      YES      YES      YES      YES
|dDIP/dQ|   (a.u.)     0.0008   0.0024   0.0111   0.0121   0.0210   0.0009
intensity (km/mol)       1.12    10.15   220.90   260.01   785.15     1.54
intensity (  %   )       0.03     0.25     5.38     6.33    19.11     0.04
 
       RAMAN             YES      YES      YES      YES      YES      YES
 
  1   c           x  -0.00660 -0.00004 -0.00176 -0.00530  0.00201 -0.00000
                  y   0.07363  0.00035  0.01980  0.05953 -0.02259  0.00002
                  z  -0.21781 -0.00082 -0.00531 -0.01058  0.03209 -0.00013
  2   c           x   0.00102  0.00002 -0.00073 -0.00456  0.00601 -0.00002
                  y  -0.00970 -0.00011  0.00796  0.05045 -0.06706  0.00022
                  z   0.04766  0.00022  0.00431  0.00519  0.00290  0.00001
  3   c           x  -0.00223 -0.00000 -0.00196 -0.00365 -0.00322  0.00002
                  y   0.02399  0.00031  0.02202  0.04138  0.03561 -0.00019
                  z  -0.09587 -0.00052 -0.01364 -0.01615 -0.03442  0.00014
  4   c           x   0.01040  0.00002 -0.00074 -0.00198  0.00000  0.00000
                  y  -0.11700 -0.00033  0.00813  0.02231 -0.00030  0.00003
                  z   0.14096  0.00068  0.00581 -0.01283  0.02030 -0.00004
  5   c           x  -0.00988 -0.00004  0.00131  0.00459 -0.00060 -0.00001
                  y   0.11199  0.00037 -0.01476 -0.05222  0.00758  0.00004
                  z  -0.08326 -0.00067 -0.01216  0.02752 -0.08958  0.00027
  6   c           x   0.00706  0.00002  0.00011 -0.00167  0.00223  0.00003
                  y  -0.08236 -0.00041 -0.00101  0.02034 -0.02610  0.00006
                  z   0.00256  0.00003  0.00504  0.01389  0.00610 -0.00007
  7   c           x  -0.00206 -0.00010 -0.00058  0.00019 -0.00187  0.00005
                  y   0.02401  0.00023  0.00659 -0.00224  0.02177 -0.00005
                  z   0.01051  0.00039  0.02218  0.00415  0.11431 -0.00039
  8   c           x   0.00118 -0.03368 -0.00025  0.00086  0.00374  0.02363
                  y  -0.00776 -0.00256  0.00300 -0.00826 -0.03514  0.00238
                  z  -0.00186  0.00041  0.00701 -0.00694 -0.01871  0.00027
  9   c           x  -0.00019  0.00528 -0.00087 -0.00251 -0.01910 -0.00254
                  y   0.00138 -0.00009  0.00942  0.02864  0.21754 -0.00092
                  z  -0.03975  0.00006  0.03003  0.03544  0.19204 -0.00060
 10   c           x  -0.00248 -0.00167  0.00490  0.00158  0.02273 -0.00016
                  y   0.02785 -0.00086 -0.05476 -0.01785 -0.25654  0.00057
                  z   0.05862 -0.00023 -0.02320 -0.02783 -0.08437  0.00019
 11   c           x   0.00500  0.00159 -0.00528 -0.00121 -0.01661  0.00043
                  y  -0.05693  0.00139  0.05946  0.01378  0.18777 -0.00026
                  z  -0.00162  0.00001  0.00140  0.00383  0.01661 -0.00006
 12   c           x  -0.00213 -0.00045  0.00221  0.00046  0.00679  0.00013
                  y   0.02466 -0.00063 -0.02509 -0.00537 -0.07742  0.00013
                  z  -0.01631  0.00002  0.00495  0.00567  0.01975 -0.00003
 13   c           x   0.00161 -0.00000 -0.00247 -0.00716  0.00188 -0.00001
                  y  -0.01509  0.00015  0.03066  0.08941 -0.02515  0.00004
                  z  -0.00604 -0.00012 -0.00831 -0.01698 -0.00763  0.00004
 14   n           x   0.01067  0.00006  0.00412  0.01270 -0.00623  0.00001
                  y  -0.11332 -0.00065 -0.04828 -0.14824  0.07119 -0.00016
                  z   0.07520  0.00025 -0.01062 -0.04267  0.02990 -0.00009
 15   c           x  -0.00809  0.08653  0.06705 -0.03323 -0.03913  0.02125
                  y  -0.00414  0.05411  0.04736 -0.01955 -0.00510 -0.02992
                  z   0.00757 -0.03877 -0.04184  0.02031  0.02578  0.00500
 16   c           x   0.00642  0.09278 -0.07697  0.03670  0.03902  0.01454
                  y  -0.00170 -0.03693  0.03542 -0.01337  0.00314  0.03356
                  z   0.00665  0.03747 -0.04316  0.02069  0.02583 -0.00527
 17   o           x  -0.00186  0.00089  0.00162  0.00025  0.00405 -0.00232
                  y   0.02101 -0.00045 -0.01844 -0.00291 -0.04667 -0.00018
                  z  -0.00451  0.00022  0.00843 -0.00267  0.00535  0.00002
 18   c           x   0.00016 -0.00044 -0.00034 -0.00008 -0.00137  0.00042
                  y  -0.00174  0.00002  0.00389  0.00094  0.01568  0.00001
                  z  -0.00514 -0.00005  0.00035  0.00408  0.01086 -0.00004
 19   c           x   0.00029 -0.00021 -0.00027 -0.00004 -0.00075  0.00012
                  y  -0.00314  0.00006  0.00304  0.00050  0.00823 -0.00000
                  z  -0.00097  0.00005  0.00196  0.00027  0.00652 -0.00001
 20   c           x   0.00027  0.00020 -0.00027 -0.00009 -0.00088 -0.00001
                  y  -0.00325  0.00009  0.00313  0.00098  0.01006 -0.00002
                  z   0.00393 -0.00006 -0.00319 -0.00096 -0.01015  0.00002
 21   n           x   0.00038  0.00004 -0.00122 -0.00030 -0.00557 -0.00006
                  y  -0.00421  0.00019  0.01376  0.00343  0.06287 -0.00015
                  z   0.00221 -0.00003 -0.00283 -0.00154 -0.01399  0.00003
 22   n           x   0.00057  0.00002 -0.00041 -0.00017 -0.00136 -0.00003
                  y  -0.00671  0.00010  0.00485  0.00206  0.01606 -0.00003
                  z   0.00542 -0.00009 -0.00419 -0.00158 -0.01358  0.00002
 23   n           x   0.00014 -0.00005 -0.00028  0.00003 -0.00064 -0.00000
                  y  -0.00156  0.00009  0.00309 -0.00043  0.00691 -0.00001
                  z  -0.00185  0.00007  0.00254  0.00000  0.00619 -0.00001
 24   c           x   0.00044  0.00007  0.00071 -0.00007 -0.00036  0.00012
                  y  -0.00489 -0.00030 -0.00828  0.00067  0.00386  0.00002
                  z   0.04625  0.00029 -0.00318 -0.02700  0.00073  0.00009
 25   c           x   0.00017 -0.00079 -0.00102 -0.00001 -0.00093  0.00037
                  y  -0.00224  0.00027  0.01116  0.00051  0.01050  0.00008
                  z  -0.00749 -0.00014 -0.01166 -0.00619 -0.08306  0.00022
 26   c           x  -0.00063 -0.00058  0.00137  0.00144  0.01088  0.00032
                  y   0.00775  0.00003 -0.01558 -0.01709 -0.12692  0.00028
                  z  -0.02532 -0.00057 -0.02149  0.01071 -0.08612  0.00032
 27   c           x   0.00077 -0.00002 -0.00142 -0.00473  0.00263 -0.00001
                  y  -0.02035  0.00004  0.02022  0.06473 -0.03202  0.00010
                  z  -0.01625 -0.00011 -0.01073 -0.03289  0.01454 -0.00004
 28   c           x  -0.01729 -0.00008 -0.00118 -0.00102 -0.00164  0.00001
                  y   0.19206  0.00086  0.01285  0.01068  0.01844 -0.00006
                  z   0.07802  0.00030  0.00623  0.02033 -0.02378  0.00009
 29   c           x   0.01128  0.00004  0.00007 -0.00171  0.00304 -0.00001
                  y  -0.12544 -0.00053 -0.00069  0.01944 -0.03392  0.00014
                  z   0.06576  0.00023 -0.00897 -0.03812  0.02190 -0.00006
 30   c           x   0.00416  0.00002  0.00052  0.00038  0.00086  0.00000
                  y  -0.04574 -0.00026 -0.00588 -0.00413 -0.00969  0.00002
                  z  -0.17913 -0.00073 -0.00328  0.00828  0.00326 -0.00006
 31   c           x  -0.01071 -0.00005 -0.00010  0.00228 -0.00416  0.00002
                  y   0.11948  0.00053  0.00111 -0.02565  0.04753 -0.00017
                  z   0.07372  0.00035  0.00688  0.00868  0.00568 -0.00001
 32   h           x  -0.00960 -0.00013 -0.00431 -0.01315  0.00624 -0.00003
                  y   0.10347  0.00063  0.05135  0.15813 -0.07611  0.00015
                  z   0.50438  0.00319  0.16584  0.39201 -0.00281 -0.00033
 33   h           x   0.01460 -0.00009  0.00277  0.00142  0.01063 -0.00016
                  y  -0.16162 -0.00112 -0.02973 -0.01552 -0.11466  0.00042
                  z   0.08840  0.00092  0.04311  0.05425  0.11710 -0.00050
 34   h           x   0.00351  0.00016  0.00049  0.00059  0.00081 -0.00027
                  y  -0.02153 -0.00008 -0.00711 -0.01766 -0.00279  0.00002
                  z   0.34129  0.00191 -0.01848 -0.18199  0.16350 -0.00027
 35   h           x  -0.00221  0.00029  0.00114  0.00067  0.00492 -0.00052
                  y   0.02774 -0.00010 -0.01251 -0.00898 -0.05440  0.00017
                  z   0.00628 -0.00204 -0.10027 -0.02664 -0.38272  0.00125
 36   h           x  -0.01948 -0.00011 -0.00859 -0.02752  0.01392 -0.00006
                  y   0.13690 -0.00024 -0.09726 -0.28674  0.08433 -0.00018
                  z  -0.14167 -0.00002  0.06572  0.19643 -0.05939  0.00009
 37   h           x  -0.00638  0.00012  0.02574  0.07800 -0.02850  0.00007
                  y   0.15539 -0.00009 -0.09870 -0.28921  0.08166 -0.00016
                  z  -0.15566 -0.00008  0.07115  0.21137 -0.06224  0.00010
 38   h           x   0.03138 -0.33788 -0.27744  0.15113  0.28787 -0.27812
                  y   0.02277 -0.25413 -0.26847  0.11478  0.02838  0.41138
                  z   0.00551 -0.02907 -0.02639  0.01590  0.03816 -0.04969
 39   h           x   0.03227 -0.35280 -0.28896  0.13347  0.05128  0.05481
                  y   0.01010 -0.05263 -0.06122  0.03005  0.02769  0.06574
                  z  -0.03508  0.20886  0.25244 -0.11559 -0.08879 -0.34038
 40   h           x   0.02133 -0.17764 -0.16086  0.07822  0.10141 -0.14749
                  y   0.01766 -0.26457 -0.20903  0.08840  0.00028 -0.05130
                  z  -0.03366  0.21721  0.20011 -0.11342 -0.25976  0.31976
 41   h           x  -0.02650 -0.37168  0.33602 -0.17384 -0.29389 -0.19841
                  y   0.01193  0.18317 -0.21792  0.08596 -0.03371 -0.45529
                  z   0.00486  0.02856 -0.02795  0.01651  0.03964  0.04946
 42   h           x  -0.01920 -0.21676  0.20271 -0.09451 -0.10144 -0.15126
                  y   0.00815  0.22308 -0.18082  0.07293 -0.02268  0.01984
                  z  -0.02916 -0.21477  0.21253 -0.11795 -0.26915 -0.31826
 43   h           x  -0.02495 -0.34658  0.30222 -0.13727 -0.04862  0.07229
                  y   0.00442 -0.01097 -0.00935  0.00621  0.01829 -0.05394
                  z  -0.02972 -0.20093  0.25795 -0.11675 -0.08276  0.34041
 44   h           x   0.00353  0.00195  0.00064 -0.00225 -0.00142 -0.00131
                  y  -0.04272 -0.00046 -0.00554  0.02589  0.01726 -0.00019
                  z  -0.15696 -0.00150  0.00357  0.10644  0.03753 -0.00027
 45   h           x  -0.00143  0.01651 -0.00058 -0.00009 -0.00325 -0.01088
                  y   0.01393  0.00213  0.02248 -0.00675  0.03213 -0.00120
                  z   0.09226  0.00246  0.04422 -0.05243  0.02565 -0.00115
 46   h           x  -0.00224  0.00038 -0.00047  0.00295  0.01053 -0.00013
                  y   0.02338  0.00094  0.00639 -0.03249 -0.11611  0.00025
                  z   0.06048  0.00445  0.12500 -0.07137  0.05295  0.00023
 47   h           x   0.00397  0.00002 -0.00328 -0.01467  0.01715 -0.00007
                  y   0.03116 -0.00017 -0.06304 -0.20605  0.10908 -0.00032
                  z  -0.05413  0.00015  0.05504  0.17334 -0.07438  0.00021
 48   h           x  -0.00833  0.00004  0.01429  0.05073 -0.03635  0.00012
                  y   0.02448 -0.00028 -0.06609 -0.21489  0.11141 -0.00032
                  z  -0.05428  0.00014  0.06363  0.19961 -0.08523  0.00021
 49   h           x   0.02423  0.00010  0.00359  0.00592  0.00256 -0.00002
                  y  -0.26695 -0.00138 -0.03820 -0.06096 -0.02957  0.00008
                  z  -0.06934 -0.00042 -0.01009 -0.00104 -0.04338  0.00016
 50   h           x   0.00903  0.00004  0.00400  0.01224 -0.00724  0.00002
                  y  -0.10056 -0.00062 -0.04489 -0.13710  0.08097 -0.00029
                  z   0.03875  0.00027  0.02753  0.09434 -0.08109  0.00032
 51   h           x  -0.00362 -0.00003  0.00033 -0.00035  0.00338 -0.00003
                  y   0.03973  0.00006 -0.00359  0.00347 -0.03554  0.00014
                  z   0.25317  0.00096  0.01398  0.05522 -0.11401  0.00053
 52   h           x   0.00004  0.00001  0.00075 -0.00336  0.01230 -0.00011
                  y  -0.00935 -0.00041 -0.00929  0.04051 -0.14798  0.00052
                  z   0.03295  0.00004  0.00425  0.03469 -0.06493  0.00025
 53   o           x  -0.00072  0.00001  0.00050  0.00153 -0.00060  0.00000
                  y   0.00923 -0.00003 -0.00890 -0.02703  0.01061 -0.00003
                  z   0.01263  0.00002 -0.00388 -0.01315  0.00729 -0.00002
 54   h           x   0.00098 -0.00005 -0.00069 -0.00219  0.00105 -0.00002
                  y  -0.01549  0.00001  0.01074  0.03366 -0.01564  0.00004
                  z  -0.08075  0.00019  0.07295  0.22306 -0.09258  0.00026

reduced mass(g/mol)     4.095    1.277    1.399    1.757    4.218    1.044


       mode             121      122      123      124      125      126

     frequency        1453.48  1465.23  1471.26  1473.08  1477.66  1495.61

     symmetry            a        a        a        a        a        a   

        IR               YES      YES      YES      YES      YES      YES
|dDIP/dQ|   (a.u.)     0.0007   0.0034   0.0022   0.0011   0.0051   0.0055
intensity (km/mol)       0.77    19.99     8.30     2.19    46.32    53.21
intensity (  %   )       0.02     0.49     0.20     0.05     1.13     1.30
 
       RAMAN             YES      YES      YES      YES      YES      YES
 
  1   c           x  -0.00000 -0.00041  0.00918  0.00144  0.00165 -0.00203
                  y   0.00002  0.00452 -0.10205 -0.01551 -0.01839  0.02314
                  z   0.00011  0.00465 -0.04665 -0.01164 -0.00173 -0.05242
  2   c           x   0.00002  0.00058 -0.00643 -0.00153 -0.00046 -0.00095
                  y  -0.00016 -0.00651  0.07156  0.01769  0.00502  0.01078
                  z  -0.00002 -0.00243  0.04815  0.00299  0.00623  0.01153
  3   c           x  -0.00002 -0.00074  0.00979 -0.00053  0.00104  0.00006
                  y   0.00017  0.00834 -0.11002  0.00608 -0.01177 -0.00069
                  z  -0.00011 -0.00539  0.05659 -0.00217  0.00575 -0.00502
  4   c           x   0.00000  0.00043 -0.00866 -0.00250 -0.00125 -0.00260
                  y  -0.00005 -0.00479  0.09634  0.02776  0.01391  0.02861
                  z   0.00001 -0.00096  0.00218 -0.00192 -0.00144  0.04955
  5   c           x   0.00001  0.00024 -0.00336  0.00192 -0.00034  0.00079
                  y  -0.00005 -0.00271  0.03847 -0.02179  0.00401 -0.00898
                  z  -0.00016 -0.00152 -0.00924  0.00026 -0.00841  0.00452
  6   c           x  -0.00001 -0.00004  0.00139 -0.00058  0.00029  0.00044
                  y  -0.00002  0.00047 -0.01726  0.00690 -0.00354 -0.00526
                  z   0.00007  0.00241 -0.04986  0.00855 -0.00415 -0.02137
  7   c           x   0.00003 -0.00001 -0.00076  0.00020 -0.00024 -0.00062
                  y   0.00003  0.00015  0.00896 -0.00240  0.00271  0.00715
                  z   0.00026  0.00577  0.00356 -0.00057  0.01255 -0.00769
  8   c           x   0.01179  0.00483  0.00012  0.00010  0.00399  0.00043
                  y  -0.00004 -0.05655 -0.00076 -0.00116 -0.04740 -0.00493
                  z  -0.00009  0.02300  0.01049 -0.00154 -0.03092  0.00088
  9   c           x   0.00072 -0.00236 -0.00255  0.00025 -0.00409 -0.00167
                  y   0.00107  0.02647  0.02914 -0.00286  0.04668  0.01916
                  z   0.00049  0.01435 -0.00476  0.00134  0.01168 -0.01176
 10   c           x  -0.00048  0.00009  0.00376 -0.00044  0.00288  0.00243
                  y  -0.00059 -0.00063 -0.04251  0.00484 -0.03271 -0.02761
                  z  -0.00015 -0.00993  0.01991 -0.00380  0.00805  0.01684
 11   c           x  -0.00045  0.00036 -0.00215  0.00018 -0.00049 -0.00130
                  y   0.00012 -0.00417  0.02425 -0.00205  0.00574  0.01476
                  z   0.00008  0.00903  0.00317 -0.00101  0.00174 -0.00076
 12   c           x   0.00014 -0.00014  0.00096 -0.00010  0.00018  0.00054
                  y  -0.00005  0.00184 -0.01080  0.00111 -0.00197 -0.00607
                  z  -0.00005 -0.01003 -0.00449  0.00134 -0.00256 -0.00093
 13   c           x   0.00000 -0.00001 -0.00078 -0.01070  0.00028  0.00346
                  y  -0.00001 -0.00009  0.01066  0.10425 -0.00238 -0.03925
                  z  -0.00003 -0.00194  0.02526 -0.05492  0.00624 -0.05957
 14   n           x  -0.00001 -0.00010 -0.00127  0.00305 -0.00069  0.00173
                  y   0.00009  0.00112  0.01363 -0.03758  0.00783 -0.02013
                  z   0.00006  0.00299 -0.03391 -0.00285 -0.00339 -0.00605
 15   c           x   0.00769  0.03144  0.00310 -0.00023 -0.00664 -0.00038
                  y   0.01322 -0.00461  0.00428 -0.00093 -0.01901 -0.00099
                  z   0.03616  0.01037  0.00828 -0.00146 -0.02286 -0.00062
 16   c           x   0.01004 -0.03008 -0.00397  0.00046  0.01033  0.00055
                  y  -0.01272 -0.00994  0.00353 -0.00082 -0.01722 -0.00090
                  z  -0.03588  0.01151  0.00803 -0.00141 -0.02183 -0.00060
 17   o           x  -0.00102 -0.00067  0.00046 -0.00003 -0.00057  0.00021
                  y   0.00003  0.00782 -0.00530  0.00043  0.00662 -0.00241
                  z  -0.00002 -0.00346  0.00095  0.00011  0.00281  0.00205
 18   c           x   0.00022 -0.00000 -0.00021 -0.00000 -0.00015 -0.00013
                  y   0.00005 -0.00002  0.00238 -0.00026  0.00165  0.00145
                  z   0.00005  0.00209 -0.00190  0.00037  0.00092 -0.00146
 19   c           x   0.00012  0.00002 -0.00010 -0.00001 -0.00002 -0.00006
                  y   0.00001 -0.00027  0.00111 -0.00010  0.00016  0.00066
                  z   0.00001  0.00063  0.00130 -0.00020  0.00026  0.00055
 20   c           x  -0.00013 -0.00001 -0.00010  0.00002 -0.00002 -0.00004
                  y  -0.00000  0.00001  0.00109 -0.00012  0.00024  0.00046
                  z  -0.00000  0.00108 -0.00091  0.00001 -0.00022 -0.00078
 21   n           x  -0.00008  0.00004 -0.00101  0.00009 -0.00074 -0.00063
                  y   0.00012 -0.00040  0.01138 -0.00144  0.00838  0.00712
                  z  -0.00003 -0.00035 -0.00159  0.00017 -0.00157 -0.00091
 22   n           x  -0.00002  0.00011 -0.00009 -0.00002 -0.00000 -0.00005
                  y   0.00000 -0.00124  0.00101 -0.00002  0.00005  0.00060
                  z  -0.00001  0.00080 -0.00108  0.00006 -0.00007 -0.00060
 23   n           x   0.00009 -0.00004 -0.00018  0.00004 -0.00004 -0.00010
                  y   0.00001  0.00040  0.00196 -0.00028  0.00044  0.00107
                  z   0.00000 -0.00009  0.00123 -0.00015  0.00030  0.00073
 24   c           x  -0.00005 -0.00008 -0.00062 -0.00002  0.00014  0.00005
                  y   0.00005  0.00095  0.00730  0.00015 -0.00157 -0.00059
                  z  -0.00009 -0.00457  0.04242 -0.00707 -0.00061  0.02155
 25   c           x   0.00059 -0.00007  0.00046 -0.00006 -0.00030  0.00006
                  y   0.00002  0.00067 -0.00533  0.00070  0.00300 -0.00077
                  z  -0.00024 -0.00455  0.00073 -0.00153 -0.00576  0.00341
 26   c           x  -0.00045  0.00095  0.00096 -0.00011  0.00134  0.00045
                  y  -0.00049 -0.01115 -0.01106  0.00114 -0.01570 -0.00516
                  z  -0.00008 -0.00095 -0.03450  0.00679 -0.01156 -0.01305
 27   c           x   0.00001  0.00025 -0.00245  0.01463 -0.00081  0.00066
                  y  -0.00007 -0.00279  0.02812 -0.15721  0.00887 -0.00612
                  z   0.00002  0.00069 -0.00296  0.07784 -0.00312  0.01027
 28   c           x  -0.00001 -0.00003 -0.00160 -0.00023 -0.00068  0.00544
                  y   0.00004  0.00038  0.01781  0.00223  0.00756 -0.06047
                  z  -0.00008 -0.00427  0.06553  0.01875  0.00843  0.00500
 29   c           x   0.00001  0.00056 -0.00844 -0.00242 -0.00093 -0.00347
                  y  -0.00012 -0.00624  0.09376  0.02692  0.01032  0.03853
                  z   0.00004  0.00188 -0.03277 -0.01973 -0.00479  0.01313
 30   c           x  -0.00001 -0.00021  0.00504  0.00108  0.00094 -0.00102
                  y   0.00001  0.00230 -0.05539 -0.01227 -0.01041  0.01166
                  z   0.00008  0.00640 -0.10705 -0.00663 -0.01489 -0.03452
 31   c           x  -0.00002 -0.00041  0.00411  0.00104 -0.00001  0.00533
                  y   0.00013  0.00473 -0.04682 -0.01194  0.00009 -0.06062
                  z  -0.00001 -0.00206  0.05177  0.00855  0.00980 -0.01041
 32   h           x   0.00003 -0.00006  0.00423 -0.00488  0.00103 -0.00119
                  y  -0.00006  0.00022 -0.04236  0.04020 -0.01051  0.01124
                  z   0.00041  0.02565 -0.40964  0.07590 -0.05435  0.00831
 33   h           x   0.00014  0.00160 -0.01791 -0.00149 -0.00179 -0.00068
                  y  -0.00034 -0.01757  0.19815  0.01819  0.01990  0.00770
                  z   0.00043  0.02222 -0.27731 -0.01275 -0.02918 -0.01409
 34   h           x   0.00005  0.00003 -0.00112  0.00032 -0.00001  0.00020
                  y  -0.00005 -0.00075  0.02483 -0.00647  0.00158 -0.00036
                  z   0.00003 -0.00141  0.14188 -0.06092  0.02235 -0.00274
 35   h           x   0.00002  0.00034 -0.00116  0.00015  0.00036 -0.00110
                  y  -0.00013 -0.00397  0.01538 -0.00167 -0.00364  0.01290
                  z  -0.00072 -0.01904  0.01977  0.00991 -0.02911  0.01512
 36   h           x   0.00005  0.00414 -0.11044 -0.05468 -0.02013  0.37822
                  y   0.00011  0.00476 -0.12657 -0.27506 -0.01081  0.30913
                  z  -0.00002  0.00303 -0.10015  0.11831 -0.02860  0.42732
 37   h           x  -0.00006 -0.00490  0.13110  0.10499  0.02164 -0.42719
                  y   0.00008  0.00378 -0.10398 -0.28399 -0.00601  0.23343
                  z  -0.00002  0.00308 -0.10007  0.13167 -0.02917  0.42993
 38   h           x   0.22728 -0.18991  0.07520 -0.01616 -0.30065 -0.00495
                  y   0.12675  0.38817  0.03795 -0.00145  0.02573  0.00732
                  z   0.02787 -0.04061  0.00657 -0.00183 -0.03504 -0.00145
 39   h           x  -0.34742 -0.06582 -0.10917  0.02040  0.39697  0.01105
                  y   0.05452  0.09228  0.01427 -0.00139 -0.01024  0.00073
                  z  -0.28475 -0.40149 -0.07823  0.00911  0.10852 -0.00299
 40   h           x  -0.02597 -0.16911 -0.00976 -0.00033 -0.01679 -0.00134
                  y  -0.38835 -0.22118 -0.11862  0.01972  0.35119  0.00742
                  z  -0.26279  0.21634 -0.07789  0.01754  0.33318  0.00877
 41   h           x   0.25178  0.11017 -0.07788  0.01562  0.28176  0.00342
                  y  -0.07060  0.42077  0.02572  0.00126  0.07686  0.00827
                  z  -0.02942 -0.03997  0.00616 -0.00176 -0.03389 -0.00144
 42   h           x  -0.09135  0.20795  0.03103 -0.00318 -0.04544  0.00013
                  y   0.38226 -0.19808 -0.11361  0.01915  0.34188  0.00729
                  z   0.27347  0.20892 -0.07465  0.01690  0.32337  0.00867
 43   h           x  -0.34168  0.05592  0.10322 -0.01941 -0.38264 -0.01084
                  y  -0.11363  0.10541  0.03289 -0.00483 -0.07791 -0.00114
                  z   0.27329 -0.41042 -0.07784  0.00891  0.10376 -0.00327
 44   h           x  -0.00063 -0.00044  0.00149 -0.00033  0.00021  0.00100
                  y   0.00011  0.00522 -0.01771  0.00372 -0.00163 -0.01174
                  z   0.00041  0.01726 -0.09200  0.01047 -0.00398 -0.03522
 45   h           x  -0.01040  0.00035  0.00054 -0.00013  0.00010  0.00022
                  y  -0.00092 -0.00365 -0.00920  0.00221  0.00799 -0.00264
                  z  -0.00061 -0.01978 -0.00336  0.00301  0.02445  0.00005
 46   h           x  -0.00029  0.00150 -0.00028  0.00020  0.00173  0.00014
                  y  -0.00065 -0.01635  0.00219 -0.00220 -0.01782 -0.00195
                  z  -0.00097 -0.02886  0.04546 -0.01324 -0.02214  0.00383
 47   h           x   0.00006  0.00229 -0.01878  0.10677 -0.00488 -0.04512
                  y   0.00023  0.00859 -0.07692  0.45065 -0.02351 -0.00912
                  z  -0.00015 -0.00491  0.05694 -0.24704  0.01676 -0.09050
 48   h           x  -0.00009 -0.00379  0.03223 -0.18679  0.00906  0.04560
                  y   0.00023  0.00850 -0.07617  0.45326 -0.02371  0.00194
                  z  -0.00014 -0.00553  0.06247 -0.28147  0.01856 -0.09364
 49   h           x   0.00001 -0.00053  0.01611  0.00160  0.00372 -0.01387
                  y  -0.00003  0.00595 -0.17894 -0.01917 -0.04116  0.14870
                  z  -0.00012 -0.00338  0.01604  0.01522 -0.00556  0.07512
 50   h           x  -0.00002 -0.00140  0.02394  0.00702  0.00342 -0.00104
                  y   0.00025  0.01556 -0.26648 -0.07858 -0.03807  0.01182
                  z  -0.00030 -0.01779  0.28843  0.07253  0.03767  0.04671
 51   h           x   0.00002  0.00044 -0.00462 -0.00021 -0.00015 -0.00511
                  y  -0.00012 -0.00461  0.04748  0.00108  0.00139  0.05422
                  z  -0.00050 -0.02801  0.42598  0.06824  0.05005  0.14967
 52   h           x   0.00007  0.00127 -0.00886 -0.00127  0.00048 -0.01735
                  y  -0.00040 -0.01522  0.10863  0.01514 -0.00544  0.20590
                  z  -0.00021 -0.00974  0.11885  0.02065  0.00957  0.08583
 53   o           x   0.00000 -0.00005  0.00056 -0.00235  0.00015 -0.00024
                  y   0.00002  0.00073 -0.00823  0.03768 -0.00233  0.00364
                  z   0.00002  0.00063 -0.00696  0.01788 -0.00143  0.00465
 54   h           x   0.00002  0.00008 -0.00071  0.00366 -0.00020  0.00029
                  y  -0.00003 -0.00116  0.01104 -0.05537  0.00313 -0.00443
                  z  -0.00018 -0.00646  0.06609 -0.33989  0.01957 -0.02741

reduced mass(g/mol)     1.044    1.095    2.045    1.594    1.130    1.299


       mode             127      128      129      130      131      132

     frequency        1502.92  1522.02  1525.01  1540.09  1553.91  1605.22

     symmetry            a        a        a        a        a        a   

        IR               YES      YES      YES      YES      YES      YES
|dDIP/dQ|   (a.u.)     0.0060   0.0002   0.0052   0.0481   0.0281   0.0141
intensity (km/mol)      62.94     0.09    47.39  4108.05  1398.53   352.20
intensity (  %   )       1.53     0.00     1.15   100.00    34.04     8.57
 
       RAMAN             YES      YES      YES      YES      YES      YES
 
  1   c           x   0.01133  0.00049  0.00109  0.00279 -0.00605  0.00380
                  y  -0.12651 -0.00533 -0.01158 -0.03073  0.06717 -0.04100
                  z   0.05780 -0.02000 -0.06886 -0.04358  0.05527 -0.16127
  2   c           x   0.00045  0.00117  0.00539  0.00450 -0.00910  0.00170
                  y  -0.00552 -0.01331 -0.06017 -0.05052  0.10230 -0.01837
                  z  -0.06215  0.00534  0.05250 -0.03911  0.10445  0.22006
  3   c           x  -0.00138 -0.00154 -0.00589 -0.00619  0.01392 -0.00380
                  y   0.01570  0.01732  0.06592  0.06978 -0.15729  0.04212
                  z   0.04309 -0.01534 -0.07169 -0.00965  0.09779 -0.15075
  4   c           x  -0.00284 -0.00218 -0.00786 -0.00405  0.00897  0.01060
                  y   0.03215  0.02418  0.08680  0.04468 -0.10009 -0.11848
                  z  -0.08518  0.02213  0.10381  0.04892  0.03223  0.13502
  5   c           x   0.00535  0.00183  0.00509  0.00744 -0.01629 -0.00484
                  y  -0.05992 -0.02048 -0.05671 -0.08347  0.18468  0.05459
                  z  -0.03032 -0.02055 -0.13416 -0.10580 -0.18957 -0.08335
  6   c           x  -0.00256 -0.00005  0.00110 -0.00246  0.00502  0.00177
                  y   0.03036  0.00093 -0.01098  0.03152 -0.05621 -0.01884
                  z   0.06525  0.01698  0.09466  0.19667  0.12842  0.09785
  7   c           x   0.00152  0.00005 -0.00003  0.00168 -0.00076  0.00111
                  y  -0.01785 -0.00062  0.00003 -0.02032  0.00830 -0.01296
                  z   0.01979  0.01518  0.10435 -0.12435  0.00691  0.02345
  8   c           x  -0.00063 -0.00017 -0.00102  0.00126  0.00052 -0.00100
                  y   0.00737  0.00202  0.01239 -0.01467 -0.00520  0.01100
                  z  -0.00187 -0.00272 -0.01942  0.03680  0.00487 -0.00408
  9   c           x   0.00311  0.00112  0.00698 -0.00504  0.00069  0.00058
                  y  -0.03575 -0.01284 -0.08042  0.05849 -0.00797 -0.00642
                  z   0.03529  0.02556  0.17682 -0.20439  0.04516 -0.07208
 10   c           x  -0.00482 -0.00215 -0.01400  0.01264 -0.00245  0.00376
                  y   0.05478  0.02447  0.15924 -0.14351  0.02808 -0.04269
                  z  -0.04788 -0.02504 -0.16683  0.12922 -0.05863  0.02236
 11   c           x   0.00191  0.00092  0.00605 -0.00907 -0.00154 -0.00072
                  y  -0.02156 -0.01043 -0.06845  0.10469  0.01910  0.00497
                  z  -0.00594 -0.00073 -0.00251 -0.09255 -0.08021  0.16573
 12   c           x  -0.00093 -0.00042 -0.00271  0.00283 -0.00019  0.00099
                  y   0.01022  0.00465  0.03024 -0.03436 -0.00010 -0.00729
                  z   0.01072  0.00338  0.02030  0.06782  0.07523 -0.13639
 13   c           x   0.00305  0.00215  0.00121  0.00177 -0.00183  0.00181
                  y  -0.03336 -0.02114 -0.01461 -0.01964  0.02051 -0.02026
                  z  -0.02804  0.00154  0.01257  0.01810  0.00906  0.00129
 14   n           x  -0.00364 -0.00133 -0.00531 -0.00468  0.00853 -0.00292
                  y   0.04033  0.01558  0.05992  0.05312 -0.09643  0.03251
                  z  -0.01131  0.01482  0.03962  0.04802 -0.13238 -0.04092
 15   c           x   0.00105  0.00021  0.00110  0.00313  0.00247 -0.00119
                  y   0.00142  0.00048  0.00307 -0.00251  0.00078 -0.00161
                  z   0.00042  0.00024  0.00177 -0.00725 -0.00322  0.00219
 16   c           x  -0.00128 -0.00029 -0.00160 -0.00266 -0.00257  0.00144
                  y   0.00121  0.00043  0.00284 -0.00306  0.00033 -0.00137
                  z   0.00040  0.00024  0.00178 -0.00721 -0.00317  0.00216
 17   o           x  -0.00012 -0.00008 -0.00052  0.00219  0.00129 -0.00109
                  y   0.00141  0.00093  0.00616 -0.02554 -0.01484  0.01251
                  z  -0.00247 -0.00178 -0.01229  0.03079  0.01178 -0.01725
 18   c           x   0.00024  0.00011  0.00066 -0.00067  0.00003 -0.00024
                  y  -0.00264 -0.00114 -0.00735  0.00763 -0.00026  0.00267
                  z   0.00403  0.00222  0.01485 -0.01405  0.00323  0.00037
 19   c           x   0.00009  0.00005  0.00029 -0.00037 -0.00003 -0.00008
                  y  -0.00101 -0.00050 -0.00325  0.00448  0.00051  0.00064
                  z  -0.00150 -0.00054 -0.00335 -0.00211 -0.00463  0.00830
 20   c           x   0.00007  0.00002  0.00014 -0.00003  0.00008 -0.00012
                  y  -0.00081 -0.00027 -0.00168  0.00076 -0.00059  0.00086
                  z   0.00052  0.00042  0.00294 -0.01108 -0.00599  0.00817
 21   n           x   0.00134  0.00059  0.00378 -0.00283  0.00102 -0.00085
                  y  -0.01516 -0.00659 -0.04274  0.03205 -0.01155  0.00975
                  z   0.00168  0.00062  0.00393 -0.00237  0.00115 -0.00180
 22   n           x   0.00001  0.00001  0.00006 -0.00073 -0.00057  0.00094
                  y  -0.00008 -0.00010 -0.00074  0.00856  0.00657 -0.01089
                  z   0.00043  0.00022  0.00144 -0.00606 -0.00380  0.00578
 23   n           x   0.00023  0.00010  0.00065 -0.00019  0.00047 -0.00089
                  y  -0.00258 -0.00112 -0.00721  0.00192 -0.00522  0.00987
                  z  -0.00146 -0.00067 -0.00434  0.00343 -0.00130  0.00302
 24   c           x  -0.00026 -0.00012 -0.00084  0.00133 -0.00054  0.00163
                  y   0.00298  0.00135  0.00968 -0.01497  0.00666 -0.01928
                  z  -0.05184 -0.01528 -0.09000  0.01685  0.01569 -0.11912
 25   c           x  -0.00027 -0.00003 -0.00012 -0.00157 -0.00033 -0.00154
                  y   0.00298  0.00032  0.00081  0.01781  0.00261  0.01880
                  z  -0.02603 -0.01541 -0.10301 -0.04273 -0.15465  0.11917
 26   c           x  -0.00062 -0.00001  0.00017 -0.00077  0.00086 -0.00142
                  y   0.00700  0.00008 -0.00250  0.00868 -0.01059  0.01670
                  z   0.04599  0.01238  0.07046  0.15292  0.13503 -0.03197
 27   c           x  -0.00019  0.00215 -0.00295 -0.00107  0.00128 -0.00076
                  y   0.00201 -0.02669  0.03287  0.01056 -0.01307  0.00852
                  z   0.00055 -0.07651  0.03986  0.00272 -0.00600  0.00053
 28   c           x  -0.01159  0.00173  0.00771  0.00171 -0.00348  0.00274
                  y   0.12898 -0.01908 -0.08551 -0.01884  0.03860 -0.03021
                  z   0.04892  0.00387  0.00295  0.01758 -0.03031  0.11955
 29   c           x  -0.00054 -0.00155 -0.00549 -0.00263  0.00628 -0.01541
                  y   0.00592  0.01722  0.06098  0.02922 -0.06974  0.17167
                  z  -0.06142  0.00458  0.02692 -0.00430  0.00992 -0.24124
 30   c           x   0.00721  0.00032  0.00042  0.00102 -0.00361  0.00275
                  y  -0.08056 -0.00326 -0.00392 -0.01099  0.03988 -0.03193
                  z  -0.01785 -0.02229 -0.07820 -0.02804  0.07567  0.27261
 31   c           x  -0.00999  0.00151  0.00636  0.00143 -0.00115 -0.00610
                  y   0.11348 -0.01705 -0.07217 -0.01618  0.01285  0.06844
                  z   0.07513  0.00372  0.00191  0.00444 -0.05685 -0.10139
 32   h           x  -0.00437  0.00256  0.00733 -0.00042  0.00076  0.01520
                  y   0.04877 -0.02270 -0.08555  0.00468 -0.00629 -0.17107
                  z   0.11389 -0.01173 -0.00325  0.18502 -0.33492 -0.28649
 33   h           x  -0.00508  0.00160  0.00563 -0.00196 -0.02643  0.00905
                  y   0.05708 -0.01824 -0.06177  0.02006  0.29350 -0.10149
                  z   0.00862  0.02116  0.05516  0.04893 -0.39067 -0.02393
 34   h           x   0.00066  0.00104  0.00607  0.00777  0.00790  0.00356
                  y  -0.01811 -0.01480 -0.08279 -0.11788 -0.09862 -0.05008
                  z  -0.17343 -0.05623 -0.22099 -0.53162 -0.02325 -0.01179
 35   h           x   0.00260  0.00064  0.00396 -0.00375 -0.00173  0.00194
                  y  -0.03066 -0.00737 -0.04469  0.04136  0.02256 -0.02192
                  z  -0.01929 -0.01955 -0.13723  0.31781  0.11114 -0.00785
 36   h           x   0.23882  0.03079 -0.11613 -0.09794  0.08776  0.03645
                  y   0.24046  0.08296 -0.06982 -0.00622 -0.00238  0.01785
                  z   0.24146 -0.01653 -0.17795 -0.17809  0.19479  0.03305
 37   h           x  -0.27818 -0.04549  0.12690  0.09742 -0.08590 -0.03903
                  y   0.19398  0.08046 -0.04649  0.01484 -0.02095  0.01120
                  z   0.24208 -0.01901 -0.17990 -0.18109  0.19742  0.03285
 38   h           x   0.00096 -0.00416 -0.02888  0.02787 -0.01101  0.00686
                  y  -0.00796 -0.00305 -0.01982  0.02833  0.00523 -0.00590
                  z   0.00116  0.00035  0.00244 -0.00881 -0.00428  0.00297
 39   h           x  -0.01245  0.00118  0.01168 -0.03108  0.00063 -0.00650
                  y  -0.00055  0.00021  0.00179 -0.00456  0.00003 -0.00220
                  z   0.00382  0.00194  0.01240 -0.00960  0.00180  0.00214
 40   h           x   0.00009 -0.00012 -0.00043 -0.00953 -0.00750  0.00804
                  y  -0.00814  0.00117  0.01020 -0.02260 -0.00026  0.00262
                  z  -0.00603  0.00150  0.01107  0.00176  0.01636 -0.01326
 41   h           x   0.00051  0.00458  0.03161 -0.03256  0.00954 -0.00545
                  y  -0.00828 -0.00238 -0.01506  0.02394  0.00738 -0.00721
                  z   0.00116  0.00036  0.00249 -0.00892 -0.00433  0.00300
 42   h           x   0.00112 -0.00018 -0.00191  0.01374  0.00733 -0.00835
                  y  -0.00773  0.00123  0.01049 -0.02096  0.00098  0.00125
                  z  -0.00607  0.00142  0.01051  0.00204  0.01608 -0.01306
 43   h           x   0.01219 -0.00123 -0.01188  0.03150 -0.00052  0.00670
                  y   0.00155 -0.00002 -0.00039  0.00117  0.00003 -0.00110
                  z   0.00413  0.00200  0.01280 -0.01031  0.00146  0.00236
 44   h           x  -0.00242 -0.00082 -0.00499  0.00309  0.00068 -0.00289
                  y   0.02871  0.00983  0.05949 -0.03731 -0.00846  0.03395
                  z   0.07071  0.02158  0.12246 -0.08571 -0.09707  0.18289
 45   h           x  -0.00152 -0.00068 -0.00432 -0.00501 -0.00752  0.00310
                  y   0.01928  0.00879  0.05656  0.05992  0.09513 -0.04077
                  z   0.03451  0.02061  0.13837  0.12120  0.26381 -0.18889
 46   h           x   0.00111  0.00042  0.00257  0.00703  0.00723 -0.00339
                  y  -0.01117 -0.00415 -0.02546 -0.07928 -0.07898  0.03732
                  z  -0.05336 -0.00612 -0.02010 -0.40041 -0.24185  0.06330
 47   h           x  -0.02697  0.38323 -0.22572 -0.03241  0.04598 -0.00642
                  y  -0.02342  0.30331 -0.19404 -0.03313  0.03631 -0.00606
                  z  -0.03844  0.48022 -0.25353 -0.02861  0.05133  0.00699
 48   h           x   0.03059 -0.42931  0.25580  0.03783 -0.05171  0.00732
                  y  -0.01800  0.22433 -0.14932 -0.02776  0.02810 -0.00484
                  z  -0.03881  0.48819 -0.25638 -0.02834  0.05156  0.00716
 49   h           x   0.04268 -0.00323 -0.01803 -0.00183  0.00163  0.01676
                  y  -0.47646  0.03503  0.19884  0.01919 -0.01566 -0.19009
                  z  -0.14226  0.02350  0.10199  0.03587 -0.05910  0.08522
 50   h           x   0.02165  0.00068 -0.00090  0.00335 -0.00868  0.03069
                  y  -0.24043 -0.00745  0.01015 -0.03707  0.09644 -0.34185
                  z   0.13749  0.03026  0.08851  0.05952 -0.14470  0.18476
 51   h           x   0.00876 -0.00152 -0.00630 -0.00116  0.00164  0.01531
                  y  -0.09461  0.01626  0.06667  0.01191 -0.01706 -0.16648
                  z  -0.00016  0.06964  0.24338  0.08334 -0.23237 -0.30290
 52   h           x   0.03055 -0.00555 -0.02439 -0.01187 -0.00327  0.00773
                  y  -0.36288  0.06498  0.28441  0.13420  0.03424 -0.09443
                  z  -0.08644  0.03436  0.13178  0.05788 -0.06480 -0.17324
 53   o           x  -0.00007  0.00082 -0.00018 -0.00001 -0.00012  0.00017
                  y   0.00093 -0.01145  0.00267 -0.00007  0.00131 -0.00207
                  z   0.00273 -0.01051  0.00403 -0.00100 -0.00249 -0.00072
 54   h           x   0.00011 -0.00060 -0.00006 -0.00031  0.00000 -0.00009
                  y  -0.00152  0.00994  0.00038  0.00404 -0.00051  0.00157
                  z  -0.00642  0.07034 -0.00367  0.01370 -0.01240  0.01318

reduced mass(g/mol)     2.231    1.183    3.618    3.645    4.064    5.812


       mode             133      134      135      136      137      138

     frequency        1611.90  1627.62  1653.69  1661.63  1689.90  2334.77

     symmetry            a        a        a        a        a        a   

        IR               YES      YES      YES      YES      YES      YES
|dDIP/dQ|   (a.u.)     0.0162   0.0121   0.0011   0.0026   0.0183   0.0052
intensity (km/mol)     464.59   261.14     2.03    11.60   595.12    47.69
intensity (  %   )      11.31     6.36     0.05     0.28    14.49     1.16
 
       RAMAN             YES      YES      YES      YES      YES      YES
 
  1   c           x   0.00244  0.00129 -0.00513  0.01510 -0.00776  0.00001
                  y  -0.02621 -0.01398  0.05689 -0.16712  0.08679 -0.00007
                  z  -0.15780 -0.06435  0.00603 -0.13601 -0.13297  0.00004
  2   c           x   0.00176 -0.00002  0.00005 -0.00115 -0.00215 -0.00001
                  y  -0.01966 -0.00004 -0.00052  0.01261  0.02307  0.00005
                  z  -0.02665 -0.12020 -0.04174 -0.04215 -0.40613  0.00030
  3   c           x  -0.00385  0.00104  0.00013  0.00102  0.01333 -0.00002
                  y   0.04369 -0.01131 -0.00129 -0.01129 -0.14983  0.00018
                  z  -0.04397  0.07679  0.00885  0.02051  0.33875 -0.00024
  4   c           x   0.00703 -0.00000  0.00611 -0.01728  0.00504  0.00001
                  y  -0.07840 -0.00027 -0.06765  0.19152 -0.05687 -0.00006
                  z   0.06355  0.02789 -0.01286  0.05907  0.13447 -0.00010
  5   c           x   0.00275  0.00175  0.00018  0.00380 -0.00514  0.00002
                  y  -0.03211 -0.01972 -0.00264 -0.04279  0.05931 -0.00018
                  z   0.17350  0.01329  0.11323  0.03898 -0.14097  0.00041
  6   c           x  -0.00026 -0.00242  0.00239  0.00040  0.00143  0.00001
                  y   0.00097  0.02852 -0.02986 -0.00589 -0.01651 -0.00006
                  z  -0.18036  0.05970 -0.21213 -0.10916  0.01102 -0.00050
  7   c           x  -0.00196 -0.00019 -0.00241 -0.00105 -0.00063 -0.00000
                  y   0.02300  0.00172  0.02837  0.01236  0.00728  0.00003
                  z  -0.05802 -0.27255  0.20065  0.13387  0.11338  0.00056
  8   c           x   0.00207 -0.00123 -0.00078 -0.00016 -0.00009 -0.00000
                  y  -0.02331  0.01543  0.00955  0.00195  0.00075  0.00002
                  z   0.01024 -0.03248  0.01003  0.00590 -0.00101 -0.00063
  9   c           x  -0.00162  0.00054  0.00329  0.00109 -0.00053  0.00000
                  y   0.01807 -0.00643 -0.03687 -0.01215  0.00595 -0.00006
                  z   0.12861  0.13850 -0.16532 -0.06652  0.01214  0.00220
 10   c           x  -0.00725 -0.00034  0.00512  0.00157 -0.00010  0.00055
                  y   0.08214  0.00481 -0.05795 -0.01794  0.00104 -0.00617
                  z  -0.01304 -0.15925  0.00192  0.01744  0.00669 -0.00155
 11   c           x   0.00221 -0.00154 -0.00396 -0.00091  0.00032 -0.00031
                  y  -0.01821  0.01175  0.04189  0.00979 -0.00345  0.00341
                  z  -0.35865  0.30198  0.16620  0.02658 -0.01134  0.00342
 12   c           x  -0.00217  0.00120  0.00156  0.00034 -0.00006 -0.01290
                  y   0.01629 -0.00713 -0.01409 -0.00330  0.00040  0.14673
                  z   0.28990 -0.22618 -0.12817 -0.02154  0.00792 -0.00811
 13   c           x   0.00137  0.00053 -0.00020  0.00071  0.00027  0.00000
                  y  -0.01528 -0.00586  0.00222 -0.00767 -0.00284 -0.00004
                  z  -0.00230  0.00173  0.00063 -0.01083  0.00066  0.00006
 14   n           x  -0.00293 -0.00085  0.00047 -0.00162  0.00072  0.00000
                  y   0.03312  0.00980 -0.00501  0.01808 -0.00733 -0.00001
                  z   0.05769  0.05187  0.01808  0.03727  0.14155 -0.00016
 15   c           x   0.00179 -0.00038  0.00212  0.00052 -0.00063 -0.00005
                  y   0.00324 -0.00041 -0.00118 -0.00036 -0.00067  0.00008
                  z  -0.00407  0.00400 -0.00225 -0.00087  0.00072  0.00016
 16   c           x  -0.00231  0.00037 -0.00193 -0.00045  0.00075  0.00003
                  y   0.00286 -0.00034 -0.00156 -0.00045 -0.00055  0.00009
                  z  -0.00402  0.00402 -0.00224 -0.00087  0.00071  0.00016
 17   o           x   0.00198 -0.00068 -0.00034 -0.00012  0.00002 -0.00004
                  y  -0.02288  0.00816  0.00372  0.00135 -0.00017  0.00046
                  z   0.03669 -0.03749 -0.00772  0.00039 -0.00003  0.00143
 18   c           x   0.00058 -0.00050 -0.00058 -0.00012  0.00006 -0.00321
                  y  -0.00643  0.00564  0.00659  0.00129 -0.00069  0.03623
                  z  -0.00332  0.01624  0.00005 -0.00150 -0.00030 -0.00517
 19   c           x   0.00022 -0.00015 -0.00021 -0.00005  0.00000  0.03583
                  y  -0.00171  0.00115  0.00217  0.00048  0.00003 -0.42284
                  z  -0.01749  0.01312  0.00750  0.00127 -0.00056  0.32082
 20   c           x   0.00023 -0.00016 -0.00004 -0.00000  0.00002  0.04761
                  y  -0.00164  0.00103  0.00004 -0.00003 -0.00019 -0.52586
                  z  -0.01679  0.01341  0.00494  0.00061 -0.00042 -0.28269
 21   n           x   0.00141  0.00096 -0.00044 -0.00025 -0.00010  0.00233
                  y  -0.01589 -0.01082  0.00501  0.00279  0.00112 -0.02630
                  z   0.00365 -0.00224 -0.00118 -0.00019 -0.00006  0.00327
 22   n           x  -0.00197  0.00154  0.00085  0.00014 -0.00005 -0.02575
                  y   0.02303 -0.01792 -0.00997 -0.00168  0.00056  0.30422
                  z  -0.01213  0.00933  0.00503  0.00085 -0.00031 -0.23170
 23   n           x   0.00187 -0.00130 -0.00095 -0.00018  0.00004 -0.03450
                  y  -0.02094  0.01449  0.01052  0.00202 -0.00043  0.38083
                  z  -0.00646  0.00395  0.00392  0.00083 -0.00015  0.20315
 24   c           x  -0.00239 -0.00141 -0.00245 -0.00067  0.00131  0.00001
                  y   0.02834  0.01746  0.02827  0.00752 -0.01561 -0.00006
                  z   0.21118  0.31640 -0.03176 -0.07506 -0.14326 -0.00069
 25   c           x   0.00275  0.00257  0.00016 -0.00041 -0.00153 -0.00000
                  y  -0.03310 -0.03087 -0.00339  0.00447  0.01837  0.00005
                  z  -0.16664 -0.15121 -0.26064 -0.05073  0.11073  0.00097
 26   c           x   0.00258  0.00214 -0.00223 -0.00103  0.00002  0.00001
                  y  -0.03003 -0.02499  0.02479  0.01158  0.00002 -0.00015
                  z   0.01093 -0.01253  0.33047  0.09822 -0.06796 -0.00141
 27   c           x  -0.00050 -0.00005  0.00008 -0.00036  0.00015 -0.00000
                  y   0.00514  0.00004 -0.00094  0.00404 -0.00234 -0.00002
                  z   0.00041 -0.00045 -0.00028  0.00117 -0.00140  0.00002
 28   c           x   0.00282 -0.00236  0.00964 -0.02726  0.00860 -0.00000
                  y  -0.03116  0.02619 -0.10684  0.30194 -0.09529  0.00006
                  z   0.09917  0.03260 -0.01071  0.08058  0.03253  0.00001
 29   c           x  -0.01203  0.00004 -0.00796  0.01880 -0.00843  0.00001
                  y   0.13412 -0.00028  0.08848 -0.20866  0.09384 -0.00007
                  z  -0.17979 -0.03607 -0.02650  0.00778 -0.07774  0.00004
 30   c           x   0.00203 -0.00185  0.00506 -0.01502  0.00149  0.00000
                  y  -0.02363  0.02045 -0.05641  0.16684 -0.01694 -0.00002
                  z   0.19301  0.06623 -0.03342  0.18049  0.07849 -0.00008
 31   c           x  -0.00360  0.00293 -0.00851  0.02670 -0.00152 -0.00000
                  y   0.04035 -0.03266  0.09487 -0.29808  0.01677  0.00007
                  z  -0.06338 -0.03792  0.04177 -0.15013 -0.04142  0.00003
 32   h           x  -0.00043 -0.00763 -0.00215 -0.00360 -0.02415  0.00000
                  y   0.00410  0.08624  0.02354  0.04090  0.27262 -0.00007
                  z   0.07391  0.17604  0.04439  0.03212  0.41881 -0.00007
 33   h           x   0.01030 -0.00750  0.00430 -0.00035 -0.02792  0.00001
                  y  -0.11491  0.08174 -0.04623  0.00525  0.31346 -0.00015
                  z   0.12530 -0.00921  0.06069  0.00353 -0.11356  0.00007
 34   h           x  -0.00645  0.00106 -0.00514 -0.00260  0.00172 -0.00001
                  y   0.08929 -0.01908  0.07769  0.03840 -0.01926  0.00016
                  z   0.22466 -0.20102  0.31775  0.10192  0.01652  0.00018
 35   h           x  -0.00422 -0.01029  0.00455  0.00359  0.00306  0.00002
                  y   0.04818  0.11733 -0.05125 -0.04038 -0.03481 -0.00025
                  z   0.02522  0.39697 -0.30394 -0.18748 -0.13445 -0.00022
 36   h           x  -0.01993 -0.02798 -0.01279  0.01242 -0.05824 -0.00017
                  y   0.01867  0.01596 -0.00330  0.01315  0.02890  0.00007
                  z  -0.06171 -0.05915 -0.01612 -0.00409 -0.10697 -0.00006
 37   h           x   0.01631  0.02468  0.01323 -0.01469  0.05223  0.00016
                  y   0.02313  0.02174 -0.00088  0.01103  0.04028  0.00010
                  z  -0.06282 -0.06002 -0.01629 -0.00413 -0.10830 -0.00006
 38   h           x  -0.00870 -0.02583  0.00026  0.00300  0.00394  0.00012
                  y   0.01374 -0.02515 -0.01088 -0.00091  0.00661  0.00016
                  z  -0.00527  0.00357 -0.00289 -0.00089  0.00097 -0.00016
 39   h           x   0.01218  0.01340 -0.01732 -0.00620  0.00084  0.00027
                  y   0.00485 -0.00155 -0.00663 -0.00177  0.00139 -0.00013
                  z  -0.00707  0.01691  0.01369  0.00218 -0.00566 -0.00112
 40   h           x  -0.01622  0.01127  0.00338  0.00034  0.00100 -0.00021
                  y  -0.00845  0.02569  0.00127 -0.00196 -0.00045 -0.00042
                  z   0.02332  0.00042 -0.00215 -0.00140 -0.00253 -0.00041
 41   h           x   0.00563  0.03007  0.00184 -0.00274 -0.00507 -0.00015
                  y   0.01536 -0.02030 -0.01059 -0.00138  0.00574  0.00013
                  z  -0.00531  0.00354 -0.00301 -0.00091  0.00102 -0.00016
 42   h           x   0.01742 -0.01573 -0.00362  0.00000 -0.00089  0.00028
                  y  -0.00567  0.02342  0.00082 -0.00193 -0.00065 -0.00038
                  z   0.02295  0.00047 -0.00196 -0.00134 -0.00255 -0.00042
 43   h           x  -0.01272 -0.01288  0.01815  0.00640 -0.00108 -0.00025
                  y   0.00273 -0.00385 -0.00346 -0.00065  0.00120 -0.00018
                  z  -0.00743  0.01691  0.01363  0.00218 -0.00561 -0.00112
 44   h           x   0.00547  0.01081 -0.00396 -0.00360 -0.00376 -0.00001
                  y  -0.06476 -0.12775  0.04642  0.04262  0.04499  0.00014
                  z  -0.29935 -0.43640 -0.00693  0.07890  0.17173  0.00035
 45   h           x  -0.00350 -0.00348 -0.01011 -0.00237  0.00244  0.00006
                  y   0.04697  0.04609  0.12712  0.02958 -0.03169 -0.00079
                  z   0.26614  0.25967  0.31760  0.04803 -0.14697 -0.00054
 46   h           x   0.00423  0.00198  0.00987  0.00246 -0.00252  0.00000
                  y  -0.04678 -0.02125 -0.10897 -0.02712  0.02802 -0.00007
                  z  -0.04663  0.03138 -0.42991 -0.12378  0.08664  0.00106
 47   h           x  -0.00564 -0.00006  0.00133 -0.00484  0.00415 -0.00000
                  y  -0.00437 -0.00035  0.00031 -0.00228 -0.00084  0.00003
                  z  -0.00105 -0.00210  0.00040 -0.00050 -0.00140 -0.00001
 48   h           x   0.00636  0.00017 -0.00135  0.00520 -0.00380 -0.00001
                  y  -0.00362 -0.00061  0.00004 -0.00155 -0.00208  0.00003
                  z  -0.00089 -0.00201  0.00040 -0.00033 -0.00114 -0.00001
 49   h           x   0.00997  0.00460 -0.01039  0.03153 -0.00965  0.00000
                  y  -0.11437 -0.05213  0.11493 -0.35075  0.10503 -0.00003
                  z   0.08825  0.01110  0.06371 -0.13000  0.10448  0.00002
 50   h           x   0.02357  0.00358  0.00499 -0.00563  0.00817  0.00000
                  y  -0.26240 -0.03982 -0.05562  0.06289 -0.09125  0.00001
                  z   0.15243 -0.00641  0.10685 -0.25681  0.08691  0.00001
 51   h           x   0.01048  0.00082  0.00388 -0.00872  0.00431  0.00000
                  y  -0.11382 -0.00882 -0.04227  0.09498 -0.04719  0.00003
                  z  -0.18440 -0.08248  0.08042 -0.28190 -0.04576  0.00001
 52   h           x   0.00903 -0.00563  0.01368 -0.03230 -0.00169  0.00000
                  y  -0.10320  0.06553 -0.15865  0.38553  0.01784  0.00002
                  z  -0.11917 -0.00753 -0.04319  0.08136 -0.04916 -0.00001
 53   o           x   0.00007 -0.00005 -0.00003  0.00013 -0.00013 -0.00000
                  y  -0.00095  0.00048  0.00029 -0.00139  0.00137  0.00001
                  z  -0.00047 -0.00037 -0.00016  0.00046 -0.00052 -0.00002
 54   h           x  -0.00013 -0.00010 -0.00002  0.00004 -0.00014 -0.00001
                  y   0.00183  0.00117  0.00015  0.00002  0.00147  0.00006
                  z   0.00962  0.00123 -0.00101  0.00656 -0.00181  0.00002

reduced mass(g/mol)     6.913    5.801    5.453    6.124    6.311   12.680


       mode             139      140      141      142      143      144

     frequency        2344.42  2350.90  2967.29  3008.71  3035.41  3046.45

     symmetry            a        a        a        a        a        a   

        IR               YES      YES      YES      YES      YES      YES
|dDIP/dQ|   (a.u.)     0.0031   0.0125   0.0053   0.0046   0.0078   0.0018
intensity (km/mol)      17.23   276.74    49.09    37.56   108.97     6.04
intensity (  %   )       0.42     6.74     1.19     0.91     2.65     0.15
 
       RAMAN             YES      YES      YES      YES      YES      YES
 
  1   c           x  -0.00001 -0.00003  0.00002  0.00006  0.00011  0.00000
                  y   0.00011  0.00033 -0.00021  0.00001 -0.00119  0.00000
                  z  -0.00012 -0.00025 -0.00027  0.00000 -0.00030 -0.00000
  2   c           x   0.00001  0.00003  0.00006 -0.00049 -0.00002  0.00000
                  y  -0.00010 -0.00033 -0.00077 -0.00001  0.00025 -0.00000
                  z  -0.00071 -0.00191  0.00090 -0.00002  0.00170 -0.00000
  3   c           x   0.00004  0.00010  0.00001 -0.00002 -0.00003  0.00000
                  y  -0.00048 -0.00119 -0.00017 -0.00001  0.00035 -0.00000
                  z   0.00062  0.00155 -0.00016  0.00000 -0.00044  0.00000
  4   c           x  -0.00002 -0.00004 -0.00001 -0.00000 -0.00001  0.00000
                  y   0.00017  0.00040  0.00006 -0.00000  0.00016  0.00000
                  z   0.00031  0.00067 -0.00000  0.00000 -0.00014  0.00000
  5   c           x  -0.00004 -0.00010 -0.00001  0.00007  0.00002  0.00000
                  y   0.00048  0.00112  0.00009  0.00001 -0.00024  0.00000
                  z  -0.00128 -0.00279  0.00008 -0.00000  0.00025 -0.00000
  6   c           x  -0.00002 -0.00004  0.00001 -0.00000  0.00000  0.00000
                  y   0.00024  0.00045 -0.00008 -0.00000 -0.00001  0.00000
                  z   0.00169  0.00341 -0.00003  0.00000 -0.00023  0.00001
  7   c           x  -0.00000  0.00001  0.00000  0.00000  0.00000  0.00000
                  y   0.00002 -0.00012 -0.00004  0.00000 -0.00004  0.00000
                  z  -0.00222 -0.00391  0.00001 -0.00000  0.00023 -0.00001
  8   c           x  -0.00000  0.00018 -0.00000  0.00000 -0.00000  0.00192
                  y   0.00004 -0.00196 -0.00000  0.00000  0.00002  0.00012
                  z   0.00106 -0.00023 -0.00000 -0.00000 -0.00001  0.00007
  9   c           x   0.00002 -0.00009  0.00000 -0.00000 -0.00001 -0.00008
                  y  -0.00036  0.00101 -0.00000 -0.00000  0.00006 -0.00008
                  z  -0.01047 -0.01417 -0.00002 -0.00000  0.00017 -0.00003
 10   c           x  -0.00939 -0.00539  0.00000 -0.00000  0.00000  0.00008
                  y   0.10650  0.06090 -0.00000  0.00000 -0.00001  0.00002
                  z  -0.02603  0.00115  0.00001  0.00000 -0.00012  0.00001
 11   c           x  -0.00070 -0.00002  0.00000  0.00000 -0.00001 -0.00009
                  y   0.00753  0.00077 -0.00000 -0.00000  0.00008 -0.00003
                  z   0.01866 -0.02296 -0.00002 -0.00000  0.00008  0.00000
 12   c           x  -0.00030 -0.00049  0.00000 -0.00000  0.00000  0.00001
                  y   0.00187  0.00899  0.00000  0.00000 -0.00002  0.00001
                  z   0.03105 -0.07486  0.00001  0.00000 -0.00005 -0.00001
 13   c           x  -0.00001 -0.00002  0.00034 -0.01270  0.00550  0.00001
                  y   0.00009  0.00025 -0.00332 -0.00087 -0.04489 -0.00001
                  z  -0.00012 -0.00036 -0.00179  0.00028 -0.05116 -0.00001
 14   n           x  -0.00000 -0.00001 -0.00005 -0.00005 -0.00011 -0.00000
                  y   0.00005  0.00017  0.00056 -0.00001  0.00104  0.00000
                  z   0.00036  0.00103 -0.00026  0.00001 -0.00206  0.00000
 15   c           x   0.00002  0.00037 -0.00000 -0.00001 -0.00005 -0.02483
                  y  -0.00004  0.00027 -0.00000 -0.00000 -0.00008 -0.01864
                  z  -0.00037  0.00030  0.00000  0.00000  0.00001  0.00829
 16   c           x  -0.00001 -0.00041 -0.00000 -0.00001  0.00007 -0.03295
                  y  -0.00004  0.00020 -0.00000  0.00000 -0.00007  0.01601
                  z  -0.00037  0.00030  0.00000 -0.00000  0.00001 -0.00992
 17   o           x   0.00018  0.00041 -0.00000 -0.00000  0.00000  0.00008
                  y  -0.00189 -0.00477 -0.00000  0.00000 -0.00003  0.00002
                  z  -0.00228  0.00508  0.00001 -0.00000 -0.00000  0.00000
 18   c           x   0.06231  0.03212  0.00000  0.00000  0.00000 -0.00002
                  y  -0.70392 -0.36283  0.00001  0.00000 -0.00007  0.00000
                  z   0.11187  0.05793 -0.00000 -0.00000  0.00002 -0.00000
 19   c           x  -0.01725  0.03714  0.00000  0.00000  0.00000  0.00001
                  y   0.20350 -0.43811  0.00001  0.00000 -0.00004 -0.00000
                  z  -0.15251  0.32809 -0.00001 -0.00000  0.00003  0.00000
 20   c           x   0.02153 -0.03704  0.00000  0.00000 -0.00000 -0.00001
                  y  -0.23795  0.40940 -0.00001  0.00000  0.00005  0.00001
                  z  -0.12653  0.21730 -0.00000 -0.00000  0.00002  0.00000
 21   n           x  -0.04489 -0.02302  0.00000 -0.00000 -0.00001  0.00001
                  y   0.50678  0.25993 -0.00001 -0.00000  0.00004 -0.00000
                  z  -0.07373 -0.03844  0.00000  0.00000 -0.00001  0.00000
 22   n           x   0.01231 -0.02644  0.00000 -0.00000 -0.00000 -0.00000
                  y  -0.14550  0.31235 -0.00000  0.00000  0.00002  0.00000
                  z   0.11169 -0.23786  0.00000  0.00000 -0.00002 -0.00000
 23   n           x  -0.01555  0.02663 -0.00000 -0.00000  0.00000  0.00001
                  y   0.17174 -0.29407  0.00000  0.00000 -0.00003 -0.00000
                  z   0.09174 -0.15723  0.00000 -0.00000 -0.00002 -0.00000
 24   c           x  -0.00004 -0.00005  0.00000 -0.00000  0.00000  0.00001
                  y   0.00043  0.00061 -0.00001  0.00000 -0.00004  0.00001
                  z   0.00306  0.00478  0.00001  0.00000 -0.00020  0.00002
 25   c           x  -0.00004 -0.00001  0.00000 -0.00000  0.00000  0.00017
                  y   0.00044  0.00009 -0.00000  0.00000 -0.00001 -0.00018
                  z  -0.00541 -0.00708 -0.00001 -0.00000  0.00019  0.00002
 26   c           x  -0.00016 -0.00015  0.00000 -0.00000  0.00000  0.00002
                  y   0.00171  0.00159  0.00000  0.00000 -0.00006  0.00003
                  z   0.00883  0.01024  0.00002  0.00000 -0.00018  0.00000
 27   c           x  -0.00000 -0.00001 -0.00456  0.09464  0.00091 -0.00002
                  y   0.00004  0.00014  0.05006  0.00865 -0.00150 -0.00000
                  z  -0.00002 -0.00009  0.04273 -0.00011 -0.00241 -0.00000
 28   c           x   0.00001  0.00003 -0.00000  0.00004  0.00005  0.00000
                  y  -0.00010 -0.00031  0.00005  0.00001 -0.00058 -0.00000
                  z  -0.00001 -0.00003  0.00005 -0.00001  0.00211  0.00000
 29   c           x  -0.00001 -0.00004  0.00001 -0.00001  0.00002  0.00000
                  y   0.00014  0.00040 -0.00004 -0.00000 -0.00021  0.00000
                  z  -0.00009 -0.00025  0.00001 -0.00000  0.00023 -0.00000
 30   c           x  -0.00000 -0.00001  0.00000 -0.00000  0.00001  0.00000
                  y   0.00005  0.00013  0.00001  0.00000 -0.00013  0.00000
                  z   0.00018  0.00050 -0.00002  0.00000 -0.00018  0.00000
 31   c           x   0.00002  0.00004  0.00000 -0.00001 -0.00001  0.00000
                  y  -0.00018 -0.00044 -0.00001 -0.00000  0.00009 -0.00000
                  z  -0.00005 -0.00014 -0.00005 -0.00000  0.00004 -0.00000
 32   h           x  -0.00002 -0.00004 -0.00096  0.00214 -0.00029 -0.00001
                  y   0.00021  0.00040  0.01132 -0.00021  0.00327  0.00000
                  z   0.00011  0.00027 -0.00558  0.00019 -0.00098 -0.00000
 33   h           x  -0.00003 -0.00008  0.00006 -0.00033  0.00009 -0.00001
                  y   0.00030  0.00086 -0.00068 -0.00001 -0.00105  0.00000
                  z  -0.00013 -0.00043 -0.00112  0.00002 -0.00127  0.00000
 34   h           x   0.00003  0.00008 -0.00002 -0.00007 -0.00004 -0.00001
                  y  -0.00044 -0.00112  0.00027 -0.00001  0.00041 -0.00001
                  z  -0.00046 -0.00095  0.00012  0.00000 -0.00020  0.00000
 35   h           x  -0.00008 -0.00012 -0.00005  0.00002 -0.00011  0.00001
                  y   0.00096  0.00129  0.00052 -0.00000  0.00126 -0.00001
                  z   0.00066  0.00114 -0.00014  0.00000 -0.00023 -0.00001
 36   h           x   0.00035  0.00109 -0.02657  0.08532 -0.60601 -0.00021
                  y  -0.00018 -0.00049  0.00717 -0.02984  0.20965  0.00007
                  z   0.00013  0.00034  0.01308 -0.05008  0.31698  0.00012
 37   h           x  -0.00031 -0.00098  0.02443  0.07207  0.54250  0.00006
                  y  -0.00024 -0.00068  0.01154  0.04082  0.30356  0.00003
                  z   0.00014  0.00034  0.01284  0.04645  0.30760  0.00003
 38   h           x   0.00131 -0.00210 -0.00000  0.00001  0.00005  0.01517
                  y   0.00130 -0.00218  0.00000 -0.00001 -0.00005 -0.03361
                  z  -0.00024 -0.00039 -0.00006 -0.00008 -0.00085 -0.34659
 39   h           x  -0.00024 -0.00010 -0.00001 -0.00000 -0.00014 -0.03915
                  y  -0.00103  0.00079  0.00003  0.00006  0.00130  0.38434
                  z  -0.00039  0.00054 -0.00000  0.00002  0.00032  0.09808
 40   h           x  -0.00030  0.00104 -0.00001  0.00009  0.00076  0.30877
                  y   0.00017  0.00006  0.00000 -0.00004 -0.00031 -0.13716
                  z  -0.00012  0.00017 -0.00000  0.00004  0.00036  0.15178
 41   h           x  -0.00152  0.00247 -0.00000  0.00001 -0.00003  0.01078
                  y   0.00106 -0.00178  0.00000  0.00001 -0.00006  0.04215
                  z  -0.00025 -0.00038 -0.00006  0.00008 -0.00088  0.41000
 42   h           x   0.00024 -0.00106  0.00001  0.00008 -0.00072  0.33239
                  y   0.00023 -0.00012  0.00000  0.00005 -0.00045  0.22442
                  z  -0.00012  0.00018 -0.00000 -0.00004  0.00037 -0.18027
 43   h           x   0.00042 -0.00005 -0.00000  0.00001 -0.00009  0.03430
                  y  -0.00098  0.00079  0.00003 -0.00007  0.00133 -0.44991
                  z  -0.00039  0.00054  0.00000 -0.00002  0.00033 -0.11422
 44   h           x   0.00005  0.00010 -0.00000  0.00001  0.00002 -0.00016
                  y  -0.00054 -0.00118  0.00007  0.00000 -0.00023 -0.00006
                  z  -0.00034 -0.00106  0.00000 -0.00000  0.00006 -0.00000
 45   h           x  -0.00020 -0.00025 -0.00001  0.00001 -0.00007  0.00087
                  y   0.00255  0.00316  0.00005 -0.00000  0.00082  0.00204
                  z  -0.00017  0.00077 -0.00002  0.00000 -0.00017 -0.00032
 46   h           x  -0.00042 -0.00013  0.00000  0.00001 -0.00001  0.00009
                  y   0.00527  0.00189 -0.00001  0.00000  0.00013 -0.00008
                  z   0.00535  0.00171  0.00000  0.00000 -0.00000  0.00004
 47   h           x   0.00002  0.00013  0.60520 -0.58509 -0.03044  0.00010
                  y  -0.00007 -0.00023 -0.23168  0.24772  0.01351 -0.00004
                  z  -0.00001 -0.00004 -0.27954  0.28320  0.01448 -0.00005
 48   h           x  -0.00001 -0.00009 -0.55354 -0.53423  0.01900  0.00010
                  y  -0.00007 -0.00025 -0.33556 -0.34982  0.01306  0.00006
                  z  -0.00001 -0.00003 -0.27657 -0.28179  0.01000  0.00005
 49   h           x  -0.00000 -0.00001  0.00006  0.00018 -0.00073 -0.00000
                  y   0.00004  0.00010 -0.00064 -0.00003  0.00893  0.00000
                  z  -0.00004 -0.00013  0.00040  0.00009 -0.02227 -0.00001
 50   h           x   0.00000  0.00001  0.00001  0.00003 -0.00011 -0.00000
                  y  -0.00003 -0.00009 -0.00012 -0.00000  0.00118 -0.00000
                  z  -0.00002 -0.00005 -0.00008 -0.00001  0.00121 -0.00000
 51   h           x   0.00001  0.00002  0.00001  0.00003 -0.00013 -0.00000
                  y  -0.00007 -0.00023 -0.00006 -0.00000  0.00135 -0.00000
                  z   0.00009  0.00011 -0.00004 -0.00000  0.00001  0.00000
 52   h           x   0.00001  0.00003 -0.00001  0.00001  0.00001 -0.00000
                  y  -0.00011 -0.00033  0.00012  0.00000 -0.00007 -0.00000
                  z   0.00006  0.00008  0.00003 -0.00000  0.00028  0.00000
 53   o           x   0.00000  0.00000  0.00008 -0.00047 -0.00002 -0.00000
                  y  -0.00001 -0.00004 -0.00084 -0.00005  0.00009 -0.00000
                  z   0.00004  0.00015  0.00246 -0.00000  0.00011  0.00000
 54   h           x   0.00001  0.00003 -0.00001 -0.00398 -0.00006 -0.00001
                  y  -0.00010 -0.00037 -0.00053 -0.00033  0.00023 -0.00000
                  z  -0.00006 -0.00025  0.00701 -0.00000  0.00236  0.00000

reduced mass(g/mol)    12.681   12.682    1.056    1.109    1.060    1.035


       mode             145      146      147      148      149      150

     frequency        3049.77  3086.30  3137.14  3139.50  3140.07  3143.16

     symmetry            a        a        a        a        a        a   

        IR               YES      YES      YES      YES      YES      YES
|dDIP/dQ|   (a.u.)     0.0018   0.0029   0.0012   0.0025   0.0010   0.0015
intensity (km/mol)       5.92    14.56     2.48    10.99     1.92     4.25
intensity (  %   )       0.14     0.35     0.06     0.27     0.05     0.10
 
       RAMAN             YES      YES      YES      YES      YES      YES
 
  1   c           x   0.00000 -0.00022  0.00000 -0.00000 -0.00001 -0.00000
                  y  -0.00001  0.00000  0.00000  0.00000  0.00015  0.00002
                  z   0.00001  0.00000 -0.00000 -0.00000 -0.00001 -0.00000
  2   c           x  -0.00000  0.00046 -0.00000  0.00000 -0.00002 -0.00001
                  y   0.00001  0.00005 -0.00000 -0.00003  0.00025  0.00007
                  z   0.00004 -0.00003 -0.00001 -0.00005  0.00003  0.00006
  3   c           x  -0.00000  0.00010 -0.00000 -0.00002  0.00035  0.00008
                  y   0.00003  0.00000  0.00000  0.00019 -0.00396 -0.00090
                  z  -0.00003  0.00001  0.00001  0.00027 -0.00401 -0.00096
  4   c           x   0.00000  0.00006  0.00000 -0.00000  0.00001  0.00000
                  y  -0.00001  0.00000  0.00000  0.00002 -0.00006 -0.00002
                  z  -0.00001  0.00000  0.00000  0.00000  0.00023  0.00004
  5   c           x   0.00000  0.00002 -0.00000  0.00000 -0.00007 -0.00000
                  y  -0.00003  0.00001  0.00000 -0.00001  0.00079  0.00005
                  z   0.00006 -0.00000 -0.00001 -0.00005 -0.00033 -0.00018
  6   c           x   0.00000 -0.00001 -0.00000 -0.00003  0.00049  0.00026
                  y  -0.00002 -0.00000  0.00002  0.00039 -0.00563 -0.00295
                  z  -0.00007  0.00000  0.00001  0.00014 -0.00121  0.00011
  7   c           x   0.00000 -0.00001  0.00001  0.00035 -0.00613 -0.00129
                  y  -0.00002  0.00000 -0.00013 -0.00407  0.07171  0.01512
                  z   0.00009 -0.00000  0.00001  0.00061 -0.01316 -0.00107
  8   c           x   0.00012  0.00000  0.00035 -0.00013 -0.00000  0.00079
                  y   0.00047  0.00000  0.00020  0.00157  0.00005 -0.00047
                  z  -0.00091  0.00000 -0.00003 -0.00037 -0.00003 -0.00078
  9   c           x  -0.00008 -0.00000  0.00022  0.00000 -0.00001 -0.00015
                  y   0.00085 -0.00000 -0.00003 -0.00042  0.00010 -0.00007
                  z   0.00035 -0.00000  0.00002  0.00018 -0.00007 -0.00028
 10   c           x   0.00002 -0.00000 -0.00013  0.00003  0.00000  0.00002
                  y  -0.00015  0.00000 -0.00003 -0.00014 -0.00002  0.00013
                  z  -0.00009  0.00000  0.00001  0.00012 -0.00010  0.00022
 11   c           x  -0.00003  0.00000  0.00015 -0.00002 -0.00001  0.00003
                  y   0.00026 -0.00000  0.00002  0.00003  0.00008 -0.00040
                  z  -0.00004 -0.00000  0.00001  0.00009  0.00005  0.00016
 12   c           x   0.00001 -0.00000  0.00001  0.00000  0.00000 -0.00001
                  y  -0.00005  0.00000 -0.00000 -0.00003 -0.00002  0.00006
                  z   0.00012  0.00000 -0.00000 -0.00001 -0.00003  0.00000
 13   c           x  -0.00001  0.09411  0.00000 -0.00000  0.00000  0.00000
                  y   0.00011  0.00919 -0.00000 -0.00001 -0.00005  0.00001
                  z   0.00014  0.00093 -0.00000 -0.00003 -0.00011  0.00002
 14   n           x   0.00000 -0.00110 -0.00000 -0.00000  0.00000  0.00000
                  y  -0.00000 -0.00013  0.00000  0.00000 -0.00000 -0.00001
                  z  -0.00002  0.00003  0.00000  0.00002  0.00008 -0.00001
 15   c           x  -0.03031 -0.00000  0.02979 -0.04143 -0.00205  0.00768
                  y  -0.02161  0.00001 -0.05005  0.05959  0.00287 -0.00837
                  z   0.00943 -0.00000 -0.00974 -0.00331 -0.00032  0.00641
 16   c           x   0.02879  0.00000  0.02636  0.02644  0.00140  0.02387
                  y  -0.01309 -0.00000  0.06792  0.05254  0.00265 -0.00780
                  z   0.00814  0.00000  0.00895 -0.00958 -0.00067 -0.07328
 17   o           x   0.00002 -0.00000 -0.00019  0.00005  0.00000 -0.00004
                  y  -0.00017  0.00000 -0.00005 -0.00030 -0.00004  0.00023
                  z  -0.00004 -0.00000  0.00001  0.00008  0.00002  0.00025
 18   c           x   0.00000 -0.00000 -0.00002  0.00000  0.00001  0.00003
                  y  -0.00004  0.00000  0.00000  0.00003 -0.00008  0.00000
                  z   0.00005 -0.00000 -0.00000 -0.00000  0.00002  0.00001
 19   c           x  -0.00000 -0.00000  0.00001 -0.00000  0.00000 -0.00001
                  y   0.00006  0.00000  0.00000  0.00000 -0.00002 -0.00000
                  z  -0.00003 -0.00000  0.00000  0.00000  0.00001 -0.00001
 20   c           x   0.00001  0.00000 -0.00000 -0.00000 -0.00000  0.00001
                  y  -0.00009 -0.00000  0.00000  0.00003  0.00003 -0.00004
                  z  -0.00005 -0.00000  0.00000  0.00001  0.00001 -0.00001
 21   n           x  -0.00000 -0.00000  0.00000  0.00000 -0.00001 -0.00001
                  y   0.00002 -0.00000 -0.00000 -0.00002  0.00005  0.00000
                  z  -0.00001  0.00000 -0.00000 -0.00000 -0.00001 -0.00001
 22   n           x   0.00000 -0.00000 -0.00000  0.00000 -0.00000  0.00000
                  y  -0.00003  0.00000 -0.00000 -0.00000  0.00001  0.00000
                  z   0.00003  0.00000 -0.00000 -0.00000 -0.00001  0.00000
 23   n           x  -0.00000 -0.00000 -0.00000  0.00000  0.00000 -0.00001
                  y   0.00006  0.00000 -0.00000 -0.00002 -0.00002  0.00003
                  z   0.00003  0.00000 -0.00000 -0.00000 -0.00001  0.00001
 24   c           x   0.00001 -0.00000 -0.00000 -0.00012  0.00373 -0.00231
                  y  -0.00006  0.00000 -0.00005  0.00144 -0.04354  0.02710
                  z  -0.00024  0.00000  0.00001 -0.00038  0.01129 -0.00335
 25   c           x  -0.00020  0.00000 -0.00008 -0.00008 -0.00005  0.00303
                  y   0.00249  0.00000  0.00021  0.00110  0.00063 -0.03336
                  z  -0.00021 -0.00000 -0.00006 -0.00045  0.00197  0.00641
 26   c           x   0.00003 -0.00000 -0.00004  0.00003 -0.00049 -0.00071
                  y  -0.00031  0.00000 -0.00003 -0.00025  0.00571  0.00812
                  z  -0.00004  0.00000  0.00001  0.00010 -0.00135 -0.00293
 27   c           x  -0.00000  0.01394  0.00000 -0.00000 -0.00000  0.00000
                  y  -0.00000  0.00128  0.00000  0.00000  0.00004  0.00001
                  z   0.00001  0.00000 -0.00000 -0.00000  0.00001  0.00001
 28   c           x  -0.00000 -0.00021  0.00000  0.00000  0.00001 -0.00000
                  y   0.00001  0.00000 -0.00000 -0.00001 -0.00009 -0.00000
                  z  -0.00001 -0.00008  0.00000  0.00001  0.00004 -0.00000
 29   c           x   0.00000  0.00004  0.00000 -0.00000 -0.00001  0.00000
                  y  -0.00001  0.00001  0.00000  0.00001  0.00005 -0.00000
                  z   0.00000  0.00000 -0.00000 -0.00000 -0.00004  0.00000
 30   c           x   0.00000  0.00002  0.00000 -0.00000 -0.00000  0.00000
                  y  -0.00001  0.00000  0.00000  0.00001  0.00005 -0.00005
                  z  -0.00001  0.00000  0.00000  0.00001  0.00007  0.00002
 31   c           x  -0.00000  0.00001  0.00000  0.00000 -0.00000 -0.00001
                  y   0.00001 -0.00000 -0.00000 -0.00001 -0.00000  0.00008
                  z   0.00000 -0.00000  0.00000  0.00001 -0.00021 -0.00024
 32   h           x   0.00000 -0.00022  0.00000 -0.00003  0.00051  0.00012
                  y  -0.00003 -0.00019  0.00001  0.00036 -0.00574 -0.00131
                  z   0.00000  0.00006 -0.00000 -0.00007  0.00134  0.00032
 33   h           x   0.00000 -0.00027  0.00002  0.00022 -0.00382 -0.00090
                  y  -0.00004  0.00001 -0.00008 -0.00241  0.04265  0.01016
                  z  -0.00001  0.00003 -0.00008 -0.00228  0.03992  0.00951
 34   h           x  -0.00001  0.00001  0.00003  0.00033 -0.00457 -0.00279
                  y   0.00008 -0.00001 -0.00020 -0.00382  0.05246  0.03206
                  z  -0.00003  0.00000  0.00004  0.00073 -0.00978 -0.00737
 35   h           x  -0.00001  0.00003 -0.00011 -0.00405  0.07113  0.01520
                  y   0.00014 -0.00004  0.00155  0.04739 -0.83273 -0.17742
                  z   0.00009  0.00001 -0.00023 -0.00737  0.13060  0.02712
 36   h           x   0.00151 -0.56885 -0.00006 -0.00021 -0.00075  0.00015
                  y  -0.00052  0.21851  0.00002  0.00007  0.00025 -0.00005
                  z  -0.00082  0.31250  0.00004  0.00013  0.00046 -0.00010
 37   h           x  -0.00134 -0.53968 -0.00000  0.00020  0.00072 -0.00015
                  y  -0.00075 -0.32644 -0.00000  0.00011  0.00040 -0.00008
                  z  -0.00079 -0.32377  0.00000  0.00014  0.00047 -0.00011
 38   h           x   0.01740  0.00000 -0.00395 -0.00374 -0.00023  0.00277
                  y  -0.03870  0.00000  0.00739  0.00454  0.00036 -0.00585
                  z  -0.40370  0.00003  0.15537 -0.04489 -0.00071 -0.05007
 39   h           x  -0.04479  0.00001 -0.04018  0.04296  0.00200 -0.00472
                  y   0.44973 -0.00008  0.46043 -0.53019 -0.02534  0.06473
                  z   0.11401 -0.00002  0.11590 -0.13558 -0.00651  0.01679
 40   h           x   0.37176  0.00000 -0.31256  0.45106  0.02260 -0.09377
                  y  -0.16306 -0.00000  0.12805 -0.18842 -0.00944  0.03962
                  z   0.18123 -0.00000 -0.15448  0.21963  0.01096 -0.04368
 41   h           x  -0.00885  0.00000 -0.00197  0.00494  0.00028  0.02732
                  y  -0.03492 -0.00001 -0.00660  0.01075  0.00072  0.06722
                  z  -0.34395 -0.00005 -0.16149  0.02978  0.00323  0.67866
 42   h           x  -0.28838 -0.00002 -0.36563 -0.35679 -0.01889 -0.30112
                  y  -0.19275 -0.00001 -0.23282 -0.23092 -0.01223 -0.20278
                  z   0.15498  0.00001  0.19782  0.18992  0.01001  0.14975
 43   h           x  -0.02980 -0.00001  0.05234  0.04060  0.00206 -0.01657
                  y   0.37839  0.00007 -0.57039 -0.40892 -0.02028  0.23362
                  z   0.09548  0.00002 -0.14377 -0.10566 -0.00527  0.04656
 44   h           x  -0.00006  0.00001  0.00003  0.00142 -0.04299  0.02645
                  y   0.00051  0.00001  0.00053 -0.01683  0.50317 -0.31070
                  z   0.00004 -0.00000 -0.00010  0.00296 -0.09078  0.05609
 45   h           x   0.00224  0.00001  0.00012  0.00117  0.00018 -0.03205
                  y  -0.02496 -0.00003 -0.00251 -0.01314 -0.00201  0.38189
                  z   0.00538  0.00001  0.00047  0.00280 -0.00167 -0.07510
 46   h           x  -0.00007  0.00001  0.00015 -0.00024  0.00594  0.00784
                  y   0.00092 -0.00000  0.00021  0.00262 -0.06862 -0.09098
                  z  -0.00051  0.00000 -0.00002 -0.00027  0.01023  0.01536
 47   h           x   0.00005 -0.08282 -0.00003 -0.00000  0.00029  0.00010
                  y  -0.00002  0.03704  0.00001 -0.00000 -0.00012 -0.00003
                  z  -0.00002  0.03607  0.00001  0.00000 -0.00014 -0.00005
 48   h           x  -0.00001 -0.07554 -0.00003  0.00001 -0.00025 -0.00010
                  y  -0.00001 -0.05171 -0.00002  0.00000 -0.00017 -0.00006
                  z  -0.00001 -0.03602 -0.00001  0.00001 -0.00014 -0.00005
 49   h           x   0.00000 -0.00089  0.00000 -0.00000 -0.00002  0.00000
                  y  -0.00004 -0.00036  0.00001  0.00003  0.00025 -0.00000
                  z   0.00011  0.00086 -0.00002 -0.00011 -0.00059  0.00005
 50   h           x  -0.00000 -0.00001  0.00000  0.00000 -0.00001  0.00000
                  y   0.00001 -0.00005 -0.00000 -0.00004  0.00010 -0.00001
                  z   0.00001 -0.00005 -0.00001 -0.00005  0.00011 -0.00001
 51   h           x  -0.00000 -0.00015  0.00001  0.00001  0.00004 -0.00005
                  y   0.00004 -0.00004 -0.00002 -0.00013 -0.00041  0.00060
                  z  -0.00001  0.00000  0.00000  0.00003  0.00008 -0.00014
 52   h           x  -0.00000  0.00005  0.00001 -0.00000  0.00006  0.00008
                  y   0.00002  0.00001  0.00000  0.00003 -0.00063 -0.00090
                  z  -0.00004 -0.00001 -0.00000 -0.00007  0.00134  0.00228
 53   o           x   0.00000 -0.00031 -0.00000 -0.00000  0.00000  0.00000
                  y   0.00000 -0.00003 -0.00000 -0.00000 -0.00001 -0.00000
                  z  -0.00000 -0.00000  0.00000  0.00000  0.00000 -0.00000
 54   h           x  -0.00000 -0.00199  0.00000  0.00000  0.00000 -0.00000
                  y   0.00002 -0.00016 -0.00000 -0.00003 -0.00003  0.00003
                  z  -0.00001 -0.00005  0.00000  0.00000  0.00002  0.00001

reduced mass(g/mol)     1.036    1.109    1.106    1.105    1.091    1.100


       mode             151      152      153      154      155      156

     frequency        3143.72  3146.85  3152.53  3161.19  3184.03  3187.14

     symmetry            a        a        a        a        a        a   

        IR               YES      YES      YES      YES      YES      YES
|dDIP/dQ|   (a.u.)     0.0012   0.0032   0.0013   0.0031   0.0008   0.0030
intensity (km/mol)       2.58    18.24     3.19    16.61     1.12    16.34
intensity (  %   )       0.06     0.44     0.08     0.40     0.03     0.40
 
       RAMAN             YES      YES      YES      YES      YES      YES
 
  1   c           x   0.00000  0.00001 -0.00000 -0.00000 -0.00001  0.00001
                  y  -0.00002 -0.00008  0.00004  0.00005  0.00009 -0.00011
                  z   0.00000  0.00001 -0.00000 -0.00001 -0.00007 -0.00027
  2   c           x   0.00001  0.00001 -0.00000 -0.00000 -0.00000  0.00001
                  y  -0.00007 -0.00014  0.00005  0.00004  0.00003 -0.00006
                  z  -0.00005 -0.00003 -0.00001 -0.00007  0.00015 -0.00023
  3   c           x  -0.00009 -0.00020  0.00007  0.00007  0.00003  0.00008
                  y   0.00096  0.00222 -0.00076 -0.00078 -0.00031 -0.00083
                  z   0.00100  0.00222 -0.00073 -0.00065  0.00002  0.00025
  4   c           x  -0.00000 -0.00000  0.00000 -0.00000 -0.00005 -0.00012
                  y   0.00002  0.00002 -0.00001  0.00002  0.00060  0.00131
                  z  -0.00005 -0.00013  0.00005  0.00007  0.00001 -0.00024
  5   c           x   0.00001  0.00002 -0.00001 -0.00001  0.00001  0.00002
                  y  -0.00007 -0.00024  0.00013  0.00015 -0.00015 -0.00020
                  z   0.00021  0.00054 -0.00015 -0.00033  0.00129  0.00248
  6   c           x  -0.00027 -0.00057  0.00014  0.00019 -0.00276 -0.00626
                  y   0.00308  0.00654 -0.00158 -0.00223  0.03173  0.07192
                  z  -0.00013 -0.00053  0.00013  0.00062 -0.00712 -0.01611
  7   c           x   0.00136  0.00293 -0.00091 -0.00071 -0.00025 -0.00055
                  y  -0.01586 -0.03429  0.01071  0.00832  0.00289  0.00639
                  z   0.00115  0.00273 -0.00114 -0.00072 -0.00127 -0.00291
  8   c           x   0.00086 -0.00004 -0.00004  0.00004  0.00000  0.00000
                  y   0.00041 -0.00060  0.00024 -0.00061 -0.00001 -0.00001
                  z   0.00058 -0.00093 -0.00046 -0.00075  0.00000  0.00000
  9   c           x  -0.00020  0.00001 -0.00005  0.00002  0.00000  0.00000
                  y   0.00007  0.00013  0.00062 -0.00018 -0.00001 -0.00003
                  z   0.00019 -0.00053  0.00139 -0.00078 -0.00001 -0.00003
 10   c           x   0.00005 -0.00001  0.00002 -0.00001 -0.00000 -0.00000
                  y  -0.00010  0.00004 -0.00023  0.00013  0.00001  0.00002
                  z  -0.00018  0.00015 -0.00001 -0.00029  0.00001  0.00003
 11   c           x  -0.00003  0.00003  0.00001 -0.00001  0.00000  0.00000
                  y   0.00030 -0.00036 -0.00013  0.00006 -0.00001 -0.00002
                  z  -0.00012  0.00018  0.00003  0.00018 -0.00001 -0.00002
 12   c           x  -0.00000 -0.00000  0.00000 -0.00000 -0.00000 -0.00000
                  y  -0.00005  0.00005 -0.00001  0.00000  0.00001  0.00001
                  z  -0.00000 -0.00002 -0.00002 -0.00006  0.00001  0.00002
 13   c           x   0.00000 -0.00000  0.00000  0.00000  0.00000  0.00000
                  y  -0.00000  0.00002 -0.00001 -0.00003  0.00002 -0.00005
                  z  -0.00001  0.00004 -0.00003 -0.00007  0.00006 -0.00012
 14   n           x  -0.00000 -0.00000  0.00000  0.00000  0.00003 -0.00001
                  y   0.00001  0.00001 -0.00000 -0.00000 -0.00028  0.00011
                  z   0.00001 -0.00003  0.00002  0.00006  0.00003  0.00010
 15   c           x   0.02415 -0.00942 -0.00462 -0.00287  0.00000 -0.00000
                  y   0.00748 -0.01084 -0.00596 -0.00450 -0.00001 -0.00002
                  z   0.07148 -0.04168 -0.02302 -0.01729 -0.00001 -0.00003
 16   c           x   0.00981  0.00804  0.00497  0.00340  0.00000  0.00001
                  y   0.00440 -0.00878 -0.00494 -0.00386 -0.00001 -0.00002
                  z  -0.02269 -0.03254 -0.02099 -0.01645 -0.00001 -0.00003
 17   o           x  -0.00001 -0.00002 -0.00001 -0.00000 -0.00000 -0.00000
                  y  -0.00016  0.00023  0.00008  0.00000  0.00000  0.00001
                  z  -0.00018  0.00030  0.00017  0.00022  0.00000  0.00000
 18   c           x   0.00003  0.00000 -0.00002  0.00002 -0.00000 -0.00000
                  y  -0.00000 -0.00005  0.00020 -0.00022  0.00001  0.00002
                  z  -0.00000  0.00002 -0.00003  0.00005 -0.00000 -0.00001
 19   c           x  -0.00001  0.00000  0.00000  0.00000 -0.00000 -0.00000
                  y  -0.00000 -0.00002 -0.00003 -0.00000  0.00001  0.00001
                  z   0.00001  0.00001  0.00002  0.00000 -0.00001 -0.00001
 20   c           x   0.00001  0.00000 -0.00000 -0.00000  0.00000  0.00000
                  y   0.00003 -0.00002  0.00002  0.00002 -0.00001 -0.00001
                  z   0.00000  0.00000  0.00000  0.00001 -0.00000 -0.00001
 21   n           x  -0.00001 -0.00000  0.00001 -0.00001  0.00000  0.00000
                  y   0.00000  0.00004 -0.00009  0.00009 -0.00001 -0.00002
                  z   0.00001 -0.00001  0.00009 -0.00007  0.00000  0.00000
 22   n           x   0.00000 -0.00000 -0.00000  0.00000  0.00000  0.00000
                  y   0.00000  0.00001  0.00002 -0.00000 -0.00000 -0.00001
                  z  -0.00000 -0.00001 -0.00001 -0.00000  0.00000  0.00001
 23   n           x  -0.00000 -0.00000  0.00000  0.00000 -0.00000 -0.00000
                  y  -0.00002  0.00002 -0.00001 -0.00001  0.00001  0.00001
                  z  -0.00001 -0.00000 -0.00001 -0.00001  0.00000  0.00001
 24   c           x   0.00240  0.00484 -0.00071 -0.00175 -0.00015 -0.00031
                  y  -0.02804 -0.05666  0.00834  0.02044  0.00177  0.00365
                  z   0.00364  0.00953 -0.00253 -0.00531 -0.00029 -0.00055
 25   c           x  -0.00235  0.00001 -0.00297 -0.00528  0.00000  0.00001
                  y   0.02952 -0.00030  0.03454  0.06150 -0.00005 -0.00011
                  z  -0.00556  0.00196 -0.01037 -0.01237  0.00004  0.00008
 26   c           x   0.00061 -0.00078  0.00603 -0.00387 -0.00001 -0.00002
                  y  -0.00712  0.00905 -0.06977  0.04480  0.00011  0.00020
                  z   0.00260 -0.00131  0.01367 -0.00502 -0.00002 -0.00004
 27   c           x   0.00000  0.00000 -0.00000 -0.00000 -0.00000 -0.00000
                  y  -0.00001 -0.00002  0.00001  0.00002  0.00003  0.00001
                  z  -0.00001 -0.00001  0.00001  0.00000 -0.00002  0.00003
 28   c           x  -0.00000 -0.00000  0.00000  0.00000  0.00002 -0.00000
                  y   0.00000  0.00004 -0.00002 -0.00004 -0.00028  0.00006
                  z  -0.00000 -0.00002  0.00001  0.00003  0.00745 -0.00463
 29   c           x   0.00000  0.00000 -0.00000 -0.00000  0.00350 -0.00213
                  y  -0.00000 -0.00003  0.00001  0.00004 -0.03865  0.02354
                  z  -0.00000  0.00000 -0.00002 -0.00001 -0.04269  0.02651
 30   c           x  -0.00000 -0.00001  0.00000  0.00000 -0.00438  0.00129
                  y   0.00005  0.00006  0.00000 -0.00001  0.04858 -0.01432
                  z  -0.00002 -0.00007  0.00003  0.00005 -0.00856  0.00109
 31   c           x   0.00001  0.00001 -0.00000 -0.00001  0.00068  0.00047
                  y  -0.00008 -0.00015  0.00003  0.00006 -0.00757 -0.00528
                  z   0.00026  0.00059 -0.00014 -0.00032  0.01715  0.01695
 32   h           x  -0.00012 -0.00030  0.00011  0.00011 -0.00010 -0.00010
                  y   0.00140  0.00333 -0.00119 -0.00125  0.00110  0.00106
                  z  -0.00034 -0.00082  0.00030  0.00034 -0.00048 -0.00067
 33   h           x   0.00097  0.00218 -0.00073 -0.00072 -0.00007 -0.00017
                  y  -0.01075 -0.02446  0.00816  0.00806  0.00073  0.00183
                  z  -0.01006 -0.02294  0.00771  0.00764  0.00083  0.00203
 34   h           x   0.00291  0.00604 -0.00131 -0.00203  0.03231  0.07373
                  y  -0.03336 -0.06936  0.01508  0.02327 -0.37089 -0.84633
                  z   0.00772  0.01666 -0.00384 -0.00627  0.07482  0.16991
 35   h           x  -0.01591 -0.03453  0.01062  0.00866  0.00313  0.00699
                  y   0.18630  0.40417 -0.12463 -0.10182 -0.03664 -0.08169
                  z  -0.02867 -0.06440  0.02049  0.01917  0.00555  0.01220
 36   h           x  -0.00010  0.00029 -0.00020 -0.00045  0.00144 -0.00139
                  y   0.00004 -0.00010  0.00007  0.00015 -0.00070  0.00060
                  z   0.00007 -0.00018  0.00012  0.00029 -0.00065  0.00070
 37   h           x   0.00009 -0.00028  0.00019  0.00042 -0.00138  0.00132
                  y   0.00005 -0.00016  0.00010  0.00023 -0.00096  0.00086
                  z   0.00006 -0.00018  0.00013  0.00030 -0.00071  0.00074
 38   h           x   0.03782 -0.02201 -0.01193 -0.00874 -0.00002 -0.00003
                  y  -0.06015  0.03523  0.01986  0.01503  0.00000  0.00001
                  z  -0.65807  0.39610  0.22404  0.17284  0.00012  0.00027
 39   h           x   0.02126 -0.01693 -0.00925 -0.00671 -0.00001 -0.00002
                  y  -0.18959  0.16691  0.08961  0.06627  0.00015  0.00026
                  z  -0.03615  0.03539  0.01943  0.01492  0.00004  0.00007
 40   h           x  -0.35227  0.15340  0.07831  0.05253  0.00001  0.00004
                  y   0.15497 -0.06867 -0.03515 -0.02360 -0.00001 -0.00003
                  z  -0.15932  0.06794  0.03434  0.02267  0.00001  0.00003
 41   h           x   0.00782  0.01216  0.00763  0.00585  0.00002  0.00003
                  y   0.02112  0.03000  0.01968  0.01549  0.00000  0.00001
                  z   0.20530  0.31115  0.20469  0.16452  0.00012  0.00026
 42   h           x  -0.13079 -0.09827 -0.06264 -0.04457 -0.00000 -0.00004
                  y  -0.08672 -0.06725 -0.04278 -0.03042 -0.00001 -0.00004
                  z   0.06557  0.04791  0.03037  0.02132  0.00001  0.00003
 43   h           x   0.00046 -0.01141 -0.00638 -0.00496 -0.00001 -0.00002
                  y   0.01498  0.14512  0.08460  0.06421  0.00014  0.00025
                  z   0.00063  0.03115  0.01838  0.01446  0.00004  0.00007
 44   h           x  -0.02762 -0.05611  0.00863  0.02100  0.00176  0.00366
                  y   0.32194  0.65676 -0.10095 -0.24576 -0.02082 -0.04330
                  z  -0.05817 -0.11928  0.02028  0.04183  0.00490  0.01040
 45   h           x   0.02964 -0.00103  0.03424  0.06240  0.00006  0.00012
                  y  -0.33701  0.01093 -0.40017 -0.72905 -0.00067 -0.00145
                  z   0.06667  0.00052  0.07560  0.14227 -0.00033 -0.00076
 46   h           x  -0.00688  0.00896 -0.06975  0.04569  0.00009  0.00016
                  y   0.07982 -0.10346  0.80769 -0.52894 -0.00107 -0.00193
                  z  -0.01365  0.01430 -0.12894  0.08653  0.00028  0.00053
 47   h           x  -0.00011 -0.00016  0.00008  0.00007  0.00019  0.00009
                  y   0.00004  0.00007 -0.00003 -0.00003 -0.00013  0.00000
                  z   0.00005  0.00008 -0.00004 -0.00003 -0.00005 -0.00004
 48   h           x   0.00008  0.00014 -0.00007 -0.00006 -0.00017 -0.00008
                  y   0.00005  0.00009 -0.00005 -0.00005 -0.00017 -0.00001
                  z   0.00004  0.00008 -0.00004 -0.00003 -0.00005 -0.00004
 49   h           x   0.00000  0.00001 -0.00001 -0.00001 -0.00250  0.00152
                  y  -0.00001 -0.00011  0.00007  0.00014  0.02833 -0.01729
                  z  -0.00002  0.00026 -0.00018 -0.00039 -0.09351  0.05698
 50   h           x  -0.00000 -0.00001 -0.00001  0.00001 -0.03950  0.02405
                  y   0.00002  0.00011  0.00007 -0.00005  0.43609 -0.26550
                  z   0.00003  0.00013  0.00008 -0.00007  0.50637 -0.30861
 51   h           x   0.00005  0.00008 -0.00000 -0.00003  0.05123 -0.01460
                  y  -0.00058 -0.00091  0.00006  0.00031 -0.56811  0.16183
                  z   0.00014  0.00023 -0.00002 -0.00008  0.11658 -0.03187
 52   h           x  -0.00008 -0.00019  0.00004  0.00011 -0.00674 -0.00571
                  y   0.00096  0.00217 -0.00050 -0.00118  0.07521  0.06383
                  z  -0.00241 -0.00549  0.00129  0.00314 -0.21051 -0.17831
 53   o           x  -0.00000 -0.00000  0.00000 -0.00000  0.00000  0.00000
                  y   0.00000  0.00000 -0.00000 -0.00000 -0.00000 -0.00000
                  z   0.00000 -0.00000  0.00000  0.00001  0.00001 -0.00001
 54   h           x   0.00000 -0.00000  0.00000  0.00000  0.00000 -0.00000
                  y  -0.00002  0.00002 -0.00001 -0.00005 -0.00005  0.00001
                  z  -0.00001 -0.00001  0.00001  0.00001 -0.00001  0.00002

reduced mass(g/mol)     1.101    1.094    1.092    1.087    1.088    1.089


       mode             157      158      159      160      161      162

     frequency        3199.18  3222.06  3223.65  3236.81  3252.95  3836.96

     symmetry            a        a        a        a        a        a   

        IR               YES      YES      YES      YES      YES      YES
|dDIP/dQ|   (a.u.)     0.0019   0.0018   0.0007   0.0022   0.0010   0.0071
intensity (km/mol)       6.31     5.71     0.87     8.48     1.82    88.93
intensity (  %   )       0.15     0.14     0.02     0.21     0.04     2.16
 
       RAMAN             YES      YES      YES      YES      YES      YES
 
  1   c           x  -0.00000 -0.00000 -0.00007  0.00023  0.00013 -0.00000
                  y   0.00004  0.00004  0.00076 -0.00255 -0.00142  0.00004
                  z  -0.00012 -0.00069 -0.00015 -0.00235 -0.00011 -0.00001
  2   c           x  -0.00000 -0.00006  0.00183 -0.00003 -0.00725 -0.00001
                  y   0.00002  0.00068 -0.02056  0.00036  0.08147  0.00005
                  z   0.00004  0.00013  0.00263 -0.00006 -0.02412 -0.00007
  3   c           x  -0.00001  0.00019 -0.00533  0.00004 -0.00132  0.00001
                  y   0.00012 -0.00214  0.06003 -0.00045  0.01485 -0.00007
                  z  -0.00009 -0.00255  0.05723 -0.00042  0.01991  0.00003
  4   c           x   0.00001 -0.00022  0.00003 -0.00002  0.00001 -0.00000
                  y  -0.00015  0.00240 -0.00035  0.00020 -0.00009  0.00001
                  z   0.00015 -0.00026 -0.00036 -0.00039 -0.00017  0.00002
  5   c           x  -0.00000  0.00002  0.00017  0.00001  0.00011 -0.00000
                  y   0.00004 -0.00023 -0.00189 -0.00007 -0.00120  0.00004
                  z  -0.00038  0.00032  0.00072 -0.00008  0.00074 -0.00005
  6   c           x   0.00131  0.00158  0.00005 -0.00008 -0.00002 -0.00000
                  y  -0.01511 -0.01824 -0.00063  0.00095  0.00019  0.00000
                  z   0.00350  0.00415  0.00053 -0.00013 -0.00023  0.00006
  7   c           x   0.00010  0.00012 -0.00048  0.00001 -0.00008  0.00000
                  y  -0.00122 -0.00141  0.00554 -0.00007  0.00096 -0.00002
                  z   0.00053  0.00072 -0.00066 -0.00008  0.00000 -0.00005
  8   c           x   0.00000 -0.00000 -0.00000  0.00000  0.00000  0.00000
                  y  -0.00000  0.00001  0.00000 -0.00000  0.00000 -0.00000
                  z  -0.00000 -0.00000 -0.00000  0.00000 -0.00000  0.00000
  9   c           x   0.00000 -0.00000 -0.00000  0.00000 -0.00000  0.00000
                  y  -0.00000  0.00002  0.00001 -0.00002  0.00001 -0.00001
                  z  -0.00003  0.00005  0.00002 -0.00005  0.00003 -0.00004
 10   c           x   0.00000  0.00000  0.00000 -0.00000 -0.00000 -0.00000
                  y  -0.00000 -0.00000 -0.00000  0.00000  0.00000  0.00000
                  z   0.00002 -0.00004 -0.00001  0.00004 -0.00002  0.00003
 11   c           x   0.00000 -0.00000 -0.00000  0.00000 -0.00000  0.00000
                  y  -0.00001  0.00002  0.00001 -0.00002  0.00001 -0.00002
                  z  -0.00001  0.00002  0.00000 -0.00002  0.00001 -0.00002
 12   c           x  -0.00000  0.00000  0.00000 -0.00000  0.00000 -0.00000
                  y   0.00000 -0.00001 -0.00000  0.00001 -0.00000  0.00001
                  z   0.00001 -0.00002 -0.00000  0.00001 -0.00001  0.00001
 13   c           x   0.00000  0.00000  0.00001  0.00002 -0.00004  0.00003
                  y  -0.00009  0.00001 -0.00003  0.00026  0.00041 -0.00028
                  z  -0.00022  0.00008  0.00020  0.00114 -0.00022 -0.00001
 14   n           x   0.00000  0.00000  0.00005  0.00000  0.00008  0.00000
                  y  -0.00001 -0.00005 -0.00060 -0.00001 -0.00095 -0.00001
                  z  -0.00005  0.00004 -0.00048  0.00063 -0.00121  0.00012
 15   c           x   0.00000 -0.00000 -0.00000  0.00000  0.00000 -0.00000
                  y  -0.00001  0.00001 -0.00000 -0.00001  0.00000 -0.00000
                  z  -0.00000 -0.00000 -0.00002  0.00000 -0.00000 -0.00000
 16   c           x   0.00000  0.00000  0.00000 -0.00000  0.00000  0.00000
                  y  -0.00001  0.00001 -0.00000 -0.00001  0.00000 -0.00000
                  z  -0.00000 -0.00000 -0.00002  0.00000 -0.00000 -0.00000
 17   o           x  -0.00000  0.00000  0.00000 -0.00000  0.00000 -0.00000
                  y   0.00000 -0.00001 -0.00001  0.00001 -0.00000  0.00001
                  z   0.00000 -0.00000  0.00000  0.00000  0.00000  0.00000
 18   c           x  -0.00000  0.00000  0.00000 -0.00000  0.00000 -0.00000
                  y   0.00001 -0.00002 -0.00001  0.00002 -0.00001  0.00001
                  z  -0.00000  0.00001  0.00000 -0.00000  0.00000 -0.00000
 19   c           x  -0.00000  0.00000  0.00000 -0.00000  0.00000 -0.00000
                  y   0.00000 -0.00001 -0.00000  0.00001 -0.00000  0.00001
                  z  -0.00000  0.00001  0.00000 -0.00001  0.00000 -0.00000
 20   c           x   0.00000 -0.00000 -0.00000  0.00000 -0.00000  0.00000
                  y  -0.00001  0.00001  0.00000 -0.00001  0.00000 -0.00001
                  z  -0.00000  0.00001  0.00000 -0.00001  0.00000 -0.00000
 21   n           x   0.00000 -0.00000 -0.00000  0.00000 -0.00000  0.00000
                  y  -0.00000  0.00001  0.00000 -0.00001  0.00000 -0.00001
                  z   0.00000 -0.00000 -0.00000  0.00000 -0.00000  0.00000
 22   n           x   0.00000 -0.00000 -0.00000  0.00000 -0.00000  0.00000
                  y  -0.00000  0.00001  0.00000 -0.00001  0.00000 -0.00000
                  z   0.00000 -0.00001 -0.00000  0.00000 -0.00000  0.00000
 23   n           x  -0.00000  0.00000  0.00000 -0.00000  0.00000 -0.00000
                  y   0.00000 -0.00001 -0.00000  0.00001 -0.00000  0.00001
                  z   0.00000 -0.00000 -0.00000  0.00000 -0.00000  0.00000
 24   c           x   0.00005  0.00005 -0.00003 -0.00000 -0.00001 -0.00000
                  y  -0.00059 -0.00055  0.00033  0.00004  0.00006  0.00001
                  z   0.00012 -0.00000  0.00008  0.00006 -0.00006  0.00005
 25   c           x  -0.00000 -0.00001 -0.00002  0.00001 -0.00000  0.00000
                  y   0.00003  0.00014  0.00023 -0.00006  0.00003 -0.00002
                  z  -0.00006  0.00001 -0.00004 -0.00005  0.00004 -0.00005
 26   c           x   0.00000  0.00000  0.00000 -0.00000  0.00000 -0.00000
                  y  -0.00002 -0.00002 -0.00004  0.00001 -0.00001  0.00001
                  z   0.00004 -0.00005 -0.00001  0.00005 -0.00004  0.00005
 27   c           x   0.00000 -0.00000  0.00003 -0.00001 -0.00009 -0.00010
                  y  -0.00003  0.00002 -0.00022  0.00007  0.00065  0.00113
                  z   0.00002 -0.00001  0.00001 -0.00014 -0.00013  0.00152
 28   c           x  -0.00000  0.00014  0.00004  0.00231 -0.00002  0.00000
                  y   0.00006 -0.00156 -0.00049 -0.02606  0.00021 -0.00003
                  z  -0.00871  0.00592  0.00077  0.08178  0.00007 -0.00001
 29   c           x  -0.00298  0.00011 -0.00002 -0.00112  0.00001 -0.00000
                  y   0.03290 -0.00119  0.00020  0.01243 -0.00008  0.00002
                  z   0.04218 -0.00378 -0.00011  0.01013  0.00003 -0.00000
 30   c           x  -0.00584  0.00223  0.00008 -0.00030 -0.00000  0.00000
                  y   0.06473 -0.02465 -0.00087  0.00331  0.00002  0.00000
                  z  -0.01575  0.00220  0.00013 -0.00161 -0.00002  0.00001
 31   c           x   0.00071  0.00232  0.00009 -0.00014  0.00001  0.00000
                  y  -0.00793 -0.02594 -0.00096  0.00156 -0.00009 -0.00001
                  z   0.01336  0.07686  0.00296 -0.00509  0.00016 -0.00000
 32   h           x   0.00003  0.00071 -0.02247  0.00016  0.08214  0.00007
                  y  -0.00028 -0.00793  0.25295 -0.00180 -0.92441 -0.00075
                  z   0.00017  0.00216 -0.06564  0.00098  0.25202 -0.00022
 33   h           x  -0.00001 -0.00231  0.06153 -0.00046  0.01646 -0.00000
                  y   0.00011  0.02610 -0.69388  0.00516 -0.18563  0.00004
                  z   0.00011  0.02546 -0.65709  0.00475 -0.17954  0.00002
 34   h           x  -0.01578 -0.01978 -0.00113  0.00098  0.00004 -0.00000
                  y   0.18107  0.22684  0.01296 -0.01128 -0.00041  0.00000
                  z  -0.03592 -0.04296 -0.00418  0.00210 -0.00055  0.00002
 35   h           x  -0.00137 -0.00168  0.00613 -0.00004  0.00109 -0.00000
                  y   0.01598  0.01958 -0.07027  0.00040 -0.01230  0.00003
                  z  -0.00224 -0.00262  0.01288 -0.00009  0.00242 -0.00001
 36   h           x  -0.00271  0.00119  0.00149  0.01393 -0.00170  0.00047
                  y   0.00111 -0.00059 -0.00036 -0.00731  0.00036 -0.00035
                  z   0.00136 -0.00057 -0.00113 -0.00706  0.00246  0.00024
 37   h           x   0.00257 -0.00111 -0.00144 -0.01302  0.00166 -0.00041
                  y   0.00159 -0.00080 -0.00063 -0.00970  0.00068 -0.00044
                  z   0.00143 -0.00060 -0.00115 -0.00751  0.00250  0.00023
 38   h           x  -0.00000  0.00000 -0.00000 -0.00000  0.00000 -0.00000
                  y   0.00000  0.00001  0.00001 -0.00001  0.00000 -0.00001
                  z   0.00004  0.00006  0.00022 -0.00002  0.00004 -0.00000
 39   h           x  -0.00000  0.00000 -0.00001 -0.00000 -0.00000  0.00000
                  y   0.00006 -0.00010  0.00002  0.00011 -0.00002  0.00003
                  z   0.00001 -0.00003  0.00001  0.00003 -0.00000  0.00001
 40   h           x  -0.00001  0.00004  0.00005 -0.00004  0.00001 -0.00001
                  y   0.00000 -0.00001 -0.00002  0.00001 -0.00000 -0.00001
                  z  -0.00001  0.00001  0.00001 -0.00001  0.00000 -0.00000
 41   h           x   0.00000 -0.00000 -0.00000  0.00000 -0.00000  0.00000
                  y   0.00000  0.00001  0.00001 -0.00001  0.00000 -0.00001
                  z   0.00004  0.00006  0.00022 -0.00002  0.00004  0.00000
 42   h           x   0.00001 -0.00004 -0.00004  0.00004 -0.00001  0.00001
                  y   0.00000 -0.00001 -0.00002  0.00001 -0.00000 -0.00000
                  z  -0.00001  0.00001  0.00001 -0.00001  0.00000 -0.00000
 43   h           x  -0.00001  0.00002  0.00000 -0.00001  0.00001 -0.00001
                  y   0.00006 -0.00010  0.00002  0.00011 -0.00002  0.00003
                  z   0.00001 -0.00003  0.00001  0.00003 -0.00000  0.00001
 44   h           x  -0.00060 -0.00054  0.00045  0.00002  0.00008 -0.00000
                  y   0.00710  0.00645 -0.00520 -0.00021 -0.00093  0.00000
                  z  -0.00184 -0.00183  0.00137  0.00005  0.00028 -0.00000
 45   h           x  -0.00001  0.00007  0.00025 -0.00004  0.00002 -0.00000
                  y   0.00009 -0.00080 -0.00293  0.00047 -0.00029  0.00004
                  z   0.00019  0.00040  0.00032 -0.00010  0.00001 -0.00001
 46   h           x  -0.00002  0.00000 -0.00001 -0.00001 -0.00000 -0.00000
                  y   0.00027 -0.00003  0.00016  0.00009  0.00004  0.00002
                  z  -0.00008 -0.00003  0.00004 -0.00002  0.00001 -0.00000
 47   h           x  -0.00025  0.00013 -0.00237  0.00094  0.00672 -0.00043
                  y   0.00019 -0.00008  0.00100 -0.00070 -0.00301 -0.00096
                  z   0.00008 -0.00007  0.00174 -0.00030 -0.00562  0.00376
 48   h           x   0.00021 -0.00011  0.00201 -0.00082 -0.00563  0.00059
                  y   0.00024 -0.00010  0.00124 -0.00088 -0.00364 -0.00094
                  z   0.00008 -0.00007  0.00174 -0.00030 -0.00564  0.00380
 49   h           x   0.00275 -0.00195 -0.00028 -0.02654  0.00001 -0.00000
                  y  -0.03120  0.02215  0.00321  0.30120 -0.00011  0.00004
                  z   0.10524 -0.06947 -0.00938 -0.93327  0.00001  0.00015
 50   h           x   0.03461 -0.00199  0.00003  0.00938 -0.00003  0.00000
                  y  -0.38210  0.02197 -0.00030 -0.10354  0.00036 -0.00003
                  z  -0.44988  0.02831 -0.00019 -0.11716  0.00030 -0.00004
 51   h           x   0.06563 -0.02260 -0.00081  0.00298 -0.00002  0.00000
                  y  -0.72774  0.25059  0.00902 -0.03306  0.00020 -0.00003
                  z   0.15378 -0.04985 -0.00166  0.00799 -0.00001  0.00001
 52   h           x  -0.00594 -0.02713 -0.00100  0.00168 -0.00008  0.00000
                  y   0.06624  0.30267  0.01118 -0.01874  0.00084 -0.00001
                  z  -0.18387 -0.87868 -0.03302  0.05513 -0.00203  0.00003
 53   o           x   0.00000  0.00000 -0.00001 -0.00000  0.00002 -0.00523
                  y  -0.00000 -0.00000  0.00006  0.00002 -0.00017  0.06038
                  z  -0.00001  0.00001  0.00002  0.00001 -0.00006 -0.01679
 54   h           x  -0.00001  0.00000  0.00002  0.00001 -0.00005  0.08354
                  y   0.00007 -0.00004 -0.00023 -0.00011  0.00060 -0.96526
                  z   0.00003  0.00000 -0.00009 -0.00010  0.00030  0.23940

reduced mass(g/mol)     1.095    1.092    1.089    1.093    1.095    1.067
 

         **************************************************************
         *                                                            *
         *  zero point VIBRATIONAL energy  :      0.4225967  Hartree  *
         *    SCF-energy                   :  -1371.5487954           *
         *    SCF + E(vib0)                :  -1371.1261987           *
         *                                                            *
         **************************************************************




 time elapsed for vibrational analysis     0.15 sec


    ------------------------------------------------------------------------
         total  cpu-time :  3 hours  9 minutes and 51 seconds
         total wall-time :  3 hours 10 minutes and 50 seconds
    ------------------------------------------------------------------------

   ****  force : all done  ****


    2025-11-13 15:17:41.895 

aoforce ended normally 
