$grad          cartesian gradients
  cycle =      2    SCF energy =    -1371.5463442480   |dE/dxyz| =  0.036908
    0.30210276766681     -3.38629397313270      3.18114681682423      c
   -0.07889795542925      0.88169632098069      4.57272922972406      c
   -0.01765136481229      0.20288402030162      7.05626607318972      c
    0.37618985832799     -4.21790650468721      5.75311566196310      c
    0.21184699131072     -2.38287415636865      7.83980548391465      c
    0.27557346952103     -3.10916714873723     10.37559117602748      c
    0.13597297562610     -1.49786571240932     12.49879882150175      c
   -0.25221399797669      2.87870673304417     21.96317672139972      c
    0.00193583544207      0.01264321263681     21.78938408992365      c
    0.08248881301126     -0.91626130152622     24.25194062703588      c
   -0.10449826421217      1.18321157279536     25.98832587014196      c
   -0.11622495967853      1.27266232582236     28.60469269674324      c
   -0.00210288723148      0.00808670500511     -0.03706282053706      c
    0.07099171926904     -0.80995778194720      2.62482977607781      n
    2.04289371825984      4.31186066404181     20.92892205448754      c
   -2.76468519402695      3.88424587765699     20.92889597626702      c
   -0.29308934097018      3.33995694369381     24.67899189709034      o
    0.31316446850992     -3.52334522648551     24.85523569232266      c
    0.07444670554269     -0.93546413148683     30.14253424251073      c
   -0.33088972161369      3.65986376604379     29.85193159214794      c
    0.50534035572635     -5.68984196213226     25.16633185558918      n
    0.22363302417740     -2.68067080511527     31.46973293045411      n
   -0.50541065353819      5.58851295760370     30.89072840477328      n
    0.20669351919626     -2.31917432329670     14.98029400486237      c
    0.06534578452650     -0.68553462342220     17.09365164188464      c
    0.13438484979096     -1.49158142818188     19.57723667336648      c
   -0.25539024964696      2.83993484420000     -0.47798505829149      c
    0.46386691441441     -5.18297962098513      1.21053871331096      c
    0.69395335330741     -7.74432064639911      1.73564579327351      c
    0.76930656047209     -8.58615092710948      4.24403933829205      c
    0.61219945478601     -6.84030684885920      6.19331602433793      c
   -0.25500077709268      2.85971366268339      4.04343678434069      h
   -0.15108832797914      1.70949614110616      8.45226836652244      h
    0.45062900496619     -5.11757166446914     10.81069891546905      h
   -0.04020222254790      0.54432521670477     12.19712974598054      h
    1.73655664126558     -0.67206843505812     -0.96561055440776      h
   -1.59251264536120     -0.96961204947666     -0.96557521652923      h
    2.16956791854449      4.13882524582387     18.86270363564406      h
    1.87731931672715      6.32510911474896     21.42165170086642      h
    3.79908348012460      3.57200624111246     21.75891357897235      h
   -2.85872382413931      3.69197153570946     18.86247290008424      h
   -4.36300345598823      2.84645345446689     21.75934783803579      h
   -2.95725962448306      5.89516920934041     21.42141151667598      h
    0.38181141560353     -4.35087859522740     15.34775295054936      h
   -0.10903908711703      1.33557716666214     16.68084550530284      h
    0.31135770136217     -3.52739283087184     19.90971697745927      h
   -2.02269122317930      3.61355281482542      0.29996662125553      h
    1.34703930047105      3.91547360186643      0.29902213613845      h
    0.41081757778086     -4.58747438472929     -0.75628691439125      h
    0.81542003531043     -9.09330787655943      0.17655994641297      h
    0.95017848395623    -10.59771223033257      4.66954008806125      h
    0.67423746270397     -7.52631730531958      8.13338124038932      h
   -0.29412200070825      3.27032323830971     -3.14551877084729      o
   -0.45344093633689      5.04811069895009     -3.46983740449959      h
  -.87957736182715D-04  0.96027738059322D-03  0.51077367082142D-03
  0.20428472945180D-04  -.23865424474660D-03  -.79350685077746D-03
  0.53595292232120D-04  -.58859039012829D-03  0.32745235238324D-03
  0.24890016131266D-04  -.25783500625831D-03  0.73381618082228D-04
  -.37374497375413D-04  0.44738233422103D-03  -.31024389729972D-03
  0.15108080914302D-04  -.10635162909045D-03  0.42894792455989D-03
  0.63551663171398D-05  -.49404196016468D-04  -.34155283427257D-03
  -.42710976590392D-05  0.25322130558032D-04  0.54323522701935D-04
  0.78342697588022D-05  -.92303437175049D-04  -.25337478591289D-03
  -.56913244214069D-05  0.54746880868095D-04  0.18669193726589D-03
  0.93465268650502D-05  -.99775490533687D-04  -.13913063416896D-03
  0.81359447016282D-05  0.85518156558642D-05  0.83684649416602D-04
  -.43428750178074D-03  0.47260858956701D-02  -.14914426398450D-02
  0.22223616012854D-03  -.24990825692324D-02  0.20846156251615D-02
  -.44960712905740D-05  -.27359811228565D-04  0.45464341179581D-04
  0.36416668332319D-05  -.27539623644871D-04  0.47672774382278D-04
  -.47125980977629D-05  0.27808623821137D-04  0.12474977697842D-03
  -.37544327282754D-05  0.86624430464028D-04  -.80516953200500D-04
  0.14061435625169D-04  0.13085761815455D-04  -.96969731771747D-04
  0.10613922027552D-04  -.16774864226459D-04  -.95121076334071D-04
  0.58111780320669D-05  0.10624788728813D-04  0.10679258151721D-04
  0.21044159780626D-04  0.14845225581412D-04  -.40186905955583D-05
  0.11630014928371D-04  -.43023241734002D-04  0.92478467655582D-04
  0.20317064485627D-05  0.11442171826854D-04  0.27041216342627D-03
  0.59986244498588D-05  -.74505602729186D-04  -.18013339718585D-03
  -.10316756590471D-04  0.11608319274585D-03  0.26589580461439D-03
  0.14324362438678D-02  -.15780360006872D-01  0.20564911826496D-01
  0.23079493893535D-04  -.30749182087064D-03  -.22204860579054D-04
  -.21431982255070D-05  -.21882298712067D-04  -.47517528474561D-04
  -.24106149046093D-05  -.11491674696604D-05  0.46023259804237D-05
  -.10507876210332D-04  0.11461409591542D-03  -.38482113538803D-04
  0.30177235252438D-04  -.35323271381510D-03  -.43509636400727D-03
  0.95042533439797D-05  -.84729173847119D-04  0.73818922165592D-04
  0.10512818702135D-04  -.29243404252600D-04  0.90539689977586D-05
  -.78424782658150D-05  0.37882759068248D-04  0.39613847949287D-05
  0.46771756851206D-03  -.28937651290071D-02  0.17492397154384D-02
  0.39372723814121D-04  -.29367056578226D-02  0.17473329756492D-02
  0.31131444260123D-04  -.14488791067671D-05  -.94819021117293D-05
  0.47395358640470D-04  -.38826583735126D-04  -.13582916250541D-04
  -.89069408875446D-05  0.80657082955563D-05  -.12311582041020D-04
  -.35166856737808D-04  -.83585329037702D-05  -.85391450632241D-05
  0.31116795645125D-05  0.34999152856217D-05  -.12277053989136D-04
  -.48307621927223D-04  -.49688414524452D-04  -.10900424597551D-04
  0.11448912793507D-04  -.80020772403452D-05  -.19926904790059D-04
  -.82888189926027D-05  0.18521684046729D-04  -.63561748241490D-05
  0.14394070600061D-04  -.10157850309940D-03  0.54162021660091D-04
  0.18842700354143D-02  0.29015006185767D-02  -.92471856480439D-02
  -.23912997723745D-02  0.25140444088505D-02  -.92836123808883D-02
  0.14574580582456D-04  -.22473553082257D-03  0.11562144918633D-03
  0.23231534703991D-05  -.11067122512561D-03  0.69034411703755D-05
  -.84931814556283D-05  0.51467159080832D-04  0.11118418149885D-05
  -.84186433119512D-05  0.80146964606570D-04  0.68954514961300D-05
  -.17125058397460D-02  0.19601443346571D-01  -.40358114533217D-02
  0.39730714987867D-03  -.47129394447678D-02  -.19973341328853D-02
  cycle =      3    SCF energy =    -1371.5472277650   |dE/dxyz| =  0.029648
    0.30227535278470     -3.38820934908155      3.18012261725264      c
   -0.07894383102841      0.88217811585766      4.57431525262763      c
   -0.01776165523166      0.20406489236248      7.05560991304446      c
    0.37613881155424     -4.21738647294362      5.75296592286083      c
    0.21192065576777     -2.38376535565741      7.84042371050349      c
    0.27554414774551     -3.10895169122549     10.37473073691995      c
    0.13596149717270     -1.49776494363230     12.49948000856852      c
   -0.25220105135782      2.87865464960133     21.96306785792363      c
    0.00192616917581      0.01282658961026     21.78988950840947      c
    0.08250825263184     -0.91637280179356     24.25156555191967      c
   -0.10450908902993      1.18340842474358     25.98860325718260      c
   -0.11623182020602      1.27264164019537     28.60452449032062      c
   -0.00124162405595     -0.00135939132967     -0.03408126540484      c
    0.07054204553202     -0.80495438913103      2.62065889619215      n
    2.04290563178886      4.31191565521288     20.92882998891451      c
   -2.76468930177164      3.88429837033958     20.92880228386988      c
   -0.29307412858484      3.33989895367614     24.67874236047682      o
    0.31318195235139     -3.52352054670507     24.85539402136370      c
    0.07443024504405     -0.93549428653914     30.14272648920993      c
   -0.33090219632649      3.65989318856696     29.85212192741258      c
    0.50534018614282     -5.68986527297789     25.16630694958733      n
    0.22360444551578     -2.68070483476551     31.46973859973269      n
   -0.50542567323182      5.58859442532686     30.89054429316421      n
    0.20669268994985     -2.31919603604638     14.97975094380148      c
    0.06533733964713     -0.68538523223218     17.09401030514677      c
    0.13441103016278     -1.49181400507317     19.57670296622849      c
   -0.25826438652275      2.87150163671620     -0.51911510941857      c
    0.46381729089520     -5.18235870257829      1.21057977055410      c
    0.69395601827814     -7.74427098606161      1.73573647790352      c
    0.76931179117493     -8.58614352807724      4.24402545538349      c
    0.61222103139911     -6.84053172239585      6.19338899069274      c
   -0.25506764908783      2.86042468701828      4.04430675597918      h
   -0.15111048027412      1.70966874400727      8.45212005908250      h
    0.45061033318752     -5.11751046501530     10.81067748502916      h
   -0.04018670385674      0.54425140783732     12.19712069584789      h
    1.73561373212705     -0.66627348481552     -0.96911165250587      h
   -1.59259868789808     -0.96373319733130     -0.96907056962831      h
    2.16950741926585      4.13882918223387     18.86272132733646      h
    1.87722655113877      6.32518677605865     21.42167850488888      h
    3.79910516163544      3.57199114741408     21.75893574604235      h
   -2.85865146130068      3.69198630216773     18.86249162452532      h
   -4.36300538010974      2.84644263982063     21.75937467300015      h
   -2.95716072865611      5.89526572021844     21.42143576145229      h
    0.38179318399457     -4.35086143840046     15.34778978054233      h
   -0.10902041052975      1.33554053781870     16.68085739720909      h
    0.31133587323020     -3.52719009047890     19.90960594829775      h
   -2.02646901291074      3.60775457495664      0.31846210236458      h
    1.35181247028600      3.91045227804960      0.31758851585093      h
    0.41078341005347     -4.58701835192354     -0.75652127801868      h
    0.81541361832165     -9.09308004415595      0.17654126333687      h
    0.95019733527987    -10.59781009888725      4.66953240227190      h
    0.67425645236460     -7.52647385726912      8.13336318407866      h
   -0.29070813680698      3.23112729421543     -3.13744720768437      o
   -0.45424795318973      5.05754353430864     -3.46584210354870      h
  0.16747306639687D-03  -.19025215597699D-02  0.10665996573165D-03
  0.89552980119200D-04  -.99270788525204D-03  0.17516256731840D-02
  -.61114848028037D-04  0.68384590851747D-03  -.84835335912697D-03
  -.28493358758852D-04  0.33684386907577D-03  0.23472239192207D-03
  0.62316869900315D-04  -.67291499732269D-03  0.53173699737833D-03
  -.66628783484602D-05  0.13893642417098D-03  -.41823140052911D-03
  0.37604912259345D-05  -.19295467536690D-04  0.35872046594713D-03
  -.22738032167367D-05  -.14812735365172D-05  0.11899877238135D-04
  -.10220307979350D-04  0.10655721840305D-03  0.26772619793000D-03
  -.20745588530773D-05  0.18522891090051D-04  -.15982419230067D-03
  0.48185231687765D-06  0.33518282670012D-05  0.18940549194418D-03
  0.11041389034543D-04  -.23420323523015D-04  -.15959191456721D-03
  0.67331618163966D-03  -.74342188749957D-02  0.18348467904659D-02
  -.97204702114063D-04  0.10498620731783D-02  -.97819395620016D-03
  -.13886932515146D-04  -.16277127904349D-04  -.33197324576447D-05
  0.10986547843185D-04  -.16467794807897D-04  -.25641873538232D-05
  -.15743946678472D-05  -.84022415260858D-05  -.92392502655787D-05
  0.17510477421564D-04  -.15543293261230D-03  0.16583726043679D-04
  0.24847950708371D-04  -.11284190365436D-03  0.41894384069320D-04
  -.38256389266771D-05  0.14176385117040D-03  0.23618909310204D-04
  -.11708180132990D-04  0.20861549253591D-03  -.35929125939870D-04
  0.13540870282299D-04  0.10261370510518D-03  -.82516626928764D-04
  0.22676800934345D-04  -.16295035990332D-03  0.14917097534079D-04
  0.64794827468879D-06  0.32265749628346D-04  -.25181727667229D-03
  -.41120932891898D-05  0.37435575341637D-04  0.18565046349263D-03
  0.12934899913114D-04  -.14353503650661D-03  -.20008451918420D-03
  -.39297607473627D-03  0.37008248748046D-02  -.48732235090943D-02
  -.47784976507809D-04  0.47743933308899D-03  0.47167457889404D-03
  0.57635647627779D-05  -.11409376163999D-03  -.26081525493584D-04
  -.81810518418090D-05  0.63225963811345D-04  0.75145552179740D-04
  0.20494854831628D-04  -.22845161105061D-03  -.65728628337579D-06
  0.33765177105068D-04  -.41191309382092D-03  -.49166084791954D-03
  0.21567433321997D-04  -.21753403581906D-03  0.24642117515915D-04
  0.17912722033413D-04  -.11440803066602D-03  0.48131213815099D-04
  -.46812143242864D-05  0.51632108029849D-06  -.38441064351892D-04
  -.46807717178374D-03  -.17759100682476D-02  0.18162194331964D-02
  0.74735288958168D-03  -.16745290504675D-02  0.18024651985381D-02
  0.22682473893082D-04  -.39094003950749D-05  0.24871370601097D-04
  0.45619019400089D-04  -.17319958721192D-04  -.59741341525192D-05
  0.10298265348457D-04  -.56418960504459D-05  0.28368403357913D-05
  -.26434857509433D-04  -.91112738250895D-05  0.26662467466155D-04
  -.13135454466471D-04  -.13093528165764D-04  0.28960096032123D-05
  -.50371586581425D-04  -.27493370516422D-04  -.29796561806779D-05
  0.12413195898366D-04  -.20642562223651D-04  0.15274888609717D-04
  -.45120825095375D-05  -.23476823805451D-04  -.26373565920025D-04
  0.34487808171835D-05  0.23517408736288D-04  0.62835513620742D-04
  0.14331208061287D-03  0.15860674186164D-02  -.52840430918117D-02
  -.38366738268952D-03  0.15835975830707D-02  -.52993534882180D-02
  0.15159332906809D-04  -.22086333677176D-03  -.27695638477234D-04
  0.59040801382555D-06  -.90544397732376D-04  0.98641615008541D-05
  -.61838211387327D-05  0.25878424951113D-04  0.12222953236917D-04
  -.99292588206567D-05  0.97360485715950D-04  -.36079607728430D-04
  0.12166455700638D-02  -.13093489531796D-01  0.11699925206965D-01
  -.17432614664990D-02  0.19367397206779D-01  -.24765948861728D-02
  cycle =      4    SCF energy =    -1371.5478275860   |dE/dxyz| =  0.011439
    0.30207437729427     -3.38593525252995      3.17966701969192      c
   -0.07909319262304      0.88379232264858      4.57217307573892      c
   -0.01770485311869      0.20339401105010      7.05667710591486      c
    0.37616546125103     -4.21773247073436      5.75257171137382      c
    0.21184872476015     -2.38302091829801      7.83981063004208      c
    0.27554622620695     -3.10909321847484     10.37510047533016      c
    0.13595353478932     -1.49770552591973     12.49914181154328      c
   -0.25219070433968      2.87864090525851     21.96301798348134      c
    0.00194283855177      0.01272054626714     21.78963613637374      c
    0.08252263288368     -0.91643379842336     24.25169249125751      c
   -0.10450727989090      1.18345804534102     25.98840078388703      c
   -0.11624344122788      1.27266765096036     28.60471127768009      c
   -0.00199713642666      0.00695030371168     -0.03594573515024      c
    0.07055323772896     -0.80506723441316      2.62090740362930      n
    2.04293189583055      4.31195582585831     20.92880692667237      c
   -2.76470435329539      3.88433622731777     20.92877957092197      c
   -0.29306318527267      3.33989299735204     24.67868351234480      o
    0.31316801213229     -3.52334208851487     24.85541202151301      c
    0.07439691539899     -0.93533878707636     30.14271754552982      c
   -0.33089379043507      3.65968829443649     29.85214098257855      c
    0.50536546422428     -5.69018280681490     25.16634941366599      n
    0.22358564255430     -2.68087017295073     31.46985988303957      n
   -0.50545759814537      5.58885587858335     30.89046916820890      n
    0.20669378630820     -2.31924894794323     14.97996550402258      c
    0.06534356883999     -0.68539724299694     17.09383618020645      c
    0.13440332265223     -1.49166824995322     19.57684378493299      c
   -0.25851479459614      2.87509930653916     -0.52372075857170      c
    0.46387138342547     -5.18288281517624      1.20988884664730      c
    0.69394698933551     -7.74408250895469      1.73579693378407      c
    0.76932557473122     -8.58623075106549      4.24390550149358      c
    0.61219715643891     -6.84025394361866      6.19340694645350      c
   -0.25514134389116      2.86124387663774      4.04528492192839      h
   -0.15115089543983      1.71004372598711      8.45203958074054      h
    0.45058001265040     -5.11732082985291     10.81059651293962      h
   -0.04017531393107      0.54423126080141     12.19717341651417      h
    1.73603129285436     -0.66196783476587     -0.97281388306807      h
   -1.59373643736141     -0.95955501304847     -0.97274941672733      h
    2.16945782686692      4.13883695993029     18.86268793640140      h
    1.87713391617989      6.32523481053025     21.42169419790881      h
    3.79909902474955      3.57199584892394     21.75893545304930      h
   -2.85858985122698      3.69200294257196     18.86245790156157      h
   -4.36298328222256      2.84645643091198     21.75937892393243      h
   -2.95705576742894      5.89533236982684     21.42144822718238      h
    0.38177278448822     -4.35082476936128     15.34777451706803      h
   -0.10900675415806      1.33556537598184     16.68089850114090      h
    0.31132935867956     -3.52716681337662     19.90947791129152      h
   -2.02777427452863      3.60374001260367      0.33161510983739      h
    1.35374764105304      3.90666614392401      0.33078324979050      h
    0.41074755925201     -4.58655412980747     -0.75655091311809      h
    0.81540950631600     -9.09287475303798      0.17651654699278      h
    0.95021304308361    -10.59787227805893      4.66950687444383      h
    0.67427803467075     -7.52665995982896      8.13340725663448      h
   -0.29153757266782      3.23927133326855     -3.15247164903076      o
   -0.45190416032265      5.03155049958343     -3.46102172355650      h
  0.15266082747901D-04  -.19775757514426D-03  0.40291218859704D-03
  -.30431656037798D-04  0.35073233811241D-03  -.77865487414721D-03
  0.37639509266603D-04  -.41493654917844D-03  0.11089091557794D-02
  0.41728121077545D-04  -.45346631487226D-03  0.34078939852414D-03
  -.34071773670432D-05  0.68087240102279D-04  -.64488743161662D-05
  0.18223669422955D-04  -.15007239294919D-03  0.29784067137782D-04
  -.69560700969189D-05  0.10138247303669D-03  0.91759196860483D-04
  -.27680345842139D-05  0.46773096181854D-05  0.33596688953867D-04
  -.48629320001361D-05  0.42196998810912D-04  0.93851137359196D-04
  0.68873564194028D-05  -.78650177577013D-04  -.54671722916485D-04
  -.32551223821501D-05  0.52088323203925D-04  0.57405931786138D-05
  0.88761572703168D-05  -.72573223218010D-05  0.49269546751141D-04
  0.35493761753456D-03  -.41592254604216D-02  0.28712863138214D-02
  0.89100904155587D-04  -.10205050196784D-02  0.48802191372960D-03
  0.57644717984113D-05  -.17192612076147D-04  -.67439153476240D-05
  -.83348379927624D-05  -.20600720487978D-04  -.56909579002041D-05
  -.16725266375235D-06  -.24356018177731D-04  0.17800388037387D-04
  -.41046314106559D-04  0.50346823256608D-03  -.96819676804363D-04
  -.71200164062588D-05  0.26217598661345D-03  -.23111267359645D-03
  0.38276452267447D-04  -.32451007612326D-03  -.21411034314910D-03
  0.40502839221720D-04  -.38006585329049D-03  0.53471486031822D-04
  0.40602315623566D-04  -.21412851996620D-03  0.15622168437805D-03
  -.11915743058461D-04  0.22115007096668D-03  0.21726402966693D-03
  0.98866148455459D-05  -.72249376172282D-04  -.60880326648137D-04
  -.41040440376225D-05  0.35558509609999D-04  0.10680344759615D-03
  0.52870877594971D-05  -.52657491052609D-04  -.69182700171799D-04
  -.26395230799389D-03  0.29259871273917D-02  -.46925832909347D-02
  0.36067770826659D-04  -.45249699570460D-03  -.69142147697892D-04
  -.89638827001960D-05  0.49579389378450D-04  0.79894682507473D-04
  0.49056953123024D-05  -.83007218706333D-04  -.10532212375343D-03
  -.86231197982657D-05  0.95510813226887D-04  0.12920088801763D-03
  0.76925952960497D-04  -.89414828325907D-03  -.22248730831140D-03
  0.16515039335180D-04  -.16044255764758D-03  -.49770920150105D-04
  0.71089773136257D-05  0.11686184345356D-04  0.16123139727595D-04
  -.12744687615762D-05  -.36765067017119D-04  -.87797381560238D-05
  0.30028648485277D-03  -.21038920693335D-02  0.12942716926370D-02
  0.66590576328909D-04  -.21278646706334D-02  0.12899604557288D-02
  0.18098768861574D-04  -.64671355713273D-05  0.22593656948794D-04
  0.38805859647285D-04  -.96061652591093D-05  -.23916362394528D-05
  0.77021625443149D-05  -.83703186889971D-05  0.40664499688397D-05
  -.21585272057928D-04  -.10722944927461D-04  0.23928978872391D-04
  -.10094485079430D-04  -.15256474255598D-04  0.41517693067760D-05
  -.44946676388765D-04  -.19132383315382D-04  0.45121548516897D-06
  0.90411132636537D-05  0.17293885270034D-04  -.37396121257353D-05
  -.44243126089652D-05  -.24270683079808D-04  -.60393715415428D-05
  0.55849119455920D-05  -.27479530314026D-05  0.50679757291808D-04
  -.11020109248235D-02  0.14792938745200D-02  -.30991457349722D-02
  0.81647478079280D-03  0.16798827472440D-02  -.31269632980400D-02
  0.12963783140263D-04  -.19799990426692D-03  0.15109039883458D-03
  0.56824193219234D-06  -.88962963930211D-04  -.52513761596138D-05
  -.56725161022398D-05  0.20173765829081D-04  0.21064565484959D-04
  -.34965527110452D-05  0.27507068586359D-04  0.21383357597020D-04
  -.36651376716830D-03  0.45158341673323D-02  0.23006971825565D-02
  -.14030512213309D-03  0.14186686458340D-02  0.13659336167464D-02
  cycle =      5    SCF energy =    -1371.5480573980   |dE/dxyz| =  0.009954
    0.30198466737812     -3.38489522700692      3.17851062335238      c
   -0.07907624924161      0.88350038493240      4.57344643863373      c
   -0.01778657954310      0.20424452632010      7.05435594396286      c
    0.37607097124856     -4.21673481659457      5.75163689880093      c
    0.21183835929418     -2.38300707179204      7.83967485113102      c
    0.27550326137061     -3.10876677791515     10.37508277926340      c
    0.13596811459655     -1.49791606211528     12.49886424286471      c
   -0.25217515512229      2.87862072670051     21.96291518706071      c
    0.00196562010947      0.01259983133466     21.78936875990917      c
    0.08252142981381     -0.91627753200132     24.25183159400759      c
   -0.10449076262871      1.18336084093640     25.98834125753656      c
   -0.11625746093152      1.27268709627155     28.60463944465862      c
   -0.00301270835121      0.01863653354909     -0.04305930128628      c
    0.07031212379839     -0.80237232945434      2.61956113967579      n
    2.04293050653368      4.31201249369919     20.92880704981014      c
   -2.76468605527546      3.88439667916282     20.92878041894865      c
   -0.29305182417659      3.33994179875845     24.67860600455747      o
    0.31327271076727     -3.52448257637947     24.85565051732604      c
    0.07441576613660     -0.93591297134764     30.14326631077137      c
   -0.33097181455752      3.66038406681996     29.85266044216264      c
    0.50529139771436     -5.68939212817690     25.16622974149073      n
    0.22349832088627     -2.68042570877577     31.46952667950123      n
   -0.50543098052332      5.58841697702313     30.88992407896719      n
    0.20667463047666     -2.31909548304123     14.98013427774813      c
    0.06535865205539     -0.68547391104866     17.09355268330143      c
    0.13439668582289     -1.49151575811620     19.57701048501355      c
   -0.25817166228381      2.87141639310060     -0.51682384137155      c
    0.46379614714937     -5.18193337800249      1.20983711449981      c
    0.69396368064651     -7.74413064754032      1.73562740229679      c
    0.76931921435995     -8.58605588612524      4.24410806857224      c
    0.61221224584437     -6.84040243106061      6.19310799915362      c
   -0.25535625408221      2.86364456772394      4.04616163588154      h
   -0.15120707185422      1.71055012773805      8.45211987778118      h
    0.45055561553154     -5.11728280158942     10.81052721208094      h
   -0.04016800173860      0.54430902986840     12.19720687942457      h
    1.73538397362472     -0.65532526204465     -0.97721705367718      h
   -1.59425464079592     -0.95289198193538     -0.97713273156485      h
    2.16939821586483      4.13885612886391     18.86262312399993      h
    1.87701071463841      6.32527725928949     21.42170470453145      h
    3.79908491771123      3.57201725026595     21.75892315221003      h
   -2.85851331092194      3.69203202501092     18.86239326462151      h
   -4.36294804795939      2.84649137821052     21.75937354422218      h
   -2.95690915524278      5.89540074116716     21.42145412203006      h
    0.38174956401706     -4.35085145927013     15.34777609855925      h
   -0.10898855960940      1.33562816761194     16.68092372693794      h
    0.31132088102644     -3.52714028352172     19.90930799854308      h
   -2.02584685615847      3.59866666837658      0.34412374278253      h
    1.35272670754351      3.90124545085868      0.34337231855655      h
    0.41069824319391     -4.58590957858731     -0.75693490730242      h
    0.81540458586262     -9.09258029257056      0.17651291141231      h
    0.95023467941513    -10.59793879002184      4.66944126893508      h
    0.67429666503281     -7.52678702707060      8.13336294581190      h
   -0.29071987530834      3.22860081185110     -3.16193535458695      o
   -0.45092547952704      5.02090100947057     -3.46249018541645      h
  0.80659084596921D-04  -.91067591049121D-03  0.53545230323269D-03
  0.11798728103440D-03  -.13123318817756D-02  0.14890378607470D-02
  -.15122747194173D-04  0.17669555334032D-03  -.14665551040112D-02
  0.20896547733406D-05  -.14612501261598D-04  0.11178283960090D-03
  0.29073077570563D-04  -.29814391980269D-03  0.33677445973237D-03
  0.20710165710220D-06  0.57500715679282D-04  0.24953456325976D-03
  0.14588798482392D-04  -.14988469738692D-03  -.17925922919822D-03
  -.24384207388923D-05  0.11838040638189D-05  0.16492921473461D-04
  0.26300083201182D-05  -.44038860005110D-04  -.21841952947825D-03
  -.32880169990397D-04  0.37390566974968D-03  0.48414058157483D-04
  0.39656289302199D-05  -.23801027510321D-04  -.95843493587260D-04
  0.99613007227094D-05  -.13241568148230D-04  -.24103126540948D-03
  -.13243732007668D-03  0.13576196639357D-02  -.29793160982350D-03
  0.72615919062268D-04  -.84459933118944D-03  0.15936844388477D-02
  0.14222344603099D-04  -.46049920208542D-05  0.24625213508452D-04
  -.18932701686906D-04  -.92509734888959D-05  0.25945806010857D-04
  -.34316132920842D-05  0.13508619434048D-04  0.23750661305413D-04
  0.21043747703786D-03  -.23347726332270D-02  0.34403536349893D-03
  0.12813844045452D-03  -.13171928936379D-02  0.95563779517335D-03
  -.13416850419354D-03  0.15812834405119D-02  0.83864889358568D-03
  -.17098494446516D-03  0.20050350819708D-02  -.29216563562292D-03
  -.72215540031490D-04  0.11036130347879D-02  -.84534339269635D-03
  0.13504339942401D-03  -.14008624238838D-02  -.66698595613936D-03
  -.42335197845394D-05  0.94059052203485D-04  0.19971108775203D-03
  0.67634313431959D-05  -.90579524073663D-04  -.16696710058572D-03
  -.56207758915471D-05  0.73342898572680D-04  0.22632861613351D-03
  -.11995131097211D-04  0.39497975721558D-03  -.17172503467892D-03
  -.72326149740776D-05  0.27695226237266D-04  0.20271976900297D-03
  0.37987323602428D-04  -.47381541469884D-03  -.39148000918369D-04
  -.11892002872437D-04  0.10252350213326D-03  0.17955542413246D-03
  0.39844836183949D-04  -.44449868917242D-03  0.65023097135238D-04
  -.29342715015830D-05  0.45950995201802D-05  -.60290832810718D-03
  -.90733254032692D-05  0.12819380052333D-03  0.35006176276227D-03
  0.14806120144953D-04  -.74885202222354D-04  0.44314549403066D-04
  -.75996996022641D-05  0.37817775524249D-04  -.29513917378714D-06
  0.49718009178931D-03  -.23753532927121D-02  0.12662990741750D-02
  -.81548887566343D-04  -.24310371912358D-02  0.12647864263236D-02
  0.12915110532555D-04  -.13411200009328D-04  0.21756040905807D-05
  0.34011820542226D-04  -.88863131533022D-05  -.19697308052740D-05
  0.66831979918645D-05  -.12113756082065D-04  0.41700997766718D-05
  -.15413864199747D-04  -.16557695976642D-04  0.30398501513726D-05
  -.86185044161810D-05  -.18731566086936D-04  0.42737387105197D-05
  -.40286873459682D-04  -.18092580525862D-04  0.74100312570581D-06
  0.13123991273756D-04  -.31581513467240D-04  -.10289142313764D-04
  -.68396145098341D-05  0.38517535439554D-05  0.86100531485216D-05
  0.75862923466753D-05  -.26961754150311D-04  0.37883463951288D-04
  -.11062445848613D-02  0.12423443950189D-02  -.19768013127517D-02
  0.84600418606720D-03  0.14333121280037D-02  -.19990362375947D-02
  0.15061738604830D-04  -.22336969273359D-03  0.12133104501032D-03
  -.57515865914864D-05  -.17496686816514D-04  0.83966183629191D-04
  -.32436478079241D-06  -.39605757868773D-04  0.20088951328839D-04
  0.24700923824770D-05  -.36720681832836D-04  0.96576670428895D-04
  -.36048561526417D-03  0.43164632587712D-02  -.36015184320097D-02
  -.63272879201816D-04  0.55183458663682D-03  0.20190319762172D-02
  cycle =      6    SCF energy =    -1371.5481728380   |dE/dxyz| =  0.023911
    0.30163835375979     -3.38099886700784      3.17596494738769      c
   -0.07940777904969      0.88701466196350      4.57023327138468      c
   -0.01781108615887      0.20439204249101      7.05625359298155      c
    0.37598517908665     -4.21587513793881      5.75038587817453      c
    0.21173390918895     -2.38202702130950      7.83852117105578      c
    0.27546534204936     -3.10865006672281     10.37452911657353      c
    0.13594378939363     -1.49770873243676     12.49896897833094      c
   -0.25214657019056      2.87859424694348     21.96276384376710      c
    0.00199185272588      0.01257112676572     21.78960665400975      c
    0.08261805148545     -0.91710459187781     24.25186709013833      c
   -0.10447537377681      1.18334249115489     25.98847220263573      c
   -0.11628695599638      1.27274174853544     28.60523538105177      c
   -0.00382055405208      0.02815101906604     -0.04932252358220      c
    0.06990458317208     -0.79779712181219      2.61434929394466      n
    2.04290356384337      4.31208753626834     20.92873511571494      c
   -2.76462140070893      3.88448254418305     20.92870942684229      c
   -0.29302266038168      3.33994805656855     24.67845750584820      o
    0.31284175034233     -3.51953611547906     24.85499222248627      c
    0.07411263930408     -0.93304759430608     30.14132883457795      c
   -0.33068849515219      3.65693534758226     29.85100362935766      c
    0.50568043612284     -5.69386046407834     25.16686940509178      n
    0.22361445087466     -2.68287771952402     31.47140171578562      n
   -0.50574884487097      5.59164661626507     30.89110258184246      n
    0.20667235638406     -2.31920717042911     14.97983537425751      c
    0.06536143149573     -0.68531644505777     17.09366643168367      c
    0.13440981237456     -1.49152307370380     19.57662232922374      c
   -0.25789868709156      2.86793232370308     -0.51120887548289      c
    0.46375638052576     -5.18127213297949      1.20908082135375      c
    0.69387809316344     -7.74291059598154      1.73558105828567      c
    0.76934827986476     -8.58617427784676      4.24379640238349      c
    0.61211910774516     -6.83932559352957      6.19266713647554      c
   -0.25557346222593      2.86605328071646      4.04875790287665      h
   -0.15125030959701      1.71079179672724      8.45127822908637      h
    0.45049065768091     -5.11700280586890     10.81032334653514      h
   -0.04013920307358      0.54428118496984     12.19724926498162      h
    1.73363289763380     -0.64204774279222     -0.98546336283251      h
   -1.59483784816357     -0.93949143143712     -0.98534827010204      h
    2.16929958681227      4.13891158601621     18.86254567172180      h
    1.87678891072488      6.32535193407438     21.42172101360767      h
    3.79905796884004      3.57207084114340     21.75889610727900      h
   -2.85838526947374      3.69210290288216     18.86231738373615      h
   -4.36288264025298      2.84657012111492     21.75935979254200      h
   -2.95664186268093      5.89552367059714     21.42146200905117      h
    0.38169553428505     -4.35078396275234     15.34779399713266      h
   -0.10894831482543      1.33568334106355     16.68093307108074      h
    0.31130105561929     -3.52704188515714     19.90901675282987      h
   -2.02162282311980      3.58980136661486      0.36409873899670      h
    1.35013758407955      3.89163872478978      0.36348605942825      h
    0.41059905026753     -4.58461938496124     -0.75760780524811      h
    0.81541179707131     -9.09220368627915      0.17628155037402      h
    0.95026232029556    -10.59790907647672      4.66931488372132      h
    0.67431625024260     -7.52685497252811      8.13308163080852      h
   -0.28930335154154      3.21018396870652     -3.16551426397187      o
   -0.44924872043933      5.00270398117746     -3.46768012911865      h
  0.13103028907123D-04  -.14719048582510D-03  0.42183181603562D-03
  -.59896864882593D-04  0.66934526895593D-03  -.12705252887589D-02
  0.44157073710229D-04  -.45925075125650D-03  0.22306990620704D-02
  0.70013706573921D-04  -.77651909565847D-03  0.64540970931973D-03
  -.86338755811707D-05  0.12189302558404D-03  -.21746401832587D-03
  0.20036166790799D-04  -.17696826454869D-03  0.17479367674779D-03
  -.45465029954496D-05  0.68973996341099D-04  0.24940707673007D-03
  -.64128074605394D-05  0.42062754639575D-04  -.30713299891492D-04
  0.26770003905944D-06  -.20301380218490D-04  0.33925868117422D-03
  0.14370052499717D-03  -.16114545402988D-02  0.12219916754355D-03
  0.93066377933715D-05  -.86149797052404D-04  0.28938307928544D-03
  -.67982062552918D-05  0.12849795796399D-03  0.11264839461281D-02
  -.43212813120347D-03  0.49096527501709D-02  -.23387488982658D-02
  0.48782405887579D-04  -.59173320345699D-03  0.95595705692709D-03
  0.45819586299379D-05  -.43600474210487D-05  0.17850319014571D-04
  -.94606602076329D-05  -.73305830390534D-05  0.18843647379367D-04
  -.16171527085136D-04  0.15988882816167D-03  -.12513933110078D-03
  -.97532482779329D-03  0.11042287042553D-01  -.17452055819925D-02
  -.51809843747203D-03  0.62349702258212D-02  -.46495261229486D-02
  0.68978369074320D-03  -.75360908264033D-02  -.39996111185950D-02
  0.83715458406047D-03  -.93668650819417D-02  0.13612935611503D-02
  0.47116340496715D-03  -.52474269641845D-02  0.39608757290208D-02
  -.56479847031718D-03  0.63402554452458D-02  0.34849890251934D-02
  0.97053062803706D-05  -.64433164878287D-04  -.14631172616809D-03
  -.20623275654787D-05  0.99832604374482D-05  0.24557804146522D-03
  0.46802367941980D-05  -.38611911874451D-04  -.27568654706662D-03
  0.97456602496954D-04  -.94780123708887D-03  0.12334787770853D-02
  0.67261107052121D-04  -.80026164319452D-03  0.13418103755623D-03
  -.75104702877184D-05  0.29627486906517D-04  0.11005767438225D-03
  0.36498254008323D-04  -.43730639578543D-03  0.88522490759188D-04
  0.95272748597523D-05  -.10909084881260D-03  0.24033477681548D-03
  0.72062054013251D-04  -.83543946539583D-03  -.29010854875959D-03
  0.25666270805651D-04  -.26069231629778D-03  -.16074008206533D-03
  0.12804998055348D-04  -.50372954350560D-04  0.77907534216424D-04
  -.74877443834276D-06  -.39785552225100D-04  -.72336501910372D-05
  0.19664698565276D-03  -.19952593833829D-02  0.12726133030365D-02
  0.13965404879473D-03  -.20015480218158D-02  0.12695427189333D-02
  0.89968035570177D-05  -.15431110633386D-04  0.11648592595154D-06
  0.27438739253352D-04  0.35235722074593D-05  0.27248823064254D-05
  0.10592130449700D-04  -.21078213250717D-04  0.11315753960957D-04
  -.11405542229184D-04  -.17724326032656D-04  0.75944208952091D-06
  -.10980979575388D-04  -.28149782554980D-04  0.11516172873033D-04
  -.35944123186095D-04  -.49125373281899D-05  0.53795219069029D-05
  0.93405899868767D-05  0.99402117549078D-05  0.46732715110636D-06
  -.42490450700813D-05  -.25393682505914D-04  0.13591679784909D-04
  0.41184658113458D-05  0.10005383561404D-04  0.29880768338244D-04
  -.85340308606635D-03  0.76857920287601D-03  -.39515756120738D-03
  0.69401026674110D-03  0.92154158481798D-03  -.39211128112098D-03
  0.96174019060504D-05  -.16195494314390D-03  0.19030754642773D-03
  0.11752386991451D-04  -.20997827959055D-03  -.57558208751869D-04
  -.20805599603551D-05  -.19889025416716D-04  0.36762282528118D-04
  0.19382396946092D-04  -.22069090989595D-03  0.24913093523953D-03
  -.19110732352670D-03  0.22686668950750D-02  -.71183823480420D-02
  -.70021830225609D-04  0.63604653319737D-03  0.25192447443884D-02
  cycle =      7    SCF energy =    -1371.5483867700   |dE/dxyz| =  0.012776
    0.30127724881635     -3.37695937651392      3.17328455661621      c
   -0.07970547058139      0.89014765074697      4.56761357923069      c
   -0.01784955818631      0.20466179167602      7.05680008773073      c
    0.37586027769651     -4.21457520821754      5.74872880074351      c
    0.21163095580480     -2.38106877762101      7.83752930257050      c
    0.27542113778818     -3.10846920703592     10.37385077956647      c
    0.13591959121182     -1.49750122568436     12.49887013590550      c
   -0.25211315515514      2.87853223925978     21.96266647430648      c
    0.00201630901369      0.01258239879398     21.78956539149350      c
    0.08258331606858     -0.91644576208093     24.25176409078706      c
   -0.10446911350274      1.18343200165590     25.98832073015059      c
   -0.11630264617970      1.27266951675915     28.60479796821333      c
   -0.00402301007726      0.03068421515423     -0.05165262148063      c
    0.06952088284806     -0.79346737048117      2.60862840478795      n
    2.04287518241957      4.31215402224302     20.92864387513400      c
   -2.76455126782825      3.88456019499300     20.92861941663935      c
   -0.29297744485813      3.33978696961826     24.67844946916794      o
    0.31331361134843     -3.52476621867556     24.85592634494273      c
    0.07429989490419     -0.93594547969231     30.14365991736929      c
   -0.33103537410903      3.66044762616649     29.85300738919361      c
    0.50530107241908     -5.68966108229916     25.16624867550714      n
    0.22331077707740     -2.68047323741290     31.46960798338606      n
   -0.50553570337442      5.58898519047371     30.88910783012313      n
    0.20666793171013     -2.31930569434098     14.97965214866264      c
    0.06536442642201     -0.68514844329018     17.09360302513282      c
    0.13442207989122     -1.49151982838443     19.57646729360237      c
   -0.25776371264157      2.86583090069915     -0.50796193783432      c
    0.46367657159120     -5.18015343568939      1.20813990638321      c
    0.69379211460766     -7.74166730991472      1.73547618368019      c
    0.76934603014600     -8.58592927427877      4.24332485483584      c
    0.61200893612340     -6.83805319181885      6.19206942887509      c
   -0.25581004087899      2.86867391662206      4.05148432632334      h
   -0.15130714036415      1.71117033461770      8.45054925132762      h
    0.45041858263733     -5.11666588377816     10.81005276768351      h
   -0.04011080244350      0.54426999262728     12.19729296252925      h
    1.73189707415219     -0.62830673573714     -0.99403269217720      h
   -1.59550797443813     -0.92563791949286     -0.99388634917048      h
    2.16920590065556      4.13897850469273     18.86248068949822      h
    1.87656768966155      6.32541443402199     21.42173154501670      h
    3.79902514937811      3.57214102320881     21.75885866762678      h
   -2.85826180665212      3.69218373731233     18.86225470867985      h
   -4.36281170103889      2.84666687877519     21.75933628014732      h
   -2.95637018574697      5.89563548915738     21.42146390959122      h
    0.38163943581897     -4.35071432952495     15.34780724453211      h
   -0.10890681717474      1.33574905112365     16.68092415659539      h
    0.31128286673434     -3.52696227533843     19.90873077602636      h
   -2.01705992943890      3.58131332869854      0.38181850050162      h
    1.34714977153143      3.88234667423999      0.38132182220182      h
    0.41049863107262     -4.58330604497755     -0.75836519417037      h
    0.81540852422811     -9.09168935617590      0.17609811071057      h
    0.95028829750015    -10.59784112261611      4.66916475708222      h
    0.67431476220849     -7.52668500012243      8.13256978647726      h
   -0.28806471703559      3.19389651949052     -3.16099580726671      o
   -0.44755669814945      4.98434498017780     -3.47469611708712      h
  -.64890797264626D-04  0.71857499736828D-03  0.19487832820710D-03
  -.18437041175864D-03  0.20499640365210D-02  -.28291653794850D-02
  0.93422366365935D-04  -.99454804635457D-03  0.45780921330793D-02
  0.11394879379927D-03  -.12652926567568D-02  0.96070199343935D-03
  -.42000730845900D-04  0.49459052540329D-03  -.52575861861293D-03
  0.36815080924335D-04  -.37392448946657D-03  0.19550437810057D-03
  -.22294498568873D-04  0.27419911249712D-03  0.33836365132445D-03
  -.30041128382654D-05  0.34226755647865D-05  -.53616690577471D-04
  -.90554350794941D-05  0.86351873299808D-04  0.79216784903814D-04
  -.32051549074342D-04  0.37772598322548D-03  -.70078817245192D-04
  -.26774308703994D-05  0.63755757390623D-04  -.15212327235861D-03
  0.11186290264792D-04  -.33583516925544D-04  -.24719269621444D-03
  -.39601484932708D-03  0.46254461145918D-02  -.25872386213576D-02
  -.31232349905739D-04  0.31318297351076D-03  -.77873089348832D-03
  0.14384127568424D-04  0.28328087543184D-05  -.34666103997370D-05
  -.20549462933852D-04  -.24609105774004D-05  -.28465103658723D-05
  0.26763000618779D-05  -.54452454170569D-04  0.75801713420038D-05
  0.22185717629157D-03  -.24650706458170D-02  0.40483002367967D-03
  0.14558463759505D-03  -.15211565658551D-02  0.11498970316582D-02
  -.14713869096686D-03  0.17194298484543D-02  0.97712230403066D-03
  -.17660163080895D-03  0.20669126579664D-02  -.31215031939720D-03
  -.87125025604065D-04  0.12771988299467D-02  -.98764466303748D-03
  0.14487815969334D-03  -.15014776229359D-02  -.74686807184555D-03
  0.20870398230691D-04  -.19262934343656D-03  -.11777354383778D-03
  -.12106330457775D-04  0.12752449832914D-03  0.19823926263806D-03
  0.60978608435511D-05  -.56010758192743D-04  -.14548009924939D-03
  0.40637066057889D-04  -.55290784734676D-03  -.30008254101098D-03
  0.11012138588226D-03  -.12730904978439D-02  -.23040926602051D-04
  -.29617705227758D-04  0.27191236983173D-03  0.30025227246974D-03
  0.64931892089928D-04  -.75462194349912D-03  -.54177200047457D-04
  -.70600919737405D-05  0.73106515560926D-04  0.46539885531747D-03
  0.12506398127649D-03  -.14298691184724D-02  -.22492618016957D-04
  0.42294514462993D-04  -.44401264005811D-03  -.38381515100386D-03
  0.10455189761236D-04  -.22905675169561D-04  0.11979680141196D-03
  0.66728296400163D-05  -.12449679522049D-03  -.20614681630355D-05
  -.36738590214805D-03  -.11626187788345D-02  0.12293736334333D-02
  0.54541046951499D-03  -.10756127113783D-02  0.12240350092224D-02
  0.23156542914395D-05  -.19523715938168D-04  0.79452235316223D-05
  0.20863974913534D-04  0.15783932238217D-04  0.89456034192917D-05
  0.13341028948492D-04  -.27558894343918D-04  0.17944914578008D-04
  -.42834928270725D-05  -.20394934177510D-04  0.84973834881746D-05
  -.12640306555751D-04  -.34841323634252D-04  0.18149358621551D-04
  -.31580380542447D-04  0.84040023241260D-05  0.11643121557754D-04
  0.55232448044560D-05  0.52127892321679D-04  0.74245946802572D-05
  -.16231703084517D-05  -.54997723942343D-04  0.21443081521253D-04
  0.18211995605601D-05  0.36339484615279D-04  0.34913637204457D-04
  -.38222993389602D-03  0.27333329649108D-03  0.75659726158191D-03
  0.33905504565440D-03  0.35547329741787D-03  0.78676978733635D-03
  0.66460564689769D-05  -.12503973742199D-03  0.30508315126545D-03
  0.26040155503713D-04  -.36694310741280D-03  -.16067102735989D-03
  0.65022073953826D-05  -.11515490612333D-03  0.77316242634714D-04
  0.35477334392930D-04  -.39614488857241D-03  0.36984389665073D-03
  -.60631616024989D-04  0.69513830985881D-03  -.71054895221538D-02
  -.58605678391869D-04  0.52220278206090D-03  0.26618245863873D-02
  cycle =      8    SCF energy =    -1371.5485272150   |dE/dxyz| =  0.010720
    0.30120564497989     -3.37616677552993      3.17178083486252      c
   -0.07953298628242      0.88810555982423      4.57113815024340      c
   -0.01801890168993      0.20637997950910      7.04942843542038      c
    0.37561807724956     -4.21192982983603      5.74639350386905      c
    0.21164858919855     -2.38139830233956      7.83791420574961      c
    0.27534202907752     -3.10777404375353     10.37331749865602      c
    0.13594842336581     -1.49787928516723     12.49818635021265      c
   -0.25208944532389      2.87849466605794     21.96270553353321      c
    0.00204842823145      0.01242976918380     21.78929511385436      c
    0.08259889511169     -0.91645365855654     24.25184806071364      c
   -0.10445504921607      1.18336265493330     25.98840931356491      c
   -0.11631830240049      1.27267194131811     28.60480659207268      c
   -0.00362629757925      0.02599943926774     -0.04929815835572      c
    0.06940337091138     -0.79211723601069      2.60752006452915      n
    2.04284418878966      4.31218217774172     20.92861231022074      c
   -2.76448719291069      3.88459902429578     20.92858974626378      c
   -0.29295558724470      3.33978675596532     24.67845706181951      o
    0.31335392470896     -3.52514896240483     24.85600283356520      c
    0.07425615524789     -0.93593879047036     30.14370132141425      c
   -0.33107094695579      3.66061864115256     29.85306715548706      c
    0.50527435624533     -5.68941134823517     25.16622259553104      n
    0.22324327933845     -2.68049511995446     31.46966412616291      n
   -0.50556231585068      5.58904726930186     30.88878664595612      n
    0.20663340568551     -2.31901951198481     14.97984252912598      c
    0.06539000948850     -0.68529758564364     17.09316910162005      c
    0.13441895313590     -1.49138970688852     19.57673071996251      c
   -0.25761516104661      2.86406458325709     -0.50364816200861      c
    0.46345943245983     -5.17757790311238      1.20775333792998      c
    0.69380656537196     -7.74161017075006      1.73493156536386      c
    0.76924025429572     -8.58458796531342      4.24322796866513      c
    0.61197681062312     -6.83765324154874      6.19104608397610      c
   -0.25613479132685      2.87229175767992      4.05270724216001      h
   -0.15140771626847      1.71210708281492      8.45089689998170      h
    0.45037209515762     -5.11648292530920     10.80973887004963      h
   -0.04010954787628      0.54447642648550     12.19731806869428      h
    1.73173813528993     -0.62025760060380     -0.99990169608095      h
   -1.59672667528717     -0.91768565977945     -0.99973009563447      h
    2.16916030363935      4.13904012466859     18.86243063736581      h
    1.87643425969719      6.32541709083388     21.42171963327839      h
    3.79899045438871      3.57221855002181     21.75880846729832      h
   -2.85819659983072      3.69225060024436     18.86220700123480      h
   -4.36275464378121      2.84676414051460     21.75929582776882      h
   -2.95619358036975      5.89566991800593     21.42144594193195      h
    0.38160954653065     -4.35077069452178     15.34779465841212      h
   -0.10888421117774      1.33587337148621     16.68088737468938      h
    0.31127840307786     -3.52699558168203     19.90853957615510      h
   -2.01420665955832      3.57705228865767      0.38856671810624      h
    1.34505908379579      3.87755353819141      0.38807398724229      h
    0.41043902776050     -4.58250836450359     -0.75919216564348      h
    0.81536427919661     -9.09086072824677      0.17627735509401      h
    0.95029325528141    -10.59763848664377      4.66896911590479      h
    0.67426123604957     -7.52599009328007      8.13176001761026      h
   -0.28758581231840      3.18728447228167     -3.14936321554716      o
   -0.44656768545462      4.97363854018502     -3.48207907194246      h
  0.15255341341012D-04  -.18868561356796D-03  -.14215492262106D-03
  0.18929209653861D-03  -.21427011744128D-02  0.35962439671125D-02
  -.39505676957085D-04  0.46232931820876D-03  -.32307241866908D-02
  -.28844428747513D-04  0.33586153664905D-03  -.17169274469231D-03
  0.51897387804445D-04  -.55918788018922D-03  0.10562520984829D-02
  -.13963798749163D-05  0.71572345090870D-04  0.28549571577869D-03
  0.22377157115272D-04  -.24171096849308D-03  -.28121713106269D-03
  -.24409207713590D-05  -.99700195263475D-06  -.16319754529297D-04
  0.39398112665891D-05  -.57887905270468D-04  -.28724520261788D-03
  -.41667349426760D-04  0.48793385842549D-03  0.44281965135067D-04
  0.15162470469497D-05  0.15812420926039D-04  -.10618202728580D-03
  0.13861769047938D-04  -.62117190532744D-04  -.29961733849127D-03
  -.14985607356840D-03  0.16936219754872D-02  -.17574288397056D-02
  -.17598422262006D-03  0.19869034314122D-02  -.14873389638565D-02
  0.20482412422483D-04  0.89052075315219D-05  -.29276598235565D-05
  -.27815356026110D-04  0.24561341450713D-05  -.22118358117885D-05
  -.14982111678762D-05  -.64784735565048D-05  0.48912285255585D-05
  0.30185766028676D-03  -.33663445586161D-02  0.53914059229842D-03
  0.14357451699114D-03  -.14985576416923D-02  0.11284423572803D-02
  -.17809934355122D-03  0.20601155825729D-02  0.11710146807972D-02
  -.24577444676087D-03  0.28461372852907D-02  -.42371153134892D-03
  -.84524294800357D-04  0.12466905513723D-02  -.96274701389938D-03
  0.17129795819480D-03  -.17916283231932D-02  -.90768838599428D-03
  -.67112193965602D-05  0.12739376282185D-03  0.46026029436860D-03
  0.95694893114303D-05  -.12148005544363D-03  -.28666505809477D-03
  -.63999808465944D-05  0.84336212492651D-04  0.33227452701173D-03
  -.29663124467171D-04  0.42100980316916D-03  -.18129516282094D-02
  -.54482237526005D-04  0.56208989125717D-03  0.34941097168368D-03
  0.99207104604968D-04  -.11631514871936D-02  0.14212750994402D-03
  -.12263946258388D-04  0.10206030764058D-03  0.26816195997756D-03
  0.93437283975655D-04  -.10458298490561D-02  0.35419458189581D-03
  -.62459132553583D-04  0.67488353255672D-03  -.63492590417103D-03
  -.42634498730316D-04  0.51647478533816D-03  0.98817403480998D-03
  0.24670557460471D-04  -.18564867590479D-03  0.19340753615914D-03
  -.57859655265788D-05  0.20635659614135D-04  0.19961167970447D-04
  -.58226371150690D-03  -.44225970177001D-03  0.90875733532097D-03
  0.64347960187159D-03  -.31859461984504D-03  0.90699652029605D-03
  0.33560410242898D-05  -.20033085911959D-04  0.36493790101434D-05
  0.18472301096765D-04  0.12826423309222D-04  0.87983957990838D-05
  0.22617874839758D-05  -.26564052874817D-04  0.14987324076976D-04
  -.53871057965315D-05  -.20997784726328D-04  0.39782600650112D-05
  -.20207551678891D-05  -.31829278420718D-04  0.15168528686875D-04
  -.28688725911270D-04  0.58821866889274D-05  0.11439779989459D-04
  0.13238005261302D-04  -.38751246641392D-04  0.37885269804978D-05
  -.69770554016744D-05  0.70584553980208D-05  0.31395389487625D-04
  0.41182931168646D-05  0.95684791866183D-05  0.13812981691704D-04
  0.33642841664867D-03  -.36587478867203D-04  0.52385501743867D-03
  -.32469240143411D-03  -.86340333696695D-04  0.55703195796671D-03
  0.16656493824734D-04  -.23090858136676D-03  0.29559103821845D-03
  0.59624242312990D-05  -.14335309719537D-03  0.11184046141289D-03
  0.38991511083471D-04  -.47682162939517D-03  0.12584699228504D-03
  0.39750183963782D-04  -.44273782060152D-03  0.40584011338934D-03
  -.75000429488420D-04  0.80371521862393D-03  -.42331647068606D-02
  -.32039261983222D-04  0.22810093785280D-03  0.20727936516056D-02
  cycle =      9    SCF energy =    -1371.5486619350   |dE/dxyz| =  0.006240
    0.30107465486907     -3.37469068908538      3.17031785227118      c
   -0.07977487183885      0.89067376984388      4.56706374132737      c
   -0.01812599291150      0.20730687138134      7.04852628140991      c
    0.37541072430976     -4.20972243889865      5.74417591233876      c
    0.21154479754432     -2.38044818534182      7.83586267635395      c
    0.27525495662020     -3.10713373366063     10.37217153934622      c
    0.13593343046065     -1.49777695407206     12.49798043239716      c
   -0.25205005301000      2.87843776968198     21.96275634579699      c
    0.00208333407858      0.01238751536795     21.78940252122997      c
    0.08263777378746     -0.91662908214519     24.25182295385905      c
   -0.10443357353840      1.18325649372338     25.98852997479036      c
   -0.11635103861610      1.27275442230472     28.60485493233487      c
   -0.00318022005339      0.02073745612009     -0.04505292402692      c
    0.06961908847908     -0.79459135006370      2.60945585153071      n
    2.04277206063267      4.31220648199239     20.92858809694441      c
   -2.76435489859167      3.88464561581799     20.92856916682746      c
   -0.29291504093530      3.33974090205565     24.67850057730059      o
    0.31328115908556     -3.52420690664700     24.85585632167713      c
    0.07420081833665     -0.93614105045932     30.14389039215196      c
   -0.33108623782223      3.66042215272909     29.85280298603446      c
    0.50534646792220     -5.69030726187227     25.16637715652616      n
    0.22311179320138     -2.68032380666852     31.46960990029406      n
   -0.50564476914184      5.58955237342570     30.88850133768817      n
    0.20661170396194     -2.31896503694247     14.97911427859176      c
    0.06540224875131     -0.68519353767371     17.09319404804542      c
    0.13443197691863     -1.49137941042790     19.57643517273578      c
   -0.25719875377369      2.85900970053691     -0.49153499615324      c
    0.46333669434278     -5.17595407760430      1.20657372298408      c
    0.69360246426109     -7.73895687317712      1.73400230354579      c
    0.76915876285209     -8.58339251462877      4.24258221589003      c
    0.61174075630270     -6.83494566507949      6.18912330773854      c
   -0.25638601467863      2.87506633303859      4.05553804276897      h
   -0.15143055466731      1.71201998346511      8.44905357666159      h
    0.45026748004997     -5.11587424215710     10.80896274903625      h
   -0.04009395081564      0.54466396931533     12.19730383786856      h
    1.73269516762128     -0.60960305608406     -1.00884913904204      h
   -1.59949721203441     -0.90739904605565     -1.00864163299029      h
    2.16909461598271      4.13915331248408     18.86235004616853      h
    1.87623150257380      6.32539887098424     21.42168604359717      h
    3.79895034416994      3.57236568749027     21.75871422671078      h
   -2.85809842599969      3.69236990283372     18.86213127439389      h
   -4.36267900073725      2.84694045040035     21.75921784322349      h
   -2.95591394874332      5.89570196979367     21.42140227352939      h
    0.38154996198661     -4.35074819522956     15.34776671123652      h
   -0.10883913288523      1.33600089279464     16.68078207126539      h
    0.31127164398957     -3.52705460725686     19.90827406638532      h
   -2.01134618364563      3.57176269913072      0.39655321476618      h
    1.34311994633725      3.87170374729132      0.39600659826606      h
    0.41032506198864     -4.58102752798818     -0.76079808058513      h
    0.81530401059731     -9.08962471044051      0.17619938382726      h
    0.95021841903891    -10.59636759197230      4.66846296550107      h
    0.67412407988031     -7.52430480403173      8.13000056320945      h
   -0.28678612457730      3.17667084755241     -3.13038614520657      o
   -0.44531113828516      4.96015295591814     -3.49501098225646      h
  -.74424138258368D-04  0.81350379028744D-03  -.10477025131675D-02
  0.66795539849333D-04  -.78140304044669D-03  0.26486853241523D-03
  -.19601758282117D-04  0.24214623677265D-03  -.12941818391740D-02
  -.66169700520255D-04  0.74969163562801D-03  -.43409159386105D-03
  0.64992176943292D-04  -.69920357020937D-03  0.57288334123168D-03
  0.52631904105281D-05  -.79443149912874D-05  0.38709394368172D-03
  0.26115770328965D-04  -.28488893046379D-03  0.16383912339911D-03
  -.25598997014403D-05  0.10986506753605D-05  -.16286422000720D-04
  0.26812263350935D-05  -.39162378588295D-04  -.10129988911129D-03
  -.10945906352088D-04  0.14347723235977D-03  0.41367256632274D-04
  0.54699917455750D-05  -.29912172853156D-04  -.38486730466813D-04
  -.31858535706933D-05  0.13225954288900D-03  -.30887582547860D-03
  -.18412310767624D-04  0.10333864545274D-03  -.54688553091675D-03
  -.95410269468291D-04  0.11132941638010D-02  0.45257257655422D-03
  0.16633123388839D-04  0.12142953985916D-04  0.18630219265125D-04
  -.24658253793258D-04  0.65366769428167D-05  0.19434863234498D-04
  -.40783358114181D-05  0.23501739179348D-04  -.11196471351607D-04
  0.67449764762523D-04  -.71767082555442D-03  0.13219242977112D-03
  0.18714515707454D-03  -.20097297721935D-02  0.15053760691170D-02
  -.10895376179113D-03  0.12939603795818D-02  0.75809962025023D-03
  -.45362439212547D-04  0.58296097208112D-03  -.98503464006232D-04
  -.12137912023737D-03  0.16774080687700D-02  -.12916467738408D-02
  0.11187468730754D-03  -.11326983370093D-02  -.55776608978200D-03
  -.79331463340301D-05  0.14077943177944D-03  0.87066199269827D-05
  0.43922793624635D-05  -.59454929445356D-04  0.42886291920715D-04
  -.71188631401858D-05  0.91335165322012D-04  0.11494075806519D-03
  0.19138166172349D-04  0.13255126930718D-03  -.18130090554283D-02
  -.39455118445047D-04  0.39797669092075D-03  0.72118369367545D-03
  0.32470851941326D-04  -.41795252944824D-03  -.25271922953052D-04
  0.30506798292927D-04  -.37724302757758D-03  0.50860823802485D-03
  0.40775595528626D-04  -.46065458540869D-03  0.42806363994046D-04
  -.40100428536809D-04  0.42373341060670D-03  -.95820498177786D-05
  -.10619458580816D-04  0.15830509759893D-03  0.63276215484629D-03
  0.27166001167116D-04  -.21459587228239D-03  0.25177181129903D-03
  -.57570406431602D-05  0.20987631501668D-04  0.10413353635482D-04
  -.18508355817579D-03  0.20891929614910D-03  0.18682194534505D-04
  0.14867852271603D-03  0.26066271096592D-03  0.19324026708086D-04
  0.79822564934876D-05  -.16338549307465D-04  -.13726839989957D-04
  0.17494594140840D-04  0.15154971075050D-05  0.36949444433963D-05
  -.11602388072012D-04  -.21884191532335D-04  0.88557857659944D-05
  -.10771873679138D-04  -.18150077923684D-04  -.13532268129007D-04
  0.10522438267910D-04  -.24753998232425D-04  0.89549696789342D-05
  -.25735397895918D-04  -.51405470381246D-05  0.62505051350017D-05
  0.16725193314201D-04  -.80581459123855D-04  0.50852004908566D-04
  -.77940046152368D-05  0.17234053735199D-04  0.17801445875083D-04
  0.59808840230358D-05  -.12299999062518D-04  0.19211534804100D-04
  0.13685856449150D-02  -.39043505975285D-03  -.32389307649653D-03
  -.12963362590941D-02  -.63563877694349D-03  -.29096789344673D-03
  0.15646062935043D-04  -.21517461394516D-03  0.14867145127955D-03
  0.18143389878160D-04  -.27896660878303D-03  0.11723775069032D-03
  0.40287377889432D-04  -.49100377356341D-03  0.13257922226309D-03
  0.53350236450163D-04  -.59207422231285D-03  0.52927265617024D-03
  0.46617961794208D-04  -.61658902656450D-03  -.20275804548769D-04
  -.18325164565874D-03  0.19335657943363D-02  0.42412128786744D-03
  cycle =     10    SCF energy =    -1371.5486773010   |dE/dxyz| =  0.012166
    0.30118626495548     -3.37591911270902      3.17175359019275      c
   -0.07996371384416      0.89272018963505      4.56657524879916      c
   -0.01818340269443      0.20771196551833      7.04878851191939      c
    0.37541668797676     -4.20987887913877      5.74370191161812      c
    0.21135846979187     -2.37855838268213      7.83394475755823      c
    0.27518502459220     -3.10664055224833     10.37064258328107      c
    0.13587611453074     -1.49717326887640     12.49726937740765      c
   -0.25201556015584      2.87839075597174     21.96280435660491      c
    0.00210601742783      0.01243104618429     21.78949626804146      c
    0.08264720129000     -0.91652044763127     24.25170030412221      c
   -0.10442664028215      1.18328931565528     25.98859196110890      c
   -0.11634431224776      1.27241201048103     28.60526245998753      c
   -0.00294787925370      0.01822204769306     -0.04253360231795      c
    0.06981402757993     -0.79694980082638      2.60796812570412      n
    2.04270289110802      4.31220315686373     20.92851626747915      c
   -2.76422737708390      3.88466298606723     20.92850035400264      c
   -0.29287275357589      3.33962480744085     24.67856023573829      o
    0.31343281287086     -3.52582214342849     24.85607563540368      c
    0.07388981861503     -0.93325671164936     30.14175976647356      c
   -0.33104364758963      3.65963469419754     29.85218078473778      c
    0.50522071719268     -5.68895544258743     25.16621511579939      n
    0.22321435883281     -2.68273568080417     31.47151563676639      n
   -0.50576375076627      5.59049258825079     30.88855095090915      n
    0.20661568710600     -2.31918698667898     14.97895107742790      c
    0.06540857512190     -0.68505499669798     17.09288963980158      c
    0.13445920864696     -1.49154663504595     19.57620093863090      c
   -0.25709548109214      2.85664993897181     -0.48185549936253      c
    0.46330895381863     -5.17542739148001      1.20431167144241      c
    0.69346517737816     -7.73708701177934      1.73358955370547      c
    0.76902574780835     -8.58164069659836      4.24110779490364      c
    0.61156190255551     -6.83287532237379      6.18806795880831      c
   -0.25650344116687      2.87634651934110      4.05695070511002      h
   -0.15145327698158      1.71195968395320      8.44703427485526      h
    0.45015384762375     -5.11509527324707     10.80799174464267      h
   -0.04007264976602      0.54474102701383     12.19728063740151      h
    1.73315031032463     -0.60317426800377     -1.01411292138618      h
   -1.60107167013112     -0.90121803698991     -1.01388404607770      h
    2.16903321150767      4.13925228667077     18.86233221265656      h
    1.87606810024660      6.32539795242487     21.42166147959010      h
    3.79895909532444      3.57249430338189     21.75864064429047      h
   -2.85800679869213      3.69247459435510     18.86211870551432      h
   -4.36265409549575      2.84708698003519     21.75915864930910      h
   -2.95568469861374      5.89574315177287     21.42136902481777      h
    0.38148341511050     -4.35056001432171     15.34762476534492      h
   -0.10879310467613      1.33604265055893     16.68069267821100      h
    0.31126040518954     -3.52704305872548     19.90805681635945      h
   -2.01256632841743      3.56897043754608      0.40371255907405      h
    1.34481430492723      3.86911381540609      0.40308219148076      h
    0.41022017043465     -4.57968597601003     -0.76198483178578      h
    0.81522597958331     -9.08825477965737      0.17592582227546      h
    0.95010506585037    -10.59471612572636      4.66790373558281      h
    0.67393980114232     -7.52212338694874      8.12788125126438      h
   -0.28622261295713      3.16934087998160     -3.12086437102624      o
   -0.44418540734904      4.94803138930357     -3.50290187607716      h
  -.61286350163021D-04  0.67205711139162D-03  0.53470080792268D-03
  -.91088160941995D-04  0.10041238649666D-02  0.32873393269294D-03
  0.10331030120327D-04  -.94220077633386D-04  0.21074881497969D-03
  0.72341703347653D-05  -.72276367899533D-04  -.64525261057263D-03
  -.21635850351430D-04  0.28007184785803D-03  -.20469887592640D-03
  0.43333727933694D-04  -.44544648344239D-03  0.29853988942093D-03
  -.19243589535364D-04  0.24308204916281D-03  0.36717974613805D-04
  -.32175107479559D-05  0.73188460554981D-05  0.11095184680696D-04
  -.68286333340854D-05  0.71573270304419D-04  0.42827220478397D-04
  -.53495092656338D-04  0.62849774759815D-03  -.20631792828263D-03
  -.60076880444210D-05  0.94062354385716D-04  0.19010576290795D-03
  0.67301143522110D-04  -.69652246352432D-03  0.60186019638738D-03
  0.60379727027155D-04  -.53285649359584D-03  0.36277147267124D-03
  -.18125110151714D-04  0.21310034417159D-03  -.13770647370135D-02
  -.31234985481116D-05  -.52949204518282D-05  -.25716093854413D-04
  -.20779675480059D-05  -.75421004737674D-05  -.25217074958734D-04
  -.27029438734401D-06  -.18055737667428D-04  -.47186077374402D-04
  0.44117185843118D-03  -.49318150890975D-02  0.78631094146673D-03
  -.46316424679692D-03  0.55982905394600D-02  -.42109258320384D-02
  0.10630924068921D-03  -.10884706134030D-02  -.51034204537101D-03
  -.36759026478129D-03  0.42162529579455D-02  -.61375870715756D-03
  0.42776515235751D-03  -.47480304061795D-02  0.35976131702013D-02
  -.69979727302529D-04  0.87868474702118D-03  0.52703153185908D-03
  0.20565523501532D-04  -.19329900422743D-03  0.36420004196083D-03
  -.83550388741876D-05  0.90659951624027D-04  -.34005637990371D-04
  0.88887266606647D-05  -.93970272613207D-04  0.75337689107355D-04
  0.23416056151591D-04  -.38938069494939D-03  -.95352102249879D-03
  -.76387339745681D-05  0.50835147486452D-04  -.41227259195758D-03
  -.11221696549618D-04  0.68154166993252D-04  0.66966119813791D-03
  0.28363676905663D-04  -.35324790481230D-03  -.14265805562666D-03
  -.42362056826065D-04  0.46235515599929D-03  0.22383543330400D-03
  -.14855110353398D-04  0.13517680772534D-03  0.23745065624420D-03
  0.27311884172245D-04  -.26913802577220D-03  0.60235826943434D-04
  0.22154656808843D-04  -.15909257057906D-03  0.31053268253301D-03
  0.12361643239408D-04  -.18775512695844D-03  0.47827697763090D-04
  0.73728631480038D-04  0.48654983514576D-03  -.42222039554242D-03
  -.16656271423717D-03  0.48610892112344D-03  -.42726447787281D-03
  0.12705409791736D-04  -.78762493239245D-05  0.41942939348476D-05
  0.15867916226229D-04  0.75274933289718D-05  0.61799616319790D-05
  -.73116337475401D-05  -.22676381099128D-04  0.13539001465921D-04
  -.17043419537995D-04  -.10609516197052D-04  0.46870762423922D-05
  0.64028111816100D-05  -.26231973390337D-04  0.13608535813684D-04
  -.25238744923063D-04  0.13819724308135D-05  0.87617297803936D-05
  0.53748844931100D-05  0.49907827647156D-04  0.44202056327045D-04
  -.44206412534547D-05  -.20718329874703D-04  0.36590213748188D-04
  0.12071514043645D-05  0.42441444167306D-04  0.17454146174907D-04
  0.12613181355108D-02  -.44963777318891D-03  -.45345255207980D-03
  -.11511366308157D-02  -.66592497444273D-03  -.40978944129501D-03
  0.24281520629122D-04  -.30948720278866D-03  0.36497233251606D-03
  0.18369935524109D-04  -.28058098064371D-03  0.65136385774388D-04
  0.49653668858103D-04  -.59498402462990D-03  0.20295120555731D-03
  0.38879904597783D-04  -.43061864889448D-03  0.17756803185256D-03
  -.91120424630986D-05  0.59750105097588D-04  0.70392418668612D-03
  -.12762708712816D-03  0.13103277941738D-02  -.15793517694439D-03
  cycle =     11    SCF energy =    -1371.5487067070   |dE/dxyz| =  0.007528
    0.30134703853484     -3.37770211793531      3.17256252545706      c
   -0.07999675167191      0.89304566625305      4.56657495662622      c
   -0.01822939093576      0.20803947288359      7.04876834323252      c
    0.37543858198088     -4.21019050783852      5.74417489548686      c
    0.21124407096582     -2.37744461086794      7.83291049915766      c
    0.27510032621061     -3.10591093171246     10.36927432140719      c
    0.13585088360595     -1.49692939021766     12.49668686527157      c
   -0.25198792171630      2.87835350238381     21.96282348933573      c
    0.00212891489160      0.01240472142442     21.78952723321994      c
    0.08270702861804     -0.91703703285916     24.25179225367950      c
   -0.10441487445409      1.18324414782188     25.98846409217705      c
   -0.11639246514220      1.27276464679079     28.60506262587404      c
   -0.00286008080350      0.01718534593611     -0.04137270308857      c
    0.06994073450767     -0.79852979333117      2.60757695889522      n
    2.04266090658139      4.31220329552962     20.92848112278332      c
   -2.76413868253865      3.88467753574452     20.92846787429868      c
   -0.29284127183721      3.33955565150262     24.67863873371431      o
    0.31313690760031     -3.52241289465359     24.85550161743836      c
    0.07406006792213     -0.93585208091537     30.14373987049206      c
   -0.33108117109259      3.65980253757644     29.85206779291045      c
    0.50547596977085     -5.69188311028901     25.16666296161694      n
    0.22294145018759     -2.68050919416554     31.46987800178769      n
   -0.50579810992320      5.59056475454095     30.88824244842516      n
    0.20660421495538     -2.31919170688333     14.97858662192924      c
    0.06542171167503     -0.68504210399352     17.09267034177131      c
    0.13447419891095     -1.49159914752602     19.57597538175781      c
   -0.25712148907277      2.85608370662478     -0.47527201050538      c
    0.46330432282178     -5.17521229387274      1.20302787025039      c
    0.69339515665059     -7.73603086209878      1.73276893053206      c
    0.76890292387135     -8.58004933686991      4.24013590502413      c
    0.61149147246843     -6.83202089475572      6.18727417620608      c
   -0.25655882282981      2.87694379631066      4.05750193907833      h
   -0.15149743956262      1.71219947287278      8.44563267634767      h
    0.45005731866091     -5.11440522465863     10.80703023929912      h
   -0.04006867500699      0.54495171901577     12.19721930767636      h
    1.73325792250151     -0.59968426962339     -1.01684507195958      h
   -1.60179128342334     -0.89787018537147     -1.01659815618719      h
    2.16898072346666      4.13932500332646     18.86232349588391      h
    1.87594789323182      6.32539446708475     21.42163993020829      h
    3.79897972133793      3.57259950323132     21.75857981930663      h
   -2.85792832066757      3.69255236476013     18.86211439926109      h
   -4.36264742339541      2.84720387544481     21.75910932858699      h
   -2.95551108066476      5.89577154511945     21.42134062059660      h
    0.38143486232716     -4.35045720531606     15.34747213092096      h
   -0.10875669215661      1.33607927405628     16.68060043711142      h
    0.31125405614505     -3.52706152107942     19.90789607878017      h
   -2.01504325707738      3.56772312711017      0.40909467444034      h
    1.34746428660885      3.86829649993198      0.40836591700727      h
    0.41012625626721     -4.57850911968843     -0.76306229057021      h
    0.81515402838138     -9.08705367873042      0.17565617826149      h
    0.94998142814132    -10.59302720790391      4.66733491677886      h
    0.67377662629298     -7.52020792883761      8.12625111601668      h
   -0.28582938555838      3.16430149843238     -3.11615302751789      o
   -0.44333665293099      4.93889801209480     -3.50740506836884      h
  -.51108664651043D-05  0.53286594813349D-04  0.11132482118724D-02
  -.13038814839959D-03  0.14586317680054D-02  0.66622279802358D-03
  0.13855011757712D-04  -.13816208268697D-03  0.73390624852814D-03
  0.44404503457938D-04  -.49159781907210D-03  -.34590836663699D-03
  -.58406618988569D-04  0.69590886147768D-03  -.49479537396873D-03
  0.44102399905474D-04  -.45333876824344D-03  -.46825108445197D-04
  -.27680092013171D-04  0.34166315712629D-03  0.30329024221628D-04
  -.24116733728647D-05  -.21516203948868D-05  0.21356481274313D-05
  -.64588861730326D-05  0.69561269783662D-04  0.21419713500101D-03
  0.55368226367039D-04  -.60164431926478D-03  0.10249672777635D-03
  -.93804383002736D-06  0.41368810435610D-04  -.15431407590408D-03
  -.16233233631572D-04  0.27255825655765D-03  0.42836551385767D-04
  0.98932703996425D-04  -.84503714910914D-03  0.46765110208893D-03
  -.31392107684237D-05  0.20788249592003D-04  -.20962599179866D-02
  -.12844908417081D-04  -.11854140999420D-04  -.38186802461341D-04
  0.87276759941412D-05  -.12548065000789D-04  -.37782657394828D-04
  0.64634618725420D-06  -.29651111782355D-04  0.53496250240071D-04
  -.36684648239680D-03  0.41892533906808D-02  -.63854197051135D-03
  0.12220281563936D-03  -.12527985050737D-02  0.93879825237862D-03
  0.77638647111094D-04  -.76952217588757D-03  -.37629829396404D-03
  0.32098488713988D-03  -.35541215981083D-02  0.50370168625910D-03
  -.68482091008606D-04  0.10576650975040D-02  -.82276091590543D-03
  -.49122120804864D-04  0.64794972859068D-03  0.40170757152487D-03
  0.27016195587659D-04  -.26963309515417D-03  0.45507297062027D-03
  -.99504390947154D-05  0.10835295893298D-03  0.30091716836146D-04
  0.14922811082035D-04  -.16114655500816D-03  -.34250247668572D-04
  0.24602003391822D-04  -.69114893836235D-03  -.19843674140068D-03
  0.72838586548018D-05  -.11270657920405D-03  -.69325475015974D-03
  -.27378266301634D-04  0.24910914398568D-03  0.73500845376597D-03
  0.53786349433016D-05  -.97333350492108D-04  -.22963280243392D-03
  -.58352416845886D-04  0.63999885586792D-03  0.19593076647910D-03
  -.25572076210377D-04  0.25140424531219D-03  0.28704298069135D-03
  0.46015001606412D-04  -.48090014532928D-03  -.24014093873461D-03
  0.25066371510191D-04  -.19389693206620D-03  0.36011160704330D-03
  0.15897637497003D-04  -.22775414702167D-03  0.57282555053463D-04
  0.18577367086780D-03  0.59543914627075D-03  -.63932980590374D-03
  -.30129025183373D-03  0.57155813112094D-03  -.64634495586176D-03
  0.12639688718242D-04  -.45245399326354D-05  0.19594413273974D-04
  0.15529394809458D-04  0.63412441549268D-05  0.49369085519136D-05
  -.98568786117803D-05  -.20291376662948D-04  0.12458349653517D-04
  -.17617450678455D-04  -.73265082375258D-05  0.20326117486196D-04
  0.83844514964467D-05  -.23353219023486D-04  0.12394454233701D-04
  -.24728434803330D-04  0.45690624930949D-06  0.75303945915552D-05
  0.24722151413854D-05  0.82620562797124D-04  0.56498020851750D-04
  -.37086087515423D-05  -.27973269341818D-04  0.43220552461285D-04
  -.10150530119519D-05  0.66999718482918D-04  0.10769614339826D-04
  0.75680250272126D-03  -.39834159508132D-03  -.29794938961269D-03
  -.64680826820568D-03  -.52007602049809D-03  -.25214380671817D-03
  0.24976082516747D-04  -.31721658460239D-03  0.30021320497387D-03
  0.44604041134041D-05  -.12580395192370D-03  0.18725889682222D-03
  0.48468777857151D-04  -.58167682137336D-03  0.22902431724706D-03
  0.17122211725708D-04  -.18821387146871D-03  -.18468083384800D-03
  -.90909418731129D-04  0.10324443047773D-02  0.31917425185693D-03
  -.29856913489719D-04  0.21015757000708D-03  -.24678117638079D-03
  cycle =     12    SCF energy =    -1371.5487273440   |dE/dxyz| =  0.003353
    0.30136819973426     -3.37794989810587      3.17128342547829      c
   -0.07982750291593      0.89115149267784      4.56552699220769      c
   -0.01822252441275      0.20797057279967      7.04863578770724      c
    0.37541669848320     -4.20993498282544      5.74503811066907      c
    0.21133308841674     -2.37845616470371      7.83371343611107      c
    0.27506047177552     -3.10544542736610     10.36945805088870      c
    0.13589009688830     -1.49738399541626     12.49680683318966      c
   -0.25198913680611      2.87836750797812     21.96281299064380      c
    0.00213524517476      0.01231990524870     21.78936028250134      c
    0.08268812071643     -0.91684508972963     24.25175501800735      c
   -0.10440943503120      1.18317183989005     25.98860757814760      c
   -0.11638881582442      1.27272814989096     28.60496798166262      c
   -0.00299055409174      0.01827644567083     -0.04204830121900      c
    0.06994592678362     -0.79858715471961      2.61049179679398      n
    2.04268764549957      4.31221173467904     20.92853669000593      c
   -2.76416642843903      3.88468187413386     20.92852401867994      c
   -0.29284755445621      3.33962162668558     24.67857388783086      o
    0.31323426607461     -3.52352437253944     24.85564757853720      c
    0.07402976664950     -0.93549343090442     30.14346126248934      c
   -0.33108435362636      3.65984575637622     29.85205293879179      c
    0.50539252997009     -5.69093187615259     25.16653045796611      n
    0.22296771360341     -2.68080677092862     31.47010765258763      n
   -0.50579152652993      5.59048071701894     30.88823078163939      n
    0.20657614503709     -2.31886111436175     14.97799060406155      c
    0.06543347043558     -0.68518440267248     17.09275401987606      c
    0.13445773954953     -1.49140970277439     19.57595246926119      c
   -0.25722144558589      2.85776573740392     -0.47699763491105      c
    0.46332393486315     -5.17544948180903      1.20417022931751      c
    0.69344284921917     -7.73655690662321      1.73191418631544      c
    0.76891480923964     -8.58017217048338      4.24058224794049      c
    0.61159052013283     -6.83311267773011      6.18724337931347      c
   -0.25647705211925      2.87603936237757      4.05679123933135      h
   -0.15154149091945      1.71269069080052      8.44608643707615      h
    0.45004578115260     -5.11426609840089     10.80670825335063      h
   -0.04009188141370      0.54521421238407     12.19714212979170      h
    1.73303642893844     -0.60232271298196     -1.01464508010951      h
   -1.60110492650981     -0.90044785692320     -1.01439402038619      h
    2.16897991028533      4.13931446048792     18.86231035314323      h
    1.87596685396806      6.32538395770571     21.42163493167244      h
    3.79899782403948      3.57260416477705     21.75857423167799      h
   -2.85792479929497      3.69254178462059     18.86210130476734      h
   -4.36266550124654      2.84720472507308     21.75910373788562      h
   -2.95552816074929      5.89575763053578     21.42133575085659      h
    0.38144599840920     -4.35057259830841     15.34741411664325      h
   -0.10875861641527      1.33609535883885     16.68055557983219      h
    0.31126155242520     -3.52714206426536     19.90792815917425      h
   -2.01648623970111      3.56926655770707      0.40747051638070      h
    1.34857313491921      3.87008587549784      0.40668503193277      h
    0.41011121494640     -4.57835332485591     -0.76324200110485      h
    0.81515679859561     -9.08708819692099      0.17545541509185      h
    0.94993031685133    -10.59245832615018      4.66712045985553      h
    0.67377523172616     -7.52020118704474      8.12671934693813      h
   -0.28590229340427      3.16536368734170     -3.11847388712482      o
   -0.44353928137888      4.94114294890538     -3.50529317104544      h
  0.19991770652467D-05  -.23300209572416D-04  -.69359159237149D-03
  -.18300368008818D-04  0.19418064083930D-03  -.74644158917243D-03
  -.18302733040400D-05  0.36122382441778D-04  0.44290442301458D-03
  -.16834347598901D-04  0.19311127483075D-03  0.37021619536654D-03
  0.17411197914313D-04  -.16156547648931D-03  -.28182492766047D-04
  -.45354687806059D-05  0.10718808846669D-03  -.27034311060895D-03
  0.26595868813998D-04  -.28923866435934D-03  0.27626346551019D-03
  -.41182361697245D-05  0.19372457781131D-04  0.32617054865249D-05
  0.11205149048354D-06  -.66924169097704D-05  0.41783425582325D-04
  0.18029211123024D-04  -.18041827230823D-03  0.60189955071837D-04
  0.23374936088572D-05  0.18594484521321D-05  0.83974110804729D-04
  -.51565962731970D-05  0.14647976342117D-03  -.17096305167715D-04
  0.45742805953891D-04  -.51908255582035D-03  -.46708749004539D-03
  -.40088138307846D-04  0.46103969691292D-03  0.63322322422701D-03
  -.12904015737965D-06  -.46244812216604D-05  0.37151918011628D-05
  -.52014766549304D-05  -.72132092989650D-05  0.45513312283111D-05
  -.45378939221464D-05  0.28919466772300D-04  -.11932772238419D-04
  -.10319001967484D-03  0.12131328737970D-02  -.17814706036101D-03
  0.42593067082777D-04  -.32126169370277D-03  0.23467007150628D-03
  0.68356889970681D-04  -.66644555514714D-03  -.31170703124849D-03
  0.97355852240671D-04  -.10302758105406D-02  0.13930626653209D-03
  0.73485396641630D-06  0.24824606400324D-03  -.20590626440577D-03
  -.40022326791840D-04  0.54677272432618D-03  0.34683372716852D-03
  -.50386068874718D-05  0.10485078692516D-03  -.10878165062482D-03
  0.13857511047577D-05  -.24532362358746D-04  0.22057945087134D-03
  -.60367642587112D-05  0.79901928355046D-04  -.19148077075357D-04
  0.42230916750253D-04  -.41309182678857D-03  -.39777886784811D-03
  0.22720881348855D-05  -.61271318934437D-04  0.63718617651270D-03
  -.14828912274297D-04  0.11209045156799D-03  -.18373828035998D-03
  0.41830688946035D-05  -.84012210927462D-04  0.57800576761220D-03
  0.15992134373837D-04  -.18673873153513D-03  -.12923926126188D-03
  -.51437982077113D-04  0.54428020648856D-03  0.26217491337683D-03
  0.28801986810702D-04  -.28869784273882D-03  0.61884087680174D-05
  0.29818446691358D-04  -.24737998812095D-03  0.31670124539926D-03
  -.41696048049496D-05  0.43694761632846D-05  0.18682715079888D-04
  0.12194791172308D-03  0.42457658206619D-03  -.54334687426811D-03
  -.19398318377071D-03  0.41640790809624D-03  -.54329773369484D-03
  0.12367825522840D-04  -.70135910022272D-05  -.60188011441140D-05
  0.15100691436280D-04  -.17676076428416D-05  0.77230473634569D-06
  -.12101034556833D-04  -.17803551888237D-04  0.76288014440919D-05
  -.16890470384238D-04  -.97567164159201D-05  -.55253030344752D-05
  0.10148205285444D-04  -.20557577986000D-04  0.75770917610460D-05
  -.22854382886527D-04  -.77654061338005D-05  0.32853533254627D-05
  0.17080692729006D-04  -.86521125270796D-04  0.10633821616193D-03
  -.82208216660265D-05  0.24348087961426D-04  0.19842733297434D-04
  0.77975873918543D-05  -.33969464316064D-04  0.29484853977039D-04
  0.40440082343429D-03  -.31115538460200D-03  -.15668397991790D-03
  -.34777088066071D-03  -.38505865900712D-03  -.12868635636749D-03
  0.11335544979320D-04  -.16771657017967D-03  -.14858221876681D-03
  -.90962921003193D-05  0.23581582664678D-04  0.39446199300591D-03
  0.21946716157593D-04  -.28687220429630D-03  0.14622280651948D-03
  0.10555996947421D-04  -.11501053305688D-03  -.13870611499242D-03
  -.68400152394352D-04  0.76663556860387D-03  -.36800491724088D-04
  -.40065556364778D-04  0.32398254277078D-03  -.19688279763589D-04
  cycle =     13    SCF energy =    -1371.5487392970   |dE/dxyz| =  0.002850
    0.30140404607481     -3.37837988407481      3.17225649814177      c
   -0.07971715237448      0.88988650121019      4.56592191480074      c
   -0.01821543029517      0.20779738790453      7.04813726683520      c
    0.37545315857849     -4.21036100442173      5.74489337437668      c
    0.21132257854149     -2.37845507328218      7.83394726149738      c
    0.27503393743038     -3.10528262393926     10.36991100578174      c
    0.13584842686090     -1.49692870549712     12.49620963342698      c
   -0.25197076747600      2.87832632424213     21.96280300271124      c
    0.00214961748557      0.01227978910831     21.78924599060947      c
    0.08268448037693     -0.91674384919722     24.25164081251461      c
   -0.10439905918806      1.18309293087059     25.98848094428833      c
   -0.11638504772861      1.27256778813802     28.60495891193611      c
   -0.00312811012190      0.01948635040329     -0.04073420749982      c
    0.07009913891425     -0.80041626712793      2.61122344503401      n
    2.04269804384953      4.31222512810822     20.92855635422039      c
   -2.76414948699854      3.88469831336196     20.92854568072725      c
   -0.29283030949232      3.33959560669357     24.67857468124785      o
    0.31327483937166     -3.52396255461611     24.85565281807953      c
    0.07397167559958     -0.93517647829176     30.14322775473541      c
   -0.33116715026337      3.66062060068922     29.85228545700215      c
    0.50535856558689     -5.69055953946376     25.16650122386156      n
    0.22293568706219     -2.68101217131015     31.47030598884842      n
   -0.50575496489636      5.58986735040443     30.88774670255743      n
    0.20657356122152     -2.31891076573482     14.97769870814141      c
    0.06544303517525     -0.68519993150417     17.09233362150731      c
    0.13447195157074     -1.49150103856263     19.57585499300010      c
   -0.25739326011398      2.85965313105737     -0.47584430460234      c
    0.46333985024910     -5.17555410642789      1.20317550294202      c
    0.69347830460012     -7.73677802194547      1.73160846019675      c
    0.76889530979571     -8.57979996751663      4.23933086714710      c
    0.61159232633251     -6.83307034652941      6.18732401700863      c
   -0.25630511254193      2.87411841258645      4.05588140319162      h
   -0.15163773121865      1.71361148686793      8.44595837839763      h
    0.44995431227330     -5.11346250418204     10.80557502852618      h
   -0.04009608113670      0.54540939327074     12.19702979469275      h
    1.73276762210112     -0.60462854203268     -1.01241631289994      h
   -1.60044746095988     -0.90274709535686     -1.01215772876870      h
    2.16894595425493      4.13934011675362     18.86231196457119      h
    1.87592839325780      6.32537687787828     21.42162104974806      h
    3.79904511717345      3.57267131433321     21.75853491365771      h
   -2.85786991422547      3.69257052775551     18.86210586622376      h
   -4.36269472235901      2.84727190993324     21.75907165120845      h
   -2.95545584249007      5.89576391477390     21.42131801028525      h
    0.38141075412125     -4.35042279737013     15.34709914367972      h
   -0.10873168918762      1.33605395585383     16.68045565246484      h
    0.31125575820521     -3.52712117672076     19.90785098947083      h
   -2.01893373420294      3.57099145969711      0.40712513870717      h
    1.35064174965987      3.87224049899460      0.40621070138123      h
    0.41005368472568     -4.57764732566276     -0.76324331017944      h
    0.81516514042450     -9.08693667668414      0.17435163804594      h
    0.94982192406703    -10.59105702794638      4.66652151471266      h
    0.67371844433090     -7.51952324874342      8.12699043770123      h
   -0.28578140977609      3.16399188196512     -3.11832460412225      o
   -0.44346218859359      4.94047056309601     -3.50487211364777      h
  -.38732015412725D-04  0.42712522742226D-03  0.20322713534893D-03
  -.13278115198540D-04  0.14548041996835D-03  -.24028236396075D-03
  0.73052145325648D-05  -.71893031590903D-04  -.41656411365576D-03
  -.52932895378035D-05  0.66388406974770D-04  -.13119536056841D-03
  0.11320684626237D-04  -.95180525407136D-04  0.68825161983418D-04
  0.17111229091598D-04  -.14104463278227D-03  0.22014750930956D-03
  0.13325777700628D-04  -.13527580760416D-03  -.16571146296274D-03
  -.24054360178842D-05  -.24642458705531D-06  0.92750370283459D-05
  0.40640862200083D-06  -.97034800177926D-05  0.59394800229240D-04
  -.21887979744270D-05  0.48259102094728D-04  0.19028732273806D-04
  0.45121477255103D-05  -.22292270676585D-04  -.70217947543843D-05
  0.28276598326199D-04  -.23240339058144D-03  -.19968031983245D-05
  -.21113854935241D-04  0.13513315499954D-03  -.47781574434901D-03
  0.32984837734257D-04  -.35802109851388D-03  0.51256721325929D-03
  0.73906564814057D-05  0.32761022499602D-05  0.17740538173622D-04
  -.13896614659577D-04  -.57792834100868D-06  0.18704272051286D-04
  -.38910274164364D-05  0.21689613844952D-04  0.95675475227670D-05
  -.11764699384728D-05  0.62797109832054D-04  0.11495750925587D-05
  -.23058364263110D-04  0.44738117170816D-03  -.35902455557372D-03
  -.10792123297333D-03  0.12843940672819D-02  0.72842067171061D-03
  0.11745778526726D-04  -.64676520230918D-04  0.20654462844090D-05
  0.55655122213912D-04  -.39492721682254D-03  0.28423045429132D-03
  0.11198619735278D-03  -.11345491269221D-02  -.55187910886973D-03
  0.10733382217321D-04  -.79552790805817D-04  0.27542398293850D-04
  -.52774183572512D-05  0.52826093547579D-04  0.53870082262513D-04
  0.16066707855790D-05  -.81303576594292D-05  0.10354042664192D-03
  0.34275123844353D-04  -.12203512501958D-03  -.32972583174382D-03
  0.66692407895068D-05  -.10468013313712D-03  -.15743925537445D-03
  0.69831623492631D-05  -.12935705681431D-03  0.44166224958438D-03
  0.23481634552822D-04  -.29672790916702D-03  -.15115235024512D-03
  -.30776561025421D-05  0.23969172733990D-04  0.20212663205520D-03
  -.40872467561766D-04  0.42561252263166D-03  0.25275653193607D-03
  0.31758479915848D-05  -.32127858161296D-05  0.25784683303960D-03
  0.32969098087324D-05  0.59271391108830D-04  0.14726283520911D-03
  0.40618194654330D-05  -.90006398643001D-04  0.61655813543682D-04
  0.22512543556004D-03  0.13026691097112D-03  -.52252886245480D-03
  -.24012820430912D-03  0.10419183436607D-03  -.52021908523465D-03
  0.10749382533435D-04  -.72002717544956D-05  -.95267041858059D-05
  0.15386868971624D-04  -.95834437283574D-05  -.27139245292345D-05
  -.14245576605862D-04  -.14648649179943D-04  0.42573215485270D-05
  -.15243599007489D-04  -.97013414191957D-05  -.89892111677446D-05
  0.11663137782545D-04  -.17128340968402D-04  0.42237401660819D-05
  -.21769901381686D-04  -.15632621094148D-04  -.23981312512281D-06
  0.11610515406678D-04  -.23256965404163D-04  0.10879621137495D-03
  -.59357838543127D-05  -.13321610481832D-05  0.39186662607336D-04
  0.45493145019389D-05  0.33531465208094D-05  0.26843191658537D-04
  -.53740216179598D-04  -.24252683272279D-03  -.77079460113937D-04
  0.75447366435234D-04  -.24168214219135D-03  -.64101322937844D-04
  0.14591186939869D-04  -.20755732068259D-03  0.88319563722006D-04
  -.65314558201358D-05  -.44249350624305D-05  0.26422604907123D-03
  -.74994866942534D-05  0.39872374607059D-04  0.12777525825917D-03
  0.34541791594620D-05  -.36931938814065D-04  -.10399191313069D-03
  -.20303282505547D-04  0.26045909017023D-03  -.21104126932179D-03
  -.68006688135255D-04  0.64077530621697D-03  0.42645738091951D-04
  cycle =     14    SCF energy =    -1371.5487410490   |dE/dxyz| =  0.007205
    0.30155687518642     -3.38013407352744      3.17285098412095      c
   -0.07955441015290      0.88796151160900      4.56654908208785      c
   -0.01824666064806      0.20791622341291      7.04817821217706      c
    0.37549047871563     -4.21084290455662      5.74502980829327      c
    0.21126328630344     -2.37806693541033      7.83381421303209      c
    0.27493124480290     -3.10446677924855     10.36960267077024      c
    0.13576973670586     -1.49608794812202     12.49566711119579      c
   -0.25192833975196      2.87826290222050     21.96277425021330      c
    0.00218244090343      0.01222770461369     21.78892992475310      c
    0.08269244223356     -0.91665505628243     24.25144178754860      c
   -0.10438296213326      1.18302009614084     25.98835365011762      c
   -0.11643695079631      1.27285715601768     28.60490002279912      c
   -0.00324359295872      0.02043531559683     -0.03776892891355      c
    0.07024845693267     -0.80234306109108      2.61142240161616      n
    2.04268674203064      4.31223998911934     20.92853595217833      c
   -2.76406791367482      3.88472658136900     20.92852951976401      c
   -0.29278397713768      3.33949897391052     24.67855991291666      o
    0.31339156157409     -3.52521705268597     24.85573011813901      c
    0.07396000330510     -0.93594859899682     30.14386597220871      c
   -0.33106325175984      3.65910699573874     29.85110291332295      c
    0.50526023454789     -5.68948921705096     25.16639451384740      n
    0.22274602682500     -2.68024923569600     31.46982499114990      n
   -0.50593609008411      5.59136635992015     30.88810818242874      n
    0.20654161179941     -2.31873867645205     14.97705713186528      c
    0.06547654134855     -0.68534474087827     17.09163358145883      c
    0.13449359786142     -1.49157017294994     19.57545352162670      c
   -0.25767134787849      2.86191343285824     -0.47135328069234      c
    0.46333080197320     -5.17526338370477      1.20205758991746      c
    0.69348303286528     -7.73640713364298      1.72987373151960      c
    0.76878740881299     -8.57823026798899      4.23789649703423      c
    0.61158426188064     -6.83283586086829      6.18663535431680      c
   -0.25604006665391      2.87115093812247      4.05448043119894      h
   -0.15178791940285      1.71490979000269      8.44485420323305      h
    0.44980387253182     -5.11236124189072     10.80351542581256      h
   -0.04011100025144      0.54595329281431     12.19672937976380      h
    1.73197084466910     -0.60625358211606     -1.00969740580897      h
   -1.59941031885577     -0.90435931492099     -1.00942423745696      h
    2.16886340979730      4.13941391264988     18.86231837568191      h
    1.87580447259803      6.32538689417663     21.42159912182480      h
    3.79914251927189      3.57282483392386     21.75844962986892      h
   -2.85773821455872      3.69265209452160     18.86211915580883      h
   -4.36274573555151      2.84743016192607     21.75900437308463      h
   -2.95525252519848      5.89581197087518     21.42128631253632      h
    0.38133262714368     -4.35017972843799     15.34642455515893      h
   -0.10867092233730      1.33603004003982     16.68020892200963      h
    0.31124551297564     -3.52712485268346     19.90763448309036      h
   -2.02235813497545      3.57300896090817      0.40889890929067      h
    1.35362542559190      3.87487149383419      0.40776215993332      h
    0.40991195961315     -4.57588466964282     -0.76386040618098      h
    0.81516689344934     -9.08634495085096      0.17231712582244      h
    0.94966524816845    -10.58882649646754      4.66529178208272      h
    0.67359485980653     -7.51801889691689      8.12708430365717      h
   -0.28542591244748      3.15951137352461     -3.11560442915921      o
   -0.44293742138394      4.93509662504298     -3.50626997594016      h
  0.11663498976179D-05  -.17233085704624D-04  0.69123128204413D-03
  -.73070721093551D-05  0.88547360007279D-04  0.41953591454270D-03
  -.26985980987710D-05  0.37417108400134D-04  -.74617253821565D-03
  0.17386437645719D-04  -.18398379210840D-03  -.22283907378621D-03
  0.26793828904098D-05  -.32170771997085D-05  0.63919124190131D-04
  0.24437391573035D-04  -.22484095575486D-03  0.33665794603588D-03
  -.32565116648322D-05  0.57916735246868D-04  -.29100109572460D-03
  -.14944910935900D-05  -.10693641628732D-04  0.27190647040322D-04
  -.23125298546893D-05  0.21758702983666D-04  -.12619280422356D-04
  -.39540533534499D-04  0.47143635616908D-03  -.37094372943980D-04
  -.28953089596562D-05  0.60637228609271D-04  0.22157803554982D-04
  -.49523500073642D-04  0.64716668219571D-03  0.73773518687175D-04
  -.39664742694397D-04  0.43542898365725D-03  -.26845587699765D-03
  0.53026647650538D-04  -.60612581161927D-03  -.38309505460527D-03
  0.25725432420648D-05  -.44271427051117D-05  0.58804005451526D-05
  -.77480943371937D-05  -.74050554679148D-05  0.68754592666148D-05
  -.25649873094672D-05  0.62837885987192D-05  0.44642860943891D-04
  0.29096328091150D-03  -.32323477912758D-02  0.51993555216959D-03
  0.16080392793779D-03  -.17074494575534D-02  0.12792154677006D-02
  0.27282172370292D-03  -.29229665444369D-02  -.15567337861481D-02
  -.23875897819671D-03  0.27611175733856D-02  -.40906554219958D-03
  -.10182682806692D-03  0.14477578522754D-02  -.11113160795424D-02
  -.21540869387252D-03  0.24827324940116D-02  0.13925445244149D-02
  0.13935865391555D-04  -.11850690120492D-03  0.94873774829856D-04
  -.67710143180078D-06  -.12751968345323D-05  -.16405091607708D-03
  0.48642111084673D-05  -.44938113482005D-04  0.18264265111499D-03
  -.23514677846492D-04  0.35332153527529D-03  0.14902260538986D-03
  -.30551134501246D-05  0.60963055647789D-05  -.28016788088959D-03
  0.12457768282152D-04  -.18732894272856D-03  0.45398033122211D-03
  0.15860298454488D-05  -.51298583471931D-04  -.15078006515547D-03
  -.66167762874876D-05  0.62077204286882D-04  -.87019736239551D-04
  -.22981397138146D-04  0.22280143356403D-03  0.20898623737218D-03
  -.39606579629759D-05  0.70997344951465D-04  0.23402388109336D-03
  -.14324888000273D-04  0.26302434690200D-03  -.21747698436270D-04
  0.13094143520962D-04  -.19382829781884D-03  0.78306691641311D-04
  0.24329630950751D-03  -.16778583972340D-03  -.48387663136207D-03
  -.21347313820535D-03  -.20308600352412D-03  -.48436175685841D-03
  0.88479273946720D-05  -.40446465086951D-05  0.34808187074809D-05
  0.14079040901568D-04  -.81935352395214D-05  -.37455902546311D-05
  -.61160511560100D-05  -.13203548840609D-04  0.53687644664738D-05
  -.13945039841104D-04  -.63250327544209D-05  0.42409215970554D-05
  0.34195362890342D-05  -.17153071999503D-04  0.52869034916291D-05
  -.20729355881316D-04  -.13963054291868D-04  -.12615571582702D-05
  0.93189801190109D-05  0.23524031103838D-05  0.12961621156212D-03
  -.66332560854651D-05  0.85427425517779D-05  0.53918475344982D-04
  0.33196116290910D-05  0.17675635140823D-04  0.35667572796625D-04
  -.63178557053225D-03  -.17914980331558D-03  -.12041842386956D-05
  0.64169068455008D-03  -.70180025600033D-04  0.16692338330009D-05
  0.13954625407047D-04  -.20416196530844D-03  0.86584323049732D-04
  -.84032675029873D-05  0.16287290181311D-04  0.19275082721653D-03
  -.28987055489571D-04  0.27796397585328D-03  0.10475296106333D-03
  -.74270275737456D-05  0.83452226288588D-04  0.61414019118080D-04
  0.15913297112154D-04  -.50790071524615D-04  -.43827214966666D-03
  -.65534714207478D-04  0.61815362345533D-03  0.83563210465378D-04
  cycle =     15    SCF energy =    -1371.5487536520   |dE/dxyz| =  0.003138
    0.30166980561523     -3.38142553481465      3.17204148032992      c
   -0.07948031350582      0.88701323844732      4.56661666555809      c
   -0.01829218341797      0.20823064468309      7.04895192317153      c
    0.37546938233271     -4.21067623654544      5.74528386486938      c
    0.21119979298225     -2.37758273471393      7.83334583107933      c
    0.27482202488340     -3.10353536773924     10.36856514750497      c
    0.13572545693587     -1.49563910685140     12.49577437267497      c
   -0.25189378549722      2.87823505525278     21.96272740408187      c
    0.00221148485877      0.01218386971823     21.78868233488041      c
    0.08273083274793     -0.91691795903849     24.25134223558054      c
   -0.10436771494490      1.18295196216506     25.98829443367119      c
   -0.11642804898621      1.27249462017537     28.60475536705121      c
   -0.00321727782834      0.02003399646401     -0.03557616025577      c
    0.07022372049265     -0.80224551041701      2.61121438506277      n
    2.04266254940605      4.31225272164630     20.92848854866934      c
   -2.76398310403079      3.88475301959652     20.92848530750030      c
   -0.29274207881057      3.33940109361516     24.67850473346837      o
    0.31331673187084     -3.52431256752637     24.85550586309980      c
    0.07381491246061     -0.93503999773097     30.14324034483716      c
   -0.33122828322513      3.66060343353371     29.85166601734538      c
    0.50532670801373     -5.69027937289393     25.16654550940729      n
    0.22269856974138     -2.68096746230875     31.47044944858427      n
   -0.50587724162126      5.59029035041484     30.88710855724142      n
    0.20650006839744     -2.31842770212476     14.97658511254614      c
    0.06550535367040     -0.68546227401958     17.09136649899374      c
    0.13450345302683     -1.49152800778463     19.57498141194824      c
   -0.25776880062295      2.86200937849858     -0.46710711214915      c
    0.46329898444481     -5.17474097141677      1.20179467279401      c
    0.69344243719279     -7.73559578398313      1.72797093485990      c
    0.76868733997003     -8.57680761219137      4.23746060290252      c
    0.61156884382843     -6.83254329520482      6.18591304719116      c
   -0.25591684645819      2.86976885794151      4.05375510414588      h
   -0.15186670531615      1.71546938234102      8.44356522103693      h
    0.44973236853575     -5.11209260552297     10.80231600817564      h
   -0.04013305143227      0.54653411735896     12.19644625047792      h
    1.73114558172574     -0.60503132187461     -1.00891631985538      h
   -1.59883548704982     -0.90311102554752     -1.00863051623891      h
    2.16879380844619      4.13947946780364     18.86231281864082      h
    1.87568192753990      6.32541179025378     21.42158931447659      h
    3.79920799023829      3.57294814677438     21.75838246167385      h
   -2.85762674548973      3.69272442341141     18.86211905045832      h
   -4.36276975635365      2.84756163551289     21.75895294206777      h
   -2.95506376068933      5.89587235162169     21.42126791335491      h
    0.38127045375308     -4.35004464513656     15.34586541081696      h
   -0.10862028405612      1.33603645771453     16.67998502423479      h
    0.31123887420719     -3.52715864460939     19.90741984022269      h
   -2.02305745362899      3.57336005307397      0.41190075914569      h
    1.35425042602892      3.87535713013843      0.41063993648464      h
    0.40979266117461     -4.57437947925238     -0.76462984650267      h
    0.81516547196127     -9.08579547808959      0.17095331872136      h
    0.94961971335845    -10.58789457244584      4.66440243400062      h
    0.67351599244358     -7.51702005578093      8.12677097336505      h
   -0.28510651203526      3.15512689925778     -3.11182755768190      o
   -0.44230752365251      4.92849201995910     -3.50884573759668      h
  0.84903618834142D-04  -.94622278692161D-03  -.58712816466445D-04
  0.68140326662818D-05  -.70702888854018D-04  0.24687881833313D-03
  -.20984120297247D-04  0.24662723796338D-03  0.61070378724540D-04
  0.18868714063677D-04  -.20147718109043D-03  0.32060248521563D-03
  0.48687844018742D-05  -.31190003436266D-04  -.31631087514009D-04
  -.44979524675262D-05  0.10656382228930D-03  -.20795417614702D-03
  0.55673340423889D-06  0.14578107393422D-04  0.17525584556642D-03
  -.32194149634997D-05  0.89538236081444D-05  0.41441958182388D-04
  -.41041358376625D-05  0.42706380753014D-04  -.45872838714247D-04
  -.26702158828602D-05  0.54823320257609D-04  0.12075348750392D-03
  -.29336917037917D-05  0.61667847224120D-04  0.35480049918388D-04
  0.26493284699157D-04  -.21169910370844D-03  0.11553895460755D-04
  0.23085454811687D-04  -.94664535546696D-04  -.11997870954171D-03
  -.24653812358316D-04  0.24250077826884D-03  -.94386310473733D-03
  -.91435269348665D-05  -.19486780817954D-04  -.15420831088685D-04
  0.64052583498501D-05  -.20457241958416D-04  -.14536486780049D-04
  -.19981207196171D-05  0.14836167951193D-06  0.44041601414700D-04
  0.70120283003021D-04  -.73816913805410D-03  0.12419408476670D-03
  -.37594816932647D-04  0.61650680910365D-03  -.47412573603593D-03
  -.67544473672057D-04  0.84068915828991D-03  0.47627016306859D-03
  -.52417409561188D-04  0.65730394973560D-03  -.99901502685445D-04
  0.68462743834921D-04  -.54794628476693D-03  0.39731233748038D-03
  0.75471396115457D-04  -.73246794656620D-03  -.33422557928229D-03
  -.19718882313870D-05  0.65533948205902D-04  -.52097982807918D-04
  0.12346682468476D-04  -.15284892659962D-03  -.12420372717562D-03
  -.12119527417489D-05  0.26476801883747D-04  0.18001796780459D-04
  -.72227801872574D-04  0.49808474444819D-03  0.54559979272793D-03
  -.11042681821824D-04  0.91318119300699D-04  0.54166476387411D-03
  -.13389861653924D-04  0.10288897573094D-03  -.30179271637460D-03
  -.40635845887028D-04  0.41843441951376D-03  0.59498805836716D-03
  0.15327847627090D-04  -.18093926456234D-03  -.55063302389564D-03
  -.14802047534671D-04  0.12969770579613D-03  0.16439329882685D-03
  0.18706315277921D-04  -.18835027667325D-03  -.11310628165719D-03
  0.36253587428728D-05  0.55777989395659D-04  -.69495433900531D-05
  0.89290566366478D-05  -.14544641826453D-03  0.30919294202093D-04
  0.56554686314139D-04  -.11182848013293D-03  -.43552695946760D-03
  -.50140245929259D-04  -.12152477167206D-03  -.44057020608991D-03
  0.69886968995613D-05  -.18212904524008D-05  0.19564151995984D-04
  0.11807279290152D-04  -.12857299167174D-05  -.54568904432594D-06
  0.43143341723204D-05  -.13922698061994D-04  0.98330990562305D-05
  -.12525734244906D-04  -.38449513592138D-05  0.20548742565904D-04
  -.67013511082582D-05  -.19648874134981D-04  0.97100103648949D-05
  -.19745953236570D-04  -.65032925432647D-05  0.19962840925529D-05
  0.13081929042698D-04  -.42688275066885D-04  0.14601604509677D-03
  -.91781946624049D-05  0.39354664098396D-04  0.44629698329257D-04
  0.65993631610025D-05  -.20179803456089D-04  0.51162708727668D-04
  -.69805391368839D-03  -.17925212034573D-03  -.12401802521220D-04
  0.73318076124645D-03  -.45215975904390D-04  -.44041758240584D-05
  0.81537013523493D-05  -.14014126177935D-03  -.16822167629135D-03
  -.11375250353281D-04  0.48828777315785D-04  0.24351146535287D-03
  -.17285952706766D-04  0.14752481113356D-03  0.11344861167046D-03
  -.13964036377207D-04  0.15638496551249D-03  0.13412041866816D-03
  0.15730509188075D-06  0.19402379736599D-03  -.31717620830457D-03
  -.26513941201150D-04  0.18387723467109D-03  0.28219126637920D-04
  cycle =     16    SCF energy =    -1371.5487596970   |dE/dxyz| =  0.001733
    0.30155692194187     -3.38018261249535      3.17184520270739      c
   -0.07948598718598      0.88703092589363      4.56644417071168      c
   -0.01827305140596      0.20798249471578      7.04881036835964      c
    0.37543276977883     -4.21028353972523      5.74487442094045      c
    0.21119386371613     -2.37755228409739      7.83339413165991      c
    0.27482185552977     -3.10360149137237     10.36871648083817      c
    0.13572938064471     -1.49570038134196     12.49562364605748      c
   -0.25188630612122      2.87822631015498     21.96266594754170      c
    0.00222165629672      0.01212469066648     21.78869929467097      c
    0.08273331250794     -0.91691401078813     24.25117378264553      c
   -0.10435868109072      1.18287218739908     25.98825821026836      c
   -0.11643583237939      1.27252594926465     28.60471640612208      c
   -0.00325021649122      0.02017595086944     -0.03557618745993      c
    0.07021341682154     -0.80211191980322      2.61228209747776      n
    2.04267530938845      4.31227988205863     20.92850049263371      c
   -2.76398718204120      3.88477982176715     20.92849779065887      c
   -0.29273417328822      3.33939074543190     24.67843251344454      o
    0.31328979901852     -3.52400406737907     24.85544417899153      c
    0.07380988838420     -0.93514476299177     30.14333074647377      c
   -0.33122683046275      3.66051331473502     29.85159798117823      c
    0.50535369169477     -5.69058795298838     25.16659277075558      n
    0.22266674197329     -2.68085828949804     31.47038739514009      n
   -0.50589383434370      5.59038614821121     30.88706759964607      n
    0.20650058744076     -2.31846489731137     14.97667923399126      c
    0.06549323595009     -0.68527447821728     17.09154272460026      c
    0.13450669107101     -1.49153554820302     19.57495019103833      c
   -0.25766391568475      2.86112540483600     -0.46778839691914      c
    0.46330341627894     -5.17476024142952      1.20122548601744      c
    0.69345841389847     -7.73570781807870      1.72823965253510      c
    0.76873732358792     -8.57730149104906      4.23681525916616      c
    0.61155518386328     -6.83236290680535      6.18661729246655      c
   -0.25591561290928      2.86976216292143      4.05353746453535      h
   -0.15189080724712      1.71568881880811      8.44369176616016      h
    0.44973810637469     -5.11227617234168     10.80238362792781      h
   -0.04014729028853      0.54676467608808     12.19639074287813      h
    1.73096344389390     -0.60448191593931     -1.00847375141049      h
   -1.59874214972522     -0.90253555115723     -1.00818000233271      h
    2.16878379581723      4.13948335886348     18.86228309356691      h
    1.87566253949159      6.32541845049712     21.42159067715764      h
    3.79920479431962      3.57296752579974     21.75836715576477      h
   -2.85760592603822      3.69272924513175     18.86208984137328      h
   -4.36275679538294      2.84758577779200     21.75894110577151      h
   -2.95503050778645      5.89588504542961     21.42126746477031      h
    0.38125622711909     -4.34999813548435     15.34565499638569      h
   -0.10860600196691      1.33599010253783     16.67991782951021      h
    0.31123518822949     -3.52713870109567     19.90734031478413      h
   -2.02177656871900      3.57338724649040      0.41230123570655      h
    1.35295979953675      3.87514625699075      0.41103803220949      h
    0.40977713936402     -4.57416082835245     -0.76444653619330      h
    0.81518102318811     -9.08585506117891      0.17064208098285      h
    0.94965979881732    -10.58824827892136      4.66425524049962      h
    0.67354211287562     -7.51728455541050      8.12657462281417      h
   -0.28509980725086      3.15463890766175     -3.11146316743716      o
   -0.44223918737308      4.92780728424988     -3.50899113166279      h
  0.53857338385726D-05  -.65052815538249D-04  0.30093691573916D-04
  0.21465777841313D-04  -.24240510873107D-03  -.14732936126099D-03
  0.42454133456007D-05  -.36765754098823D-04  -.12231500599241D-03
  0.13515964843132D-05  -.65556652031788D-05  0.63553378543252D-04
  0.26557147272122D-05  -.44804839890648D-05  0.15901048154293D-04
  -.83991962959591D-05  0.15100287024245D-03  -.95242120007690D-04
  0.94178532303449D-05  -.89053428319105D-04  0.58197718241008D-05
  -.32477352700002D-05  0.94972306016836D-05  0.20387878326516D-04
  -.69575202032935D-07  -.36640573526310D-05  0.55408579792330D-04
  0.10933230195716D-05  0.12948998810244D-04  0.27363369899436D-04
  0.26292647889392D-05  -.71518009624605D-06  0.43360194356321D-04
  0.18557950315973D-04  -.12082619454497D-03  -.21983059813231D-06
  -.35865929227404D-05  0.52700439393142D-05  -.42581855829619D-03
  -.42334069465765D-05  0.36568592309624D-04  -.67180830144472D-04
  -.11154954143236D-05  -.91109867973934D-05  0.12165218106647D-04
  -.33783825949725D-05  -.11508475475022D-04  0.13145546708180D-04
  -.44917283617913D-05  0.28163535027275D-04  0.19129316304547D-04
  -.59446730499436D-05  0.11979428363367D-03  0.55383804384801D-05
  -.10790314275378D-04  0.30177831166617D-03  -.23339882207118D-03
  -.47036849340088D-04  0.61318763460422D-03  0.36022585184278D-03
  0.14597111844182D-04  -.98383048877371D-04  0.63843943088828D-05
  0.46185310910695D-04  -.28612386781592D-03  0.19672638042964D-03
  0.57208304109080D-04  -.53011161554637D-03  -.22765884839520D-03
  0.91247042038021D-05  -.63107955346921D-04  -.19245737717934D-05
  0.61559985874862D-06  -.16555202419998D-04  0.21323441826299D-04
  0.47443091382265D-06  0.69846266718351D-05  -.52213508793323D-04
  -.19486916256542D-04  0.19954569569669D-03  0.16743027220604D-03
  0.11508410437196D-04  -.15631000748416D-03  -.43724861013375D-04
  -.59562991261597D-05  0.20261123428064D-04  0.15496716663295D-03
  -.41124220434835D-05  0.13064788078682D-04  -.19112343020153D-03
  0.48340570308487D-07  -.10601366221336D-04  0.36993481512499D-03
  -.14058090785349D-04  0.12429175937772D-03  0.15955940111887D-03
  0.63181770380306D-05  -.48999285324651D-04  0.12602630526994D-04
  0.68099588217724D-05  0.19413561175421D-04  -.51184381276946D-05
  0.75057191123923D-06  -.50158320855323D-04  0.28558727993145D-04
  -.47534314585037D-04  -.14024072260272D-04  -.39084304019249D-03
  0.47141485536165D-04  -.23644740385267D-05  -.39010258645210D-03
  0.48599226645572D-05  -.55506490374621D-05  0.61721229097334D-05
  0.11869840736954D-04  -.55612913222169D-05  -.25145696113980D-05
  -.94957026547547D-06  -.12246056813490D-04  0.62350792462640D-05
  -.97426290870482D-05  -.71522822034424D-05  0.70211875929149D-05
  -.18179156222065D-05  -.17102467229409D-04  0.61615284532999D-05
  -.19042181022565D-04  -.10864695400585D-04  0.12059816608714D-07
  0.97212226751870D-05  -.37242190306318D-05  0.11800687919284D-03
  -.39821263470052D-05  -.21119652274935D-04  0.42399857974935D-04
  0.55590014422301D-05  -.81514109561258D-05  0.52620381513343D-04
  -.53155546839576D-03  -.15065610668530D-03  0.14102780862647D-04
  0.54637715559115D-03  -.55063606303209D-04  0.17500482862833D-04
  0.91143281042966D-05  -.15209409970794D-03  0.63044323491511D-04
  -.42856758621489D-05  -.29226747843610D-04  0.13614482264215D-03
  -.18860792121755D-04  0.16445492993849D-03  0.14202259612364D-03
  -.16842547465284D-04  0.18768187861131D-03  -.99599284208722D-04
  -.79060234493720D-05  0.24567989873527D-03  -.22753647262719D-04
  -.23343965331871D-04  0.14777709118362D-03  0.16686104464497D-04
  cycle =     17    SCF energy =    -1371.5487655220   |dE/dxyz| =  0.001351
    0.30148601981997     -3.37943617206470      3.17158813910647      c
   -0.07950493908410      0.88712660980555      4.56699264078506      c
   -0.01828022392756      0.20792895214825      7.04908136839739      c
    0.37540640683215     -4.21003971891867      5.74445174891139      c
    0.21117630683389     -2.37751383855656      7.83345098681038      c
    0.27482399765060     -3.10387851093444     10.36905429999810      c
    0.13569242800430     -1.49532560260332     12.49544459119553      c
   -0.25185694561738      2.87818116897999     21.96254683156407      c
    0.00224493218448      0.01207392842453     21.78845776206726      c
    0.08274999615089     -0.91699230565958     24.25094320386246      c
   -0.10434355830111      1.18277734681079     25.98805029522857      c
   -0.11645548310638      1.27253544458975     28.60462719419941      c
   -0.00331400654680      0.02065381794837     -0.03382151944244      c
    0.07022134912463     -0.80227173454369      2.61333139488479      n
    2.04269299841580      4.31233107389162     20.92846658744352      c
   -2.76396288066482      3.88483550038981     20.92846606726781      c
   -0.29269783625524      3.33927714101232     24.67830724659444      o
    0.31328482304504     -3.52392693606454     24.85531545857377      c
    0.07376660792599     -0.93525754055936     30.14343815741335      c
   -0.33123519574839      3.66033832675289     29.85133061480766      c
    0.50536254288976     -5.69070334857516     25.16663690715925      n
    0.22256371803908     -2.68065365843988     31.47031444020769      n
   -0.50594290770694      5.59058460081850     30.88685922529652      n
    0.20647059783844     -2.31824044551971     14.97662636666987      c
    0.06549606188382     -0.68513302703920     17.09146696968986      c
    0.13451903104364     -1.49156142880172     19.57497022975886      c
   -0.25760267992490      2.86040668407513     -0.46815864865099      c
    0.46326783258011     -5.17425975531057      1.20081808917657      c
    0.69349397636590     -7.73584021584229      1.72754710332968      c
    0.76876839703857     -8.57740358238510      4.23664208366456      c
    0.61155658389224     -6.83226922264453      6.18600253290698      c
   -0.25581367989193      2.86863524625422      4.05245963774279      h
   -0.15196365571331      1.71629000317080      8.44357240652535      h
    0.44970235473600     -5.11230690397714     10.80202732961175      h
   -0.04016623890184      0.54723132350208     12.19618223345375      h
    1.73069114242622     -0.60473585169202     -1.00601898529542      h
   -1.59844136043680     -0.90278152673048     -1.00571686394387      h
    2.16874805021067      4.13951621210085     18.86224121393493      h
    1.87559553034758      6.32544393164461     21.42159272542813      h
    3.79923429292342      3.57304901794747     21.75831545327028      h
   -2.85753205946342      3.69276452704887     18.86205121786487      h
   -4.36274982467915      2.84767763523610     21.75890223378880      h
   -2.95491114963286      5.89593293078104     21.42126278109133      h
    0.38120944961123     -4.34990160998060     15.34498345989496      h
   -0.10856821584159      1.33600783714115     16.67968313448083      h
    0.31122504214154     -3.52710450091541     19.90708034389034      h
   -2.01990775375261      3.57449671622565      0.41254874709227      h
    1.35088797613847      3.87591679798600      0.41122550606409      h
    0.40970497656139     -4.57319692138283     -0.76457148763949      h
    0.81521032447080     -9.08575546956734      0.16952091865804      h
    0.94972456019689    -10.58861950418465      4.66346552643935      h
    0.67359745209215     -7.51780581616765      8.12684066937004      h
   -0.28504687402957      3.15305221496923     -3.11109138758568      o
   -0.44206752655707      4.92619095121497     -3.50903159489716      h
  -.34847073284754D-04  0.37822477909628D-03  -.96625237389442D-04
  -.43765842967508D-05  0.39771929677626D-04  -.13693657558712D-03
  0.20302137265320D-04  -.21513308420752D-03  -.26515841439973D-03
  -.15326363819009D-05  0.25105211507756D-04  -.55026141942993D-04
  -.82103538270852D-05  0.11909326928366D-03  -.49670493140198D-04
  0.13218165350982D-04  -.99428060269706D-04  0.13583561446418D-03
  0.27061688526507D-05  -.11920964646656D-04  -.74536134719982D-04
  -.23317448025607D-05  -.15697669971923D-05  0.20479422797262D-04
  0.31435188673095D-05  -.39453564490760D-04  0.37165367050695D-05
  0.45352854671091D-05  -.24840043035467D-04  -.96111252959232D-05
  0.11278513045404D-05  0.17152151122319D-04  -.70155726800117D-05
  0.80597465852553D-05  -.35992914465509D-05  0.39022746296711D-04
  -.33259655414686D-04  0.25980464321441D-03  -.30389403884930D-03
  0.28416169974213D-04  -.32147884174979D-03  0.56264869962786D-04
  0.76249671075339D-05  0.44904002121258D-06  0.21930291482839D-04
  -.13570143166761D-04  -.35229885866003D-05  0.23023742458579D-04
  -.27264770411420D-05  0.82167769686667D-05  0.34158558375929D-04
  -.33157788017251D-04  0.42706081287429D-03  -.36499687410064D-04
  0.22819635253650D-04  -.92120341504856D-04  0.70741537511635D-04
  -.60542227412563D-05  0.16049660315032D-03  0.12103339919256D-03
  0.37189275990287D-04  -.35302116010803D-03  0.42806925401884D-04
  0.15903351880199D-04  0.67609803868540D-04  -.73237088902685D-04
  0.22950436973703D-04  -.15150178370157D-03  -.25505099279420D-04
  0.11493385937487D-04  -.90840154777509D-04  0.65754386231165D-04
  -.53293383190338D-05  0.53167230691491D-04  -.85787723968120D-05
  0.39020770110718D-05  -.33266376951861D-04  0.71821954408770D-04
  0.16088156984828D-04  0.66353963559496D-05  -.13469089382130D-03
  -.52078417168558D-05  0.29578520765736D-04  -.15009846398735D-03
  0.16638820910745D-04  -.22932183732660D-03  0.51106944722039D-04
  -.68089912291029D-05  0.41530325733018D-04  0.12689961762520D-03
  -.69107896253192D-05  0.70208403872988D-04  -.52694459000949D-04
  0.12243108749985D-04  -.16663349999732D-03  0.12971268352245D-03
  -.20677375312364D-05  0.43054953918570D-04  0.23982988598996D-04
  -.28036410367113D-05  0.13016287034090D-03  -.76759295370995D-04
  -.33975657899192D-05  -.11865043589168D-05  0.39958655063081D-04
  -.11703172578544D-03  -.43460010143874D-05  -.29854812828669D-03
  0.11704930912852D-03  0.17714809397883D-04  -.29595510885819D-03
  0.44202841531097D-06  -.97825558466115D-05  0.48989181205747D-05
  0.11106851719995D-04  -.91527808095909D-05  -.21629257279134D-05
  -.45012652687358D-05  -.10156234003940D-04  0.42967573893588D-05
  -.46401134374463D-05  -.10579616530544D-04  0.56174733521968D-05
  0.12520067207143D-05  -.14473434089188D-04  0.43167851966740D-05
  -.17642186286573D-04  -.14393799170799D-04  0.35960692980132D-06
  0.10678061063519D-04  -.16074775135444D-04  0.91363294614002D-04
  -.99519394584848D-06  -.55236246694009D-04  0.33832102584507D-04
  0.23587832284276D-05  0.28552213689875D-04  0.36199916143430D-04
  -.21994891680673D-03  -.12169417232663D-03  0.14394189132598D-05
  0.22273630795224D-03  -.86817227493898D-04  0.15004983630783D-05
  0.73553115392500D-05  -.13387409722754D-03  0.11718952592537D-03
  -.10656985491853D-05  -.64241604220570D-04  0.73675413447455D-04
  -.13622043455334D-04  0.10561954007954D-03  0.10795679086981D-03
  -.39563685481291D-05  0.43743046895040D-04  0.24320028055338D-03
  -.56053915708119D-05  0.19367598868322D-03  0.21342526488891D-03
  -.26597011422902D-04  0.18697450563685D-03  0.33256393221652D-04
  cycle =     18    SCF energy =    -1371.5487707660   |dE/dxyz| =  0.001409
    0.30150102095291     -3.37968153560539      3.17165601370637      c
   -0.07945792575026      0.88637404316835      4.56794529075437      c
   -0.01834866921285      0.20837370960296      7.05012620909077      c
    0.37537289346702     -4.20977972168715      5.74398187163415      c
    0.21115025258707     -2.37759708158167      7.83356898696711      c
    0.27474496814496     -3.10353993229720     10.36890826706931      c
    0.13562078135992     -1.49461380861143     12.49518740063867      c
   -0.25179252181296      2.87810846008401     21.96231583441976      c
    0.00228840663738      0.01207011578724     21.78810602764979      c
    0.08278579728237     -0.91714021357607     24.25058378254614      c
   -0.10430649129073      1.18253009674711     25.98775487168086      c
   -0.11649389184879      1.27249253233823     28.60433137151918      c
   -0.00334943431800      0.02075011856799     -0.02993231937898      c
    0.07019783369122     -0.80222743297928      2.61503553466309      n
    2.04269527129952      4.31240498216471     20.92836628256490      c
   -2.76386298147778      3.88492652135230     20.92837066536877      c
   -0.29262164057561      3.33909247893629     24.67803403831002      o
    0.31330194939763     -3.52406227506409     24.85506945127459      c
    0.07364438159533     -0.93524026242003     30.14346093100621      c
   -0.33127774238333      3.66020326389548     29.85082226803604      c
    0.50535868900590     -5.69070268369340     25.16670124903655      n
    0.22235462731571     -2.68048756220200     31.47037353398958      n
   -0.50604008266214      5.59087668626796     30.88630015947128      n
    0.20640012952758     -2.31770937710153     14.97616120200597      c
    0.06552526598971     -0.68507862585548     17.09126272274207      c
    0.13453948367066     -1.49152727992437     19.57455912879953      c
   -0.25763629451409      2.85990975328639     -0.46652495590899      c
    0.46324315702102     -5.17373342543746      1.20000388106548      c
    0.69348799090317     -7.73516904068188      1.72612226819410      c
    0.76880598100635     -8.57726103556675      4.23509256131368      c
    0.61156353017054     -6.83211332187833      6.18570970347576      c
   -0.25564589182614      2.86677193619050      4.05032781455529      h
   -0.15210911473943      1.71741746150509      8.44294726811963      h
    0.44962184999591     -5.11238626183511     10.80107386968235      h
   -0.04019159835759      0.54808989868099     12.19569266729105      h
    1.73029249765733     -0.60517853821278     -1.00141455817414      h
   -1.59800895540529     -0.90326106277188     -1.00109744519820      h
    2.16867247812364      4.13961252882456     18.86216469355139      h
    1.87543497909807      6.32550335963130     21.42158903677002      h
    3.79931937977965      3.57323839303950     21.75819954374064      h
   -2.85737379893962      3.69286502689253     18.86198300292782      h
   -4.36275249948815      2.84788767763046     21.75881509052787      h
   -2.95463190845143      5.89604525651361     21.42124371502035      h
    0.38109787772550     -4.34962675955599     15.34363482273354      h
   -0.10848970385792      1.33614051391115     16.67920250818796      h
    0.31121176011027     -3.52714127447653     19.90657062570117      h
   -2.01797742344768      3.57677499848369      0.41377257520567      h
    1.34854174500980      3.87785306968480      0.41229302546786      h
    0.40953685104321     -4.57096623195868     -0.76518883164327      h
    0.81525166464392     -9.08525028420723      0.16714504103499      h
    0.94979324869711    -10.58859236834219      4.66176224670967      h
    0.67363086629437     -7.51796157621726      8.12628334910161      h
   -0.28484320932372      3.14878387809652     -3.10966992126211      o
   -0.44156506588934      4.92127300426614     -3.51001078562152      h
  -.25209341362821D-04  0.26538098428396D-03  -.38312836390108D-04
  0.16830586166217D-04  -.20830589720500D-03  -.22032595972545D-03
  -.11395308699252D-05  0.28210740835194D-04  -.55998863517984D-04
  -.22149959185962D-04  0.25503871991452D-03  -.34798423395715D-03
  0.13835921153223D-04  -.12953764967797D-03  0.18280562760612D-04
  -.24306795658534D-05  0.77772828729636D-04  0.54753361943896D-04
  0.29513174219014D-05  -.14765759257137D-04  -.35076133093680D-05
  -.10741021846753D-05  -.15757448709375D-04  0.52712249009739D-05
  -.27859717949847D-07  -.33539364386640D-05  -.16317787949809D-04
  0.47611123874156D-05  -.26431934318346D-04  0.48689831421411D-05
  0.44391883845888D-05  -.19083004010021D-04  -.71770650931763D-05
  -.29794042266712D-07  0.89351558564869D-04  0.29167243503543D-04
  -.16172763729952D-04  0.15057228556994D-03  0.10021906651515D-04
  -.79274247525878D-05  0.76143324144322D-04  -.70721096003711D-04
  0.69073818744669D-06  -.26893742355781D-05  0.19484639341637D-04
  -.62848404634468D-05  -.54670780898219D-05  0.20463369052522D-04
  -.38288879628474D-05  0.20895132105479D-04  0.98436841001978D-05
  -.23069209965595D-04  0.31350068713427D-03  -.13886098003417D-04
  0.33626899947693D-04  -.21992217045370D-03  0.18247870020225D-03
  0.33220932545012D-04  -.27371744783708D-03  -.10190606414561D-03
  0.27451235324892D-04  -.24291038501860D-03  0.28708973537202D-04
  0.75986488490217D-05  0.16325021272225D-03  -.14873888555399D-03
  -.11819763210044D-04  0.23258311481951D-03  0.17731783395675D-03
  0.31872714760655D-05  0.54289822995948D-05  0.58583590462958D-04
  0.37458335786091D-05  -.52112330008404D-04  0.72859708134321D-04
  0.53529960385225D-06  0.61804260186208D-05  -.23818595426213D-05
  0.13823725513433D-05  0.45246500700236D-04  -.67562699723769D-04
  0.14935510046497D-04  -.19694540684713D-03  -.10944046213156D-03
  -.10651604073206D-04  0.76352865182282D-04  0.21618383421115D-03
  0.13383311431205D-04  -.18129945615112D-03  -.20141436530674D-03
  -.23722147428264D-04  0.26041071930367D-03  0.39361591430807D-03
  0.27238086182189D-04  -.33084088221471D-03  -.25524878927600D-04
  0.53982428954646D-05  -.46475335940591D-04  -.19162439670513D-03
  0.57751464527646D-05  0.30343915353946D-04  -.14291964899141D-03
  -.93437415964347D-05  0.68402986296734D-04  0.30131969519785D-04
  -.23950954637167D-03  -.45284956116918D-05  -.14244264556209D-03
  0.23093492315571D-03  0.31986637660881D-04  -.14224296000139D-03
  -.66948196661829D-05  -.13935405999034D-04  0.15381148244471D-04
  0.96931724982110D-05  -.10256927260453D-05  0.21424017296896D-05
  0.44520562223348D-05  -.10118141333633D-04  0.79804619470145D-05
  0.31603896437309D-05  -.13508345351356D-04  0.16200606928819D-04
  -.75160960307001D-05  -.16027226973195D-04  0.80954191247457D-05
  -.17671697599850D-04  -.61271458378854D-05  0.47472984809111D-05
  0.13584828119788D-04  -.52195507672951D-04  0.65436984324090D-04
  -.38333113227306D-05  -.20469845522422D-04  0.17795756757664D-06
  0.39873656291457D-05  0.10117456754438D-04  0.34856857847198D-04
  0.15594031884108D-03  -.72861647243163D-04  -.31894122422424D-04
  -.14501338324887D-03  -.98704959371332D-04  -.28397710933055D-04
  -.13434241741728D-05  -.38283464299445D-04  0.12672167408906D-04
  0.15569188619325D-04  -.24732569821311D-03  -.15872235963368D-03
  -.11173973130189D-04  0.76993171402454D-04  0.12484971268946D-03
  -.65995552174894D-05  0.71604986319683D-04  0.20522537763919D-03
  -.85048767820918D-06  0.15328686258640D-03  0.26568080429338D-03
  -.20220845301244D-04  0.12270803630551D-03  0.71701235175804D-04
  cycle =     19    SCF energy =    -1371.5487734220   |dE/dxyz| =  0.001042
    0.30154391105624     -3.38019475183902      3.17187592904392      c
   -0.07946473534170      0.88632307653252      4.56867398051227      c
   -0.01837400218355      0.20841356043489      7.05069685627562      c
    0.37540189098768     -4.21018627446027      5.74442056461341      c
    0.21109392205144     -2.37723434986750      7.83351453537185      c
    0.27470208411810     -3.10345120008415     10.36870094430567      c
    0.13557578687992     -1.49417746833828     12.49491586105141      c
   -0.25174950342221      2.87809803345034     21.96218375840622      c
    0.00232168329082      0.01204689643731     21.78798754390235      c
    0.08280858475924     -0.91721415630645     24.25034417888606      c
   -0.10428614903391      1.18242065635899     25.98761184568953      c
   -0.11651689349328      1.27240477245080     28.60412258302716      c
   -0.00335325076087      0.02051722265231     -0.02782860998166      c
    0.07023618755759     -0.80280327625392      2.61638163925755      n
    2.04269881258728      4.31245302214785     20.92828207528987      c
   -2.76379139157263      3.88498678612947     20.92829007427703      c
   -0.29256619653116      3.33895578327135     24.67787609780831      o
    0.31332059140097     -3.52423156999901     24.85488145375605      c
    0.07355093542771     -0.93516783241243     30.14338863226070      c
   -0.33131999897643      3.66023078749524     29.85049001467712      c
    0.50535357649495     -5.69067838083612     25.16673985120647      n
    0.22220706646151     -2.68040860622313     31.47045719985806      n
   -0.50609899030563      5.59096342873325     30.88583573969067      n
    0.20636514705295     -2.31751070885849     14.97573968283847      c
    0.06553334536632     -0.68488831140374     17.09098429034019      c
    0.13455825214581     -1.49154913943884     19.57429634200680      c
   -0.25767172126174      2.85968957777743     -0.46507625017492      c
    0.46320243278576     -5.17309141459182      1.19943528571077      c
    0.69350831324443     -7.73496588091892      1.72493636800717      c
    0.76879432931936     -8.57672945457682      4.23433072412530      c
    0.61160669080339     -6.83243801159400      6.18489771871824      c
   -0.25560524623067      2.86631422366876      4.04929058316367      h
   -0.15221465733989      1.71825417197038      8.44293522956155      h
    0.44955395286476     -5.11233205602975     10.80066822740474      h
   -0.04018746696953      0.54844871503955     12.19536267001806      h
    1.73051326059519     -0.60528927032890     -0.99882858110790      h
   -1.59822273812469     -0.90347007999216     -0.99849796237533      h
    2.16864157567342      4.13969901195613     18.86208612927438      h
    1.87532217297560      6.32553215659160     21.42157591310070      h
    3.79936145485512      3.57337240957805     21.75810961767429      h
   -2.85728571510798      3.69295046251080     18.86191035411869      h
   -4.36273472377370      2.84804039910636     21.75874561980567      h
   -2.95443050327664      5.89611214666946     21.42121923476403      h
    0.38100996586216     -4.34933933729239     15.34276845743971      h
   -0.10843188346111      1.33622087813744     16.67894291761444      h
    0.31120240774282     -3.52717255179034     19.90621937704540      h
   -2.01777645397509      3.57814153585225      0.41486854710692      h
    1.34806151094370      3.87917638234630      0.41327655162578      h
    0.40943776059422     -4.56959666698231     -0.76553313198453      h
    0.81523607074051     -9.08438413270657      0.16610409232818      h
    0.94982970512264    -10.58842183737177      4.66053879236140      h
    0.67364392868343     -7.51794597499672      8.12544985977959      h
   -0.28469852655818      3.14570159015731     -3.10878347848353      o
   -0.44120579911257      4.91774579984624     -3.51104234285424      h
  -.15484794954814D-04  0.15614722937208D-03  -.22299036519154D-03
  0.11536007740335D-04  -.14969082111077D-03  -.12713831199361D-03
  0.21626773967066D-04  -.23092986710525D-03  -.48911912297220D-04
  -.85776390613999D-05  0.10229905737662D-03  -.81212168122042D-04
  -.10413271245461D-04  0.14356325123223D-03  -.79908104364961D-04
  0.43662232319108D-05  -.25208289601608D-06  -.16457161287285D-04
  -.62772090053683D-05  0.92196102353139D-04  0.40452634227651D-04
  -.25595018433598D-05  0.13223654862794D-05  -.32435865699207D-05
  -.15050723019758D-05  0.13742036201517D-04  0.56702171512797D-04
  0.14992885356594D-05  0.11379748499452D-04  -.40533913000493D-04
  0.31004064972284D-05  -.39874407059411D-05  0.33090050601070D-04
  0.30208506379486D-05  0.55801204280947D-04  0.32953538665464D-05
  -.11480214250302D-04  0.72081549478740D-04  0.36411831760948D-04
  0.24088826522325D-05  -.42228237554729D-04  -.53652526809740D-04
  0.14219544879260D-06  -.68271584592968D-05  0.17449885717038D-04
  -.50837048839392D-05  -.95363160672326D-05  0.18414705599023D-04
  -.17975848179437D-05  -.23034103423057D-05  -.53074578689232D-05
  -.29991827928431D-05  0.87366560239011D-04  0.19574805562762D-04
  0.24658766753489D-04  -.11551343869321D-03  0.11110608371841D-03
  0.31587344814881D-04  -.25551625328417D-03  -.94076699281041D-04
  0.10453208986917D-04  -.50970576942772D-04  0.34111674736069D-05
  0.14730464163031D-04  0.78315161329610D-04  -.85022589458684D-04
  -.11151134621098D-04  0.22502228859824D-03  0.17285505353228D-03
  0.11320302050908D-04  -.89853169320358D-04  0.19957392004771D-04
  -.44906625783620D-05  0.44599589615346D-04  0.47801615413922D-04
  0.47459789286113D-05  -.42412586193321D-04  0.75142433273600D-05
  -.16040695852954D-06  0.16863108363661D-04  -.86957924565344D-05
  -.62926477153851D-05  0.38401844914570D-04  -.12813200370600D-03
  0.16687101026310D-04  -.22692766654667D-03  -.49068514527253D-04
  -.16832745437655D-04  0.15561976337841D-03  0.12726888527797D-03
  -.74990708467379D-05  0.81928563971633D-04  0.81765102412902D-04
  0.26407409402783D-04  -.31955313871923D-03  -.11844618667503D-03
  -.38017015992589D-05  0.55095593826399D-04  -.19598827871227D-03
  0.56392694618937D-05  0.30217975537963D-04  -.15869287164394D-03
  -.78457499934624D-05  0.51659917016384D-04  0.34807147826173D-04
  -.22466699720194D-03  -.76111096797324D-05  -.75075504950679D-04
  0.21884353977473D-03  0.25708406518256D-04  -.73309708390967D-04
  -.94474440957323D-05  -.15215396455335D-04  0.19017458982112D-04
  0.76593052703647D-05  0.67533616178823D-06  0.48693142295898D-05
  0.52126301029593D-05  -.80563440576341D-05  0.86853322129060D-05
  0.61143468865806D-05  -.14338654378713D-04  0.19879799273019D-04
  -.85938935894579D-05  -.14125531587999D-04  0.88463717411397D-05
  -.15980896576250D-04  -.40457620135962D-05  0.75350586208440D-05
  0.88992033612652D-05  0.72553896757398D-06  0.38090306950197D-04
  -.36874952970686D-06  -.59340121695673D-04  0.20776707261525D-05
  0.38812159711429D-05  0.11418620820589D-04  0.36310131199310D-04
  0.14766924195768D-03  0.12472572868013D-04  0.29557703345282D-04
  -.14785426966563D-03  -.10926003463341D-04  0.33902988742010D-04
  -.21815789011846D-05  -.29889201651230D-04  0.16568307383052D-05
  0.32254059441897D-05  -.10916141310851D-03  -.35462786172611D-04
  -.32641156317376D-05  -.11420359294005D-04  0.12394845070835D-03
  -.13841318574969D-04  0.15209805233370D-03  0.16668634547684D-03
  0.59453637097574D-05  0.79685188144924D-04  0.18230825134666D-03
  -.18001565596890D-04  0.10347012403826D-03  0.83491386893743D-04
  cycle =     20    SCF energy =    -1371.5487758300   |dE/dxyz| =  0.000835
    0.30159769586217     -3.38081103269375      3.17261393889142      c
   -0.07952176017672      0.88685209193303      4.56950841133246      c
   -0.01845385210103      0.20905487415892      7.05137615147701      c
    0.37544156418164     -4.21071528174026      5.74489029733193      c
    0.21107979873177     -2.37735990319593      7.83368253828087      c
    0.27466549318001     -3.10345884092234     10.36864070942628      c
    0.13555931091046     -1.49407819201342     12.49460114037180      c
   -0.25170253393138      2.87808149808379     21.96207399511627      c
    0.00235974757193      0.01199322870143     21.78774189512146      c
    0.08283566063924     -0.91733366174562     24.25024260262808      c
   -0.10426760930313      1.18233635708388     25.98739875138466      c
   -0.11654248153254      1.27231183061560     28.60395740236650      c
   -0.00332904882158      0.02009014242561     -0.02618751214079      c
    0.07025039071343     -0.80308878729820      2.61769952082812      n
    2.04270697877973      4.31251382850165     20.92816396650106      c
   -2.76371943419142      3.88506026112081     20.92817566082393      c
   -0.29250982504608      3.33884905025140     24.67775056378254      o
    0.31334035439222     -3.52442019468119     24.85464327930449      c
    0.07345087968398     -0.93509393236493     30.14324788550304      c
   -0.33136880306186      3.66029023782430     29.85013783315372      c
    0.50535069352608     -5.69068053095453     25.16677506117143      n
    0.22204748971187     -2.68031274477452     31.47055646656462      n
   -0.50615414637152      5.59096487175473     30.88529486631234      n
    0.20631102615945     -2.31709970411315     14.97537199365239      c
    0.06555518286900     -0.68483758324237     17.09068138605127      c
    0.13456800830391     -1.49145438041317     19.57408386123334      c
   -0.25769305872354      2.85933713601789     -0.46428691593771      c
    0.46318427441235     -5.17268870659742      1.19932613367408      c
    0.69347880773559     -7.73419293544996      1.72419421870492      c
    0.76884438589872     -8.57685984005865      4.23340999936360      c
    0.61165855427326     -6.83286182691133      6.18403957485941      c
   -0.25565191167450      2.86681928623782      4.04875792148499      h
   -0.15228839136220      1.71874178326320      8.44346535658579      h
    0.44949382456933     -5.11242225566076     10.80083416261601      h
   -0.04016445249879      0.54861391140630     12.19500523372219      h
    1.73130286236447     -0.60531162419898     -0.99649986390320      h
   -1.59901404479526     -0.90366267379469     -0.99616115716097      h
    2.16864562013882      4.13980784929732     18.86196627272275      h
    1.87521692681325      6.32555559475911     21.42155133726019      h
    3.79938355249214      3.57350013265244     21.75801014810432      h
   -2.85722992816090      3.69305197790067     18.86179639391378      h
   -4.36268931269989      2.84819295509719     21.75866784796649      h
   -2.95422763222684      5.89617403260650     21.42118206569536      h
    0.38092420519093     -4.34912152619787     15.34195139180610      h
   -0.10838262103362      1.33644867053308     16.67871713503564      h
    0.31119371169999     -3.52722323946119     19.90582711775338      h
   -2.01763079283001      3.57920935477443      0.41552127142113      h
    1.34767513005064      3.88020465774583      0.41383322727531      h
    0.40936047741912     -4.56843030365436     -0.76580216866715      h
    0.81521845189473     -9.08344741515683      0.16535298617275      h
    0.94988429617903    -10.58839876167236      4.65923026590255      h
    0.67370674379413     -7.51846599707252      8.12436872319478      h
   -0.28462827646472      3.14317722963776     -3.10861478103308      o
   -0.44091141950406      4.91493982346474     -3.51199297687784      h
  0.12249198052025D-04  -.15240809246477D-03  -.16979429326410D-03
  0.74463772304569D-05  -.10250615106728D-03  0.55048554804278D-05
  -.14300065237539D-06  0.90262832026451D-05  -.41144052292881D-04
  0.29692234105149D-05  -.27041732645224D-04  0.43350980064026D-04
  0.24568369466117D-05  -.17894065325865D-05  -.25857672752917D-04
  -.40743228004036D-05  0.98113747949388D-04  -.72946659771014D-04
  0.31665158187187D-05  -.17769059830148D-04  0.26954502462395D-04
  -.32151741508467D-05  0.90664012195226D-05  0.15061844426734D-04
  -.11323186653506D-06  -.14750531575474D-05  -.30937408424074D-04
  0.19830063620323D-05  0.62828413128740D-05  0.45006226478699D-04
  0.68688559988313D-06  0.24223583204600D-04  -.14881923789807D-04
  0.74683294153103D-05  0.49492191190869D-05  0.40835513201534D-04
  -.21024900636165D-05  -.10353416638579D-04  0.73345225635673D-04
  0.49539604879168D-05  -.77893208124920D-04  -.10199462017387D-03
  0.24383168447230D-05  -.37946176102051D-05  0.90753158803012D-05
  -.78382334616688D-05  -.69637053814924D-05  0.10135653470199D-04
  -.28482144367661D-06  -.19164829019601D-04  0.11063737234723D-04
  0.14790747160804D-04  -.11323598171916D-03  0.29172576566581D-04
  0.12139414931718D-04  0.31457460548971D-04  -.37838478674400D-05
  0.16569847679756D-04  -.89515409942690D-04  -.15633312870674D-04
  -.55841332077582D-05  0.13033592842660D-03  -.15463238004296D-04
  0.24399838988754D-04  -.37219312173479D-04  0.58660161106863D-05
  0.25247842711760D-05  0.73744857753958D-04  0.93396959425494D-04
  -.12695983692309D-05  0.56834807229772D-04  0.38536347185913D-05
  0.53140770588386D-05  -.68621621415727D-04  -.84277902590300D-05
  -.15238950049132D-05  0.29648313826595D-04  0.67262686771713D-04
  0.44028666101419D-05  -.37637763696063D-04  0.20175369177315D-04
  0.77951805551702D-05  -.12149453236018D-03  0.37202432686050D-05
  -.69146865876101D-05  0.35036247894140D-04  -.10893887682278D-03
  -.54432034603459D-05  0.30771963635065D-04  0.21668808887872D-03
  -.13328459393978D-04  0.14736904354664D-03  -.11458930274578D-03
  0.16510578406719D-04  -.20673789224339D-03  -.19661163100819D-03
  -.14517735580240D-05  0.27856804510081D-04  -.26730265154779D-03
  0.82255796785301D-05  -.22112180620205D-05  -.14303218876114D-03
  -.99610539927078D-05  0.76574937271965D-04  0.41550395436247D-04
  -.10612671529010D-03  -.61911789201904D-06  -.36888669077568D-04
  0.10039771358888D-03  0.11586552292757D-04  -.34931983221071D-04
  -.96599827562736D-05  -.15685295938372D-04  0.18913874055490D-04
  0.55731338890918D-05  -.19429272063044D-05  0.73674651522895D-05
  0.28831112563090D-05  -.68335175252870D-05  0.99365694484579D-05
  0.63798257064428D-05  -.14805850149139D-04  0.19715510843992D-04
  -.65351713206311D-05  -.12544098657735D-04  0.10155327239490D-04
  -.13480406928336D-04  -.62889456872166D-05  0.10039320821379D-04
  0.11650508782007D-04  -.33027005841531D-04  0.17104174871207D-04
  -.43918372084780D-05  -.11407846552864D-04  -.85793511500187D-05
  0.71090493319686D-05  -.25819751874886D-04  0.34141964118677D-04
  0.11247967331969D-03  0.10039284223387D-03  0.10698153661516D-03
  -.12803886954015D-03  0.80921700410974D-04  0.11324361812092D-03
  -.60117004192115D-05  0.13395903096729D-04  -.14587845070875D-03
  0.19486773702834D-05  -.93433243806356D-04  0.67457247093715D-05
  -.98879385639779D-05  0.62189570670981D-04  0.11443581156859D-03
  -.18578971254102D-04  0.20545390941514D-03  0.93119691948558D-04
  0.69646327587690D-05  0.49680762293718D-04  0.23824628547322D-04
  -.15041333155545D-04  0.76063754352317D-04  0.10704671080509D-03
  cycle =     21    SCF energy =    -1371.5487781770   |dE/dxyz| =  0.001138
    0.30160978846915     -3.38093668940679      3.17373725636342      c
   -0.07963293911955      0.88800504467425      4.57027188268866      c
   -0.01852392083467      0.20957162127326      7.05231756714285      c
    0.37547092282157     -4.21113756343924      5.74534213156278      c
    0.21106008445971     -2.37745456821365      7.83392230725803      c
    0.27466725702887     -3.10396877950385     10.36880701994362      c
    0.13553942811475     -1.49395131051931     12.49440481692041      c
   -0.25164685466834      2.87804908930499     21.96191123310232      c
    0.00239704870565      0.01200005963389     21.78770634308112      c
    0.08286057707689     -0.91741725209570     24.24999523653117      c
   -0.10424299290752      1.18219243945441     25.98732116772562      c
   -0.11657499827947      1.27223073360000     28.60364222716388      c
   -0.00327578230826      0.01948005577440     -0.02526730792446      c
    0.07020182267238     -0.80262999983656      2.61902736224643      n
    2.04270744618043      4.31257401275088     20.92800823451947      c
   -2.76362481231277      3.88513727730309     20.92802343156033      c
   -0.29245296211831      3.33882244613144     24.67757755473378      o
    0.31335992259363     -3.52461627403791     24.85438785197547      c
    0.07334113668678     -0.93507610055072     30.14306470923608      c
   -0.33142403745139      3.66033654578246     29.84974379457878      c
    0.50535668802666     -5.69078770247711     25.16679189436903      n
    0.22186165980294     -2.68017509960776     31.47066311573298      n
   -0.50621543630637      5.59093848580460     30.88466025403507      n
    0.20627848835809     -2.31696735080270     14.97505051507803      c
    0.06555727266872     -0.68451375068971     17.09050965956870      c
    0.13459117089736     -1.49148407279075     19.57367811632827      c
   -0.25773503163992      2.85902491722019     -0.46431291777094      c
    0.46312193420444     -5.17175806503006      1.19959751515469      c
    0.69348496133842     -7.73376986071345      1.72394844183754      c
    0.76890632785860     -8.57707062818661      4.23228671237118      c
    0.61177627373120     -6.83401503414503      6.18349435754791      c
   -0.25580642140383      2.86850248858945      4.04911293982333      h
   -0.15233079779835      1.71887615057045      8.44508225344068      h
    0.44943935835849     -5.11269073093914     10.80183768069592      h
   -0.04009967506157      0.54835254115828     12.19455959841034      h
    1.73257860094726     -0.60530438607464     -0.99446217357179      h
   -1.60029361141364     -0.90386895434357     -0.99412458182191      h
    2.16870216444105      4.13995740534452     18.86178688048732      h
    1.87512477672635      6.32558853168364     21.42150328124065      h
    3.79939026693012      3.57362032268420     21.75788985325735      h
   -2.85721985171700      3.69318457125685     18.86162350397759      h
   -4.36261252206684      2.84834627199592     21.75857197352629      h
   -2.95402220717910      5.89624666255476     21.42111900657391      h
    0.38082219824819     -4.34881419603155     15.34122385888035      h
   -0.10832708048139      1.33671134379653     16.67857255017139      h
    0.31117490055153     -3.52718216616521     19.90536890853505      h
   -2.01746273984948      3.57966049890086      0.41521993468117      h
    1.34736547010158      3.88061760928990      0.41345414302658      h
    0.40932621468485     -4.56767061557576     -0.76549190961057      h
    0.81518702255618     -9.08225403550459      0.16501099770975      h
    0.95000730520547    -10.58902427538765      4.65777503176349      h
    0.67385589057586     -7.51991352295562      8.12301417302986      h
   -0.28467209745440      3.14151681589064     -3.10931774780180      o
   -0.44071684501938      4.91324983441132     -3.51286905299544      h
  0.38689011568966D-04  -.44578698636420D-03  0.44153790588412D-04
  0.62750259322747D-05  -.87005784564439D-04  -.13425868641100D-03
  -.17971195508620D-05  0.21768230912332D-04  0.65661084774820D-04
  -.12079233200420D-04  0.14002386952765D-03  -.37319761486402D-04
  0.36927764989789D-06  0.21368738068381D-04  -.79473363678884D-04
  0.81691655349277D-05  -.42178558295287D-04  -.71377062061155D-04
  -.10366252300594D-04  0.14007731546949D-03  0.23968654487239D-04
  -.23963516218323D-05  -.30930439327516D-06  0.17967209566408D-05
  -.47633800262113D-05  0.51803155742014D-04  0.11412667171544D-03
  -.15110372085793D-05  0.45802730436456D-04  -.75847092141706D-05
  0.44897539582496D-05  -.20083878456016D-04  0.11419003826097D-03
  0.91491082182449D-05  -.11213658678727D-04  -.54800628379194D-04
  0.23159257458784D-04  -.20073151354621D-03  0.33663229941502D-04
  -.25922979634455D-05  -.99570407951678D-06  -.38449476475646D-04
  -.45579139316958D-05  -.14811377047585D-05  0.10368942516601D-04
  -.13262426983665D-05  -.36057691420245D-05  0.11280604452151D-04
  -.37470061114050D-05  0.21087887676162D-04  -.20973883360636D-04
  0.22752017532240D-04  -.20325163300146D-03  0.39421981953505D-04
  0.57031067838788D-05  0.10754170900509D-03  -.69070359322223D-04
  -.15336389489711D-05  0.10980794372730D-03  0.89962093278203D-04
  -.10161577394994D-04  0.18256754957777D-03  -.19244525118543D-04
  0.30532935799535D-04  -.11237566507797D-03  0.67097407106325D-04
  0.19078929770784D-04  -.10907866443638D-03  -.66878929160700D-05
  0.11175859948971D-04  -.88829843507450D-04  -.50629474440443D-04
  -.36620851535722D-05  0.37320205921600D-04  0.62092110813659D-04
  0.70723407346277D-05  -.69143122145574D-04  -.55154415218393D-04
  -.12249725918786D-04  0.43934212977148D-04  0.13861091822872D-03
  -.17768462490589D-04  0.15973874769938D-03  -.77551522894952D-04
  0.20731070721134D-04  -.27569750761095D-03  0.80194127084783D-04
  -.25933233731569D-04  0.26206635220843D-03  -.76336134019344D-05
  0.22297178759858D-04  -.25059470744127D-03  -.33026598451139D-04
  -.32823813913065D-05  0.16096692010427D-04  -.25980271549406D-03
  -.58818624127815D-05  0.79630771193440D-04  -.21310112948045D-03
  0.48884100005978D-05  0.32564780705385D-04  -.94698679601372D-04
  -.46763794276327D-06  -.33503583189946D-04  0.55177224443309D-04
  0.74861663233516D-04  0.28501067923331D-04  -.10256334720705D-04
  -.86366458348628D-04  0.10450834365329D-04  -.99469381488641D-05
  -.82847150597779D-05  -.15781828878259D-04  0.11173535510257D-04
  0.56335484727039D-05  0.45454176832473D-06  0.98178070456494D-05
  0.92294708857144D-06  -.64267454744657D-05  0.12115437667768D-04
  0.50517017222800D-05  -.15184418008714D-04  0.12113940018403D-04
  -.46244200772440D-05  -.11825212917118D-04  0.12423160534806D-04
  -.13981090376206D-04  -.39334390222657D-05  0.12537296616388D-04
  0.49065118859387D-05  0.43552625052700D-04  -.24792783432594D-04
  -.26619039394586D-05  -.29814098954736D-04  -.72067547669645D-05
  0.49060979299765D-05  -.50408262946006D-06  0.36858075827548D-04
  0.13894794171741D-03  0.12993954887029D-03  0.12875079118640D-03
  -.15226504015953D-03  0.10603588581013D-03  0.14235044155186D-03
  -.22450003776306D-05  -.26498813529845D-04  -.14174558388836D-03
  -.65074380529579D-05  0.28796322725232D-05  0.13211987806762D-03
  0.38187842382472D-06  -.51420111084413D-04  0.15097766711525D-03
  -.25914953099237D-04  0.28863838244484D-03  -.14594203632149D-03
  0.52162170049108D-05  0.38166746839696D-04  -.18490031671521D-03
  -.13590403787978D-04  0.66923629250653D-04  0.13967036586654D-03
  cycle =     22    SCF energy =    -1371.5487803260   |dE/dxyz| =  0.001002
    0.30154798852212     -3.38022812224233      3.17447066183680      c
   -0.07974171679667      0.88915199657360      4.57119283933630      c
   -0.01857404584528      0.20990776946716      7.05291816143733      c
    0.37552272972082     -4.21179874619840      5.74589490241925      c
    0.21104075164334     -2.37752427928340      7.83425962906782      c
    0.27465716542314     -3.10430204010881     10.36901839600269      c
    0.13554884865186     -1.49415659646517     12.49427460349319      c
   -0.25159675485968      2.87803322204063     21.96178049815148      c
    0.00243861918040      0.01192052905965     21.78748482263961      c
    0.08288573175791     -0.91752542382853     24.24981974137373      c
   -0.10422682051767      1.18213174764154     25.98706247286787      c
   -0.11660306289833      1.27212650243857     28.60349078921442      c
   -0.00327508835913      0.01932897527230     -0.02485280899991      c
    0.07014815081119     -0.80206786360947      2.61995461569767      n
    2.04271700320236      4.31261770811745     20.92785699016545      c
   -2.76354443157683      3.88519554787334     20.92787542144549      c
   -0.29239749617458      3.33876120728532     24.67748236706580      o
    0.31337159706922     -3.52472968142417     24.85416765230306      c
    0.07324297166281     -0.93509367885192     30.14290678081500      c
   -0.33147205393130      3.66034678109185     29.84937724067654      c
    0.50536593498008     -5.69093148756607     25.16678798786796      n
    0.22168901002527     -2.68001707245151     31.47073232311620      n
   -0.50627554822671      5.59095558192018     30.88410396629330      n
    0.20623806046257     -2.31671989205654     14.97490614623946      c
    0.06556775858695     -0.68432102609711     17.09025620269277      c
    0.13460020640233     -1.49137115950281     19.57346893831462      c
   -0.25775644930999      2.85869909231850     -0.46468490368450      c
    0.46310000434777     -5.17128360250229      1.20012169199271      c
    0.69345050659580     -7.73293617383930      1.72359007273023      c
    0.76899982626377     -8.57768477710384      4.23159894787503      c
    0.61183461177146     -6.83452786959363      6.18309023529945      c
   -0.25595157229887      2.87006890856220      4.05005839972168      h
   -0.15234445120800      1.71873075054072      8.44688113077181      h
    0.44939817022362     -5.11302794186126     10.80295351937680      h
   -0.04004234915957      0.54813501385135     12.19410807072310      h
    1.73348895694811     -0.60526818881199     -0.99309576404399      h
   -1.60120947561492     -0.90396936030899     -0.99275967840268      h
    2.16877286675438      4.14010747826751     18.86162158238566      h
    1.87505070227034      6.32561474327608     21.42144338536634      h
    3.79939362414507      3.57371926917130     21.75777139879875      h
   -2.85723091934671      3.69331611858476     18.86146383043588      h
   -4.36253686824146      2.84847679754505     21.75847544178234      h
   -2.95384256582179      5.89630783344466     21.42104498493553      h
    0.38074035298795     -4.34865860541656     15.34076351985087      h
   -0.10827929503353      1.33698125698309     16.67849842667383      h
    0.31115812731072     -3.52715166449033     19.90494796446132      h
   -2.01764971081032      3.57958528359748      0.41464206381656      h
    1.34748786754424      3.88057087715918      0.41279864485855      h
    0.40931040477237     -4.56714231289771     -0.76493289651299      h
    0.81516819205806     -9.08127966387302      0.16466101623350      h
    0.95011362869814    -10.58952046456654      4.65639106292462      h
    0.67403223089829     -7.52168192249365      8.12218994911050      h
   -0.28474525091637      3.14039361036346     -3.10977138465398      o
   -0.44057591111340      4.91207580681146     -3.51378846632916      h
  0.16086605821234D-04  -.19413707136958D-03  0.35948767499632D-04
  0.20281205237790D-05  -.36665602299616D-04  -.15953702581653D-04
  0.23523676293997D-06  -.70089373020647D-05  -.13598332369061D-03
  0.20692777999861D-04  -.22435838793817D-03  0.87761282805508D-04
  -.88611236683180D-05  0.12292395489270D-03  -.37933948619901D-04
  0.46043931753098D-05  0.97073985727097D-06  -.89682841425860D-04
  -.53540759641246D-07  0.20697960799527D-04  0.96770231663555D-05
  -.29878601384595D-05  0.74894701956021D-05  0.20238534611680D-04
  -.17868084091563D-05  0.18316299751807D-04  0.65576616971282D-04
  -.38096168753671D-06  0.32978962741433D-04  0.29308099603597D-04
  0.16181761390123D-05  0.14339143447641D-04  0.30580190040014D-04
  0.11226618365782D-04  -.35832752049009D-04  0.15787775762008D-04
  0.19194092580172D-04  -.19810350885178D-03  -.39898233713101D-04
  0.90973406844605D-05  -.12368589643627D-03  -.19430862818646D-04
  -.41252987159209D-05  -.65386067025314D-05  0.17628317013744D-05
  -.89046601925365D-06  -.86906613803980D-05  0.27520093995037D-05
  -.27606756210469D-05  0.10878443296058D-04  0.17620003660705D-04
  0.16865978820377D-04  -.13684848411816D-03  0.16231864137203D-04
  0.55983717015393D-05  0.10964151589902D-03  -.83315643004679D-04
  -.10219211209637D-04  0.20590162942838D-03  0.12780578750224D-03
  -.35091426967189D-05  0.10799209493147D-03  -.34417965168185D-05
  0.28995653569848D-04  -.97852174693204D-04  0.62440342759185D-04
  0.27382898617433D-04  -.20095419112859D-03  -.54700370518339D-04
  0.42738803518174D-05  -.87386129240032D-05  -.65456134779426D-04
  -.10059285782634D-05  0.77995802040899D-05  -.47834725793345D-05
  0.36390384712509D-05  -.29944133060619D-04  -.84008066550183D-06
  -.42069027718527D-05  -.13855937734692D-05  0.93228706301694D-04
  0.92708602792526D-05  -.14355323214740D-03  -.36352539286114D-04
  -.67130763319194D-05  0.27767975403169D-04  -.63058840411149D-04
  0.38854258807932D-05  -.68032889299810D-04  0.61441041774428D-05
  -.14174071767289D-05  0.11293640545385D-04  -.63375576782074D-04
  -.16295160593256D-04  0.16290252693618D-03  -.28332717939872D-03
  -.14959933767541D-04  0.18365042188990D-03  -.74978847029158D-04
  0.84718613496803D-05  -.12258618547031D-04  -.15598148303310D-04
  -.12508121261911D-05  -.24134401176752D-04  0.46769303156153D-04
  0.21433389580031D-03  0.43857036081823D-04  0.43649991427418D-05
  -.22150179570907D-03  0.68103174170704D-05  0.66081513286037D-05
  -.51502280534143D-05  -.13422567868046D-04  0.56822728613487D-05
  0.38393800046623D-05  0.35490963519691D-05  0.12262793652876D-04
  -.31883776418130D-05  -.54115302308254D-05  0.13231182275293D-04
  0.15172245608134D-05  -.13457041818936D-04  0.66021799157102D-05
  -.71645597905548D-06  -.10107057440797D-04  0.13575521828571D-04
  -.12772577359558D-04  -.65324769829548D-06  0.14948310667696D-04
  0.59058711528918D-05  0.30243002068561D-04  -.53696898286771D-04
  -.40280773150549D-05  -.12695207231393D-04  -.58003245559329D-06
  0.65214222309666D-05  -.19605985249640D-04  0.34328094662206D-04
  0.97496671212229D-04  0.13980978622390D-03  0.13949603647480D-03
  -.11649471495253D-03  0.11923742928056D-03  0.15538100826795D-03
  -.80999648356557D-06  -.41431574964868D-04  -.13630944765386D-03
  -.59198449894949D-05  -.19539608371277D-05  0.19496753578909D-03
  -.62909256503409D-05  0.24123529242081D-04  0.12686319556446D-03
  -.20922335583492D-04  0.23535438054489D-03  -.17956668574707D-03
  0.38448411286057D-05  0.16196518859253D-04  -.18164953563981D-03
  -.14578026151784D-04  0.84835790538918D-04  0.13865945828482D-03
  cycle =     23    SCF energy =    -1371.5487830180   |dE/dxyz| =  0.000980
    0.30145384217979     -3.37914568538251      3.17544708661564      c
   -0.07988654977380      0.89065272182221      4.57249644332704      c
   -0.01865352674148      0.21046494906688      7.05412525682023      c
    0.37552254853255     -4.21193208678802      5.74636910448796      c
    0.21103977965576     -2.37797270176527      7.83478067630817      c
    0.27463073037136     -3.10473229951541     10.36949015807657      c
    0.13555390853611     -1.49437207962487     12.49404013298623      c
   -0.25151416449098      2.87798608776065     21.96154104731700      c
    0.00250583077787      0.01178995928183     21.78704342619381      c
    0.08292752343003     -0.91771305538423     24.24948392980219      c
   -0.10419660465980      1.18198313031449     25.98669204274877      c
   -0.11665048766869      1.27197973686597     28.60317498717529      c
   -0.00332868207586      0.01964442544163     -0.02409159224205      c
    0.07004368040140     -0.80096987894261      2.62123604680221      n
    2.04274214217319      4.31269883016505     20.92764723128182      c
   -2.76342575239503      3.88529884037876     20.92767092328140      c
   -0.29230749762607      3.33865377605852     24.67728116357702      o
    0.31338455358010     -3.52484507589807     24.85386639828065      c
    0.07308674288064     -0.93515500312737     30.14272082561607      c
   -0.33154454117617      3.66030911380044     29.84880289201133      c
    0.50537799095723     -5.69113657137851     25.16674893777038      n
    0.22141273478275     -2.67977654575376     31.47082674654398      n
   -0.50638177893663      5.59108417899024     30.88325805359991      n
    0.20617997503031     -2.31640329613660     14.97483871976395      c
    0.06558887398004     -0.68406649469682     17.08992265776284      c
    0.13461369295448     -1.49117474895019     19.57312276757920      c
   -0.25780127509293      2.85836126014060     -0.46509836192891      c
    0.46302438442606     -5.17005088665783      1.20083063887236      c
    0.69343786282592     -7.73205582558137      1.72328413554209      c
    0.76909243204902     -8.57803953595184      4.23052857902790      c
    0.61193978345427     -6.83547376669480      6.18267365449247      c
   -0.25610611948530      2.87169464550985      4.05194177043717      h
   -0.15233313740450      1.71811121400161      8.44937103387683      h
    0.44931658246683     -5.11337970621553     10.80437012997532      h
   -0.03996036280959      0.54790656365551     12.19337556344902      h
    1.73412560213566     -0.60533177848759     -0.99116751098237      h
   -1.60185486468400     -0.90412778543609     -0.99083713418603      h
    2.16887758167710      4.14034692865850     18.86138141170629      h
    1.87493771872568      6.32564054954504     21.42132866909170      h
    3.79941614802442      3.57387487479429     21.75756986179507      h
   -2.85723873947789      3.69352770519038     18.86123265856567      h
   -4.36243090444829      2.84868071316806     21.75830892214558      h
   -2.95355573446781      5.89638953901849     21.42090736466843      h
    0.38061579195734     -4.34848762765447     15.34023694073547      h
   -0.10819874871629      1.33737161204641     16.67838037956198      h
    0.31112701603250     -3.52705571141229     19.90428079007315      h
   -2.01827954157676      3.57923074598285      0.41370384012431      h
    1.34804201179561      3.88033231570208      0.41170580218456      h
    0.40927853112283     -4.56622686518039     -0.76390882408073      h
    0.81515265197131     -9.07988277936158      0.16362143221064      h
    0.95027365665730    -10.59019751548573      4.65416858622932      h
    0.67431261414529     -7.52449911590111      8.12143793755594      h
   -0.28484569390743      3.13859917562192     -3.10995037592459      o
   -0.44032944844447      4.90993162219867     -3.51544037074789      h
  0.50889038514136D-05  -.70905866336687D-04  0.85990170167585D-04
  -.15194760059771D-04  0.15909027823213D-03  -.10212076097143D-03
  -.21199799535169D-04  0.23011337840524D-03  -.12259818619505D-03
  0.61516925050172D-05  -.63052366590650D-04  0.20387663351638D-04
  0.86707537061594D-05  -.78160719841634D-04  0.17150369742611D-04
  -.52450962201843D-05  0.11493272592100D-03  -.31310299075844D-04
  0.12899332100410D-04  -.13024515407424D-03  -.10879512228239D-03
  -.28957734949545D-05  0.66223565218948D-05  0.34967650822546D-04
  0.45999764638788D-05  -.53803802545452D-04  -.43213710444226D-04
  0.28457822374287D-05  -.34647739969635D-05  0.61319807063100D-04
  -.66796001196615D-06  0.41306757658185D-04  -.13866322917041D-04
  0.11004107575846D-04  -.33218671254121D-04  0.41618933426453D-04
  0.54196002638437D-06  -.50820871059007D-04  -.16509930150907D-03
  0.18493550519934D-04  -.21532539867972D-03  -.13922445010586D-04
  -.15800896300918D-05  -.12254897481462D-05  0.57848684489645D-05
  -.42129262206660D-05  -.38701074511952D-05  0.69717215795403D-05
  -.28485568329459D-05  0.12477705497462D-04  0.57215492962809D-04
  0.24493843825459D-05  0.26396953252244D-04  -.11877905178936D-04
  0.12593000632899D-04  0.26016989307477D-04  -.28654302140771D-04
  -.81734173314591D-05  0.18305828799413D-03  0.10680999341869D-03
  0.93957261638641D-05  -.36782656935048D-04  0.20353272425152D-04
  0.21932620795215D-04  -.16640670953701D-04  0.60569283234486D-05
  0.25491244748149D-04  -.17967705399903D-03  -.43844384961514D-04
  -.28505176722572D-05  0.74910355574418D-04  0.97406051839274D-05
  0.52420134940987D-05  -.65424265815895D-04  -.51680182157409D-04
  -.29753064780423D-05  0.47443935316331D-04  0.43689118265447D-04
  0.18411080173066D-04  -.11268049015305D-03  -.37732796367035D-04
  -.47372483332223D-06  -.37333920042976D-04  -.10833821052186D-03
  -.22331744501820D-05  -.24395386203967D-04  0.11964115172676D-03
  0.72077071104935D-05  -.10514347533407D-03  -.12626998619622D-03
  0.86647667181243D-05  -.10219467595929D-03  -.12528408933571D-03
  -.15889218925297D-04  0.15976845340215D-03  -.24285798325090D-03
  -.12802097305741D-04  0.16040087013978D-03  -.29117607571690D-04
  0.97519689580736D-05  -.30177247752118D-04  0.51724404047427D-04
  -.29525726790379D-05  -.40238081874681D-05  0.28570277089543D-04
  0.31150553382227D-03  0.44078219746599D-04  0.38933869845072D-04
  -.31146930290959D-03  -.36298022978460D-05  0.43017730221421D-04
  -.20436384097385D-05  -.10664479253088D-04  -.11792145022567D-05
  0.24642465026112D-05  -.37927452318491D-05  0.10166684196677D-04
  -.13078981354750D-04  -.21660161506872D-05  0.10639214483115D-04
  -.20775268674817D-05  -.11348988222266D-04  -.33572749883592D-06
  0.84715399002505D-05  -.52402593350541D-05  0.11073262555989D-04
  -.10149807180563D-04  -.78510067062526D-05  0.12804065152036D-04
  0.75121457747460D-05  0.95432900596531D-05  -.91626142809623D-04
  -.64533456692723D-05  0.17358285359927D-04  0.85042979420174D-05
  0.73363746799361D-05  -.29538803206373D-04  0.25928355421215D-04
  -.96095663121158D-05  0.12670117802487D-03  0.13391861212507D-03
  -.19625806839180D-04  0.11719954683461D-03  0.14840712330923D-03
  0.56295183848972D-05  -.11241609713356D-03  -.11009415231263D-04
  0.16548600425897D-06  -.67067675095726D-04  0.15023652907542D-03
  -.27276720445858D-05  -.13292867656644D-04  0.10717763237397D-03
  -.10107120099238D-04  0.11807910801341D-03  -.11199482896206D-03
  0.19141010143190D-06  0.16999932421972D-04  -.24726453293059D-04
  -.12293753435656D-04  0.66180959826624D-04  0.12463237317770D-03
  cycle =     24    SCF energy =    -1371.5487857410   |dE/dxyz| =  0.001032
    0.30131875415540     -3.37759845327373      3.17657231244105      c
   -0.08001131855631      0.89184811384179      4.57460943558827      c
   -0.01869549034025      0.21046259609457      7.05584988161672      c
    0.37552365371257     -4.21214452443011      5.74690248591658      c
    0.21099750120807     -2.37817638630968      7.83539433407076      c
    0.27460921359066     -3.10559936604164     10.37015675101811      c
    0.13551570467175     -1.49416385567952     12.49399060321099      c
   -0.25138838347512      2.87789621778057     21.96112541361660      c
    0.00258995238381      0.01178571161624     21.78660499200449      c
    0.08298607389521     -0.91794401239188     24.24885063469185      c
   -0.10414114015568      1.18164227519812     25.98621902892306      c
   -0.11672658399179      1.27181065587501     28.60262965729803      c
   -0.00341309697188      0.02023255950301     -0.02232777229043      c
    0.06986786610610     -0.79916253922413      2.62313096308534      n
    2.04278210025523      4.31281072160309     20.92735155942056      c
   -2.76324768442053      3.88544415751202     20.92738274221783      c
   -0.29217069652657      3.33847211639746     24.67684656947699      o
    0.31340426763559     -3.52501967326718     24.85347220278663      c
    0.07285030626722     -0.93523091059613     30.14249457162811      c
   -0.33165052152799      3.66022252075696     29.84797623663352      c
    0.50538796104619     -5.69136011754843     25.16665184512288      n
    0.22100370767872     -2.67948065809432     31.47097965392855      n
   -0.50654762791969      5.59134195710442     30.88202043907559      n
    0.20611530567127     -2.31619504351204     14.97460997731093      c
    0.06560641001130     -0.68352119691824     17.08958294486905      c
    0.13465289563283     -1.49109963572339     19.57249251661620      c
   -0.25794216567975      2.85837561819112     -0.46504035482831      c
    0.46294223589135     -5.16852611289893      1.20188293403850      c
    0.69341318099613     -7.73064660758484      1.72231233695045      c
    0.76920428445798     -8.57827362252997      4.22923786924216      c
    0.61203721507880     -6.83621066117873      6.18253910423727      c
   -0.25625224484788      2.87316589945675      4.05477368303481      h
   -0.15231325655733      1.71712737354528      8.45260111576899      h
    0.44917288382608     -5.11364485014546     10.80583645371416      h
   -0.03984820227204      0.54769369158932     12.19232482768297      h
    1.73404630059735     -0.60563586139598     -0.98842565097451      h
   -1.60178988162856     -0.90443464406113     -0.98810939815045      h
    2.16901019795077      4.14069322689164     18.86106614558408      h
    1.87477299539321      6.32569164899967     21.42115147092050      h
    3.79949864585687      3.57410045079897     21.75726722359398      h
   -2.85722316583806      3.69383697445654     18.86093119350539      h
   -4.36231800603670      2.84897091208644     21.75805848746743      h
   -2.95313119153691      5.89652448567636     21.42069580752667      h
    0.38043062255760     -4.34824785498870     15.33969643559653      h
   -0.10806578877631      1.33781491796765     16.67816033413517      h
    0.31107488445170     -3.52684822007785     19.90331431794064      h
   -2.01918596999942      3.57870721897642      0.41234608325265      h
    1.34885668275288      3.88000700125441      0.41008656930631      h
    0.40919622606962     -4.56448070426911     -0.76270082569388      h
    0.81512993057234     -9.07780291689744      0.16167356694678      h
    0.95047326984385    -10.59077159138863      4.65086256391340      h
    0.67468973522031     -7.52825851399479      8.12065351175107      h
   -0.28495265842275      3.13573492858929     -3.10994857442688      o
   -0.43993512632688      4.90640537447999     -3.51804362447738      h
  -.15875732605547D-04  0.16374326134441D-03  0.28568336875637D-04
  -.76068876446284D-05  0.76110670638327D-04  -.12791824476161D-03
  -.13235751263156D-04  0.13804442956734D-03  -.23006556801265D-03
  0.97706601359585D-05  -.10492653403723D-03  -.81056227664944D-04
  -.12010821643434D-04  0.15146020413382D-03  -.13079144836725D-03
  0.21872901975565D-04  -.20120918049548D-03  0.78405038235777D-04
  -.39732504307190D-05  0.67052074054882D-04  -.51945489070913D-04
  -.76449336887972D-06  -.17291049110632D-04  0.21538567986764D-04
  0.17375937954145D-06  -.26695369511090D-05  0.37759995773601D-04
  0.37120683163453D-05  -.13075124051811D-04  -.68374050614407D-05
  0.38662337470532D-05  -.94415131126134D-05  0.33282369828765D-04
  0.68110302467402D-05  0.15757219267423D-04  0.48618814700292D-05
  0.53931069229360D-05  -.26373452909377D-04  -.23769267057256D-03
  -.20774260322085D-05  0.23608337398051D-04  0.20445002244085D-04
  -.92888933876792D-05  0.34514336866191D-05  0.15998043298770D-04
  0.26506894854116D-05  0.19785766450857D-05  0.17194121842139D-04
  -.55568109183620D-05  0.44999644034482D-04  0.33020219787931D-04
  -.77444387180651D-05  0.14259236524341D-03  -.93146763847188D-05
  0.20614998673340D-04  -.69585425326946D-04  0.36977374502511D-04
  0.51474758780805D-05  0.36141479667826D-04  0.35160077228795D-04
  0.19192823674606D-04  -.14650395366913D-03  0.34867483638949D-04
  0.15097512441825D-04  0.59023169878721D-04  -.45618961200592D-04
  0.14101635616820D-04  -.53784921868466D-04  0.17329843666918D-04
  0.84893479308658D-05  -.58489509469909D-04  -.55725234693178D-04
  -.57474324942531D-05  0.63231804186579D-04  -.48238834934546D-05
  0.69109952976337D-05  -.64938402201983D-04  -.37791175582749D-04
  0.34387380695017D-05  0.94877375114913D-05  0.21314910551515D-04
  0.14426784529945D-04  -.20635634336063D-03  0.86773538918574D-04
  -.17793186968647D-04  0.14826329345160D-03  -.22102800601463D-04
  0.29997653126645D-04  -.36012304754928D-03  -.11739593582154D-03
  -.74881712961655D-05  0.76289051230204D-04  0.93157648723030D-05
  -.17249001450377D-04  0.17579064260957D-03  -.23056264169025D-03
  -.17682260584510D-04  0.21489099452615D-03  0.93325118000492D-04
  -.41132247365393D-05  0.12577397617025D-03  0.76545304936263D-04
  0.39797675076063D-05  -.83656573291823D-04  -.91045048471897D-06
  0.27762862579610D-03  0.33165876576130D-04  0.96729448142113D-04
  -.28027013532516D-03  -.62210053060788D-05  0.97279159987286D-04
  -.99732043019242D-06  -.72681128860647D-05  -.34315495300481D-05
  0.16788925517973D-05  -.75713750763737D-05  0.64767905860948D-05
  -.15597188300259D-04  -.62858377363970D-06  0.99923483004211D-05
  -.37264658191898D-05  -.83132980107075D-05  -.24233866648952D-05
  0.10766071652017D-04  -.33768989285474D-05  0.10546829509085D-04
  -.87420567455679D-05  -.11542987129512D-04  0.91146759731030D-05
  0.56151698937047D-05  0.28497809888202D-04  -.12189774816477D-03
  -.32410588396559D-05  -.16508368174017D-04  0.21576869193275D-04
  0.18803629020748D-05  0.32546048545450D-04  0.11348727320382D-04
  -.57219746433684D-04  0.28145404601854D-04  0.47714059140623D-04
  0.45580486280139D-04  0.26916274641631D-04  0.63090702864749D-04
  0.83769277396070D-05  -.14307158898941D-03  0.19814623476899D-04
  0.83946438948046D-05  -.15574041243370D-03  0.77877076026597D-04
  -.33067485372090D-05  -.31489207432192D-05  0.38996004992644D-04
  0.68191732233273D-05  -.66766077314126D-04  -.33080226810676D-04
  -.16699168771513D-05  0.23347562925705D-04  0.12461139044715D-03
  -.64910822879647D-05  0.13174316155228D-04  0.10919577538797D-03
  cycle =     25    SCF energy =    -1371.5487879230   |dE/dxyz| =  0.000932
    0.30123319939178     -3.37661868008455      3.17731250697067      c
   -0.08006329597775      0.89223127667358      4.57656076723764      c
   -0.01868445766228      0.20996578274718      7.05754908339065      c
    0.37550757964217     -4.21213246623527      5.74741938099719      c
    0.21098808027946     -2.37864493759375      7.83622189276475      c
    0.27451885095090     -3.10553020429420     10.37042308942986      c
    0.13549959192035     -1.49418632951335     12.49399810519773      c
   -0.25128339969441      2.87786977445529     21.96075746288325      c
    0.00266575582938      0.01175128828480     21.78611083767319      c
    0.08303524461150     -0.91812177498806     24.24838370421349      c
   -0.10409845807044      1.18140503179303     25.98568332094151      c
   -0.11679187220515      1.27164285760446     28.60224762578194      c
   -0.00352990832935      0.02097100208537     -0.02008409107209      c
    0.06976555138168     -0.79821641308718      2.62465376740193      n
    2.04284481423402      4.31288559741220     20.92708927288630      c
   -2.76311606855265      3.88554443042442     20.92712670131535      c
   -0.29204145932418      3.33819241649729     24.67644626721457      o
    0.31342104516614     -3.52516899307504     24.85313651333566      c
    0.07263989563516     -0.93524627420205     30.14234110870638      c
   -0.33174422320231      3.66016390465395     29.84729499025498      c
    0.50538574514100     -5.69144280843632     25.16652535826758      n
    0.22065510659019     -2.67929408642136     31.47111237112560      n
   -0.50669570345025      5.59160323371318     30.88097825812627      n
    0.20604304934092     -2.31582792379303     14.97455690117437      c
    0.06564413258546     -0.68331347698047     17.08927642115504      c
    0.13467054540696     -1.49084961702395     19.57212573374046      c
   -0.25807172577503      2.85845318414517     -0.46462160939728      c
    0.46286091409478     -5.16705515850133      1.20213141225238      c
    0.69342681070397     -7.72978647067515      1.72147551722802      c
    0.76921848285550     -8.57755576122367      4.22831903202738      c
    0.61209883145965     -6.83658237658471      6.18257163046580      c
   -0.25628241738136      2.87334974244824      4.05735681788960      h
   -0.15227462171685      1.71601285546758      8.45459691133268      h
    0.44906865540625     -5.11408613586669     10.80642353064310      h
   -0.03978556582917      0.54791576442625     12.19152287915429      h
    1.73300412582893     -0.60599535657035     -0.98647873734266      h
   -1.60076128320587     -0.90467019795830     -0.98616775436970      h
    2.16910095837781      4.14097516950847     18.86084071368539      h
    1.87463617808526      6.32575360133512     21.42099860214846      h
    3.79961949809761      3.57428573928615     21.75700191221982      h
   -2.85718105113437      3.69409205676388     18.86071746823659      h
   -4.36226599220786      2.84920490830583     21.75783784805835      h
   -2.95277007142566      5.89665921439853     21.42051296679087      h
    0.38027997937128     -4.34814865656258     15.33957412962534      h
   -0.10794856970151      1.33817073024360     16.67790335616317      h
    0.31104031220607     -3.52679009005322     19.90254474433501      h
   -2.01991169532097      3.57841246688468      0.41150274695819      h
    1.34948318966542      3.87989945645260      0.40897950677993      h
    0.40908781656131     -4.56256338366902     -0.76191111931530      h
    0.81509494404457     -9.07584320209079      0.15971484824043      h
    0.95060708974854    -10.59084741634425      4.64819168446850      h
    0.67493758441555     -7.53066274224471      8.12022780321176      h
   -0.28499514035169      3.13302285424404     -3.10973973718773      o
   -0.43957581488065      4.90308738564382     -3.52050086768246      h
  -.30799492689048D-04  0.32960785303655D-03  -.27346867748930D-04
  -.16435708629721D-04  0.17552933198301D-03  -.16407826784123D-03
  -.72152660118545D-05  0.72109178203060D-04  -.82080491998166D-04
  0.77076655270918D-06  -.56366334474191D-05  -.13920846700566D-03
  -.76225395810317D-05  0.96705046583872D-04  0.77010667009842D-04
  -.16368450032057D-04  0.23462724288474D-03  -.17417627815710D-03
  0.15056502602556D-04  -.15486382614278D-03  -.13098533790179D-04
  -.22894427064266D-05  0.16099442588700D-05  0.21951863604774D-04
  0.23174823999142D-05  -.26828171610848D-04  -.47709300033287D-04
  0.39249572914886D-05  -.15055355142963D-04  0.18483234163035D-04
  0.25246450664345D-05  0.86733019730640D-05  -.71655061372076D-04
  0.59094632462619D-05  0.25123499449317D-04  0.66444701510763D-04
  -.64852516348785D-05  0.69005147255543D-04  -.68910741611712D-04
  -.26947849501862D-05  0.43478762654744D-04  -.11775696210123D-03
  -.11385460040091D-04  -.15083906457379D-04  -.93124367790427D-06
  0.78681813282094D-05  -.16000216992636D-04  0.34047060300492D-06
  -.11961196134709D-05  -.40199395704516D-05  0.35759177252054D-04
  -.34140270038470D-05  0.94627517824651D-04  0.65980195408066D-05
  0.20822381142062D-04  -.74191644849804D-04  0.43863859275281D-04
  0.16981397638164D-04  -.93652940009016D-04  -.32808525605176D-04
  0.15436552664479D-04  -.10336596419975D-03  0.28924111013449D-04
  0.14873649702270D-04  0.59217859769571D-04  -.43273298382969D-04
  0.28361645839275D-05  0.70545158506726D-04  0.80411997195805D-04
  -.66798767145552D-05  0.11823379803011D-03  -.47837552505192D-04
  0.60349325885461D-05  -.74024385510436D-04  -.48269895804757D-04
  -.34312030090194D-05  0.55305470265650D-04  0.40745063272182D-07
  -.82093842416464D-05  0.84770399596933D-04  0.83259050073315D-04
  -.18840663619329D-05  -.22286968723198D-04  -.32297224441930D-04
  0.94757253289205D-05  -.15395727764762D-03  -.84549730362212D-05
  0.23030362072588D-05  -.55950389087418D-04  -.46156445604999D-04
  -.27297651569671D-05  0.24178029149842D-04  0.58884751497923D-04
  -.43767532521367D-05  0.32540149102852D-04  -.18335401530017D-03
  -.12038607263018D-04  0.14792661581464D-03  0.40470115321540D-04
  0.11441763607420D-04  -.54732450822636D-04  0.11646807948041D-03
  -.59105328558523D-05  0.32342029904277D-04  -.62269766003365D-04
  0.12978084747566D-03  0.16596764093261D-05  0.11350774514912D-03
  -.12747483926855D-03  -.98758046419671D-05  0.11342642414926D-03
  -.23081990189667D-05  -.23585548603387D-05  0.14284499182947D-04
  -.33351488955432D-05  0.15002406741150D-05  0.73188972332256D-05
  -.10869526752349D-04  -.10958281812035D-06  0.11448445741965D-04
  -.33256336086787D-05  -.33815569919819D-05  0.15412274438439D-04
  0.61515411542628D-05  -.37935589901561D-05  0.12077165666199D-04
  -.54020753426801D-05  -.17139139585454D-05  0.99799365755772D-05
  0.12537537841128D-04  -.54347286990413D-04  -.11816565050808D-03
  -.66826762956907D-05  0.26205253846986D-04  0.18301952619270D-04
  0.55766786740022D-05  -.10608290263879D-04  -.72453297104457D-06
  -.83360419879703D-04  -.65794036563916D-04  -.21460690156580D-04
  0.90952349403168D-04  -.57922428658337D-04  -.86416080259412D-05
  0.11779504315106D-04  -.18293024071227D-03  0.15288559512540D-03
  0.82175576207699D-05  -.15218785641266D-03  -.29241493837733D-05
  0.10852999781967D-04  -.15718709954461D-03  -.40336934549838D-05
  0.16646804574909D-04  -.17432515904618D-03  0.26309116509321D-04
  0.22685595165498D-06  0.18578182359298D-04  0.21609657072517D-03
  -.43190614524486D-05  -.89463058060632D-06  0.73021370925545D-04
  cycle =     26    SCF energy =    -1371.5487894660   |dE/dxyz| =  0.000777
    0.30122946179006     -3.37655724036757      3.17784054957629      c
   -0.08006084319405      0.89203534083785      4.57820787824644      c
   -0.01865969138688      0.20942743534006      7.05884784484178      c
    0.37549301731751     -4.21209335265451      5.74803278199005      c
    0.21099790943843     -2.37917516005152      7.83659865594531      c
    0.27449032955510     -3.10594893249448     10.37100837963237      c
    0.13545752386163     -1.49386266323853     12.49398435055261      c
   -0.25120150988243      2.87784625177590     21.96045722246938      c
    0.00272103665238      0.01176539001045     21.78585128614554      c
    0.08307144121284     -0.91823778264835     24.24801907396307      c
   -0.10406665650702      1.18122529994671     25.98544902621417      c
   -0.11684326825352      1.27151044253976     28.60185942892826      c
   -0.00361492501125      0.02141012221648     -0.01832888619794      c
    0.06970973796956     -0.79780971570284      2.62600893997451      n
    2.04291954002175      4.31297260195083     20.92691571008834      c
   -2.76304327125083      3.88564724789185     20.92695751985660      c
   -0.29194353541285      3.33800156171021     24.67609966283015      o
    0.31343151541885     -3.52526236384794     24.85285719666606      c
    0.07247313661445     -0.93522518898614     30.14224164872433      c
   -0.33182007848710      3.66014486466158     29.84680219465000      c
    0.50537800174809     -5.69144907023261     25.16639251114840      n
    0.22038864253163     -2.67919215256169     31.47120472719297      n
   -0.50680950629605      5.59178607084353     30.88017452749165      n
    0.20601173805781     -2.31583149471470     14.97464082855055      c
    0.06566171915577     -0.68301846460874     17.08916302516898      c
    0.13469548123810     -1.49078988807198     19.57188897137599      c
   -0.25814573297531      2.85832555976201     -0.46446862970610      c
    0.46281368906312     -5.16606889212499      1.20223566802024      c
    0.69340936101870     -7.72879243737093      1.72091235039551      c
    0.76922665253326     -8.57696070147472      4.22771005766951      c
    0.61213529533104     -6.83673877487008      6.18251740791797      c
   -0.25628210234960      2.87321293829585      4.05951174561370      h
   -0.15222748613715      1.71495679424713      8.45577010867618      h
    0.44897176559145     -5.11422440296421     10.80644186485901      h
   -0.03973432998466      0.54805791510688     12.19111856451410      h
    1.73188372399320     -0.60621657626372     -0.98543124595609      h
   -1.59967297527485     -0.90476974029338     -0.98511970387037      h
    2.16916519846357      4.14117259109220     18.86065467777174      h
    1.87455083642792      6.32579152353073     21.42087508631110      h
    3.79973360881180      3.57441621525620     21.75678892781866      h
   -2.85713692664135      3.69427107814690     18.86053991657206      h
   -4.36224254714460      2.84937114172438     21.75765887155617      h
   -2.95250655371899      5.89675126558588     21.42036590275244      h
    0.38015492618778     -4.34796463386663     15.33975889171885      h
   -0.10784971695094      1.33834334038594     16.67767643387074      h
    0.31101224487907     -3.52672945508401     19.90201926110357      h
   -2.02027788845037      3.57839173154840      0.41110076443827      h
    1.34973676052449      3.87999880756431      0.40835933179447      h
    0.40897719523744     -4.56077678743363     -0.76173093829577      h
    0.81505456028887     -9.07418935174023      0.15827854283241      h
    0.95066600820819    -10.59042149938332      4.64636975384014      h
    0.67506403872394     -7.53181698775727      8.11993566761792      h
   -0.28501994757193      3.13099206763807     -3.10983041085144      o
   -0.43931584135665      4.90063890302694     -3.52242033734801      h
  -.12653561118617D-04  0.12914287734205D-03  -.16751395773254D-03
  -.82934706587405D-05  0.84530276759888D-04  -.68999016501141D-04
  -.13297455479275D-04  0.14437558550866D-03  0.10907619092873D-05
  -.14321624615717D-04  0.15881953196042D-03  0.17865021728922D-04
  -.49020900717202D-05  0.67044451978953D-04  -.15090734681583D-03
  -.32565854660451D-05  0.76168543686965D-04  -.11023821961466D-04
  -.29984958915172D-05  0.54294498238734D-04  -.10390647082877D-03
  -.27641767473848D-05  0.74945049724646D-05  -.69231756858386D-06
  0.80054579759349D-06  -.82093684886087D-05  -.23836530758273D-04
  0.46104469689784D-05  -.21640394892368D-04  -.32083519406936D-04
  0.24700403546459D-05  0.79713256400684D-05  0.32231542764224D-04
  0.75518909130275D-05  0.88508352437340D-05  -.25740574546851D-04
  -.14272216857593D-04  0.12048745025098D-03  0.51050962273112D-04
  -.12593937041145D-04  0.15796654118528D-03  -.92913171802640D-04
  -.61710970429180D-05  -.56933330615829D-05  0.12392548640302D-04
  0.11429475891597D-05  -.77247747141013D-05  0.13701024647077D-04
  0.61108399503686D-06  -.23480675617150D-04  -.84656762872147D-05
  0.38610610082512D-05  0.13145627637438D-04  0.28067382784459D-04
  0.17056715140674D-04  -.31010621159560D-04  0.25718820458161D-04
  0.20151794032969D-04  -.12748575933505D-03  -.40423846352954D-04
  0.76773304288794D-05  -.15407194342325D-04  0.15848425440998D-04
  0.18455863159124D-04  0.13423382975325D-04  -.10006921146187D-04
  -.11655118682635D-05  0.11426231742608D-03  0.97581955743736D-04
  0.93029794236478D-05  -.69776024573510D-04  0.18338513404640D-04
  -.14198211513505D-05  0.14028145118892D-04  -.22566559615737D-04
  -.20246688688954D-06  0.18012854205580D-04  -.13801346324188D-04
  -.14498476121555D-05  0.36902996325930D-04  0.56426367566937D-04
  -.14123180078475D-05  -.25035083900892D-04  0.77429225218060D-04
  0.39813825821831D-05  -.91010168327590D-04  0.29322033109569D-04
  -.29057629224213D-05  -.71153902929334D-06  0.65945402336079D-04
  -.12055297731678D-05  0.86320006463884D-05  0.11747184437337D-04
  -.81193493067406D-06  -.56178770072987D-05  -.15357526709719D-03
  -.27156541958845D-05  0.38360321305051D-04  -.75165642832058D-04
  0.94713013236142D-06  0.66690087933462D-04  0.34761088306446D-04
  -.34750375997785D-05  0.58421436930422D-05  -.74258103399662D-04
  -.35234297583551D-04  -.43013596209454D-05  0.10398474877626D-03
  0.36149148946754D-04  0.11280514217006D-04  0.10307183069866D-03
  -.49910243220053D-05  -.24399924481813D-05  0.14919473874898D-04
  -.61881696891304D-05  -.52729632565526D-05  0.34535601238139D-05
  -.85946530986411D-05  0.91148973099600D-08  0.10029254917167D-04
  -.67723633845289D-06  -.31210874008497D-05  0.16076272413508D-04
  0.39267742312478D-05  -.42101328668132D-05  0.10777340361499D-04
  -.13856031182227D-05  -.78667697658388D-05  0.61358377214428D-05
  0.78647288534045D-05  -.16734237726442D-05  -.11711759650496D-03
  -.36300162289366D-05  -.69945406751015D-05  0.20203717603957D-04
  0.40246752828073D-05  0.67134398799672D-05  -.12568665483297D-04
  -.11992400912214D-03  -.98998916286826D-04  -.25656269309274D-04
  0.13104821936965D-03  -.82443425122481D-04  -.18220621788811D-04
  0.84619416534703D-05  -.14795929154856D-03  0.90015577849142D-04
  0.10184566551032D-04  -.17342114014213D-03  -.97335817126982D-04
  0.90047753657786D-05  -.13409552649191D-03  -.48757778033114D-04
  0.19529730711409D-04  -.20615329631163D-03  0.55192464970278D-04
  -.73339956398758D-07  0.36828903814729D-04  0.22353919956283D-03
  -.26938427316202D-05  -.10697944638087D-04  0.43386397662894D-04
  cycle =     27    SCF energy =    -1371.5487909410   |dE/dxyz| =  0.000728
    0.30124201124581     -3.37667303611339      3.17883317000954      c
   -0.08006274624926      0.89186077252803      4.57994306673324      c
   -0.01860055651806      0.20849019051699      7.06024925090054      c
    0.37551622612545     -4.21247428192763      5.74853454159511      c
    0.21102002127539     -2.37987276180349      7.83748556039293      c
    0.27446758228825     -3.10650251945044     10.37151725113505      c
    0.13543659900623     -1.49380620852639     12.49433023440855      c
   -0.25110738128729      2.87780324110952     21.96015906447035      c
    0.00278095245651      0.01180502944062     21.78564708951318      c
    0.08310596432309     -0.91830569397698     24.24774935420277      c
   -0.10403142830039      1.18102185508840     25.98508586783408      c
   -0.11690700065255      1.27140615111839     28.60157772286978      c
   -0.00365839105646      0.02145814859884     -0.01681656182392      c
    0.06967058270321     -0.79767530149746      2.62752865127009      n
    2.04300971346331      4.31306741783757     20.92669335530968      c
   -2.76296455861188      3.88576028770476     20.92673935342084      c
   -0.29184075326895      3.33787304068730     24.67577956608130      o
    0.31344156308245     -3.52536050501244     24.85249466924020      c
    0.07228392741784     -0.93519760735852     30.14210833301144      c
   -0.33190891262510      3.66014338597594     29.84625098261754      c
    0.50536847142066     -5.69145693744664     25.16621323708788      n
    0.22008845731779     -2.67907262149332     31.47127594269790      n
   -0.50693181325697      5.59191669488215     30.87925957399575      n
    0.20595326722767     -2.31555916801146     14.97465120032667      c
    0.06569074484325     -0.68279750264994     17.08911735100577      c
    0.13472542336045     -1.49074746945125     19.57168871859158      c
   -0.25823180373484      2.85813196105613     -0.46470771130300      c
    0.46275755240675     -5.16491357837155      1.20221243925070      c
    0.69339155011130     -7.72768874206898      1.72029917344491      c
    0.76924222076481     -8.57634865552720      4.22701197749572      c
    0.61218427817193     -6.83700403194810      6.18241759541438      c
   -0.25630128454186      2.87325514152596      4.06215688170436      h
   -0.15216982528665      1.71374360435495      8.45728097581724      h
    0.44888751825983     -5.11465541048939     10.80655617850908      h
   -0.03967222316283      0.54816279553334     12.19088376414996      h
    1.73095665385288     -0.60642115301225     -0.98468686030570      h
   -1.59879504468031     -0.90490477664112     -0.98437238524102      h
    2.16925290181660      4.14138151930094     18.86042655354741      h
    1.87448901935339      6.32584769142332     21.42074008844317      h
    3.79987008803584      3.57454372986681     21.75654644123281      h
   -2.85709757424952      3.69445834673685     18.86032063893479      h
   -4.36221894225137      2.84953987201960     21.75745376958055      h
   -2.95224297438491      5.89686355262235     21.42020388378991      h
    0.38002076418897     -4.34781951728320     15.34025241552450      h
   -0.10774232389561      1.33856807824554     16.67740539725234      h
    0.31098330947706     -3.52669057204608     19.90151667668176      h
   -2.02023436065093      3.57853861976494      0.41053442749599      h
    1.34955206404352      3.88020656194259      0.40756406112623      h
    0.40884998999422     -4.55871610484668     -0.76168130954672      h
    0.81498521683475     -9.07207315745293      0.15719179462179      h
    0.95072261545120    -10.58984569214726      4.64467407178167      h
    0.67516039343685     -7.53262244386339      8.11949277067549      h
   -0.28508162806667      3.12912459222031     -3.11065738935700      o
   -0.43909535339582      4.89857396014641     -3.52435928002335      h
  0.63428711518624D-05  -.79874257719711D-04  -.33572470968978D-04
  -.93976073673748D-05  0.98935119831583D-04  -.23329846543471D-04
  -.19980116801740D-05  0.20996995963556D-04  0.22850238957857D-04
  -.13049876325285D-04  0.14295114565833D-03  -.82332262457704D-04
  -.88166924181815D-05  0.11078175624143D-03  -.22013029287167D-04
  0.73307741481562D-06  0.21988593063044D-04  -.13467820835941D-03
  -.57119241902466D-05  0.83973179989910D-04  0.94162416854022D-04
  -.10420163804303D-05  -.12930930739857D-04  -.10598018007331D-04
  -.20847790406677D-05  0.26916835608719D-04  -.75291571531487D-05
  0.24795759018546D-05  0.36585548186433D-05  -.21690294648977D-05
  0.69477791639603D-05  -.41409916837942D-04  -.38473289320595D-04
  0.74349679661637D-05  0.95187592597421D-05  0.22605145072888D-04
  -.10874063705776D-05  0.58480602679103D-04  0.13388184367467D-03
  -.12266451635244D-04  0.14014740630458D-03  -.11067873798252D-05
  -.34421849636792D-05  0.53709459222997D-05  0.12067719833515D-04
  -.33277222409960D-05  0.25898785925860D-05  0.13415336337698D-04
  0.63338984820413D-06  -.20114993644962D-04  -.29612702687841D-04
  0.11041456072968D-04  -.67676351935778D-04  0.29007357279540D-04
  0.13449347526491D-04  0.13334777559776D-04  -.80298296474216D-05
  0.16347118115990D-04  -.83212393689982D-04  -.15214419559537D-04
  0.79641049289784D-06  0.62265902574591D-04  0.97970835036160D-05
  0.20651154708872D-04  -.21774652047490D-04  0.20195223042993D-04
  0.36931239619178D-05  0.58978275477640D-04  0.62680762502237D-04
  -.15317181978792D-05  0.54686218352015D-04  -.13288012727523D-03
  0.27436818335378D-05  -.31734059028087D-04  -.11010265102421D-04
  0.21511310085447D-05  -.99289662511052D-05  -.25904051323379D-04
  -.10849771981946D-04  0.72144126986568D-04  0.95178722838848D-04
  -.57318416354442D-05  0.26587510497742D-04  0.75416659648579D-04
  0.11305418100520D-04  -.17021658192125D-03  -.33642070351134D-04
  -.73476379368860D-05  0.48174249458516D-04  0.16325268005239D-03
  -.22184721176613D-05  0.19704123085399D-04  0.27334975186896D-04
  0.67887141276997D-06  -.21028080441738D-04  -.10473433701859D-03
  -.56179183199266D-06  0.95359057518423D-05  -.10908773305827D-03
  -.44960666688557D-05  0.12878118706491D-03  -.25314757165062D-04
  -.76098180330516D-05  0.56562332637296D-04  -.96402422698062D-04
  -.17868591405647D-03  0.11854611639698D-04  0.77373609077796D-04
  0.16642928547092D-03  0.46064552848374D-04  0.72145124977596D-04
  -.64204161056493D-05  -.18275707446740D-05  0.17432050683105D-04
  -.85669457636126D-05  -.66512163401310D-05  0.17026573993367D-05
  -.25707076730917D-05  -.25148139845607D-05  0.11869147916293D-04
  0.59221631392181D-06  -.24070878812553D-05  0.18674065626681D-04
  -.14723268765063D-05  -.78776122007850D-05  0.12781815254394D-04
  0.12311757883805D-05  -.88046108037200D-05  0.44130036925236D-05
  0.13121370042662D-04  -.65808900164660D-04  -.82335375842644D-04
  -.41329929077139D-05  0.22373155427067D-05  -.56500308149218D-06
  0.26533765365295D-05  0.21575462726678D-04  -.26670601942100D-04
  -.81635619097826D-04  -.12544523756282D-03  -.21496872500541D-04
  0.10332851879648D-03  -.10976377608880D-03  -.16515485460440D-04
  0.49821280759994D-05  -.11084466919858D-03  0.55802237200077D-05
  0.55466705141734D-06  -.66210623116233D-04  -.44859681558343D-04
  0.39284958834693D-05  -.74888215331985D-04  -.78055220511031D-04
  0.17632576419190D-04  -.18524681295431D-03  0.84037758018699D-05
  0.25997283504194D-06  0.46158007392206D-04  0.71890086998957D-04
  -.28375531724694D-05  0.39785140108633D-05  0.28221530043468D-04
  cycle =     28    SCF energy =    -1371.5487924870   |dE/dxyz| =  0.000730
    0.30123391812886     -3.37655978068518      3.17976737660894      c
   -0.08005983403960      0.89160353552343      4.58166747150593      c
   -0.01854434875995      0.20757976941534      7.06173330527308      c
    0.37557131114709     -4.21319873567903      5.74943276233235      c
    0.21107532179038     -2.38095091110727      7.83834556493284      c
    0.27445018019222     -3.10713540256902     10.37245097113248      c
    0.13543952429248     -1.49403807263581     12.49437482336734      c
   -0.25100986724712      2.87782272179171     21.95989440275151      c
    0.00285118189445      0.01177979492316     21.78550772330156      c
    0.08314197454473     -0.91837617585450     24.24747531713867      c
   -0.10401056929930      1.18098222792746     25.98493798231328      c
   -0.11697742107123      1.27128291390781     28.60117944518788      c
   -0.00369208274580      0.02120416523420     -0.01595666121665      c
    0.06963797774425     -0.79765507734032      2.62879543656597      n
    2.04310995841137      4.31313217794920     20.92642618744966      c
   -2.76287211692234      3.88584721782197     20.92647562877014      c
   -0.29173580807938      3.33780138556160     24.67554316291180      o
    0.31344847979942     -3.52543948111132     24.85208653595251      c
    0.07207636239878     -0.93517155851227     30.14195550923975      c
   -0.33201094675245      3.66017247988499     29.84566676064247      c
    0.50536000056169     -5.69150001034568     25.16596592886592      n
    0.21976557056702     -2.67895167806649     31.47131090150227      n
   -0.50706349314028      5.59203620990908     30.87830236170092      n
    0.20591634468690     -2.31556179623869     14.97517313224444      c
    0.06571163518728     -0.68244596781085     17.08915113114511      c
    0.13475411564904     -1.49065856863104     19.57158065781451      c
   -0.25829141624564      2.85767413141487     -0.46562589266005      c
    0.46270348743560     -5.16373003581881      1.20219496137522      c
    0.69334666190224     -7.72620689361104      1.71992506837301      c
    0.76927039829079     -8.57579496132130      4.22607239978129      c
    0.61225995445402     -6.83754263807557      6.18213070377885      c
   -0.25635930514239      2.87368587000074      4.06521213415032      h
   -0.15209529024925      1.71234073140226      8.45920427966330      h
    0.44884000274810     -5.11561618659666     10.80699203048660      h
   -0.03957982560895      0.54797550221045     12.19096351400668      h
    1.73073398939780     -0.60662618070181     -0.98439359319057      h
   -1.59860047336723     -0.90515837092792     -0.98405922341131      h
    2.16937288579365      4.14159181856801     18.86014703884473      h
    1.87447070403816      6.32592630582845     21.42060067944415      h
    3.80000942647580      3.57466526399787     21.75627210361380      h
   -2.85707272981634      3.69464345505309     18.86004956944790      h
   -4.36217938257966      2.84971111616348     21.75721843364310      h
   -2.95200374483334      5.89699623753351     21.42003434854946      h
    0.37985934945130     -4.34745293975324     15.34103472957625      h
   -0.10762630060320      1.33879244882744     16.67717401120394      h
    0.31095917450530     -3.52672904756098     19.90111877140451      h
   -2.01978501055307      3.57890922493199      0.40972239567084      h
    1.34891124009473      3.88056326380465      0.40653073993178      h
    0.40872042845470     -4.55654300579516     -0.76156872582253      h
    0.81491310377531     -9.06982382100823      0.15644561302020      h
    0.95079458541661    -10.58935734753376      4.64333523097622      h
    0.67522087507277     -7.53302698455844      8.11902102235230      h
   -0.28520029999299      3.12768190300725     -3.11206270692495      o
   -0.43894909362461      4.89719054908921     -3.52615986916658      h
  0.77713090822254D-05  -.95188374008767D-04  -.14183229572224D-04
  0.20330358575937D-05  -.28263980001305D-04  0.50343639283226D-04
  -.42164106543420D-05  0.48580727340056D-04  0.67117844006005D-04
  0.29487639340799D-05  -.32325034212498D-04  0.12028125366271D-03
  -.15875263601825D-05  0.28007769364104D-04  -.57367002442574D-04
  -.15941603258750D-04  0.21452604197289D-03  0.17292780844117D-04
  -.72161840948937D-05  0.94511995502404D-04  -.24292902702918D-03
  -.24072210822245D-05  0.53386514667801D-05  -.24301408562393D-04
  -.14256430634842D-06  0.31890049449909D-05  0.24169147347617D-04
  0.39688871728111D-05  -.11491069738402D-04  -.57792599094246D-04
  0.29069135694264D-05  0.22939183661076D-05  0.10021737803383D-03
  0.10324699024783D-04  -.19454114571488D-04  -.96447208797733D-04
  -.33537710851804D-05  0.56820400483212D-05  0.21972780113119D-03
  0.21291151408124D-06  -.53369487687803D-05  0.69388689478469D-04
  0.24175031324257D-05  -.99842239524491D-05  -.16414440082325D-05
  -.65498758277332D-05  -.13588315190324D-04  -.22098575654785D-06
  0.20803797784045D-05  -.38995851077866D-04  -.35853120243561D-04
  0.12190204850138D-04  -.80260612960972D-04  0.18428533906895D-04
  0.98685001176204D-05  0.47281497163746D-04  -.21472156431528D-04
  0.64732145563814D-05  0.24348589140468D-04  0.34623019265063D-04
  -.50688087867714D-06  0.78718923850618D-04  0.98939052514673D-05
  0.24363929651440D-04  -.59509165812705D-04  0.46335335585235D-04
  0.12730101786418D-04  -.39149332730977D-04  0.93624152415483D-05
  0.12020403197170D-04  -.10137193986704D-03  0.91553848007609D-04
  -.74094338297286D-06  0.79886672315670D-05  -.12206517109533D-04
  0.13652233611139D-05  0.11673071982829D-06  -.45966233316079D-04
  -.54292548888594D-05  0.18426476389621D-04  0.46754710741147D-04
  0.50626031807674D-05  -.88012223598864D-04  0.37527232281282D-04
  -.87430442888508D-07  -.44754717224336D-04  0.70338617076011D-04
  -.18904948231926D-04  0.17819776166977D-03  0.96621181290366D-04
  0.98435254926798D-06  -.18056613169046D-04  -.42507402649836D-04
  -.97887203895027D-05  0.98963919295698D-04  -.54368433027926D-04
  0.36191795937838D-06  -.51168716787734D-05  -.10807535917545D-03
  0.23760642448801D-05  0.49137398792681D-04  -.70324347556064D-04
  -.10045205312655D-04  0.86414549423580D-04  -.82272546258719D-04
  -.17806374650978D-03  0.26099346564043D-04  0.73760467190181D-05
  0.16692310650039D-03  0.59252590826869D-04  0.40823334237997D-05
  -.43307117470839D-05  -.18081717665960D-06  0.14032921273959D-04
  -.13192053437417D-04  0.11253042352293D-04  0.76325674179135D-05
  0.24577342754924D-05  -.29042749548427D-05  0.14102862349696D-04
  -.17251136438553D-05  -.13001659349311D-05  0.15332801730668D-04
  -.62053867514280D-05  -.93003728299602D-05  0.15101246022320D-04
  0.26482639271791D-05  0.95854208075704D-05  0.10405795686118D-04
  0.42226270351312D-05  0.36838178140707D-04  -.96479361783016D-04
  -.21457365053995D-05  -.19226683276153D-04  -.93798682664328D-05
  0.54933472550362D-05  -.11153818356310D-04  -.28165233901919D-04
  -.15104027461294D-04  -.10823209636052D-03  0.83779062311218D-05
  0.36015434413153D-04  -.10044452727830D-03  0.10878312465819D-04
  0.33135795284763D-06  -.60290077080470D-04  -.71120794033266D-04
  -.64354126971257D-05  0.10453239718229D-04  0.45948214363031D-05
  0.29821614006653D-05  -.62541529756257D-04  -.47001828563911D-04
  0.99278171260582D-05  -.99882355478581D-04  -.61204908447911D-04
  0.19100337425216D-05  0.36649359361851D-04  -.83798751963901D-04
  -.79403832397603D-05  0.67152575365270D-04  0.16498954155695D-04
  cycle =     29    SCF energy =    -1371.5487933990   |dE/dxyz| =  0.000581
    0.30121453116417     -3.37633243011647      3.18036688096813      c
   -0.08007749624416      0.89162080127076      4.58272685803382      c
   -0.01851110109188      0.20698797427014      7.06261538349845      c
    0.37559313932139     -4.21352186482017      5.74983021445260      c
    0.21111482611806     -2.38172469256300      7.83896074187434      c
    0.27448100281995     -3.10809408810685     10.37303637681540      c
    0.13545628750244     -1.49436306736647     12.49493729589750      c
   -0.25093515083168      2.87782751781435     21.95976645441252      c
    0.00290445505963      0.01176014509282     21.78535713052758      c
    0.08316494145940     -0.91838884724194     24.24740624740966      c
   -0.10399487184176      1.18095186963242     25.98464210254388      c
   -0.11703402019770      1.27120798446723     28.60109837720961      c
   -0.00371104846069      0.02101543011237     -0.01592538143865      c
    0.06959711628387     -0.79745447048029      2.62941838276578      n
    2.04317140425104      4.31320080386085     20.92624924759382      c
   -2.76278977834839      3.88593591594278     20.92630068470891      c
   -0.29166387037166      3.33783452921353     24.67545367426167      o
    0.31345202797032     -3.52548697294646     24.85179657713522      c
    0.07192092323994     -0.93516806450370     30.14181756895531      c
   -0.33208941982589      3.66019637483346     29.84523397272643      c
    0.50535613639324     -5.69157132844479     25.16575643580300      n
    0.21951788768654     -2.67882507224068     31.47129428851523      n
   -0.50716574026239      5.59214590900934     30.87761261921128      n
    0.20587230236079     -2.31537585065965     14.97530621240057      c
    0.06572893799920     -0.68220000653560     17.08919055420107      c
    0.13477637645686     -1.49059910536522     19.57159530684958      c
   -0.25832532718530      2.85729540361673     -0.46638172958928      c
    0.46264494267009     -5.16265145422255      1.20220640028035      c
    0.69331941644032     -7.72515621268165      1.71953127495063      c
    0.76933170048925     -8.57581158050588      4.22527985068097      c
    0.61232067820241     -6.83798234190697      6.18195566481097      c
   -0.25639700813993      2.87392352809600      4.06734682642924      h
   -0.15204705879034      1.71140068432820      8.46077500228626      h
    0.44880550345538     -5.11635669372780     10.80753926279749      h
   -0.03949089791094      0.54760517905535     12.19116964114588      h
    1.73107051626553     -0.60677081290141     -0.98417434853419      h
   -1.59894917822679     -0.90542083540176     -0.98381828359769      h
    2.16946696899873      4.14173698485328     18.85992330079863      h
    1.87448819994211      6.32595000555054     21.42048786248071      h
    3.80009447119638      3.57475546164313     21.75605377039521      h
   -2.85705304656866      3.69477058065722     18.85983156550179      h
   -4.36212829954028      2.84984439085221     21.75702876151269      h
   -2.95184529203234      5.89705683437931     21.41989821463470      h
    0.37974645610207     -4.34727274422885     15.34171505563433      h
   -0.10754247020865      1.33899530965167     16.67704963447588      h
    0.31093808198507     -3.52672369181111     19.90089830816289      h
   -2.01946891163178      3.57935038374203      0.40913657400505      h
    1.34841205881109      3.88097861034926      0.40579588153132      h
    0.40863472903777     -4.55501852572709     -0.76129823345201      h
    0.81487976417405     -9.06835657078457      0.15595238201450      h
    0.95084974711703    -10.58900970152743      4.64250117898265      h
    0.67525445772757     -7.53320480400106      8.11878514746842      h
   -0.28530232668850      3.12668818343202     -3.11288069683666      o
   -0.43884691067352      4.89614582692717     -3.52737888879605      h
  0.11289491899330D-04  -.13469638280639D-03  0.37671942839291D-04
  -.17381596053127D-05  0.15657515895261D-04  0.84138389472160D-04
  -.22417052760213D-05  0.27912053642425D-04  -.13350822205247D-04
  0.68418895203598D-06  -.77136940130737D-05  0.15636879744091D-03
  0.93205576508089D-06  0.14370710291684D-05  -.89935917473117D-04
  0.97735224756193D-06  0.13425627311194D-04  -.10008628322154D-04
  -.94647646645653D-05  0.12190399382754D-03  0.62199032755550D-04
  -.98552614945459D-06  -.99514159256088D-05  -.68390289356609D-05
  0.28292688124856D-05  -.25780611318996D-04  -.65391774359827D-04
  0.32405477677948D-05  -.16889499870470D-05  0.23697834468383D-04
  0.39266310330917D-05  -.58285793942362D-05  -.68621735071061D-04
  0.11418259266726D-04  -.32770472406549D-04  0.38052585432883D-04
  -.70847746589419D-05  0.95591730150489D-05  0.14390076941250D-03
  0.66998885444143D-05  -.90351817461889D-04  0.10295094147316D-03
  0.22126847497646D-05  0.25985486420300D-05  0.48895946639700D-05
  -.84514066464087D-05  -.11614642579036D-05  0.63489172032161D-05
  0.15310956850238D-05  -.25139244086490D-04  0.31531712702216D-05
  0.95650460740983D-05  -.50763632555018D-04  -.12414095727673D-04
  0.12924462709743D-04  0.19872656825541D-04  -.15461751907663D-04
  0.40931602401406D-05  0.55058683532548D-04  0.34822488734644D-04
  0.24216087948791D-05  0.43558068613571D-04  0.22036871625571D-04
  0.18640418069844D-04  -.15184942717735D-04  0.22590942778525D-04
  0.16133488128512D-04  -.80568289008218D-04  -.17666520700484D-04
  -.66737086277652D-06  0.39973340863063D-04  -.13373126210871D-03
  -.90545607645836D-06  0.16230445183588D-04  -.31188351503422D-04
  0.46010489240734D-06  0.80546565620650D-05  0.35193613410184D-04
  0.11693430942258D-04  -.82748173292515D-04  -.31382960419056D-04
  -.34427657819149D-05  0.84875799031038D-05  -.43088437133890D-04
  -.50906674678281D-05  0.13787939088915D-04  0.65450601462828D-04
  0.16104412136368D-05  -.44902943886923D-04  -.93759882709839D-05
  0.44446900604447D-05  -.58266811880642D-04  0.59506371198540D-04
  -.69437204569640D-05  0.68706403025441D-04  0.10652081832098D-04
  -.33561361981490D-05  0.34416116401797D-04  -.33915133052780D-04
  -.36126220639734D-05  0.11487257463772D-03  -.95959003993081D-04
  -.11072972324713D-04  0.10136407000021D-03  -.76804541565252D-04
  -.11037041332064D-03  0.28118247084040D-04  -.24480287398869D-04
  0.10205018775970D-03  0.48511431734067D-04  -.25963767200067D-04
  0.47203594042893D-06  0.47084495737107D-06  -.10935809062361D-05
  -.13247964537278D-04  0.37303815865603D-05  0.63545106716355D-05
  0.14205351493169D-05  -.26398230727690D-05  0.13083830418389D-04
  -.66000873765354D-05  -.16933812005951D-05  0.27855401843647D-06
  -.51542636885638D-05  -.88804519416541D-05  0.14247152687405D-04
  0.40948115308171D-05  0.21056595459796D-05  0.91056048961178D-05
  0.71156416214503D-05  -.91457477146078D-06  -.75744173885488D-04
  -.13642265607052D-05  -.24539657936176D-04  -.23114313853435D-04
  0.59229585068252D-05  -.18276860442080D-04  -.33599303190716D-04
  0.12518638362293D-04  -.61900804553763D-04  0.34822809868324D-04
  -.41919482884284D-05  -.60937505520072D-04  0.34162399302663D-04
  0.13308167893995D-06  -.57542306044115D-04  -.45123185893141D-04
  -.10311594706094D-04  0.53856819904019D-04  0.67163211216261D-04
  -.86092445300498D-05  0.67843586013666D-04  -.30114327777421D-04
  0.47812621655317D-05  -.43612522228794D-04  -.98211375909281D-04
  0.21524452356652D-06  0.27997025711262D-04  -.98588364913583D-04
  -.80833173966187D-05  0.82596552577049D-04  0.10920403763205D-04
  cycle =     30    SCF energy =    -1371.5487941320   |dE/dxyz| =  0.000492
    0.30117832577714     -3.37592878770592      3.18063558252700      c
   -0.08008098287231      0.89150826206576      4.58314419539448      c
   -0.01848652809179      0.20655291233370      7.06310685596469      c
    0.37560739837271     -4.21372715692589      5.74968615121196      c
    0.21113993512325     -2.38222742732885      7.83954715959027      c
    0.27450481537287     -3.10875730668743     10.37345608034733      c
    0.13549356722634     -1.49487566770272     12.49511564402584      c
   -0.25088281138425      2.87785717748002     21.95971579202801      c
    0.00293636399671      0.01181243286030     21.78544850303771      c
    0.08317796329902     -0.91836985160364     24.24731627578293      c
   -0.10398726127476      1.18095929490077     25.98466172607744      c
   -0.11708315245084      1.27121695005247     28.60094754350722      c
   -0.00371043243400      0.02086053943930     -0.01642040723715      c
    0.06955516670183     -0.79716369766702      2.62948503406281      n
    2.04320892294285      4.31323633558439     20.92612992923666      c
   -2.76271757120148      3.88598948681712     20.92618186433094      c
   -0.29161951164947      3.33793380227245     24.67540548620354      o
    0.31345028598795     -3.52548416610716     24.85166133206706      c
    0.07180553540447     -0.93516968622665     30.14173080128703      c
   -0.33215048733596      3.66022677413337     29.84497539640263      c
    0.50535356827794     -5.69163866221383     25.16554466453794      n
    0.21934459495573     -2.67876456364332     31.47124483979247      n
   -0.50724460846504      5.59226942613245     30.87718187269270      n
    0.20585491635556     -2.31539449294092     14.97575578707227      c
    0.06574511091726     -0.68208346681648     17.08930358301330      c
    0.13479648551823     -1.49059709198043     19.57152912728619      c
   -0.25838256435505      2.85727781365146     -0.46678943977669      c
    0.46261716962354     -5.16204012143780      1.20229465534847      c
    0.69331034492730     -7.72450740449855      1.71914541839853      c
    0.76936635259103     -8.57571220690739      4.22480172357602      c
    0.61234777658783     -6.83810072767235      6.18168077786851      c
   -0.25640915410160      2.87389523767170      4.06861883801484      h
   -0.15201120739901      1.71074772758983      8.46178959976388      h
    0.44879963146728     -5.11710149848769     10.80807738208758      h
   -0.03940631312399      0.54709063001722     12.19155190540137      h
    1.73160132062180     -0.60693148943707     -0.98410735040839      h
   -1.59947894692126     -0.90571855457066     -0.98373023741344      h
    2.16952631871743      4.14181904155613     18.85978469669643      h
    1.87454487035618      6.32595387940540     21.42040171102071      h
    3.80014787535010      3.57481331528130     21.75588325891370      h
   -2.85702238480923      3.69484411393299     18.85969602212916      h
   -4.36207985329605      2.84993832001180     21.75687742316646      h
   -2.95176720013566      5.89708205616441     21.41979435199043      h
    0.37966630893120     -4.34714179488700     15.34237950722464      h
   -0.10748594232423      1.33916933098359     16.67703645630037      h
    0.31091962594568     -3.52667772673722     19.90087689250396      h
   -2.01932137931918      3.57983934884358      0.40870916991902      h
    1.34810257449790      3.88145169973809      0.40528053943570      h
    0.40857639612656     -4.55393375338526     -0.76107067746045      h
    0.81488267311372     -9.06759583110710      0.15555217824567      h
    0.95089946621179    -10.58888938113747      4.64216739864391      h
    0.67524973234162     -7.53302587580505      8.11889439812240      h
   -0.28537949970758      3.12611388504084     -3.11322389095931      o
   -0.43879283735970      4.89543938949580     -3.52808994150341      h
  0.84404575359974D-05  -.10404281998783D-03  0.13266535217286D-03
  -.39947451340664D-05  0.38357258771078D-04  0.34772220932994D-04
  -.10772641062724D-05  0.13739165646580D-04  -.35177682918837D-04
  0.99084015147204D-05  -.10618159057960D-03  -.23176966504398D-04
  0.75776455263646D-06  0.21904421280904D-05  0.11300167836082D-03
  -.22269494318902D-05  0.59782716928355D-04  -.86599235174954D-05
  -.89179650858004D-05  0.10751619932994D-03  -.60724513018674D-04
  -.78320294028244D-06  -.15245315602628D-04  -.87849975546273D-05
  0.81370694848413D-06  -.86138119590446D-05  0.49449950277521D-04
  0.32532052855784D-05  -.31979531676958D-05  -.44048249075853D-04
  0.53493010142266D-05  -.22507745216311D-04  0.37083861761560D-04
  0.10120742701764D-04  -.18237005349360D-04  -.28837829757981D-04
  0.28681183216372D-05  -.27564172661298D-04  -.34486158732573D-04
  0.56875243909465D-05  -.90714150839637D-04  0.10286879489016D-03
  0.25697237014444D-05  0.11411838852802D-04  0.84616732529502D-05
  -.10063134683283D-04  0.72462817758412D-05  0.10095062254065D-04
  -.18922139469067D-05  0.54477186235118D-05  -.11267598008470D-04
  0.19017942390546D-05  0.37162581394635D-04  -.22079581510651D-04
  0.13254769503252D-04  -.61403034155531D-06  0.86778534275149D-06
  0.48779616969353D-05  0.40910744007858D-04  0.19189106534133D-04
  0.10051882713173D-04  -.39129849275608D-04  0.30812684922057D-04
  0.19311184991698D-04  0.29199767372295D-05  0.40890733334981D-05
  0.17063348284000D-04  -.85614511327935D-04  -.14557268020625D-04
  -.10002870900883D-05  0.52748955818042D-04  -.51186598627178D-05
  0.41043793515847D-05  -.50151564429289D-04  -.38007240015807D-04
  0.52151306102994D-05  -.41636726560638D-04  -.78403917590289D-04
  0.54901767603278D-05  -.54023532410927D-04  -.54875387605534D-04
  -.12013283806520D-05  -.18244068851572D-04  -.81038325025815D-05
  -.11980808051338D-04  0.89226965762113D-04  0.85799264205244D-05
  0.35921167156111D-05  -.67419932257667D-04  -.39097004622492D-04
  0.67829674903366D-06  -.14897190582970D-04  -.34111739415249D-05
  -.32313102530496D-05  0.27787303987300D-04  0.51164639490857D-04
  -.59971240514338D-05  0.64409615604115D-04  0.36083083906354D-04
  -.15392173209562D-05  0.90219237537338D-04  -.89124667451020D-04
  -.95560594606021D-05  0.81085178800330D-04  -.44715970586285D-04
  -.15227795862851D-04  0.13828202732259D-04  -.30488082701499D-04
  0.63724164942068D-05  0.14980234573052D-04  -.32867534672114D-04
  0.45632471295110D-05  0.10338457784877D-05  -.71175821993817D-05
  -.11217112627913D-04  -.52113436682681D-05  0.45951656474934D-05
  -.35017577313445D-05  0.45224133156668D-06  0.95905830132540D-05
  -.10694223666123D-04  -.18200651161666D-05  -.57654299809399D-05
  -.76937937488360D-06  -.51243667262167D-05  0.10792708597434D-04
  0.35967288714125D-05  -.70838721784216D-05  0.74299311591215D-05
  0.26750495259989D-05  0.52278523825452D-04  -.90658394028253D-04
  -.36311371484824D-05  0.10158228782513D-05  -.32330217583856D-04
  0.49949228868984D-05  -.58835960019044D-05  -.29379496361095D-04
  0.30373731275445D-04  -.27523418068480D-04  0.36159426892425D-04
  -.25799200081659D-04  -.29647502365714D-04  0.36722193460636D-04
  -.16470758251654D-05  -.37498733179447D-04  -.50937103367953D-04
  -.10723169992229D-04  0.56302879902104D-04  0.94882212029545D-04
  -.89787502960496D-05  0.71035715920428D-04  0.18142340885830D-05
  0.48991298946644D-05  -.45878982330012D-04  0.62770912877267D-05
  0.24180011344330D-05  0.22403621050359D-04  -.50621249452723D-04
  -.60149634344867D-05  0.52466386629244D-04  0.27703822762073D-04
  cycle =     31    SCF energy =    -1371.5487946820   |dE/dxyz| =  0.000451
    0.30111437857135     -3.37522066364726      3.18063983690228      c
   -0.08007216135738      0.89120215939776      4.58370415238121      c
   -0.01846401669054      0.20607102568273      7.06373632726117      c
    0.37559596278192     -4.21367602038151      5.74968924072419      c
    0.21115911336880     -2.38274547292787      7.83980299660860      c
    0.27452770067517     -3.10956344681497     10.37394102803995      c
    0.13554734283020     -1.49557965355621     12.49543501951765      c
   -0.25081319812711      2.87791387089092     21.95965328699685      c
    0.00298246526278      0.01186184954645     21.78530356001416      c
    0.08319882854949     -0.91837587353090     24.24731841118423      c
   -0.10397922680753      1.18099711009927     25.98447926976484      c
   -0.11714933784998      1.27123027197726     28.60086201893788      c
   -0.00374398876443      0.02089084677650     -0.01641007549962      c
    0.06949874091883     -0.79672065189088      2.62953105332805      n
    2.04324978607974      4.31325051727033     20.92596631075922      c
   -2.76260579458063      3.88603057021605     20.92601853836597      c
   -0.29155052425389      3.33797893621447     24.67536036461635      o
    0.31345003511208     -3.52550223288378     24.85152031512197      c
    0.07165332520585     -0.93517004896981     30.14162541598307      c
   -0.33223300830732      3.66028205029334     29.84467472509555      c
    0.50534582352950     -5.69168675810123     25.16526094496462      n
    0.21910792797727     -2.67869993802196     31.47119584994400      n
   -0.50735860211946      5.59250902094548     30.87662756982440      n
    0.20583717451023     -2.31550558262524     14.97611894375963      c
    0.06575657487416     -0.68178882060653     17.08945975705383      c
    0.13481151721268     -1.49046439250991     19.57166285850634      c
   -0.25846841898339      2.85738182557566     -0.46683071119853      c
    0.46258879732005     -5.16132251477675      1.20229102177999      c
    0.69332535961305     -7.72393052809372      1.71863433662519      c
    0.76939876973718     -8.57541872548763      4.22421562541684      c
    0.61237352294919     -6.83813630567331      6.18144952999826      c
   -0.25641307143284      2.87371756699535      4.06982303275153      h
   -0.15197166279082      1.70996003744828      8.46276646364000      h
    0.44878362544760     -5.11801136427004     10.80872890206591      h
   -0.03929853358677      0.54647437215865     12.19194877281612      h
    1.73198818290331     -0.60714020354688     -0.98367658068285      h
   -1.59986028085521     -0.90605047078389     -0.98326926109153      h
    2.16957577503657      4.14192314031469     18.85964281332945      h
    1.87461091575319      6.32598283051441     21.42029330176933      h
    3.80023046151310      3.57489215963584     21.75566429453998      h
   -2.85695012827563      3.69494203702288     18.85955838451059      h
   -4.36202568985550      2.85006418582173     21.75668417736961      h
   -2.95165613603715      5.89714111124434     21.41966190090054      h
    0.37957219477993     -4.34713267140686     15.34319346183666      h
   -0.10740446662585      1.33934546018369     16.67705834153352      h
    0.31089498268631     -3.52661928859918     19.90084357432501      h
   -2.01932416857655      3.58047980958169      0.40828715208374      h
    1.34788400489101      3.88209931698092      0.40473682327329      h
    0.40849971303095     -4.55249793064134     -0.76073858508628      h
    0.81490784373266     -9.06679130731468      0.15465312209693      h
    0.95097341481706    -10.58880386251491      4.64154867581286      h
    0.67524689213118     -7.53281548809366      8.11887267530963      h
   -0.28545708261537      3.12501779874823     -3.11329540759509      o
   -0.43868089168079      4.89407112797042     -3.52914997081823      h
  -.10667115354270D-04  0.10407187979748D-03  0.65003168535645D-04
  0.67469572492265D-05  -.85775693868762D-04  -.57865593277217D-05
  -.23469300714617D-05  0.28103395437621D-04  0.23535694691986D-04
  0.93881531279188D-05  -.10025614133491D-03  0.24907276935708D-04
  -.60072414498185D-06  0.20010725127879D-04  -.23588692285370D-04
  -.25651754805511D-05  0.64058015857348D-04  0.10324972469097D-03
  -.19744444914465D-05  0.28304867861382D-04  -.24713041619844D-04
  -.13316771251413D-05  -.66873074342153D-05  0.12630145830382D-04
  0.24008074205326D-05  -.24948564447815D-04  -.94013397015375D-04
  0.56504015800280D-05  -.30969477846945D-04  0.28944545278954D-04
  0.31346966567750D-05  0.51731834966089D-05  -.48806668159246D-04
  0.90232815156104D-05  -.86274131861088D-05  0.19626085404361D-04
  0.42121549379925D-05  -.62130318823322D-04  -.77695003971071D-04
  0.56184467502407D-06  -.37537559785169D-04  0.92737792204956D-05
  -.15504877963590D-05  -.93589258034593D-05  -.12192514356373D-04
  -.25406541157762D-05  -.12331451071646D-04  -.10631797488915D-04
  -.90306339042296D-06  -.50599850368534D-05  0.26640034481870D-04
  0.17644306963329D-05  0.39785969877142D-04  -.31003035580482D-04
  0.16098594833094D-04  -.33553171869969D-04  0.16834348173221D-04
  0.10154029897830D-04  -.16734150399098D-04  -.19759091989386D-04
  0.10583609924339D-04  -.44967103530685D-04  0.32120049377669D-04
  0.16761216243798D-04  0.29967785477333D-04  -.13185728031295D-04
  0.12900240636763D-04  -.39536154267172D-04  0.77873216313969D-05
  -.13676038219106D-05  0.53175844525556D-04  -.92373981338065D-04
  -.38074369500993D-05  0.44464950720098D-04  -.50383348891780D-05
  0.26992939962813D-05  -.13177013982317D-04  0.10294206877378D-05
  0.18397038189389D-05  -.74490599139146D-05  -.78592722823502D-05
  -.87017571024429D-06  -.23468591108518D-04  -.19606013358557D-04
  -.11362814944575D-04  0.84742068090844D-04  0.23350262572848D-04
  -.36756125596139D-05  0.15383436781524D-04  -.89835448125492D-04
  0.41691592338928D-05  -.51247548507297D-04  0.18822573635351D-04
  -.10698082435082D-05  0.44571334397934D-05  0.70752673890122D-04
  -.51203278861434D-05  0.54196261032898D-04  0.60238167766805D-04
  0.20487326893657D-05  0.46120850002280D-04  -.68717279390915D-04
  -.11530889524971D-04  0.10366831511159D-03  -.25067652216911D-04
  0.72162166323117D-04  -.22725415417234D-04  -.39072037071317D-04
  -.70879922446441D-04  -.35994032877796D-04  -.39087099263917D-04
  0.87931330620525D-05  0.49249248220392D-05  0.12133111011539D-05
  -.11572910743709D-04  0.14663738017948D-05  0.75829208164406D-05
  -.51739700083157D-05  0.46881101385598D-05  0.74184141188657D-05
  -.15532239148143D-04  0.11615310173780D-05  0.27018195596105D-05
  0.26641729439111D-06  -.72939257195722D-06  0.87110589108137D-05
  0.28050407870773D-05  -.62523695811522D-06  0.10426946205658D-04
  0.11305820522450D-05  0.68847072748017D-04  -.95910705272926D-04
  -.11110628358970D-05  -.26954516368062D-04  -.28668887964315D-04
  0.65229238131737D-05  -.24175126418143D-04  -.30159655032182D-04
  0.48673437954609D-04  -.26250714272744D-05  0.17826465119603D-04
  -.48414443844195D-04  -.87803227759254D-05  0.18098214056722D-04
  -.41218867081027D-05  -.87780479948915D-05  -.47415304544953D-05
  -.78607420187653D-05  0.24250872020082D-04  0.48826499361709D-04
  -.30909609703686D-05  0.55989163163916D-05  0.29165711931854D-04
  0.34234975566663D-05  -.31202452985074D-04  0.62763782052981D-04
  0.38429529589188D-05  0.11722699282260D-05  0.72456228944060D-05
  -.30082292826081D-05  0.23642745587751D-04  0.32767720863973D-04
  cycle =     32    SCF energy =    -1371.5487950150   |dE/dxyz| =  0.000427
    0.30109100279661     -3.37495737456456      3.18044393049677      c
   -0.08008167509463      0.89114730301446      4.58402114366686      c
   -0.01844456893156      0.20567406877963      7.06398898137098      c
    0.37556487245606     -4.21339004110912      5.74955365330127      c
    0.21116987316231     -2.38309188822707      7.84002412201365      c
    0.27454685997020     -3.11018549157179     10.37396367847908      c
    0.13558878943190     -1.49609591912941     12.49565657752283      c
   -0.25076036468373      2.87796482530326     21.95958443268723      c
    0.00301359364474      0.01194799464721     21.78545518457470      c
    0.08320828373053     -0.91830917130293     24.24723412511654      c
   -0.10397236514789      1.18100503905608     25.98448285500912      c
   -0.11720333810441      1.27126841424210     28.60076215476272      c
   -0.00379213299709      0.02114238214197     -0.01617235988551      c
    0.06946518119468     -0.79644110811309      2.62954799063894      n
    2.04328341172158      4.31328458894903     20.92589813997524      c
   -2.76252498885954      3.88608571756171     20.92594983884314      c
   -0.29149796362942      3.33802082837665     24.67526935298755      o
    0.31344734249568     -3.52549830242214     24.85149414581429      c
    0.07153624269389     -0.93515072695264     30.14156404853815      c
   -0.33230084799002      3.66036484132644     29.84454155887395      c
    0.50533664564073     -5.69170130723243     25.16500448400076      n
    0.21892913896875     -2.67869057088175     31.47114704400222      n
   -0.50745295197467      5.59275544238379     30.87626249666257      n
    0.20583394596122     -2.31570795231833     14.97659545530852      c
    0.06577967807625     -0.68173372961753     17.08955598769006      c
    0.13482128189167     -1.49034763596208     19.57173548332893      c
   -0.25853819179414      2.85750836487403     -0.46672050630685      c
    0.46257649620026     -5.16087767123084      1.20223548915617      c
    0.69335927877498     -7.72373652729626      1.71820603440379      c
    0.76943289290590     -8.57530002389470      4.22399024229247      c
    0.61236973994887     -6.83790052215322      6.18129677899407      c
   -0.25640547825744      2.87343938219155      4.07030536613111      h
   -0.15194356498319      1.70940474888067      8.46314183849915      h
    0.44877003544170     -5.11867353401587     10.80921726390365      h
   -0.03920329172216      0.54585187634736     12.19227525402174      h
    1.73199472581273     -0.60721176042193     -0.98328065817350      h
   -1.59988106531167     -0.90616506690791     -0.98285022620039      h
    2.16958106273656      4.14197406931535     18.85955026013782      h
    1.87468542219909      6.32599652679609     21.42020403827667      h
    3.80030258466042      3.57493323779546     21.75550184961000      h
   -2.85685566533957      3.69499626611600     18.85946807470621      h
   -4.36198911291641      2.85014248958629     21.75654001953491      h
   -2.95159075155053      5.89717554924961     21.41955355188430      h
    0.37951665387850     -4.34730280748312     15.34394172877679      h
   -0.10734695652168      1.33951938450261     16.67713880465794      h
    0.31087172643385     -3.52652003703554     19.90090609667604      h
   -2.01950724402312      3.58096347964436      0.40808064275009      h
    1.34789254787733      3.88261208163834      0.40444711838003      h
    0.40845248181357     -4.55151792976073     -0.76054227494453      h
    0.81494659424886     -9.06638579330816      0.15387926399115      h
    0.95102158760885    -10.58865947299827      4.64109130757438      h
    0.67522955300903     -7.53248747887459      8.11873372218992      h
   -0.28551355605678      3.12420619628379     -3.11316849355011      o
   -0.43860268786942      4.89299553761852     -3.52993350568304      h
  -.74989218332369D-05  0.64429371432305D-04  -.52599194360471D-04
  -.19831498194642D-05  0.86499022359266D-05  -.11677102175950D-04
  0.16715845554529D-05  -.18312507556555D-04  0.98485908988407D-05
  -.17618734266832D-05  0.23689108581501D-04  0.29496138795443D-04
  0.21660798983089D-05  -.91933296146426D-05  0.49967857900325D-04
  -.12871074098856D-05  0.49528240696039D-04  -.64315184568518D-04
  -.86776836555466D-05  0.11069108088503D-03  -.37198580878572D-04
  -.14472178149222D-05  -.53889131987015D-05  -.15363792579709D-04
  0.27898086258068D-05  -.28391683213502D-04  0.31724864686238D-04
  0.16821688680163D-05  0.14453759204648D-04  -.72369148098205D-04
  0.57888483504970D-05  -.26464096762664D-04  0.17690563509469D-04
  0.87610412694035D-05  -.69446959990839D-05  -.34055005893954D-04
  -.24242632800397D-05  -.22264266168886D-04  -.77964392429664D-04
  -.20485831150466D-05  -.46261295508684D-05  -.69598869917873D-04
  -.87278858228888D-05  -.23728508235791D-05  0.63340461186081D-05
  0.32441115052136D-05  -.42923145699863D-05  0.78608934701300D-05
  -.12705541032895D-05  -.38246507877198D-06  -.71861184499247D-05
  0.47397812619000D-05  0.70179941545043D-05  -.10397115842472D-04
  0.15668903168929D-04  -.27410175407504D-04  0.10586293913602D-04
  0.13779508803165D-04  -.56773038203042D-04  -.34963882041738D-04
  0.93722161936392D-05  -.30757486880857D-04  0.24594466328393D-04
  0.17895145094325D-04  0.16433799867519D-04  -.30613055561466D-05
  0.88837586906141D-05  0.55872094404042D-05  0.27634648790804D-04
  -.37777621945374D-05  0.77423070046267D-04  0.55592563955916D-04
  0.16372919245816D-05  -.17699826555721D-04  -.42340373940981D-04
  0.22046270388721D-05  -.76202186703737D-05  -.34894734433752D-04
  0.52642622811700D-05  -.33170586720655D-04  -.37135274188249D-05
  -.10640377388382D-04  0.82780715796857D-04  0.15898726669109D-04
  -.68777980079406D-05  0.37016958327595D-04  -.38306112071864D-04
  0.37003314616738D-05  -.65683000270142D-04  -.12262973299873D-04
  0.21591123892059D-05  -.25860687618918D-04  0.92774427422613D-04
  0.78363955769942D-05  -.95211909226290D-04  0.83555609604930D-04
  -.36303963121435D-05  0.38202973541079D-04  0.56688373907187D-04
  0.56152706078418D-05  0.26874712549650D-05  -.29398069900392D-04
  -.82482012114667D-05  0.63687173261679D-04  -.63921819169670D-05
  0.92633667570750D-04  -.52272397191273D-04  -.33173190148202D-04
  -.82618411354691D-04  -.67394506944341D-04  -.30941018745379D-04
  0.97835651564993D-05  0.40127221155467D-05  -.51916188097693D-05
  -.91327741722281D-05  -.72553114469126D-05  0.38097887693405D-05
  -.61550210302195D-05  0.69796824047334D-05  0.35951223316308D-05
  -.16342486472068D-04  0.37894606254220D-07  -.36483687037129D-05
  0.96112707464419D-06  0.16799480109963D-05  0.49458016678653D-05
  0.19328288940311D-05  -.96506935590033D-05  0.66983798541419D-05
  0.14511733696160D-05  0.64530808576935D-04  -.97636912199604D-04
  -.47529869299190D-05  0.16065960095027D-04  -.26164935977426D-04
  0.69102003329914D-05  -.28393795485778D-04  -.29633390403565D-04
  0.22199036189319D-04  0.17345435806028D-04  0.13511529915553D-04
  -.26768439246317D-04  0.14485351658036D-04  0.13475665721083D-04
  -.58058971351662D-05  0.10986624198315D-04  0.32356410694352D-04
  -.58980448999262D-05  0.22376425987456D-05  0.41454061980810D-05
  -.52266451460111D-05  0.28606024092954D-04  0.11305184408345D-04
  0.25314065776347D-05  -.22883958100264D-04  0.63576907005797D-04
  0.37510465786983D-05  -.41746081483435D-06  0.67206120853992D-04
  -.15811870993564D-06  -.67375178810471D-05  0.31514609199255D-04
$end
