$hessapprox
  0.482462953498D+00 -0.125955529051D-01  0.620904156478D+00 -0.282632685008D-02
  0.324920196126D-01  0.649439320058D+00 -0.137724640672D-01 -0.261037772847D-03
 -0.334517154420D-02  0.483192368031D+00 -0.526601742348D-03 -0.915455464744D-02
  0.360796160703D-01 -0.139557074661D-01  0.637729652845D+00  0.400307865578D-02
 -0.451626488563D-01  0.386256347155D-01  0.909305596356D-02 -0.997733828386D-01
  0.797561126263D+00 -0.132244713830D-01  0.602468645445D-02 -0.980864895502D-04
 -0.157070447844D-01  0.699408500976D-02 -0.476234672952D-02  0.487530383686D+00
  0.593993630673D-02 -0.782732302904D-01 -0.106064474393D-03  0.648197594522D-02
 -0.907972843487D-01  0.540996030929D-01 -0.780238068110D-02  0.573381763075D+00
  0.690888970955D-04 -0.590062058218D-03 -0.488649881717D-01 -0.128959167971D-01
  0.145834660407D+00 -0.326506590150D+00  0.120978644191D-02 -0.928241464743D-02
  0.835380556350D+00 -0.183164147051D-01  0.784444412328D-02  0.966903103733D-03
 -0.109134536081D-01  0.346815666957D-02  0.128330446762D-02 -0.102347453311D-01
 -0.410459371503D-02  0.196595595364D-03  0.483317364725D+00  0.762699614086D-02
 -0.103937408747D+00 -0.107659909778D-01  0.352604134711D-02 -0.483248906778D-01
 -0.130476955960D-01 -0.380091923661D-02  0.346227800986D-01 -0.123627545120D-02
 -0.125690750183D-01  0.622642224137D+00 -0.270294528055D-02  0.296453264456D-01
 -0.150034023068D+00  0.935551787496D-03 -0.125848114326D-01 -0.457759825408D-01
 -0.944459811382D-04  0.436223455861D-03  0.263677823664D-01 -0.210789346597D-03
  0.169049980091D-02  0.600325240879D+00 -0.140967821326D-01 -0.434423788126D-02
 -0.233995862956D-02 -0.109991187783D-01 -0.170138488997D-02 -0.144237421353D-02
 -0.115431655916D-01  0.880084532598D-02 -0.401718427379D-03 -0.147859625868D-01
  0.699000115067D-02 -0.869517890599D-03  0.488540248125D+00 -0.460853412684D-02
  0.371367047573D-01  0.250872039481D-01 -0.207374548081D-02  0.959673200199D-02
  0.208907034227D-01  0.892503032630D-02 -0.113126075283D+00  0.883692372150D-02
  0.670227681536D-02 -0.895681584365D-01  0.101556430890D-01 -0.848467906640D-02
  0.580128347399D+00  0.215416611715D-02 -0.243949325689D-01  0.803038138641D-02
 -0.211113005785D-02  0.247428813635D-01  0.561308054330D-03 -0.994612643183D-03
  0.116442841563D-01 -0.826054764721D-01 -0.113169950354D-02  0.141242396848D-01
 -0.938740375288D-01  0.294222273813D-02 -0.314733725594D-01  0.632662396329D+00
 -0.131293069169D-01 -0.253829944511D-02  0.207315375354D-02 -0.824786791947D-02
  0.181453040433D-02  0.271781382493D-02 -0.841766401993D-02 -0.368228180276D-02
 -0.178210272096D-02 -0.141852867385D-01 -0.941340709620D-04  0.948858755598D-03
 -0.124262742146D-01  0.693740326053D-02 -0.788088047242D-02  0.488715007097D+00
 -0.306480907707D-02  0.208046537407D-01 -0.248648249586D-01  0.117724350111D-02
 -0.272261826307D-01 -0.230158894420D-01 -0.364063350443D-02  0.267382494209D-01
  0.286601939960D-01 -0.398320414352D-03 -0.101530047578D-01 -0.122384871715D-01
  0.708221115804D-02 -0.986228752152D-01  0.977196048665D-01 -0.142287072440D-01
  0.642624140643D+00 -0.363188536851D-02  0.418535490836D-01  0.201693500864D-01
  0.324178890377D-02 -0.352962618115D-01  0.483472526774D-02 -0.319844658664D-02
  0.358416716104D-01 -0.291392044342D-01  0.197163773067D-02 -0.222550055197D-01
  0.216539550561D-02 -0.275795364010D-02  0.314550716231D-01 -0.116506824869D+00
  0.412777621940D-02 -0.461719789062D-01  0.617477513345D+00 -0.105840516823D-01
  0.213167812549D-02  0.166345989400D-02 -0.809029269478D-02 -0.283624740601D-02
  0.389669761084D-03 -0.906642144337D-02  0.373552480896D-02 -0.232350740449D-03
 -0.105108993480D-01 -0.371394278699D-02  0.137552091832D-02 -0.970005781406D-02
 -0.338875801872D-02  0.400792243789D-02 -0.113546210623D-01  0.112818100341D-01
 -0.839286513990D-03  0.490820140597D+00  0.219363104699D-02 -0.351407474069D-01
 -0.186500857085D-01 -0.336451755619D-02  0.242599859106D-01 -0.140454898770D-02
  0.359837912852D-02 -0.536015516045D-01  0.460700651069D-02 -0.401979176688D-02
  0.323936032313D-01 -0.134438677464D-01 -0.370046586746D-02  0.280921233455D-01
 -0.463122927138D-01  0.108044461830D-01 -0.143287246469D+00  0.100795263871D-01
 -0.626016115748D-02  0.564637079279D+00  0.324243861034D-02 -0.358548876986D-01
 -0.224937819398D-01 -0.183861642205D-02  0.234446177804D-01 -0.473412676052D-01
  0.185173427147D-02 -0.189636096425D-01  0.145956766010D-01 -0.159430554461D-02
  0.171228329297D-01  0.685658938459D-02 -0.224803331224D-02  0.279313000349D-01
 -0.312936624568D-01  0.477294670526D-02 -0.541124826534D-01 -0.728706834419D-01
 -0.930170028237D-04  0.348805550623D-02  0.668110507271D+00  0.317698579616D-03
 -0.681906444391D-03  0.102935358885D-02 -0.594604662750D-02 -0.234947040928D-03
 -0.887632553326D-03 -0.667839516193D-02  0.729583670387D-03 -0.113501938515D-02
 -0.229609029871D-03 -0.123949413379D-03 -0.121910603649D-03 -0.391057390993D-02
  0.123067486575D-02 -0.431398666644D-03 -0.449725988824D-02  0.115455155708D-02
 -0.485314857342D-04 -0.795559998562D-02  0.164925583076D-02  0.551639002006D-04
  0.480758505965D+00 -0.830941399720D-04  0.103339596098D-02 -0.553001526390D-02
  0.424289394467D-04 -0.592848932492D-02  0.180385208870D-02 -0.291822876072D-03
 -0.291801769203D-02  0.307438773383D-02  0.739865801446D-03 -0.848934834919D-02
  0.579206465373D-02  0.289440531395D-03 -0.676907742292D-02 -0.282094989836D-02
 -0.582203098217D-03  0.308149321216D-02  0.489741773455D-03  0.138605093417D-03
 -0.958260952915D-02 -0.871978620612D-02 -0.539362498201D-03  0.485331410901D+00
 -0.298019601340D-03  0.356847332205D-02 -0.229975243483D-02  0.437483733738D-03
 -0.507807739620D-02 -0.181270447845D-02 -0.203624405831D-03  0.178464295206D-02
 -0.673264177535D-02  0.786943952880D-03 -0.914089035816D-02 -0.474009949757D-02
  0.138716572080D-03 -0.262489624268D-02 -0.121783828873D-01 -0.334534772576D-03
  0.195409527532D-02 -0.215370628122D-03  0.806308481412D-03 -0.982668246988D-02
 -0.154802987462D-02 -0.133777911647D-04  0.223924029509D-02  0.491577819724D+00
 -0.252704631458D-02  0.609652584798D-03 -0.723289484967D-03 -0.251285033632D-02
  0.272651292053D-03 -0.206246730116D-03 -0.467785617425D-02  0.126715692253D-02
 -0.133982807639D-02 -0.467558485920D-02  0.286139064536D-03  0.119590320657D-02
 -0.574847070628D-02 -0.470152078041D-03 -0.357655835731D-03 -0.806669091199D-02
  0.188715243827D-02 -0.215493761325D-03 -0.912268723442D-02 -0.699921424512D-03
 -0.134941520875D-03 -0.154974873032D-01  0.361930865684D-04  0.514704945036D-04
  0.484025415448D+00  0.107486424128D-02 -0.144114045548D-01  0.117832597487D-01
  0.489871097139D-03 -0.705872188131D-02 -0.336640294620D-02  0.670780569322D-03
 -0.113217259576D-01  0.805614489090D-02  0.794275779519D-03 -0.132686341618D-01
 -0.105551376323D-01 -0.107397708379D-02  0.697306377716D-02 -0.192174875956D-02
  0.952585010736D-03 -0.173706793395D-01  0.184232571375D-02 -0.170797789902D-02
  0.101545841197D-01 -0.139923545646D-02 -0.136421832559D-03 -0.170205518869D-01
  0.961964261459D-03 -0.704912831534D-03  0.489807107465D+00  0.209642488212D-02
 -0.242093196641D-01 -0.432201843590D-02 -0.252763532337D-02  0.290239056813D-01
 -0.256891853431D-01  0.352412957756D-02 -0.388088156980D-01 -0.883765291709D-03
 -0.535969089896D-03  0.672306362973D-02 -0.376790735008D-01 -0.181009586537D-02
  0.213541344231D-01  0.352460602612D-01  0.124916593748D-02 -0.110112303635D-01
 -0.437776392265D-01 -0.634246699488D-02  0.725133049636D-01 -0.597697160119D-01
 -0.292734569953D-03 -0.260081871317D-02 -0.244285913981D-01 -0.135125163940D-02
  0.109269818702D-01  0.579474917896D+00 -0.156933325066D-02 -0.830869485564D-04
  0.259102178518D-03  0.804607907062D-03 -0.665480974913D-03 -0.325141577243D-03
 -0.259786810009D-02  0.147218505357D-02  0.301957703911D-03 -0.490791359194D-02
 -0.125363883277D-02  0.854973080203D-03 -0.557049286071D-02 -0.131528433794D-03
 -0.112039888149D-02 -0.894078665606D-02  0.689464441167D-03  0.158870209631D-02
 -0.958961787022D-02 -0.118589410000D-02 -0.115440786210D-03 -0.157844715771D-01
  0.187287350909D-03  0.115698761588D-03 -0.181037451302D-01 -0.271441223111D-03
 -0.117122753261D-02  0.478714721049D+00  0.488459601189D-04 -0.253472246404D-02
 -0.214856973412D-02 -0.602612382659D-03  0.794555323847D-02  0.768190917737D-03
  0.125527830980D-02 -0.162532204110D-01 -0.664983170679D-02 -0.111147756398D-02
  0.743770344518D-02 -0.891252768719D-02 -0.338431373287D-03 -0.121924416263D-02
  0.103930842950D-01  0.354830903173D-03 -0.122566257459D-01 -0.185223984687D-01
 -0.148645634038D-02  0.762456016289D-02 -0.541931678502D-04  0.171519937299D-04
 -0.182836069091D-01 -0.618695348206D-03 -0.324202379601D-03 -0.158167754574D-01
  0.122072181283D-01 -0.278785296637D-02  0.509579261204D+00 -0.902515228379D-03
  0.109325886523D-01  0.927149845664D-02  0.163627815800D-02 -0.178366973343D-01
  0.744514294508D-02 -0.218593716407D-02  0.241325935763D-01 -0.541851678504D-02
  0.140518257733D-02 -0.163749105232D-01  0.295511279156D-02  0.547772630744D-03
 -0.753248099549D-02 -0.313691011066D-01 -0.975342537060D-03  0.806371064037D-02
  0.122487738396D-01  0.347896464462D-02 -0.406941625549D-01  0.384419245111D-01
  0.299122978193D-03 -0.813094833165D-03  0.363038667134D-03  0.746505739648D-03
 -0.609840241470D-02 -0.731540304762D-01  0.152602884850D-02 -0.164397796078D-01
  0.537430928522D+00  0.164411957663D-02 -0.102189085719D-02  0.262018971551D-03
 -0.483691262843D-03  0.150836689363D-03 -0.110920181912D-02 -0.299473592648D-02
 -0.749320629727D-03 -0.948254147102D-03 -0.125637792124D-02  0.155842146477D-02
 -0.133096616922D-02 -0.361101421595D-02  0.296729008756D-03  0.115926657617D-02
 -0.612700813981D-02 -0.117723563030D-02 -0.138088066936D-02 -0.881176455195D-02
  0.105169691196D-02  0.111982217680D-02 -0.194585567122D-01 -0.278566767877D-03
 -0.450825414210D-03 -0.189680230370D-01  0.239676377147D-03  0.165317265858D-02
 -0.215156781162D-01  0.313635091780D-03 -0.665250823312D-03  0.476456066672D+00
 -0.969708796120D-03  0.125518700326D-01 -0.285639115512D-02  0.241071757629D-03
 -0.264458057906D-02  0.105686845473D-01 -0.852538879345D-03  0.664169334461D-02
  0.862560853170D-02  0.163752629665D-02 -0.194786332634D-01  0.150499602400D-01
  0.130546431026D-03 -0.539148952214D-02 -0.146904154401D-01 -0.135169935379D-02
  0.911193520626D-02  0.150427063182D-01  0.941397143337D-03 -0.201296173937D-01
 -0.117963664024D-01 -0.292825554464D-03 -0.164480794061D-01  0.575448392382D-02
  0.243511150210D-03 -0.219761154174D-01 -0.200582880094D-01  0.330284466018D-03
 -0.252409515218D-01  0.902055915210D-02 -0.788144113456D-03  0.485557266285D+00
  0.250571527982D-02 -0.282764563008D-01 -0.276441479310D-01  0.948670182787D-03
 -0.110251650586D-01 -0.233814418482D-01  0.166031934407D-03 -0.198346988951D-02
  0.660560520085D-02 -0.110530857293D-02  0.128236142586D-01 -0.135221476899D-01
  0.466980305378D-03 -0.570821594100D-02  0.100538079908D-01 -0.699325088034D-03
  0.954841533059D-02 -0.119885725891D-02 -0.438091365653D-02  0.491384152167D-01
 -0.970730812901D-01 -0.291305625193D-03  0.215707674317D-02 -0.217092153950D-01
 -0.101456760290D-02  0.964727272673D-02  0.582155237526D-01 -0.655212987017D-03
  0.723044001780D-02 -0.644437776947D-01  0.524054153710D-03 -0.709966678552D-02
  0.571949375608D+00  0.343475653770D-02  0.543463094302D-03 -0.114475067942D-02
  0.155717523516D-02  0.146383714591D-03  0.381849594390D-03 -0.161893161783D-02
 -0.645141949039D-03  0.328834636469D-03  0.537061760947D-05  0.114062947425D-02
  0.588127845108D-03 -0.258329665206D-02 -0.109127815377D-02  0.332967231231D-03
 -0.588806656852D-02 -0.166642193723D-02  0.211885153457D-03 -0.857256433665D-02
 -0.200160795000D-02  0.750635488650D-03 -0.210433268309D-01  0.125209301902D-03
 -0.410469728345D-03 -0.208423771429D-01  0.125539300131D-03  0.268800262372D-03
 -0.241249867686D-01  0.134178423250D-03  0.140829510680D-03 -0.264271984094D-01
 -0.156157660569D-05 -0.123921556399D-03  0.470255584409D+00 -0.260248444257D-04
  0.376453064281D-02  0.571939608684D-02  0.119416621872D-03  0.712695765958D-03
  0.145184886961D-02  0.333585353593D-03 -0.495903992332D-02  0.419282946273D-02
  0.315423154052D-03 -0.318469478336D-02 -0.105501833982D-01 -0.182408487673D-03
 -0.302136862609D-03  0.151360105655D-02  0.641826633260D-04 -0.604802042863D-02
 -0.171971499386D-02 -0.601628087633D-03 -0.216470171331D-02 -0.141945874951D-02
 -0.186408817175D-03 -0.209150694389D-01  0.310501111087D-02 -0.240853178623D-03
 -0.193394594334D-01  0.250907647296D-02 -0.895538234111D-04 -0.234106374013D-01
 -0.336101593856D-02 -0.677069800323D-04 -0.257163010976D-01  0.295435868934D-02
 -0.300557964371D-02  0.506008708447D+00 -0.182609980342D-02  0.208087297482D-01
  0.124704389151D-01 -0.777604277011D-03  0.887574953264D-02  0.844629199593D-02
  0.220782456366D-03 -0.318745352446D-02 -0.170736006107D-01  0.155559211919D-02
 -0.181016204262D-01 -0.431944583372D-02 -0.393219996690D-03  0.313146673629D-02
 -0.158718374481D-01  0.488579088878D-03 -0.935513838775D-02 -0.120819218684D-01
  0.286070249313D-02 -0.329644761401D-01  0.582824890761D-01  0.293720155730D-03
 -0.153671812213D-03 -0.200426557312D-02  0.737151809558D-03 -0.528416130373D-02
 -0.592837100133D-01  0.638443311352D-03 -0.618139564996D-02  0.283004977933D-01
 -0.468455336943D-03  0.674918685667D-02 -0.674104718936D-01 -0.199369145302D-03
 -0.101519133272D-02  0.544982257703D+00 -0.174736716685D-01 -0.399620805721D-02
 -0.680196580893D-04 -0.202958628372D-01 -0.591215186421D-02  0.176534904451D-02
 -0.170114862756D-01 -0.939819553953D-03  0.132669717953D-02 -0.138946252718D-01
  0.500453729443D-03 -0.434098656357D-02 -0.134373319227D-01  0.820706505133D-03
  0.234449299760D-02 -0.949414138267D-02 -0.622154455242D-03 -0.140347235858D-02
 -0.869055739753D-02 -0.148243144632D-03  0.292766121431D-02 -0.195048101954D-02
 -0.370028266929D-03  0.109301267013D-03  0.702312741786D-03  0.214245993761D-02
  0.155766060711D-02  0.482889242260D-02 -0.797511881083D-04  0.162565313437D-03
  0.466452706049D-02 -0.601958887688D-03  0.134146678384D-02  0.747311193857D-02
  0.910374883699D-03 -0.891036519146D-03  0.475313593241D+00 -0.115053385846D-02
 -0.557797559925D-02  0.323194168414D-01 -0.533307497661D-02  0.402635950551D-01
 -0.163869768507D-01 -0.109909071552D-03 -0.147963581431D-01  0.389191465078D-02
  0.155055436730D-02 -0.305405632711D-01  0.141264380206D-01  0.489078984265D-03
 -0.164376088787D-01 -0.697815908046D-02  0.110315862368D-02 -0.186339654644D-01
  0.137377814706D-01 -0.474016951897D-03 -0.333065607743D-02 -0.182172891182D-01
 -0.627148064903D-03 -0.568492431546D-03 -0.208370640948D-02  0.789584093374D-03
 -0.115975110790D-01 -0.455619649605D-02 -0.116034550358D-03  0.492406107553D-02
 -0.195240990455D-02 -0.159895276233D-03  0.586518452442D-02 -0.884000129048D-02
  0.101430321482D-02  0.105509965537D-02  0.570805998890D-02 -0.415530217551D-02
  0.504752637173D+00 -0.956384654929D-03  0.106047662777D-01  0.578509346832D-02
 -0.154759354877D-02  0.179800906402D-01 -0.472597327641D-02 -0.890302348116D-03
  0.123989489452D-01 -0.102794395280D-02  0.185283363290D-02 -0.193174462155D-01
 -0.432338515807D-02  0.578940808336D-03 -0.301703394236D-02 -0.326425496538D-01
  0.178919372852D-02 -0.156241154541D-01  0.960641418595D-02  0.143643763708D-02
 -0.148473728342D-01  0.356149629035D-03 -0.493428116887D-03  0.272414226548D-02
 -0.184050300640D-02 -0.119006912548D-03 -0.114468471456D-02 -0.246753056598D-01
 -0.188836630255D-04 -0.166437452557D-02  0.106924470666D-01 -0.127979566948D-02
  0.133039342219D-01 -0.216330997389D-01  0.344924311722D-04  0.551460124870D-03
  0.480102443501D-02  0.124530952616D-02 -0.900976276068D-02  0.461813185445D+00
 -0.177744794718D-01  0.118248820901D-01  0.277153659779D-02 -0.184364890161D-01
  0.976871557154D-02  0.398152433677D-03 -0.145884149064D-01 -0.434144616994D-02
  0.184484935915D-03 -0.136898459761D-01 -0.316825130624D-02 -0.177821114790D-02
 -0.132372528188D-01  0.266115061730D-02  0.131213127912D-03 -0.101954199768D-01
 -0.185652122222D-02  0.260182959826D-02 -0.890215937133D-02 -0.288250082171D-02
 -0.202887864411D-02 -0.257389725805D-02  0.260517431703D-03  0.331879003547D-03
 -0.127467144780D-02 -0.682209299960D-03 -0.945901864871D-03  0.128526710616D-02
  0.414515844149D-03  0.692966549825D-04  0.176304180176D-02  0.107773332455D-02
 -0.230375993511D-02  0.407862801182D-02 -0.308413934834D-04  0.183682320256D-02
 -0.222820175686D-01  0.851195518912D-02 -0.707360336671D-03  0.482220745248D+00
  0.116676183493D-01 -0.147499431603D+00 -0.314037364706D-01  0.104815092982D-01
 -0.133033001744D+00 -0.566149184972D-03 -0.363435126351D-02  0.295124282928D-01
 -0.770362090730D-03 -0.283710456565D-02  0.192265311922D-01  0.239757740929D-01
  0.349296953815D-02 -0.475538318301D-01  0.114698943570D-02 -0.113975069026D-02
  0.102382174543D-01 -0.253408496579D-01 -0.265162559062D-02  0.217181127444D-01
  0.213575101578D-01 -0.863050238402D-03 -0.519572193966D-02 -0.418357571405D-02
 -0.131258599708D-02  0.526962852995D-02  0.988535109298D-02  0.128257140305D-03
 -0.319049119958D-02 -0.153182644129D-02  0.864395902762D-03 -0.970843418177D-02
  0.257580590753D-01  0.102200062882D-02  0.397957108635D-02 -0.215013828973D-01
  0.105842550956D-01 -0.117534119388D+00  0.782766185346D-02 -0.766291204732D-02
  0.562176196331D+00 -0.589365912494D-02  0.668178834924D-01 -0.113787337110D+00
  0.681552442330D-02 -0.781098059294D-01 -0.160376798941D+00  0.199966704546D-02
 -0.218458801780D-01 -0.393002310404D-01 -0.407801473103D-02  0.460625820991D-01
 -0.991609701312D-02  0.216989814876D-02 -0.230677148787D-01 -0.521946196782D-02
  0.530092172826D-03 -0.367274829977D-02  0.500795987764D-02  0.496261453240D-02
 -0.560736622674D-01  0.122583275987D-01  0.851317958903D-05  0.193160351594D-02
 -0.478020562717D-02 -0.348235096265D-04  0.788891743030D-03 -0.130633818438D-02
 -0.813462033695D-03  0.851958134165D-02 -0.383562878724D-02  0.157363292281D-03
 -0.298276022236D-02  0.104498805570D-01 -0.537769181928D-03  0.274718381902D-02
 -0.107280598949D-01 -0.519942784421D-02  0.434616188420D-01 -0.132768918650D+00
 -0.120369798476D-02  0.182500409008D-01  0.697216520745D+00  0.670034796553D-03
  0.187554808392D-02  0.175762118765D-02 -0.864668490144D-02 -0.192275105787D-03
 -0.770322235895D-03 -0.853055959550D-02  0.247311730851D-02 -0.195258884706D-02
  0.164770393091D-02 -0.180168335827D-02  0.218908044468D-03 -0.332487177482D-02
  0.112492756037D-02 -0.124537900845D-02 -0.294538445812D-02  0.208288095106D-02
  0.289135773369D-02 -0.701791340543D-02 -0.105936502062D-02 -0.223570227046D-02
 -0.203758689997D-01 -0.512071396805D-03  0.432435096534D-03 -0.142943289044D-01
 -0.389968049738D-03 -0.203714636927D-02 -0.133577829593D-01 -0.573685626236D-03
  0.138757471805D-02 -0.185814356202D-01  0.560090215364D-03 -0.621277061748D-03
 -0.197338500468D-01 -0.289609843585D-03  0.587111709651D-03 -0.483385881647D-02
 -0.176660104997D-03 -0.954025406779D-03 -0.407077341611D-02 -0.247208172782D-02
  0.233204169925D-02  0.477255814944D+00 -0.130993883162D-02 -0.918938146243D-02
 -0.342335685215D-03  0.235527494297D-02 -0.311752064384D-03 -0.254632063592D-03
  0.165735603869D-02 -0.610202963923D-02 -0.348833281273D-02 -0.335116246683D-02
 -0.199028143381D-02 -0.666014291513D-02 -0.130561140174D-02 -0.635299811019D-02
  0.239022291456D-02 -0.194971612762D-02 -0.133003182888D-01 -0.489314817153D-02
 -0.139967810888D-02 -0.419159124737D-02  0.130329283658D-02  0.250618553590D-02
 -0.150336285771D-01  0.151634062600D-02 -0.675450104537D-03 -0.140270101809D-01
  0.521970709244D-02 -0.205767385495D-02 -0.147685759993D-01 -0.271233035759D-02
  0.289407819140D-03 -0.187315744810D-01  0.310953907311D-02 -0.494182172857D-04
 -0.182612008359D-01  0.223834169930D-03  0.237642243175D-02 -0.364800477794D-03
 -0.350453529671D-02  0.116073466152D-02 -0.385759256859D-02  0.141045512975D-02
  0.416038669628D-02  0.484616319865D+00 -0.110036281615D-02 -0.691901961575D-02
 -0.101326981110D-01 -0.219090471561D-02  0.117560297059D-02 -0.851888179205D-02
 -0.920468861157D-03 -0.589806935852D-02 -0.100542168161D-01 -0.139591050944D-02
  0.389610462891D-02 -0.918827122946D-02 -0.476419690948D-03 -0.483895945259D-02
 -0.331955093083D-02  0.492173741904D-03 -0.920343444253D-02 -0.120163859340D-01
 -0.518960340370D-03  0.641699378137D-02 -0.854138848651D-02  0.142026704032D-02
  0.281706972193D-02 -0.123791273679D-01  0.168477984991D-02  0.358752251817D-02
 -0.134883846789D-02  0.203934939827D-02  0.640887608470D-02 -0.154797617636D-01
  0.246138477550D-02  0.204438897996D-02 -0.528435193068D-02  0.252426853188D-02
  0.557888196691D-02 -0.140483030129D-01 -0.282259796960D-02 -0.276928803588D-02
 -0.127347049921D-01 -0.210742915847D-02 -0.178466278433D-02 -0.387868929295D-02
  0.754566242002D-03  0.429978879365D-02  0.489556425908D+00  0.580868056605D-03
 -0.160800259843D-02 -0.253167975762D-03 -0.796500932872D-02 -0.149837721125D-02
 -0.656549971739D-03 -0.788907740720D-02 -0.557022064397D-03  0.760302635207D-03
  0.819431908400D-03  0.379164485297D-03  0.156075968757D-02 -0.358698503018D-02
  0.145708970603D-02 -0.350465851761D-03 -0.352087209956D-02  0.350649407089D-02
 -0.202885229093D-02 -0.762957396933D-02  0.377174398403D-02  0.380298738639D-03
 -0.199515048690D-01 -0.656423140008D-03 -0.335781246450D-03 -0.144961756008D-01
 -0.222712911828D-03  0.140564119076D-03 -0.138460400083D-01  0.305251966748D-03
 -0.521612618859D-03 -0.184421732272D-01 -0.624661819279D-03 -0.483184956756D-04
 -0.196116891318D-01 -0.336137348126D-03 -0.113784898371D-03 -0.421427719803D-02
 -0.160151695243D-02  0.102612787845D-02 -0.410474529643D-02  0.926376975809D-04
 -0.199831944922D-02 -0.221728100705D-01  0.354687738931D-02  0.109902302366D-02
  0.478670171727D+00  0.306226040213D-02 -0.924788982496D-02 -0.208831261274D-03
 -0.366930466258D-02 -0.104770172798D-02 -0.333444806939D-03 -0.193582713516D-02
 -0.631999959429D-02 -0.341592535405D-02  0.387172897730D-02 -0.151974423151D-02
 -0.632108328300D-02  0.186301042024D-02 -0.576009883186D-02  0.226395059077D-02
  0.377087225968D-02 -0.120482840110D-01 -0.521212121017D-02  0.806895727215D-03
 -0.304313336295D-02  0.127514070260D-02 -0.357882173877D-02 -0.156305470482D-01
  0.149090369346D-02  0.464547152695D-03 -0.140113454226D-01  0.513440121535D-02
  0.216914282301D-02 -0.144095316568D-01 -0.280421440235D-02 -0.275798715854D-03
 -0.189012294190D-01  0.305785977711D-02 -0.282214677256D-04 -0.183542433384D-01
  0.249485338858D-03 -0.277006521767D-02 -0.112695770057D-02 -0.327510994735D-02
 -0.117577811013D-02 -0.420770918813D-02  0.129666248353D-02 -0.585883263825D-02
 -0.101683705404D-01  0.365579931123D-02 -0.540330624843D-02  0.482863604490D+00
  0.228843478933D-02 -0.660209046132D-02 -0.102345455860D-01  0.183639783840D-02
  0.155188313225D-02 -0.859799917566D-02  0.183120923798D-02 -0.566516054926D-02
 -0.101314143032D-01  0.626040091838D-03  0.414163610602D-02 -0.926821847168D-02
  0.118170007318D-02 -0.472328210535D-02 -0.329203921175D-02  0.835866046332D-03
 -0.920571019045D-02 -0.120623019993D-01 -0.616812639280D-03  0.628762042116D-02
 -0.853574700381D-02 -0.152021803450D-02  0.256597407507D-02 -0.123658570377D-01
 -0.202071104702D-02  0.327076562358D-02 -0.129345090882D-02 -0.301023955690D-02
  0.597860011442D-02 -0.154687746867D-01 -0.272868499174D-02  0.160047199258D-02
 -0.524578414361D-02 -0.377898523821D-02  0.503882951335D-02 -0.140439086656D-01
  0.294746996192D-02 -0.220867116048D-02 -0.128393207790D-01  0.227752347171D-02
 -0.138598642803D-02 -0.396342995608D-02 -0.131476043102D-02  0.340609723364D-02
 -0.938091884691D-02 -0.109541207883D-02  0.417127740230D-02  0.489575655823D+00
  0.254763624207D-02  0.460420323353D-03  0.257148493168D-03 -0.425757385030D-02
 -0.199382019534D-03 -0.714632802325D-03 -0.549293105565D-02  0.975250359381D-03
 -0.897679120905D-03  0.167769144247D-02 -0.856919416739D-03  0.140271910994D-02
 -0.265239423529D-02  0.106381787934D-02 -0.114086567129D-02 -0.383478863837D-02
  0.215966752831D-02  0.443247430441D-03 -0.770207486908D-02  0.570059785997D-03
 -0.386286590601D-03 -0.214958568196D-01 -0.395079179286D-03  0.109927414191D-03
 -0.174441840603D-01 -0.514714298811D-03 -0.133624779136D-02 -0.182164448106D-01
 -0.116571055243D-03  0.828491931822D-03 -0.224891707015D-01  0.207773040900D-03
 -0.865496393208D-03 -0.245898226858D-01 -0.404793396479D-03  0.596425363528D-03
  0.729062456197D-03 -0.404143771278D-03 -0.461584430747D-03 -0.240769113083D-03
 -0.175393886267D-02 -0.996058612970D-03 -0.224916304168D-01  0.249929742288D-02
  0.173101984265D-02 -0.220311467249D-01 -0.395810160934D-02 -0.225592990046D-02
  0.475659687746D+00  0.113639790414D-02 -0.100506313801D-01  0.285051275973D-02
  0.601604762923D-04 -0.440224684769D-02 -0.266132306031D-03  0.263778204140D-04
 -0.537882843125D-02 -0.204690903932D-03 -0.140316260816D-03  0.302705932261D-02
 -0.117596785830D-01  0.110696440907D-03 -0.374793719746D-02  0.455760649325D-02
  0.613712431524D-03 -0.104466360594D-01 -0.584409182804D-02 -0.896958995220D-03
  0.248633650693D-02  0.291386875276D-04 -0.383075589390D-03 -0.186256989998D-01
  0.100910482392D-02 -0.328467369829D-03 -0.146772993438D-01  0.866821282003D-02
  0.374605883509D-04 -0.189093587041D-01 -0.589429864164D-02  0.232920945010D-03
 -0.252209459794D-01  0.705722759648D-02 -0.108032802228D-03 -0.219236751551D-01
 -0.220232250866D-02  0.528620861070D-03 -0.165988682682D-03  0.180624734339D-02
 -0.678709721219D-03  0.711892207409D-02  0.125639064646D-01 -0.705363644516D-03
 -0.148345242269D-01  0.532555623619D-02 -0.807238436720D-03 -0.154739743344D-01
  0.498588259832D-02 -0.678589336190D-03  0.482053318832D+00 -0.854102570725D-03
  0.978381589103D-02 -0.260034299828D-02  0.107211687610D-03 -0.151578819070D-02
  0.125012370638D-02 -0.254182073910D-03  0.215839750065D-02 -0.651276796961D-02
  0.882601014616D-03 -0.103725882042D-01 -0.103273240553D-02  0.124951328439D-03
 -0.268359472475D-02 -0.169715571293D-01 -0.450375095265D-03  0.266391035888D-02
  0.524682666031D-03  0.136559396446D-02 -0.160852810166D-01  0.365653857055D-02
  0.226709401615D-05  0.294604289652D-02 -0.747613778687D-02  0.227445658006D-03
 -0.334148090278D-03 -0.326272379995D-01  0.179268218451D-03 -0.111721394798D-02
  0.582889586801D-02 -0.654157142565D-03  0.824990388517D-02 -0.303809782587D-01
 -0.569818334507D-03  0.414741860028D-02  0.275992212445D-02 -0.482505376754D-03
  0.128183196179D-02  0.369476309297D-02  0.813738944073D-03 -0.923084244270D-02
 -0.993429356520D-02  0.545800170436D-03  0.130730725115D-02 -0.131946183654D-01
 -0.271859779645D-03  0.131007980812D-02 -0.131873304730D-01  0.304370814788D-03
 -0.187951287717D-03  0.494704547978D+00 -0.343626000874D-02 -0.102276873263D-02
 -0.160388682371D-02  0.462500109396D-02 -0.782182096244D-03  0.377687665834D-03
 -0.188271698650D-03  0.342413655721D-03 -0.138817647566D-02 -0.884950953633D-02
  0.159547572303D-02  0.109301558016D-02 -0.703924107160D-02 -0.838575468298D-03
 -0.557887417979D-03 -0.119038599469D-01 -0.108842411760D-02 -0.646862116318D-04
 -0.109621401676D-01  0.124563192779D-03  0.365846527451D-03 -0.128487581464D-01
  0.281051312733D-03 -0.241085806579D-03 -0.192321360186D-01  0.139071656880D-03
 -0.265673170763D-02 -0.257351374271D-01  0.141968530812D-01 -0.226997536089D-02
 -0.218858712226D-01  0.689959324152D-03  0.106273587213D-03 -0.248472945254D-01
 -0.763634161175D-03 -0.114319229795D-02  0.823313313852D-02  0.110891952034D-02
  0.284169187306D-03  0.307577366772D-02  0.592933000569D-03  0.661767429601D-03
 -0.831509073884D-02 -0.492951088454D-02  0.270766051416D-02 -0.918679266689D-02
  0.609236865397D-02 -0.336780578677D-02 -0.151658799548D-01 -0.313943238788D-03
 -0.306990016815D-03  0.478125671503D+00 -0.100602486929D-02  0.832053528672D-02
  0.164191215970D-01 -0.819426824824D-03  0.137067796795D-01 -0.483407936977D-02
  0.364251979182D-03 -0.484903269142D-02  0.154551080758D-01  0.146720720424D-02
 -0.251862234743D-01 -0.130835000383D-01 -0.894342262409D-03  0.180204054967D-02
  0.636544703857D-02 -0.101962568009D-02 -0.129782669642D-02  0.361807437628D-05
  0.187949098911D-03 -0.138922846033D-01 -0.328886271830D-02  0.427988113797D-03
 -0.159113235085D-01  0.278127007340D-02  0.203155567926D-03 -0.205717993986D-01
  0.309631507646D-01  0.141835422565D-01 -0.184335342874D+00  0.255747227082D-01
  0.696335902739D-03 -0.295063600217D-01 -0.763312816570D-03 -0.946759994346D-03
 -0.159229224513D-01  0.127458375748D-01  0.136625585181D-02 -0.345807530376D-02
 -0.417635478324D-02  0.508033063568D-03 -0.243777473001D-02 -0.927310518246D-02
  0.138586082903D-02 -0.157699528883D-01  0.407274340366D-02  0.204474973014D-03
 -0.148428737283D-01  0.353677477856D-02 -0.175181702272D-03 -0.115396241842D-01
  0.343944105351D-02 -0.105923040202D+00  0.166370186110D+01  0.199902435058D-03
 -0.245926094928D-02 -0.805873127551D-02  0.251332150182D-04 -0.359502149163D-03
 -0.371408167618D-02  0.179635100647D-03 -0.215047131781D-02 -0.586737903907D-02
 -0.157956271383D-03  0.174737660967D-02 -0.604847376278D-02  0.108282580679D-03
 -0.163905875418D-02 -0.471540246080D-02 -0.816038938001D-04  0.117525709730D-03
 -0.881393631727D-02 -0.916068635277D-03  0.992761770272D-02 -0.165486972065D-01
  0.251484835057D-03 -0.256957524360D-02 -0.105679713847D-01  0.152363610559D-03
 -0.148559257474D-02 -0.779658423400D-02 -0.210718487511D-02  0.241254307422D-01
 -0.204056782898D-01  0.332640595678D-03 -0.350525401730D-02 -0.267606395241D-02
  0.461736303314D-03 -0.505194047381D-02 -0.171702072709D-01 -0.610472860110D-04
 -0.346215864890D-03 -0.754830167707D-02 -0.216599284546D-03  0.118169946700D-02
 -0.151076811717D-02  0.709377476287D-05 -0.141916478867D-02 -0.824968882825D-02
  0.265014413258D-03 -0.143261540142D-02 -0.822390688545D-02  0.341148261064D-03
 -0.361715690396D-02 -0.108872453769D-01  0.167437364824D-01 -0.188591868901D+00
  0.517976399541D+00  0.228407060213D-02  0.313487555342D-02  0.934050229226D-04
  0.544029701826D-02  0.205686453888D-02  0.200323114384D-02  0.106325359661D-02
 -0.264699988037D-02  0.166211045827D-02 -0.273968055051D-02  0.164514286842D-02
 -0.843567523481D-03 -0.357933340395D-02 -0.111110105373D-02  0.355414201702D-03
 -0.824818028757D-02 -0.511495560842D-02  0.104932819791D-02 -0.959539718851D-02
 -0.294575174998D-02  0.211186003042D-02 -0.190370564841D-01  0.208734316972D-03
 -0.751125348542D-03 -0.224563206802D-01  0.113058820228D-03 -0.161950362407D-03
 -0.277099582271D-01  0.703347577054D-03  0.448819672121D-03 -0.278016146392D-01
  0.319655605410D-04 -0.295301178100D-02 -0.329381407171D-01  0.906899865999D-02
 -0.556222266371D-02  0.116603925858D-01  0.100370775184D-02  0.102266148070D-02
  0.649119933296D-02  0.161592494383D-02 -0.124996913540D-02 -0.156973174887D-01
 -0.250500103917D-02  0.291591919652D-02 -0.160475652372D-01  0.359918388630D-02
 -0.470351028841D-02 -0.227471832114D-01 -0.156001624971D-04 -0.470289333940D-04
 -0.317971719807D-01 -0.205029768106D-02  0.482446724097D-03  0.467484984739D+00
  0.186710461001D-02 -0.180629306410D-01 -0.145900156931D-01  0.187075657347D-02
 -0.150127262786D-01 -0.448792619772D-02 -0.509666388276D-03  0.668601584568D-02
  0.125212066268D-02 -0.907402727843D-04 -0.119910548698D-02  0.580256680916D-02
  0.941233144690D-03 -0.139992667739D-01  0.743942529740D-02 -0.118494490715D-02
  0.584022036253D-02 -0.107331980831D-01  0.353769789480D-04 -0.103478994073D-01
 -0.149596080188D-02 -0.181017904189D-03 -0.184122224816D-01  0.478310770258D-02
 -0.434762749624D-03 -0.185708897243D-01  0.906333910452D-02  0.316947660971D-03
 -0.314709275524D-01 -0.767111495883D-02 -0.109842510700D-03 -0.273098639475D-01
  0.315059391299D-01  0.897663482649D-02 -0.134996609930D+00  0.614694105665D-01
  0.208232445515D-03  0.117135214913D-01 -0.436147822568D-02 -0.525601680656D-03
  0.123103132983D-01  0.108839648092D-01 -0.254043897780D-03 -0.201602104305D-01
  0.589536442118D-02  0.691419136305D-03 -0.195892171021D-01  0.522470131110D-02
 -0.358768252720D-03 -0.201480445899D-01 -0.454555811986D-02 -0.164292171687D-02
 -0.132558042452D-01 -0.672301450464D-02 -0.608361687156D-01  0.117606151220D+01
 -0.148750388386D-02  0.167175286965D-01  0.552617362029D-03 -0.126380543095D-02
  0.137170335363D-01 -0.364598421482D-02  0.371874963338D-03 -0.475366975762D-02
 -0.680606151691D-02  0.640605860085D-04 -0.900717582206D-03 -0.160830278019D-01
 -0.721238583318D-03  0.738498272406D-02 -0.157778188688D-01  0.644687134078D-03
 -0.884642721560D-02 -0.579473832518D-03 -0.826830064807D-04  0.736405815362D-03
 -0.148329656527D-01  0.346747009368D-03 -0.168944271932D-02 -0.994274926123D-02
  0.259235537961D-03 -0.141414852224D-02 -0.135212512857D-01 -0.405084727413D-03
  0.503970067972D-02 -0.589529708436D-02 -0.444492381398D-04  0.107646702290D-02
 -0.275584292173D-01 -0.706931727229D-02  0.796671876335D-01 -0.566896167341D-01
  0.275286688247D-03 -0.460169517699D-02 -0.718539446938D-02  0.382650539926D-03
 -0.416767898234D-02 -0.163521054308D-01  0.511468136292D-03  0.225272520624D-03
 -0.927051243174D-02 -0.128737226891D-03  0.220694580437D-03 -0.927304733831D-02
  0.450598147832D-03 -0.302051622337D-02 -0.274081680577D-02  0.652796376410D-03
 -0.749377963416D-02 -0.749059160234D-02  0.450409948322D-01 -0.531943908771D+00
  0.889996884907D+00  0.634068237167D-02  0.206897119730D-02 -0.160319935758D-02
 -0.504985076738D-03  0.884573487326D-03 -0.194399325974D-03 -0.260177079562D-02
 -0.186306357615D-02  0.188745169147D-02  0.405299748207D-02  0.212156789252D-02
 -0.141076872821D-03 -0.612675663204D-03 -0.562534967916D-03  0.711154789138D-03
 -0.286783314484D-02 -0.229882943957D-02 -0.511963497273D-03 -0.758847891335D-02
 -0.493147363560D-03  0.177774572066D-02 -0.248026095130D-01 -0.148270605327D-03
 -0.635120221133D-03 -0.211952721806D-01 -0.802514340771D-04  0.157392266751D-02
 -0.232222623688D-01 -0.786292419675D-03 -0.175667239220D-02 -0.280702629585D-01
  0.154446476727D-03  0.242191157407D-02 -0.327036123155D-01  0.116577194691D-01
  0.456668267895D-02  0.638388076209D-02  0.816832027792D-03 -0.424246751141D-03
  0.396178267667D-02  0.168617930369D-02 -0.271243690610D-02 -0.253492201761D-01
  0.239755807229D-02  0.242618716285D-02 -0.244783387371D-01 -0.324900633779D-02
 -0.371613884463D-02 -0.288688349179D-01  0.326511497833D-03 -0.107147334766D-02
 -0.213559550806D-01  0.421055018968D-02 -0.235168892569D-03 -0.310584303041D-01
 -0.111466393461D-02  0.104244349120D-02  0.471624055820D+00  0.140394724966D-02
 -0.833690119448D-02  0.922253594839D-02  0.710982493447D-03 -0.815611176208D-02
  0.984241210315D-02 -0.777970843928D-03  0.541772247636D-02 -0.117241461769D-01
  0.105905301426D-02 -0.786491379929D-02 -0.204915380563D-02  0.430319268681D-03
 -0.590638298558D-02 -0.240680937368D-02 -0.264865572983D-03 -0.588247740280D-03
  0.546164492650D-02  0.114080912588D-02 -0.209230577415D-01 -0.852878514175D-02
 -0.209038809797D-03 -0.213103636501D-01  0.541001151866D-02 -0.278536121908D-03
 -0.172336770521D-01 -0.126452003945D-01 -0.986685914546D-03 -0.120039867647D-01
  0.182593662544D-01  0.127925450656D-03 -0.289435642478D-01 -0.272019269128D-01
  0.112818045704D-01 -0.158507287111D+00 -0.523262201657D-01  0.434437095599D-03
  0.343504967167D-02  0.694417709416D-02  0.594080590822D-03 -0.184002751678D-02
  0.260059532656D-01  0.754988347390D-03 -0.186249239329D-01  0.536891641820D-02
 -0.159766485711D-02 -0.193090840443D-01  0.482093952624D-02  0.265886363854D-03
 -0.307938440765D-01  0.957870807645D-02  0.434891801184D-02 -0.699998866748D-01
  0.249098404410D-02 -0.124610962374D-02 -0.179928646304D-01 -0.139049765055D-01
 -0.858673568675D-01  0.141217957346D+01  0.949113524475D-03 -0.101685906604D-01
  0.228985116843D-02  0.709045183068D-03 -0.880677708663D-02  0.637757002523D-03
 -0.835223411298D-04 -0.813632380617D-03 -0.975443976611D-02  0.578280551029D-03
 -0.715978207008D-02 -0.413615065050D-02  0.412199863194D-03 -0.702550646244D-02
 -0.479259913907D-02 -0.119261517148D-03 -0.279043493588D-02 -0.857672667255D-03
  0.305932730050D-03 -0.451813928048D-02 -0.138096154278D-01  0.305569300887D-03
  0.224265077554D-02 -0.112356768215D-01 -0.658362737991D-04  0.461878604578D-02
 -0.146283386627D-01 -0.735715899712D-03  0.981891258270D-02 -0.253703143826D-02
  0.174027839441D-04  0.928594581410D-03 -0.238992510601D-01  0.547901065777D-02
 -0.658347201785D-01 -0.426646566197D-01  0.652846376544D-03 -0.823114299406D-02
 -0.358189463452D-02  0.249604307976D-03 -0.400923858703D-02  0.116882853956D-01
  0.689121029876D-03  0.314628999848D-02 -0.119194519872D-01 -0.190258448393D-03
  0.319147007441D-02 -0.119048272688D-01  0.473097799158D-03  0.248275163003D-03
 -0.963042643043D-02  0.195104561615D-02 -0.220986384896D-01 -0.660861142186D-02
 -0.229306771334D-02  0.145864519815D-01 -0.190432179309D-01 -0.468542870680D-01
  0.512434105287D+00  0.759482423305D+00 -0.530513108900D-02  0.412478263197D-03
  0.918458171970D-03  0.738583352498D-02  0.197892401902D-02 -0.907059640639D-03
  0.168932390439D-02 -0.490153043004D-03  0.894185027858D-03 -0.116952229486D-01
 -0.172497009439D-02 -0.866491421858D-03 -0.847789789428D-02  0.100349091873D-03
  0.111268405668D-02 -0.145519973380D-01 -0.677085735984D-03 -0.351125486759D-03
 -0.119339868677D-01 -0.819914090450D-03  0.219799887900D-03 -0.102984986969D-01
  0.754698836025D-03 -0.373871727490D-03 -0.199325751211D-01 -0.391465424499D-03
  0.299730502630D-02 -0.255888642350D-01 -0.128211416996D-01  0.165303853317D-02
 -0.218266297914D-01 -0.844447024282D-03 -0.196042516639D-04 -0.253943076666D-01
  0.488974843113D-03  0.529597426025D-03  0.110410017096D-01  0.656079484437D-03
 -0.524714611047D-03  0.445665214101D-02  0.304237973581D-03 -0.997752268902D-03
 -0.384842306846D-02 -0.715922232979D-02  0.310764747301D-02 -0.535822077356D-02
  0.943826633231D-02 -0.373959491125D-02 -0.126174186771D-01  0.131334337184D-02
 -0.447537482719D-03 -0.444475543428D-01  0.878047874578D-01 -0.136523985715D-01
 -0.352433928091D-01 -0.207713201778D-03 -0.387710053886D-03 -0.185528683571D-01
 -0.293826404563D-02 -0.223371021791D-02  0.462272062768D+00  0.280898024894D-03
 -0.870502183946D-02 -0.130772374101D-01  0.198072416762D-02 -0.144521831140D-01
  0.103221362417D-01 -0.260163728955D-03  0.472734150731D-02 -0.919485479765D-02
 -0.198442549201D-02  0.103835772476D-01  0.803187537962D-02  0.321505843498D-03
 -0.116097143875D-01 -0.112286726840D-01 -0.326599863415D-03 -0.107660909806D-01
  0.317644853958D-02 -0.435932454182D-03 -0.684883606591D-02 -0.132389222104D-02
  0.632134304153D-03 -0.184932346348D-01  0.402136452456D-02 -0.499324603664D-03
 -0.149102196141D-01 -0.316204571148D-01 -0.128780265803D-01  0.118557972002D+00
 -0.192231700520D-01 -0.851523337188D-03 -0.121920501360D-01  0.136269167801D-02
  0.540545210358D-03 -0.300731241724D-01 -0.683336638248D-02  0.390331403675D-03
  0.519279095382D-02  0.523735282392D-02  0.559902831955D-04  0.360993784954D-02
  0.908577385932D-02  0.698670436031D-03 -0.180815369529D-01  0.369129153442D-02
  0.127450025994D-02 -0.165910717744D-01  0.309333751328D-02  0.119503877781D-02
 -0.270383645352D-01  0.459237574214D-02  0.878420551852D-01 -0.102760459275D+01
  0.154407444205D+00 -0.192581697161D-05 -0.322693095252D-01  0.387819205820D-02
 -0.281850078240D-02  0.141032931552D-01  0.242650779891D-01 -0.781239871058D-01
  0.133705146440D+01 -0.756212777685D-03  0.864521725557D-02 -0.148878276719D-01
 -0.560009548537D-03  0.413330869484D-02 -0.995038127687D-02  0.235395033317D-03
 -0.458688550238D-02 -0.672699704554D-02 -0.679315668778D-03  0.697264095542D-02
 -0.159088942170D-01 -0.463817387791D-04 -0.182448360188D-02 -0.796289616473D-02
  0.421432815531D-03 -0.925077984930D-02 -0.113103654126D-01  0.104192787152D-02
 -0.120652390414D-01 -0.226935613690D-02  0.924399801874D-03 -0.214549552576D-02
 -0.788457521955D-02  0.655753629989D-03 -0.194855725552D-02 -0.299412148930D-02
  0.220739731024D-02 -0.230027351332D-01 -0.470087099650D-02  0.502832712815D-03
 -0.489137142058D-02 -0.945810170277D-02 -0.358041739759D-03 -0.371825559034D-02
 -0.594901989921D-02 -0.949367807627D-03  0.786853391217D-02 -0.124941233597D-01
 -0.825373814736D-03  0.855372910122D-02 -0.167660561942D-01  0.802773986765D-03
 -0.267892217370D-02 -0.812463450719D-02  0.125148060601D-02 -0.238183454941D-02
 -0.815822777115D-02  0.910763591407D-03 -0.224261009657D-02 -0.798505376447D-02
 -0.125616190774D-01  0.141029042173D+00 -0.323625598256D-01 -0.110839547441D-02
 -0.385470623649D-02 -0.116354423740D-01  0.273176123269D-03 -0.120405925837D-01
 -0.116742595008D-01  0.111553082669D-01 -0.127761639825D+00  0.502165844381D+00
  0.190901857328D-02  0.130329046794D-03 -0.206660137990D-02  0.892751513330D-02
 -0.116633600659D-03  0.164164213612D-02  0.303873444633D-02 -0.202266332854D-02
  0.319441190043D-02 -0.486048859988D-02  0.202859617462D-02  0.109491274289D-03
 -0.407057299698D-02 -0.418670347023D-02  0.340204646577D-02 -0.104150411704D-01
 -0.436905855525D-02 -0.549903141409D-04 -0.103388612849D-01 -0.453804028854D-02
  0.888003614170D-03 -0.175551022286D-01  0.953659603142D-03 -0.110253753014D-02
 -0.238701632077D-01  0.801933754221D-03  0.269764716258D-02 -0.305108321315D-01
 -0.476932761154D-03 -0.180433239661D-02 -0.289881447294D-01 -0.296857767217D-03
  0.308780027761D-02 -0.333714929709D-01 -0.750319277744D-02  0.233932147231D-02
  0.150397561207D-01  0.221273796258D-02  0.638861234726D-03  0.825570021645D-02
  0.479747554623D-02  0.784168900715D-03 -0.126504790050D-01 -0.457109998655D-02
  0.317639981407D-02 -0.131130931595D-01  0.640500379446D-02 -0.553193656893D-02
 -0.214476782526D-01  0.995590887177D-03 -0.219534607981D-02 -0.376159625208D-01
 -0.883970116998D-03  0.771977676650D-04 -0.466806483205D-01  0.507532236802D-01
 -0.390971639186D-01 -0.310316591774D-01  0.923444995246D-03 -0.138248523815D-02
 -0.430767551955D-01 -0.171363298891D-02 -0.143568545374D-02  0.454630238569D+00
 -0.196407313193D-02  0.240702631819D-01  0.591284736265D-02 -0.884606305753D-03
  0.184993313012D-01  0.812153012734D-02  0.112190205759D-02 -0.959273582429D-02
 -0.380212772288D-02 -0.293667817074D-03 -0.104868241483D-02 -0.146986613497D-01
 -0.115267933106D-02  0.916698289839D-02 -0.123128560081D-01  0.685287436866D-03
 -0.182133329414D-01  0.274307154309D-02  0.755587743982D-04 -0.111383832650D-01
  0.505969793688D-02  0.488061600355D-03 -0.234998669931D-01  0.546074764981D-02
 -0.293043605998D-04 -0.234214135250D-01 -0.103571617939D-01 -0.106380916611D-02
 -0.185382790065D-01  0.977721114692D-02 -0.356010420781D-03 -0.246389849167D-01
 -0.277831844961D-01 -0.810146985503D-02  0.596593056516D-01 -0.422726765471D-01
  0.517342713524D-03  0.732852782778D-02  0.411198924882D-02  0.145847836023D-02
 -0.719086474504D-02 -0.129531593122D-01  0.121330250583D-02 -0.200924740800D-01
  0.697885747147D-02 -0.103388861687D-03 -0.192686251736D-01  0.619927803702D-02
  0.623877780407D-03 -0.288286583852D-01  0.149581899032D-01 -0.372734989961D-03
 -0.330744875428D-01 -0.163596483473D-02  0.504994746484D-01 -0.631916631626D+00
  0.449881470833D+00  0.136187746459D-02 -0.457623044629D-01 -0.310633346450D-02
 -0.195531500304D-02 -0.206573745853D-01 -0.912120217670D-02 -0.446557068509D-01
  0.973604769590D+00  0.121104340716D-02 -0.134080708517D-01 -0.225182786836D-01
  0.110790213176D-02 -0.126990113620D-01 -0.166854426512D-01 -0.410710331855D-03
  0.445377032739D-02 -0.835045991864D-02 -0.599969289058D-03  0.681012053507D-02
 -0.474150135965D-02  0.777489643325D-03 -0.888940476042D-02 -0.386884890042D-02
 -0.451899194744D-03  0.490162638412D-02 -0.167844836083D-01  0.252242943127D-03
 -0.276414112013D-02 -0.833665590372D-02  0.541402093912D-04  0.541803604463D-03
 -0.866523044446D-02 -0.281755909114D-04  0.824399757564D-03 -0.273931836569D-03
  0.455522476775D-03 -0.516149349898D-02 -0.150849657807D-01  0.219309803824D-03
 -0.310651161842D-02  0.126342148795D-01  0.591535871996D-02 -0.700953795553D-01
  0.274408404817D-01 -0.331709694003D-03  0.444790869814D-02 -0.145104242626D-01
 -0.998739640372D-03  0.110569724110D-01 -0.558036363211D-02 -0.309829942172D-03
 -0.166498305310D-02 -0.851802003459D-02  0.828888562283D-03 -0.150164071957D-02
 -0.854287706782D-02 -0.530389029557D-04  0.156049233744D-02 -0.152961656583D-01
 -0.238153802103D-03  0.211442741281D-02 -0.102992827109D-01 -0.389530331899D-01
  0.452625799933D+00 -0.351457749600D+00 -0.813605121374D-03  0.697097516220D-02
 -0.148712311170D-02  0.271141255495D-03 -0.380336282932D-02 -0.103056506348D-01
  0.329429838820D-01 -0.389316621629D+00  0.783192814372D+00  0.894578121850D-02
  0.871495653999D-03 -0.953113114514D-04 -0.198797310201D-02 -0.572730482180D-03
  0.109328930707D-02 -0.354485716273D-02 -0.144523494359D-02 -0.163347650299D-03
  0.741214842592D-02  0.190351335690D-02 -0.824642438841D-03  0.105454836188D-02
 -0.130152225268D-02  0.127935531401D-02 -0.523163793105D-03 -0.240562216783D-02
  0.617680455738D-03 -0.638378553363D-02 -0.402306623674D-02  0.978005392287D-03
 -0.277327655107D-01 -0.360469608679D-03 -0.511551724748D-03 -0.215140112983D-01
  0.839787780665D-03 -0.866547882706D-05 -0.227550650392D-01  0.141537158984D-02
  0.131485636505D-02 -0.293457851910D-01 -0.402105365644D-03 -0.222260514106D-02
 -0.322507401574D-01 -0.994038776755D-02 -0.470245096766D-02  0.554049329318D-02
  0.736255856781D-03  0.682232735486D-03  0.395841421536D-02  0.163668493885D-02
  0.120673229581D-02 -0.295187252501D-01  0.449741707357D-02  0.214622711514D-02
 -0.285530554614D-01 -0.572356011062D-02 -0.388276585685D-02 -0.320922490460D-01
 -0.879368040726D-03 -0.479050567201D-03 -0.175631656934D-01 -0.304500097095D-02
  0.970861728016D-03 -0.307429062786D-01  0.166413705678D-02 -0.162001948056D-02
 -0.464234778560D-01  0.719488455745D-01  0.380321667742D-01 -0.139510965993D-01
  0.417817782822D-02 -0.125375395706D-02 -0.287189879902D-01 -0.101534279200D-02
  0.930798167520D-03  0.460116384651D+00 -0.844016041476D-05  0.831472509370D-02
 -0.800093972540D-02 -0.600786044191D-03  0.692707957880D-02 -0.270156015302D-02
  0.137096869463D-03 -0.218067908637D-02  0.136242120269D-01  0.909830636882D-03
 -0.130198765431D-02  0.368927596912D-02  0.246453649861D-03  0.159991963657D-02
 -0.490592982692D-02  0.322461140119D-03  0.167108928047D-02 -0.702241398582D-02
 -0.198867561323D-02  0.163371202624D-01 -0.263736292789D-02 -0.154003837564D-02
 -0.215661499910D-01  0.323064463755D-02 -0.169992509505D-03 -0.267887569160D-01
  0.815905665701D-02  0.919094750442D-03 -0.353304956942D-01 -0.181052727927D-01
 -0.582843325030D-03 -0.242701058768D-01  0.271709972395D-01 -0.917093725693D-02
  0.792348008755D-01  0.472950663096D-01  0.276537599227D-04  0.453852895261D-02
 -0.416318922628D-02  0.214078165073D-03  0.134346527838D-02 -0.167697394129D-01
 -0.252000554016D-02 -0.201783098405D-01  0.743841526040D-02 -0.114155360617D-02
 -0.213474488718D-01  0.694839790365D-02 -0.199443672418D-02 -0.205024915236D-01
  0.170976649732D-02 -0.266631306112D-02  0.134486666008D-01 -0.107878678551D-01
  0.330473942955D-02 -0.474428111815D-01  0.149220287771D-01  0.731181226261D-01
 -0.836708757322D+00 -0.427282808163D+00  0.424293343351D-02 -0.583207642308D-01
  0.331208098698D-02  0.210591448201D-02 -0.178057008582D-01 -0.121751051965D-01
 -0.614879559579D-01  0.114813109885D+01 -0.461111566150D-03  0.495764991203D-02
 -0.102134814732D-01 -0.296983927548D-03  0.122588594031D-02 -0.245116326851D-02
  0.738117043329D-03 -0.106786745753D-01  0.714660645994D-02  0.436879648887D-04
 -0.128923480945D-02 -0.463242635628D-02  0.411742054984D-03 -0.825537730715D-02
 -0.244346186440D-02  0.210794748794D-03 -0.883417342660D-02 -0.697470646149D-02
 -0.257938251543D-03  0.170128075389D-02 -0.661552254353D-02  0.352057198433D-03
  0.487625116019D-02 -0.133775631670D-01  0.293127038271D-03  0.271065595543D-02
 -0.334341888998D-02  0.266994580726D-03 -0.408739227446D-03 -0.207145901001D-01
 -0.529841079547D-03  0.716697201162D-02  0.337260630686D-02 -0.660698259346D-02
  0.662382331505D-01  0.109508228352D-01 -0.164875602127D-03 -0.365223770795D-02
 -0.655268966415D-02 -0.419071752539D-03  0.232926659906D-02 -0.146829287126D-01
 -0.311270956941D-03  0.397418997194D-02 -0.129222625619D-01  0.121562210194D-02
  0.429170472461D-02 -0.129023318414D-01  0.617427022912D-04  0.804651536395D-02
 -0.152936490362D-01 -0.227093354473D-02  0.254660758672D-01 -0.129817176691D-01
 -0.176635742214D-02  0.460433820925D-03 -0.292981758256D-02  0.376479670240D-01
 -0.425273320764D+00 -0.248608789495D+00  0.996920004293D-03 -0.124504334169D-01
 -0.681141857672D-02 -0.395653649158D-02  0.167616460543D-01 -0.136102611826D-01
 -0.353724339963D-01  0.380297704042D+00  0.679601002382D+00 -0.949781456244D-02
  0.121125447843D-02  0.155738386694D-02 -0.507531138286D-02 -0.205827831538D-02
  0.750091486515D-03 -0.663906268283D-02 -0.101372378873D-02  0.180207373087D-02
 -0.108692585126D-01 -0.198184943452D-02  0.197349552851D-02 -0.998522453937D-02
  0.294723518155D-02 -0.535921900433D-02 -0.109163072429D-01 -0.383626059136D-02
  0.747191057865D-02 -0.106616230341D-01  0.570961914971D-02 -0.721460455652D-02
 -0.832538524120D-02  0.296417767112D-03 -0.589284794307D-03 -0.113642513735D-01
  0.637784685861D-03  0.256741871312D-02 -0.129714659189D-01 -0.604223662051D-03
 -0.270173113687D-02 -0.113157682952D-01  0.783393572355D-04  0.464508521096D-02
 -0.119700849317D-01 -0.101341024298D-03 -0.393529318589D-02 -0.478181069849D-02
 -0.571134368627D-03  0.638674686499D-03 -0.646439714958D-02 -0.242724121707D-03
  0.155412197929D-02 -0.643162141728D-02 -0.228927587346D-02  0.611593253305D-03
 -0.699659638972D-02  0.277759312118D-02 -0.812980278191D-03 -0.864728295573D-02
  0.260607986679D-03 -0.913345925456D-03 -0.160186504161D-01  0.409647682661D-03
 -0.421599942787D-04 -0.147803186963D-01 -0.525560672966D-03  0.469704568617D-03
 -0.984415613381D-02  0.299843565195D-03 -0.110714739292D-03 -0.182565188351D-01
 -0.140949648405D-02  0.260060479248D-03 -0.170055121434D-01 -0.405363583317D-03
  0.438092970615D-04 -0.806695765992D-02  0.144743055502D-03 -0.347313523151D-03
  0.488942484873D+00  0.104666771022D-02 -0.209728460507D-01 -0.183124040524D-01
 -0.235886248574D-02  0.193532647954D-01 -0.556987382865D-02 -0.870226764082D-03
  0.140441927968D-02 -0.168220611203D-01 -0.221370243398D-02  0.131324257087D-01
 -0.255910795870D-01  0.326542349924D-02 -0.480665866886D-01  0.669495184043D-01
 -0.374200891670D-02  0.282907263275D-01 -0.856844209768D-01  0.644175323429D-02
 -0.833386133614D-01  0.838097304829D-01  0.825326376888D-03 -0.111361806716D-01
  0.606766811292D-02  0.982074644741D-03 -0.174704074048D-01 -0.272737024825D-01
 -0.526752368970D-03 -0.568549413479D-02  0.300550389149D-01  0.162588456174D-03
 -0.120313266179D-01 -0.523563205760D-01 -0.819808892357D-03 -0.101484967659D-01
  0.435350089565D-01 -0.765538704277D-03  0.351910077130D-02 -0.622494375042D-02
 -0.612272275849D-03  0.433814617606D-03 -0.171224604428D-01  0.348311740031D-04
 -0.938584402991D-02  0.327912482733D-03  0.166457944171D-02 -0.855098770866D-02
  0.164253027779D-03  0.873807242805D-03 -0.110623274559D-01  0.934569689468D-02
  0.357911236090D-03 -0.208624568704D-01  0.205237881996D-03 -0.150973518747D-02
 -0.826068693148D-02 -0.625746001186D-02 -0.294087669110D-03 -0.132013667221D-01
 -0.767826238622D-03 -0.160783424232D-02 -0.235485077340D-02 -0.585324664241D-02
 -0.243036369567D-02 -0.123525582336D-01 -0.101054873968D-02 -0.100093417476D-02
 -0.620363451072D-02  0.349677164243D-03 -0.817854028134D-02  0.580407972125D+00
  0.109038262966D-02 -0.136488347637D-01  0.364074441242D-02 -0.225704916119D-02
  0.284407937199D-01  0.328565740932D-01 -0.205713241123D-02  0.256661652714D-01
 -0.335841072009D-01  0.776527446299D-03 -0.674877890873D-02 -0.173482601549D-01
  0.144617037427D-02 -0.126916891642D-01  0.404218226392D-01 -0.539658778940D-02
  0.724902891730D-01 -0.200702307847D-01 -0.471955741045D-02  0.534053283256D-01
 -0.164895480734D+00 -0.147462128160D-02  0.119649176713D-02 -0.226040149677D-01
 -0.507740318436D-03 -0.594372150871D-02  0.618117989636D-01 -0.792239817911D-03
  0.534759191968D-02 -0.787004198602D-01  0.341181810384D-03 -0.671842897975D-02
  0.758889787813D-01  0.169293888471D-02 -0.444942887732D-02 -0.772348845979D-01
 -0.168852680992D-02  0.139914828129D-01 -0.236128811265D-02  0.231739727059D-02
 -0.226670877869D-01 -0.445100919403D-01 -0.161828409821D-02  0.629724435680D-04
 -0.203715235946D-02 -0.124744920985D-02 -0.445161506831D-03 -0.193424050947D-02
 -0.121717382444D-02 -0.357864257811D-02 -0.273627601299D-01  0.186183167126D-03
 -0.438761613362D-03 -0.304722537486D-02  0.286408696350D-02 -0.763607373941D-02
 -0.633942709231D-03  0.209284020347D-02 -0.870983181740D-02 -0.915951403939D-02
  0.102647355459D-02 -0.711839610224D-02 -0.336812857355D-02  0.503367561688D-02
 -0.303087118253D-02 -0.823100292118D-02  0.218785402284D-02 -0.320413607935D-02
  0.100591797872D-02  0.358142736299D-02 -0.348604702793D-01  0.631592227741D+00
 -0.618466852262D-02 -0.258949290889D-02  0.667062805643D-03 -0.577915114755D-02
  0.256535162852D-02  0.148383425376D-03 -0.693803712702D-02  0.225475276944D-02
 -0.755041573340D-03 -0.768579528758D-02  0.898513648048D-04 -0.197411311959D-02
 -0.759562074161D-02 -0.323841601433D-02  0.650483459819D-02 -0.955471151822D-02
  0.543492772616D-02 -0.521405006510D-02 -0.924307601088D-02 -0.204748349147D-02
 -0.970609468996D-04 -0.117207408744D-01 -0.736123370591D-04 -0.184466284422D-03
 -0.125231769181D-01 -0.617817903562D-03  0.677098055079D-03 -0.138275153173D-01
  0.188512650554D-03 -0.412097568291D-03 -0.137530961213D-01 -0.424192670271D-03
 -0.220866452420D-03 -0.146994506571D-01 -0.222965624329D-03  0.193850546822D-03
 -0.401854140948D-02  0.129567345554D-03 -0.625064795284D-03 -0.534455544788D-02
 -0.101255023027D-03 -0.125796361217D-02 -0.108821809857D-01 -0.544822036643D-03
  0.101703127136D-02 -0.110107504599D-01  0.993775480934D-03 -0.846091380754D-03
 -0.126365998408D-01  0.577624126012D-04 -0.190196243708D-03 -0.148769465977D-01
 -0.191757530870D-04  0.511524150025D-04 -0.160075628696D-01  0.330246570381D-03
 -0.363549091899D-03 -0.144174359457D-01  0.726249339778D-04 -0.213294918412D-04
 -0.156544114426D-01 -0.507176654732D-03  0.465158929973D-03 -0.169332551810D-01
 -0.542140570468D-03  0.398639735542D-03 -0.141164138294D-01 -0.492320854373D-03
  0.393762721514D-04 -0.110501578673D-01  0.494310420222D-02  0.181906561899D-02
  0.489433142427D+00 -0.237595707626D-02  0.203226801132D-01 -0.614951499912D-02
  0.285118904013D-02 -0.368265181231D-01 -0.624916094050D-02  0.193941146105D-02
 -0.276667164803D-01  0.296852206887D-02  0.352715615788D-03 -0.119160058757D-01
  0.256628914392D-01 -0.373770122095D-02  0.354074547112D-01 -0.811971027175D-01
  0.486261888256D-02 -0.645024534984D-01  0.599546813315D-01 -0.268227920380D-02
  0.224801278776D-01  0.446298177055D-03 -0.122746991227D-03 -0.116356119444D-01
  0.339215261129D-02 -0.555215180814D-03 -0.704544226275D-02 -0.116275907649D-01
  0.223946930605D-03 -0.168944449293D-01  0.709239589189D-02 -0.456276699857D-03
 -0.894402516314D-02  0.446258769971D-03 -0.928901399015D-06 -0.129853914674D-01
  0.720740221740D-03 -0.574342968217D-05 -0.787363022941D-02  0.523058053141D-02
  0.526642178552D-03 -0.101930079645D-01  0.140991173712D-01  0.501375933208D-03
 -0.142067254441D-01  0.224779057910D-03 -0.257178390975D-03 -0.141128414902D-01
  0.153691223008D-04  0.213641885359D-04 -0.139705798030D-01  0.406886058771D-02
 -0.781141444889D-04 -0.142935333144D-01 -0.270622349172D-03  0.820645308739D-03
 -0.205488916771D-01  0.533473862193D-02  0.222447848724D-03 -0.147058708081D-01
  0.316583968329D-02 -0.533998252802D-03 -0.100243854027D-01 -0.147959367630D-02
 -0.236746351156D-03 -0.106758876598D-01 -0.425749836644D-02  0.795159800186D-04
 -0.134348809661D-01  0.415796928130D-02  0.462442275007D-02 -0.644655278302D-01
 -0.305317043100D-01 -0.469106204070D-02  0.543355434516D+00  0.657187343044D-04
 -0.392004661960D-03 -0.452859463891D-02  0.183606430718D-02 -0.192479038134D-01
 -0.462131600331D-01 -0.419135191307D-03  0.547284486588D-02  0.222218705852D-01
 -0.215773848880D-03  0.241689658527D-02 -0.356224777172D-02 -0.527382952486D-03
  0.644309776589D-02 -0.312824487785D-01  0.209325316892D-03 -0.115916217336D-02
  0.912134874432D-02 -0.100726281315D-02  0.112166882431D-01 -0.729658026404D-02
 -0.192530669272D-03 -0.151769391678D-02 -0.884340405385D-02 -0.462798574457D-03
  0.288640521818D-02 -0.147681452133D-01  0.429724223977D-03 -0.557886058315D-02
 -0.612170574337D-02  0.220324660482D-03 -0.255843185029D-02 -0.589218881411D-02
  0.323222965876D-03  0.506754611876D-03 -0.129438240622D-01  0.165240037741D-02
 -0.112714562097D-01 -0.109419495228D-01 -0.145559392410D-02  0.163476173414D-01
  0.279648534896D-01 -0.149474058566D-03 -0.902821675111D-03 -0.100482821302D-01
 -0.422297833677D-03 -0.105971930307D-02 -0.100241393536D-01 -0.410967271866D-03
  0.119399948278D-02 -0.991912464662D-02 -0.996344040536D-03  0.117769604535D-01
 -0.124453080077D-01  0.597375972609D-03  0.805599476601D-03 -0.981689806801D-02
  0.514336105244D-03 -0.134993755776D-02 -0.990888205666D-02  0.104341584663D-02
 -0.106605302138D-01 -0.467783156946D-02  0.110830269742D-02 -0.159582403413D-02
 -0.663938373624D-02  0.670435350063D-03 -0.260864780055D-02 -0.865058583410D-02
  0.120752821704D-02 -0.126987781507D-01 -0.372914519451D-01 -0.161838279696D-02
  0.172443543106D-01  0.503095106416D+00 -0.532797373805D-02 -0.755647752087D-03
  0.144750279462D-02 -0.251058277213D-02  0.697610763976D-03 -0.346661493287D-03
 -0.457161426395D-02 -0.159543644633D-02 -0.568866733362D-03 -0.780470365677D-02
 -0.594864388807D-03 -0.140709045822D-02 -0.782818664696D-02  0.286376199522D-02
 -0.112996846851D-02 -0.958766443043D-02 -0.362661828807D-02  0.131377525797D-02
 -0.101486471746D-01  0.333971416889D-02 -0.878978855599D-03 -0.121812334502D-01
 -0.725094823024D-04 -0.395589747514D-03 -0.147332060229D-01  0.763092845825D-03
  0.252283304663D-02 -0.171307189998D-01  0.174370905329D-04 -0.136645275527D-02
 -0.163174300594D-01 -0.636341397156D-03  0.190833670883D-02 -0.180098670516D-01
  0.171789277325D-03 -0.132887642095D-02 -0.676970269631D-04 -0.183991260751D-03
 -0.595656843238D-03 -0.273595118961D-02  0.519808562246D-03 -0.140550880398D-03
 -0.102283607362D-01 -0.177318643338D-02  0.162896464075D-02 -0.106229634896D-01
  0.254618354538D-02 -0.155537809247D-02 -0.136152311818D-01  0.520408880865D-03
 -0.732325246551D-03 -0.199173645050D-01  0.330302202891D-03  0.302405267986D-03
 -0.209573167380D-01 -0.441078566932D-03  0.233351783107D-03 -0.166381230105D-01
 -0.134187446936D-03 -0.520971226667D-04 -0.219457644042D-01 -0.126344345889D-02
  0.341932920329D-03 -0.233770623001D-01 -0.438058604107D-03  0.430405746016D-05
 -0.155971871877D-01  0.307903463205D-03  0.274318976895D-04 -0.119837338528D-01
 -0.293619961328D-02  0.669680054661D-03 -0.122921533340D-01  0.128277562488D-02
  0.534042360445D-03  0.485635709492D+00 -0.534496812863D-03  0.232832845488D-03
 -0.144909281444D-01  0.834384557573D-03 -0.109742237103D-01  0.240184759957D-03
 -0.190897201733D-02  0.178010137396D-01  0.302218215153D-02 -0.283542334726D-03
 -0.437377675607D-02  0.163969865631D-01  0.268623861546D-02 -0.367433173003D-01
  0.114636907401D-01 -0.414865281449D-02  0.395856646949D-01 -0.156214057218D-01
  0.284033347729D-02 -0.426799253389D-01  0.603210283573D-02 -0.321278501378D-03
 -0.118864763516D-01  0.522247649603D-02  0.658428018610D-03 -0.243066611084D-01
 -0.296858129318D-01  0.120607722480D-04 -0.181215944285D-01  0.160304193398D-01
 -0.631584001170D-03 -0.924108962943D-02 -0.210233701944D-01  0.487494997081D-03
 -0.204108767636D-01  0.156247927817D-01 -0.104617758443D-02 -0.634089961380D-05
  0.507730880983D-02  0.948557678706D-03 -0.126641946580D-01  0.179819913279D-02
  0.298404098002D-03 -0.153661297341D-01  0.540269026579D-03 -0.164117959386D-03
 -0.151040478879D-01  0.276405715617D-03  0.279838201980D-03 -0.199198709552D-01
  0.921353090458D-02  0.265740157440D-03 -0.226680077549D-01 -0.317504305214D-02
  0.280064315504D-03 -0.161876421223D-01 -0.191051256514D-02  0.204660623100D-03
 -0.146924591338D-01  0.264295855264D-02 -0.115634381565D-02 -0.841288051573D-02
 -0.108901704173D-02  0.449242554761D-03 -0.185162363004D-01  0.233148468249D-03
  0.102262899154D-02 -0.225032267062D-01  0.297892820684D-02 -0.297545369011D-02
  0.231453200924D-01 -0.113908993315D-01  0.125626841035D-02 -0.281691053950D-01
 -0.725698523050D-02 -0.214611928556D-02  0.508619508709D+00 -0.228547167613D-02
  0.254991386328D-01 -0.703589806115D-02  0.450020128648D-03 -0.357149024881D-02
  0.331663864198D-01 -0.150513836460D-02  0.172214377681D-01 -0.353014735523D-01
  0.114064385720D-02 -0.131719757420D-01  0.245180182093D-01 -0.134676877561D-04
  0.449150385821D-03 -0.388896942208D-01 -0.274555724882D-03  0.243351827682D-02
  0.986227784770D-02  0.184814017051D-02 -0.210662319949D-01  0.199247042653D-01
 -0.154228902560D-03 -0.281128742753D-03 -0.189759852850D-02  0.111642665007D-02
 -0.131262257764D-01 -0.684247156086D-01  0.497783295435D-03 -0.576188666248D-02
  0.235211963899D-01 -0.749185845561D-03  0.939695808442D-02 -0.601830109008D-01
  0.794229136449D-03 -0.646925285265D-02  0.244225922416D-01 -0.271463559970D-02
  0.143655221146D-01  0.114862174508D-01  0.246248621161D-02 -0.266517231821D-01
 -0.144835089682D-01  0.585876196365D-03 -0.306814650124D-02 -0.129041008460D-01
 -0.601354156845D-03 -0.324621965098D-02 -0.128729391744D-01  0.775664697071D-03
 -0.968003188074D-02  0.532418415481D-02  0.267901907503D-02 -0.297053616750D-01
 -0.112633001637D-01  0.146917113833D-02 -0.922229139625D-02 -0.564191929380D-02
 -0.474982433551D-03  0.941489945001D-02 -0.629620324837D-02 -0.210820332223D-02
  0.243560963448D-01 -0.916292858044D-02 -0.582772564632D-03  0.986972154994D-02
 -0.144244867029D-01  0.142485958544D-02 -0.133280266251D-01 -0.151370652578D-01
 -0.232799701945D-02  0.264952065552D-01 -0.582818381271D-01 -0.757699574036D-03
  0.934527079752D-02 -0.199243041566D-01 -0.157084578918D-02  0.165997192207D-01
  0.530946056413D+00 -0.160264875682D-01  0.498155228317D-02 -0.431734178797D-02
 -0.249532142363D-01  0.145988248546D-02  0.589399548653D-04 -0.194334688704D-01
 -0.102857456665D-02 -0.257723620885D-02 -0.101941843811D-01  0.473444328565D-02
  0.269727013079D-02 -0.113942584862D-01 -0.284922720583D-02 -0.178206025152D-02
 -0.596664234155D-02 -0.282147832839D-02  0.802561402381D-03 -0.706513374951D-02
 -0.290972007056D-02  0.104639180257D-03 -0.520632396410D-02  0.103566138696D-04
  0.254878877738D-03  0.210897617123D-02 -0.120055557280D-02 -0.133883815071D-02
  0.773180275145D-02  0.124336473672D-02  0.744708428128D-04  0.469994192610D-02
  0.778502028575D-03 -0.151083163974D-02  0.802386254972D-02  0.176227748413D-03
  0.127897174852D-02 -0.304203558000D-01  0.106625504201D-01 -0.264220643810D-02
 -0.225912942826D-01 -0.574574601079D-02  0.480341941022D-02 -0.103222883075D-01
  0.581164703188D-02 -0.267735984436D-02 -0.932547608356D-02 -0.663497482411D-02
  0.412185860694D-02 -0.250862544457D-02 -0.647095392016D-03  0.637026978139D-03
  0.153791183020D-01  0.103550577848D-02 -0.710448204296D-04  0.158893346039D-01
 -0.847104705837D-03  0.927877759540D-03  0.356279908223D-02 -0.544644398314D-03
 -0.171842680881D-03  0.214095691094D-01  0.174209036948D-02 -0.145593432338D-02
  0.217777284734D-01  0.275623713493D-02 -0.154534133623D-02 -0.243093086346D-03
  0.107213408904D-02 -0.552510482643D-04 -0.174407647555D-02  0.884059427921D-05
  0.238988255900D-02 -0.286827302558D-02  0.992811695550D-04 -0.115712616870D-02
  0.249792110278D-02  0.271029287177D-02  0.315239257945D-02  0.463632126880D+00
  0.151982895992D-02 -0.326822528069D-01  0.201127070858D-01  0.832162164854D-03
 -0.337368101914D-01  0.777153456805D-02 -0.461288851420D-03 -0.134861768141D-01
  0.104557310920D-01  0.209650188861D-02 -0.325506114736D-01 -0.132440974109D-01
 -0.371767639531D-03 -0.661441945126D-02  0.136884676399D-01 -0.719839710181D-04
 -0.342284117364D-02  0.467342379968D-02 -0.632093719845D-03 -0.131397714553D-02
  0.510555706839D-02 -0.592143604566D-03 -0.244240295159D-02 -0.393870003316D-02
 -0.734538178416D-03  0.766650168769D-02  0.308051971153D-02  0.816763327137D-03
 -0.205246156350D-02  0.120237832748D-02  0.421946668979D-03  0.273487228118D-05
  0.413024209174D-02  0.580847658249D-03  0.536101723391D-02 -0.734917131493D-02
  0.950959295507D-02 -0.112050602984D+00  0.253109169964D-01 -0.410408520705D-02
  0.203184989750D-01 -0.134154842489D-01 -0.147267517045D-02 -0.238703989410D-02
 -0.862137927855D-02 -0.512435824079D-03 -0.359453640712D-02 -0.799838290118D-02
 -0.872403532902D-03  0.317541222156D-02 -0.637484942264D-02  0.165624209936D-02
 -0.248039822922D-02  0.335012750784D-03  0.231192186894D-04  0.221281379880D-01
 -0.102509242622D-01 -0.978234682301D-04  0.833491946930D-02 -0.438113730045D-02
  0.146707162095D-02  0.662656590350D-02  0.769266228938D-02  0.335833183329D-02
 -0.368685878744D-02  0.131108366484D-01  0.437093442880D-03  0.295979303515D-03
 -0.857386240806D-02  0.388085589028D-03 -0.414547343968D-02 -0.148496460008D-01
 -0.513236506498D-03  0.128454193625D-02  0.109227907347D-01  0.132758475698D-02
 -0.132642930852D-01 -0.126701457927D-01 -0.437828918968D-02  0.486296304637D+00
  0.168279414018D-02 -0.184717023572D-01  0.494668085115D-02  0.126275369477D-02
 -0.148924916166D-01  0.123520261013D-01  0.136569533049D-02 -0.140339740405D-01
  0.237558605068D-01  0.904956680763D-03 -0.994936712119D-02 -0.138882150278D-01
  0.340318797304D-03 -0.366039221314D-02 -0.256008719946D-02  0.948175608632D-03
 -0.124018006543D-01 -0.237760814061D-02 -0.579473479590D-03  0.587649466492D-02
  0.160979997725D-01  0.187423088152D-04  0.185246631109D-02 -0.127579464070D-01
 -0.777286160645D-03  0.980086159470D-02 -0.867528683820D-02 -0.298270500393D-03
  0.336704751974D-02 -0.615490007116D-02  0.453736129878D-04 -0.263278615745D-03
 -0.114032276587D-01 -0.422169660003D-03  0.265195744448D-02 -0.134005203039D-01
 -0.239536345173D-02  0.445452385311D-01 -0.355060358970D-01 -0.392510241266D-02
  0.407337881743D-01 -0.237243509817D-01 -0.475403156444D-03  0.591392268002D-03
 -0.141322952723D-01  0.731546688810D-03  0.745669689969D-03 -0.141633693808D-01
 -0.223854032898D-03  0.438875006354D-02 -0.139325835897D-01  0.108864416785D-02
 -0.128474269707D-01 -0.888295224334D-02 -0.180862275833D-02  0.161594504275D-01
 -0.189077548804D-01 -0.992468825686D-03  0.866584215119D-02 -0.818565663349D-02
 -0.141889811813D-02  0.159408342342D-01 -0.109495164998D-01  0.482266087726D-04
 -0.678023453133D-02  0.134729105779D-03  0.268142244874D-04 -0.264305371550D-02
 -0.165861248252D-01 -0.340859404778D-03  0.332935473180D-02 -0.962881150684D-02
 -0.438734259756D-03  0.609643840783D-02  0.106871121103D-03  0.247034772460D-03
 -0.217785892199D-02 -0.120936202590D-01 -0.688028018312D-03 -0.152444697820D-01
  0.488659425286D+00 -0.222140436709D-01  0.590595126093D-02  0.288857339353D-02
 -0.129776577191D-01 -0.249922321983D-02 -0.134764785972D-02 -0.126550874635D-01
  0.202122281859D-02  0.340947820269D-02 -0.201376004394D-01 -0.113702916222D-01
  0.146293982857D-02 -0.164066009848D-01  0.272825159934D-03 -0.191980571032D-02
 -0.157979086319D-01  0.133035976894D-02  0.543196039277D-02 -0.109610304651D-01
 -0.307765016387D-02 -0.329998529001D-02  0.372572562388D-02  0.577223891739D-03
  0.732607828374D-03 -0.137276476059D-02  0.178336849404D-03 -0.229039595958D-02
 -0.931672836338D-03 -0.164049140077D-02  0.174153399027D-02  0.380677068321D-02
  0.121124411409D-02 -0.616420166975D-03  0.606292796274D-02 -0.117347374057D-03
  0.536991785541D-03 -0.181738340038D-01 -0.701040864264D-03  0.340994803499D-03
 -0.176692824498D-01  0.167966949849D-03  0.336565398430D-02  0.558796952521D-02
 -0.369644740685D-02 -0.213494651493D-02  0.453022969956D-02  0.456743624422D-02
  0.159557153288D-02  0.665038696128D-02  0.257462886235D-03  0.876712683139D-03
 -0.523444325319D-02  0.963082066461D-03 -0.968160521852D-03  0.332593352516D-02
  0.198916667637D-03 -0.284495451692D-03  0.109429824818D-01  0.229968372236D-02
  0.804075489068D-03 -0.850138148506D-02 -0.190924105659D-02 -0.242873123520D-03
  0.136940770087D-02 -0.513758166814D-03 -0.371288730812D-04  0.153808531154D-01
 -0.847293831924D-03 -0.785905522045D-03 -0.105943153393D-01 -0.134770454123D-02
 -0.801234749656D-03 -0.627020101484D-02  0.681527636521D-03  0.915470615589D-03
 -0.570230644436D-02  0.164157142388D-03 -0.262245804473D-03 -0.138072438229D-01
  0.262151417287D-03 -0.476420252006D-03  0.475215691839D+00  0.600543939056D-02
 -0.897647339883D-01 -0.284163200510D-01 -0.224229330564D-02  0.148098273423D-01
  0.105350018384D-01  0.173944158289D-02 -0.281379793406D-01 -0.432021268732D-01
 -0.108392266568D-01  0.100664146624D+00 -0.150504522944D-01  0.286665248297D-03
 -0.132566629008D-01  0.171073407092D-01  0.126653870015D-02 -0.209133166328D-01
 -0.602480458080D-01 -0.330933420188D-02  0.302805534123D-01  0.325847322922D-01
 -0.711505161661D-03 -0.362364172535D-02 -0.703202356183D-02 -0.535572866771D-03
 -0.491767100084D-02  0.223728662212D-01 -0.186175180360D-02  0.158983902716D-01
 -0.177572527439D-01  0.970086631643D-03 -0.961212062185D-02  0.604101604675D-02
  0.108139725057D-02  0.671286150916D-02 -0.407165473707D-02 -0.547836730480D-03
 -0.130397100236D-01 -0.506694890215D-02  0.956121565598D-03 -0.253434886578D-01
 -0.362406100559D-01 -0.236347058200D-02 -0.924180430298D-03  0.377289037730D-02
  0.509438572435D-03 -0.311260698924D-03  0.407310763712D-02 -0.919983401358D-03
  0.290126726340D-02 -0.820913711302D-02  0.899083027178D-03 -0.147721333514D-01
  0.109808595302D-01  0.310427787322D-02  0.881030858179D-03  0.442833476720D-02
  0.367926301986D-02 -0.135327903255D-01 -0.606606567472D-02 -0.162927584182D-02
  0.119095845461D-01  0.674777451277D-02  0.345354686840D-02  0.788974675805D-02
  0.106035514375D-02  0.123391848195D-02  0.198099941898D-01  0.131196546378D-01
 -0.118889827942D-02  0.714577005161D-02  0.922463196249D-03  0.973235475046D-04
 -0.143411982035D-01 -0.119911353245D-01 -0.217154482933D-03 -0.915110438813D-02
  0.205406991811D-02  0.224610837825D-02 -0.182954256342D-01  0.635639146940D-02
 -0.168835166985D-01  0.653768260610D+00  0.818466310289D-02 -0.915933305519D-01
 -0.127782219784D+00  0.563976698447D-02 -0.644096723072D-01 -0.350443071148D-01
 -0.265563373202D-02  0.305881527740D-01  0.678762206951D-02 -0.233296605877D-03
  0.318769670267D-02  0.446108703419D-01  0.251431349179D-02 -0.273133664758D-01
 -0.586036452191D-02 -0.344887438922D-03  0.570543063311D-02 -0.343925092539D-01
 -0.922176759123D-03  0.105042407222D-01  0.731294665347D-02  0.102796712487D-03
 -0.263867557328D-02 -0.100068334392D-01 -0.323694956082D-03  0.236783665293D-02
  0.272568763559D-02  0.534054610856D-03 -0.638409030000D-02 -0.163003340793D-01
  0.478313679512D-03 -0.609833156077D-02  0.249260359452D-01  0.723808995177D-03
 -0.697354819580D-02 -0.307156083247D-01  0.402703753792D-02 -0.332981518701D-01
 -0.152095832350D-01 -0.683125221142D-02  0.732509936611D-01  0.288641866313D-01
 -0.308497105463D-03 -0.162490176690D-02 -0.546079201160D-02  0.367855127357D-03
 -0.160333842347D-02 -0.545611404905D-02 -0.213237944905D-03  0.318148018421D-03
 -0.151367377299D-01  0.173699716955D-02 -0.193770030410D-01 -0.713576149421D-02
 -0.116865122651D-02  0.153549620659D-01 -0.228673249657D-01  0.631396964692D-03
 -0.617505754152D-02 -0.666140719682D-02 -0.106114447243D-02  0.122656789752D-01
 -0.137263675274D-01  0.287452723026D-02 -0.265728563778D-01  0.374644590641D-02
  0.764652245127D-03 -0.638876550305D-02 -0.595114135721D-02 -0.913237427209D-03
  0.114873612880D-01 -0.972935513014D-02  0.142136066688D-02 -0.177888938238D-01
 -0.300564881905D-02  0.183383664657D-03 -0.225753908843D-02 -0.248545547485D-01
 -0.291351519651D-02  0.192533285308D-01  0.160938711412D-01  0.183896823843D-02
 -0.218142751591D-01  0.625001388789D+00 -0.235201705049D-01 -0.162432155545D-02
  0.275624875714D-02 -0.963673365631D-02  0.176089340010D-02  0.208763653666D-02
 -0.983601897833D-02 -0.413391631865D-02 -0.251564075644D-02 -0.251844305002D-01
  0.426132187006D-02 -0.160325964006D-02 -0.179698578786D-01  0.128198587122D-02
  0.226832797981D-02 -0.187006142853D-01  0.429195431643D-03 -0.167594641557D-02
 -0.126967476038D-01  0.280343979850D-02  0.774945320825D-03  0.650512185197D-02
  0.465099718138D-03 -0.594606374464D-04 -0.241652043532D-02 -0.688713929673D-03
  0.464311016057D-03 -0.397555012789D-02  0.496438750890D-03 -0.131555075004D-02
  0.370706438652D-02 -0.689900238933D-03 -0.333528919415D-03  0.553285079126D-02
  0.334067231515D-04  0.406034587077D-04 -0.148041391955D-01 -0.105128156545D-02
 -0.922913595313D-03 -0.155100751292D-01 -0.464538731226D-02  0.157154422103D-02
  0.103187877597D-01 -0.642186011668D-02 -0.985443177106D-03  0.903076192396D-02
  0.845419066506D-02  0.177356310553D-02  0.948357377825D-02  0.727148634439D-03
  0.179098003283D-03 -0.115252987718D-01 -0.203373762125D-02 -0.461322295918D-03
 -0.270475658102D-03 -0.120324668277D-02  0.454265777119D-03  0.137135950372D-01
  0.342893466444D-03 -0.105742229813D-03 -0.181628725433D-01 -0.140558878007D-02
  0.341358456331D-03 -0.493557851051D-02 -0.212105971962D-03 -0.255742014511D-03
  0.203498203968D-01  0.551322532708D-03  0.609774985508D-03 -0.136030707362D-01
  0.514612248337D-03 -0.207724877944D-02 -0.742951692451D-02  0.135506298126D-02
 -0.686315253253D-03 -0.826741434249D-02 -0.164906379663D-02 -0.359641196842D-03
 -0.612283112002D-02  0.322677853496D-03  0.200772173441D-03 -0.317404706241D-01
  0.146576655046D-01 -0.709656914672D-02  0.463439228245D+00 -0.992495692975D-03
 -0.118272439928D-01 -0.256108936238D-01  0.183399374991D-02 -0.293367502092D-01
 -0.305798409998D-01 -0.494549335060D-02  0.463142537952D-01  0.192821248271D-01
  0.496015003808D-02 -0.795881659257D-01  0.214587383438D-01  0.538549689306D-03
 -0.220397654273D-01 -0.317405185171D-01 -0.687339012627D-03 -0.645198597159D-02
  0.172693890634D-01  0.154305728989D-02 -0.283988756558D-01 -0.144874224571D-01
  0.318036797918D-03 -0.330985463869D-03  0.231073329744D-02 -0.693072760054D-03
  0.237523773509D-02 -0.989363192093D-02  0.488601417701D-03 -0.112527330829D-01
  0.166026193975D-01 -0.745639009910D-03  0.106646185667D-01  0.245709731880D-02
  0.365172033299D-03  0.367294380959D-02  0.255666857560D-02  0.331823163415D-03
 -0.770643513003D-02  0.738779732528D-02 -0.332240096860D-02  0.260757560896D-01
 -0.160389545436D-01  0.170100898235D-02 -0.342291311199D-02 -0.255482978549D-02
 -0.417647201083D-06 -0.219706669478D-02 -0.237176166131D-02  0.510728301132D-03
 -0.558261365352D-04  0.393666792745D-03 -0.222045353059D-02  0.122288021906D-01
  0.550864744605D-02 -0.409724992169D-03  0.123657487053D-01 -0.304567168784D-02
  0.489231006696D-03  0.107322285402D-01  0.605333932331D-02 -0.138803229077D-02
 -0.333581071535D-02  0.351474851440D-02  0.791947744242D-03 -0.191299351306D-02
  0.415217005932D-02  0.168195217971D-02  0.526982893554D-02  0.125473350401D-02
  0.125757427571D-03 -0.128898440971D-01  0.918368633986D-02  0.119822003199D-02
 -0.240347823335D-01  0.408167112548D-02 -0.148610036068D-02  0.694645113291D-02
  0.210949294281D-02  0.539236815821D-03 -0.132267241153D-01 -0.590151925631D-03
  0.155359124565D-01 -0.205928904354D+00  0.783967061006D-01 -0.181628345906D-01
  0.660235789753D+00 -0.323400238577D-02  0.359651902479D-01  0.924784774977D-01
  0.171075805536D-03 -0.462691130909D-02 -0.440665268097D-02 -0.378193403991D-02
  0.392161450297D-01  0.114097326438D-01 -0.475265499466D-02  0.517519804168D-01
 -0.711373281756D-01  0.280105909376D-02 -0.357873949772D-01 -0.324822700216D-01
 -0.128336170683D-02  0.746280859118D-02  0.483612388661D-01  0.109282097365D-02
 -0.135832348979D-01 -0.582058747388D-01  0.139751495524D-02 -0.401823610927D-02
 -0.601474595856D-02  0.129956732011D-02 -0.679899722405D-02 -0.258016040763D-01
  0.112784920002D-02 -0.949592336507D-02 -0.411526604211D-03  0.426173308294D-03
 -0.305580544173D-02 -0.135284945106D-01 -0.309824735460D-03 -0.602015944571D-02
 -0.943615512068D-02 -0.354057692096D-02  0.272148242670D-01  0.191308361984D-01
  0.188082808816D-02 -0.225406993526D-01 -0.285129427946D-01  0.194327728609D-02
 -0.513805471828D-02 -0.982972331250D-02  0.111388674145D-02 -0.487892708516D-02
 -0.984393312735D-02  0.154526534573D-02 -0.606325740342D-02 -0.373910524512D-02
 -0.402243571344D-03  0.411787969517D-02 -0.138199599187D-01 -0.324868990444D-03
 -0.195457401364D-01 -0.119842967723D-02 -0.101449880693D-02 -0.604980564365D-03
 -0.619870808309D-02  0.102838897303D-02 -0.137197675224D-01 -0.147151153214D-01
 -0.305054200758D-02 -0.119923582036D-02 -0.178121758964D-01 -0.469013822752D-03
 -0.922520355882D-02 -0.143253610287D-01  0.273915306559D-02 -0.359320811220D-01
  0.105511802209D-01 -0.819081893723D-03  0.153981871392D-01  0.273247578366D-02
  0.347800986188D-03  0.179393514848D-03 -0.557974522925D-02 -0.429627507271D-03
  0.406135864441D-02 -0.749894097081D-02 -0.228150323084D-03  0.863007098113D-02
 -0.122079036093D+00  0.212334922860D-02 -0.138382728495D-01  0.619018191758D+00
 -0.226845512643D-01  0.176233396588D-03  0.992588541655D-03 -0.638480908442D-02
  0.891368610447D-03 -0.973479773769D-04 -0.813194526893D-02  0.493016124776D-04
 -0.344954567688D-02 -0.246986602655D-01 -0.372702763868D-02 -0.708446840936D-03
 -0.174946431652D-01 -0.698697519417D-03  0.662737585279D-03 -0.191657888277D-01
 -0.407936753622D-02 -0.260428739646D-02 -0.131159670190D-01  0.252826704143D-02
  0.379843641962D-02  0.608712620884D-02  0.285328178524D-03  0.217250327295D-04
 -0.456410658803D-02 -0.410764612426D-03  0.835584757633D-03 -0.734929138347D-02
  0.361100192539D-03 -0.148496553833D-03  0.112310685022D-02 -0.953573975260D-03
 -0.212441766016D-02  0.222825221863D-02 -0.104131055705D-04  0.216445986399D-02
 -0.112188040925D-01  0.260847981950D-02 -0.223952355239D-03 -0.130266618945D-01
 -0.192592682070D-02  0.256323165417D-02  0.110783974842D-01 -0.709743355249D-02
  0.325644758015D-03  0.933628496015D-02  0.106612229945D-01  0.174133396198D-02
  0.853833033715D-02  0.117674755084D-02  0.132799438745D-03 -0.167743759571D-01
 -0.834564114127D-03 -0.275767063970D-03 -0.536238161519D-02 -0.870128353525D-03
  0.106729353036D-03  0.114506342834D-01  0.984758864033D-03  0.508670265060D-03
 -0.246080127537D-01 -0.255404990713D-02  0.179962836553D-03 -0.114377217998D-01
 -0.772088882528D-03 -0.266174044001D-03  0.189757924031D-01  0.954621452043D-03
  0.645029719922D-03 -0.154767551327D-01  0.297097770232D-02 -0.195136186784D-02
 -0.833777055100D-02 -0.250604883153D-02 -0.106810937600D-02 -0.108000954210D-01
 -0.486947913483D-03  0.123846991070D-03 -0.125037168953D-03 -0.569411249617D-03
 -0.641303081420D-03 -0.289253451738D-01 -0.114141314515D-01  0.237796346548D-03
 -0.403356033350D-01  0.104420557746D-01 -0.114765518146D-02  0.459914245932D+00
  0.677931057172D-03 -0.298442691201D-01 -0.659192722532D-02  0.108585513382D-02
 -0.172353080439D-01 -0.527636168854D-02 -0.677545078212D-03  0.467591490513D-04
  0.307021861684D-01 -0.313255328032D-02  0.104140395526D-01  0.108171421414D-01
 -0.140390005754D-02 -0.105816130061D-02 -0.132971631857D-01 -0.491242394065D-02
  0.408748662706D-01  0.279686996698D-01  0.119767462386D-02 -0.278229592485D-01
 -0.471060907687D-01  0.733180633904D-04  0.135779522519D-02  0.121432164654D-02
 -0.524313989606D-03 -0.247371267771D-02 -0.135787743915D-01  0.348232769579D-03
 -0.129367492444D-01  0.354074830456D-02 -0.947662679162D-03  0.110795077546D-01
  0.223717820236D-01  0.471091232410D-03  0.114636475158D-02 -0.212945735792D-01
  0.407892643497D-02 -0.434503605253D-01  0.338651321238D-03 -0.980073591600D-03
 -0.185087316506D-03 -0.274201488253D-01  0.119522054612D-02 -0.114749121527D-01
 -0.985126673274D-02  0.175521897524D-02 -0.991277653524D-02 -0.974013336501D-02
  0.813206434667D-03 -0.592262944855D-02  0.614568444039D-03 -0.969396607974D-03
 -0.607507208026D-02  0.341933692167D-02 -0.240602869646D-03  0.377120165693D-02
  0.641113540332D-03  0.122902052107D-02  0.131352358961D-02 -0.132676779256D-02
 -0.239425732525D-02  0.296601199435D-02  0.431884529712D-02  0.596917380955D-03
 -0.203827373827D-02  0.399994607380D-02  0.217169059000D-02  0.795436896969D-03
 -0.891572557550D-04  0.261963355574D-02 -0.429517792162D-01  0.946395155907D-02
 -0.255878423575D-02  0.178997660828D-01  0.900448378312D-02 -0.346232847780D-03
 -0.798937347614D-02 -0.285451683360D-02 -0.216801580544D-02  0.325016927661D-02
  0.868222569742D-02 -0.106235468474D-01  0.857632280980D-01 -0.355783448185D-02
  0.102866460900D-01 -0.158770112403D+00  0.219141000844D-01 -0.194493673740D-01
  0.670561473736D+00  0.435477116283D-02 -0.492422072978D-01 -0.120891087413D+00
 -0.247299890431D-02  0.266200087061D-01  0.161668905302D-01  0.135613812619D-02
 -0.173027305134D-01 -0.625121741659D-02  0.352202446704D-02 -0.395943763573D-01
  0.739127887935D-01 -0.219441660350D-02  0.224228026607D-01  0.659738709620D-02
  0.728793603116D-03 -0.113960224033D-01 -0.463508774455D-01 -0.152130977797D-02
  0.161264817472D-01  0.127107735840D-01  0.648564780168D-03 -0.408409630942D-02
 -0.958853196595D-02  0.105721246301D-02 -0.947347259250D-02 -0.379276444269D-02
  0.699389961308D-03 -0.631427505430D-02 -0.232558406746D-01  0.499261783703D-03
 -0.447968330250D-02  0.219024775093D-02  0.116500945070D-02 -0.155205959550D-01
 -0.183722387255D-01  0.194652500625D-03 -0.352567150191D-02 -0.134855915956D-01
 -0.988398943598D-03  0.722209690358D-02 -0.758959062397D-02 -0.320755917825D-03
 -0.353311495491D-02 -0.693345592221D-02  0.151013558098D-02 -0.340868984251D-02
 -0.684845372532D-02  0.116313904211D-02 -0.999644124486D-02 -0.904238120713D-02
  0.275409915323D-02 -0.300241795293D-01 -0.114472029950D-01 -0.633777076527D-03
 -0.770226534556D-03 -0.182338791516D-01  0.760405878537D-03 -0.113925630612D-01
 -0.137109585204D-01 -0.782833323625D-03  0.945902688172D-02 -0.135615899896D-01
  0.459764631487D-03 -0.152851360607D-01 -0.455187043218D-02  0.903141579993D-03
 -0.132076626823D-01 -0.120218664177D-01 -0.266178324049D-02  0.292475753086D-01
 -0.830920671121D-02  0.148750935306D-02 -0.151800720474D-01 -0.335598441919D-01
  0.516800545444D-03 -0.404621757468D-02 -0.772679576790D-02 -0.128309394017D-02
  0.670293331509D-02  0.716512956019D-02 -0.572675225578D-02  0.642359914727D-01
  0.995847590484D-01 -0.819429430487D-03  0.126405134645D-01 -0.169224660598D+00
 -0.367660106436D-02  0.437929926422D-01  0.658229246200D+00 -0.192249727750D-01
 -0.533355620544D-02 -0.532337922339D-02 -0.661858450053D-02 -0.310249711978D-02
 -0.296570505684D-02 -0.843553938918D-02  0.111104787084D-02  0.375714253689D-03
 -0.224491873145D-01  0.958137748158D-02 -0.198480471518D-03 -0.155048150648D-01
 -0.270643809631D-02 -0.195214480544D-02 -0.173220841672D-01  0.128590730736D-03
 -0.895448443519D-03 -0.120623679010D-01 -0.548687180091D-03  0.157808779699D-02
  0.272017849331D-02  0.818948883706D-03  0.168321995337D-03 -0.564428644281D-02
  0.488549451883D-04 -0.382267756871D-03 -0.779848693953D-02 -0.197297949174D-03
  0.262656316813D-03 -0.128730501190D-02  0.810798384814D-04  0.134923433627D-02
 -0.446490368704D-03  0.323387615125D-03 -0.672884493392D-03 -0.104540616150D-01
 -0.536759926232D-03 -0.102202525976D-04 -0.125440410461D-01  0.321330371858D-02
  0.176603563509D-02  0.666114083231D-02 -0.612159950746D-02 -0.180742044654D-03
  0.546865581494D-02  0.785980983087D-02  0.883972523059D-03  0.466868062671D-02
  0.873626422925D-03 -0.409085399544D-04 -0.151642636191D-01 -0.174571207268D-02
  0.422109896446D-03 -0.652149589664D-02  0.144432179958D-03 -0.233290509084D-03
  0.682643111216D-02  0.416891772437D-03  0.555888409936D-03 -0.215380323572D-01
 -0.676232415588D-03 -0.568049654628D-03 -0.111627510099D-01 -0.184745843933D-02
  0.335049988858D-03  0.125761679199D-01  0.199220519905D-02  0.904642028322D-03
 -0.137732910677D-01 -0.226033164489D-02 -0.131696400579D-02 -0.881979167063D-02
  0.116961490093D-02  0.166880971646D-02 -0.105154393628D-01 -0.237478807737D-03
  0.352909240891D-03 -0.244224990275D-02  0.230252410453D-02  0.164368611918D-02
 -0.262234915991D-01  0.936684378201D-02 -0.377035838157D-03 -0.315309513852D-01
 -0.139155894532D-01  0.115072921821D-02 -0.355881560929D-01  0.962580235863D-02
  0.237721369743D-02  0.471860735825D+00 -0.513488684698D-02  0.373303017508D-01
  0.607723534825D-01 -0.292598867467D-02  0.279515259250D-01  0.308609493432D-01
  0.828210385592D-03 -0.173606642152D-01 -0.673293582431D-02  0.981203921477D-02
 -0.130347253741D+00  0.382437054755D-02 -0.294856518612D-02  0.176084568803D-01
  0.200934728374D-01 -0.272128153055D-03 -0.124993412076D-01  0.910554282312D-02
 -0.115359406011D-02 -0.236842895920D-03 -0.202041781209D-01  0.468708849246D-03
 -0.708584883232D-02 -0.152721713096D-02 -0.136188388046D-03 -0.727934539399D-02
  0.318895275136D-02 -0.226765771974D-03 -0.611673828621D-02 -0.293494189199D-02
  0.143373457668D-03 -0.260945447788D-02 -0.149197869896D-01  0.758528155086D-03
 -0.448476189416D-02  0.792808923688D-02  0.185102994578D-03 -0.582570891553D-02
 -0.958577511058D-03  0.337701517495D-02 -0.510266422901D-01 -0.193573013770D-01
  0.982515790368D-03 -0.461414047940D-02 -0.332359476629D-02 -0.371979837912D-04
 -0.366903349311D-02 -0.314867452196D-02  0.532467163317D-03 -0.572645329302D-02
  0.101173823453D-02 -0.168113505970D-02  0.438863458473D-02 -0.453413654345D-02
  0.780874270624D-03 -0.805918095834D-02  0.327878893277D-02  0.844739457621D-03
  0.246656882198D-02 -0.467565341217D-02 -0.515720963618D-03 -0.140384954269D-01
  0.882254366596D-02 -0.610635805867D-03  0.998937484640D-02 -0.319211255371D-02
  0.282316017658D-02 -0.122662651052D-01 -0.740539490722D-02 -0.221810289146D-02
  0.134244151869D-01  0.108407252663D-01  0.100866347302D-02 -0.226072870500D-01
 -0.200490834373D-01 -0.237151713479D-03 -0.897251522014D-02 -0.500808310739D-02
  0.274081811964D-02 -0.289899886638D-01 -0.175728478066D-01  0.945184636350D-02
 -0.133016947323D+00  0.453906683636D-02 -0.141872131158D-01  0.120826256812D+00
 -0.967457966393D-02  0.946912508570D-02 -0.143127247003D+00 -0.247676961171D-01
 -0.116255688852D-01  0.598467317836D+00 -0.336311617989D-02  0.362948823413D-01
  0.465402067079D-01  0.194014475221D-02 -0.241362937844D-01 -0.418762257549D-01
  0.109763017597D-03 -0.388305050031D-02 -0.195510804068D-01 -0.584582007811D-02
  0.642593510876D-01 -0.705505929189D-01  0.148749054345D-02 -0.180696151811D-01
  0.677566651823D-03  0.797660915765D-03 -0.135653346091D-01 -0.494293498537D-01
 -0.168733002832D-03  0.365755396753D-02  0.218797780447D-01  0.114748084800D-02
 -0.673257613493D-02 -0.130861877819D-01  0.401927258449D-03  0.488486251913D-03
  0.176764518851D-01 -0.772598321068D-03  0.106318943620D-01 -0.181674324978D-01
  0.232158580630D-02 -0.252481070190D-01 -0.175056146313D-01 -0.341254069220D-03
 -0.146846326176D-02 -0.341718655614D-02  0.492538123322D-03 -0.135623639974D-01
 -0.180521400064D-01 -0.327438719824D-02  0.364931719681D-01  0.216392007020D-01
 -0.214485858263D-02 -0.194259643320D-02 -0.338150986564D-02  0.352074464538D-02
 -0.128665590140D-02 -0.343268518833D-02  0.282006440597D-03  0.407260529955D-02
 -0.141867670393D-01  0.111586849310D-04 -0.284018995793D-03 -0.100617749873D-01
  0.270994605047D-03 -0.127503257443D-01 -0.896342426330D-02  0.639480292782D-03
 -0.127960645048D-01 -0.104125643281D-01  0.140680483110D-02 -0.171431241403D-01
 -0.125789670408D-01 -0.132004705994D-02 -0.699932539393D-02 -0.105879138000D-01
 -0.893406495222D-03  0.180326810573D-02 -0.704700096252D-02 -0.633425582212D-03
  0.343712971467D-02 -0.202444740284D-01  0.331354232032D-03  0.554717939478D-03
  0.872576723338D-02  0.352992954878D-03 -0.236650875883D-02 -0.259742161425D-01
 -0.382900612085D-03  0.800258623471D-03  0.389177435197D-02  0.197207257926D-02
 -0.196066499933D-01 -0.869808279092D-01 -0.139830112519D-02  0.213320681498D-01
  0.708475777490D-01  0.895309939933D-02 -0.935924344964D-01 -0.177821998227D+00
 -0.234804551580D-02  0.281649699459D-01  0.692079785509D+00 -0.125056060152D-01
  0.156949806975D-02  0.571634202063D-03 -0.221026868713D-01  0.124597712902D-01
 -0.526904433007D-02 -0.168345754940D-01 -0.780170110217D-03  0.725855544342D-02
 -0.795501881229D-02  0.153698365117D-02  0.208077739255D-03 -0.101122724343D-01
  0.970834656012D-03  0.577184655320D-03 -0.564276798201D-02 -0.150940566474D-02
 -0.397464949097D-02 -0.754254935698D-02  0.147380009628D-02  0.936843469976D-03
 -0.813751584909D-02 -0.482767100953D-03 -0.308853478993D-03 -0.161343500838D-02
  0.411879146111D-04  0.224177624584D-02  0.294630080898D-02  0.114023766316D-02
 -0.174886213269D-02 -0.106824153459D-03 -0.465993162062D-03  0.217051443730D-03
  0.223240409985D-02  0.235334888657D-03 -0.184655672684D-03 -0.235612529260D-01
  0.441593850997D-04 -0.850225407735D-03 -0.189099762767D-01 -0.608496279044D-03
 -0.298020122420D-02 -0.127461855911D-01  0.515530466550D-02 -0.196838320864D-02
 -0.113666051854D-01 -0.603769981035D-02  0.286789648029D-02 -0.648559675097D-02
 -0.447338840554D-03 -0.216027360533D-03  0.975888130170D-02  0.327934546108D-03
  0.898048445628D-05  0.897209668450D-02  0.735015931601D-04 -0.423511071174D-04
 -0.187545506116D-02 -0.270637390402D-02 -0.118673590068D-02  0.150861615790D-01
  0.130322677807D-02 -0.246077318460D-03  0.142498814528D-01  0.156363994784D-02
 -0.212233404962D-03 -0.574872140756D-02  0.126512722102D-02  0.105813303169D-02
 -0.317795757397D-02  0.196879194479D-02  0.137984257417D-02 -0.460682994168D-02
 -0.110531409589D-02 -0.116825362481D-02 -0.364507570921D-03  0.636992748054D-03
 -0.912113276152D-03 -0.303912433846D-01 -0.352432622076D-02 -0.103877170312D-02
 -0.105327012454D-01  0.419722921794D-02  0.645349399556D-03 -0.360007613727D-02
  0.929664359770D-04 -0.123275558932D-03  0.108455819707D-02 -0.165583850573D-02
  0.120758330137D-02 -0.123342383817D-02  0.453322979670D-03 -0.148047008811D-02
  0.473799972272D+00  0.134115293879D-02 -0.274522437987D-01 -0.112731790577D-01
  0.122299200659D-01 -0.160309780229D+00  0.591786413551D-01 -0.364147713922D-03
 -0.123105136676D-01 -0.802556766641D-01  0.114389654705D-02 -0.200052438710D-01
 -0.473772708986D-02  0.126266560412D-02 -0.245476584788D-01 -0.493369001762D-02
 -0.903170532510D-03  0.384446323431D-02  0.436300503771D-01  0.201248707916D-02
 -0.312135936676D-01 -0.760169348219D-02 -0.189874713748D-03 -0.181453310358D-02
  0.309149842556D-02  0.110116355330D-03 -0.680079840430D-03 -0.222556741860D-01
  0.108013679396D-02 -0.847495002417D-02  0.192065778618D-01 -0.514363001287D-03
  0.566978544804D-02 -0.122634687273D-02 -0.201286021664D-03  0.508495241958D-03
  0.142062416572D-02 -0.592801133094D-03 -0.216409437746D-01  0.766764054655D-02
 -0.131903746856D-02 -0.798741333881D-02  0.296511979434D-01  0.177899285704D-02
 -0.612057347428D-02 -0.572038160498D-02 -0.190613229992D-02 -0.722855546251D-02
 -0.533765663806D-02 -0.247068968327D-03 -0.519976782606D-03  0.169349613787D-02
  0.317866639358D-03  0.542019687255D-02  0.630443795120D-03 -0.683601112543D-03
  0.833070339102D-02 -0.725028630868D-04 -0.310776352827D-02  0.274306212455D-01
  0.121970634307D-01  0.108396848747D-02  0.134769417912D-02 -0.455680888941D-03
  0.669790986113D-03 -0.413510236601D-02  0.197251917472D-02  0.406172460781D-03
 -0.156866050592D-01 -0.135131168993D-01  0.217302896185D-02 -0.285869392015D-01
 -0.872288468201D-02 -0.974796014551D-03  0.785941325978D-02  0.149164059600D-01
  0.603973069438D-03 -0.597522298730D-02  0.118296612979D-01 -0.425221176363D-02
  0.108648821672D-01  0.110894179007D-01  0.417240783026D-02 -0.533028632042D-01
 -0.671346475133D-02  0.553654547273D-03 -0.552892677386D-02 -0.187488204388D-02
 -0.151785840341D-02  0.209986608110D-01 -0.125118222654D-01  0.302218173896D-03
 -0.320614069003D-02  0.146808273344D-01  0.248462571661D-03  0.468695512541D+00
  0.630880185863D-03 -0.849988624381D-02 -0.411373931866D-01 -0.318312720647D-02
  0.375411448084D-01 -0.794828792604D-01 -0.186054257088D-02  0.229909257561D-01
 -0.897523417515D-02 -0.180613056386D-02  0.214640756451D-01 -0.302437018960D-01
 -0.138170428434D-02  0.224614032625D-01 -0.320001475815D-01  0.491070320092D-03
  0.845361207498D-02 -0.447741708098D-01  0.206429768996D-03  0.261947918905D-02
 -0.134640419324D-01 -0.177306943594D-02  0.302930001284D-02 -0.577718177495D-02
 -0.132437737879D-02  0.341804256623D-02  0.286314058075D-02 -0.107940374106D-02
  0.700924805892D-02 -0.862736675163D-02 -0.684793532263D-03  0.436475914418D-02
 -0.242338507597D-02  0.411476897334D-03  0.895486956799D-02 -0.393753833243D-02
 -0.162577059080D-04  0.861727047713D-02  0.591278161791D-02  0.216744748612D-02
 -0.162876119609D-01 -0.239667596297D-01 -0.266670017048D-02  0.164940441643D-02
 -0.366703722212D-02 -0.708017419267D-03  0.151805098618D-02 -0.375801342443D-02
 -0.186360919292D-02  0.422707718636D-02 -0.717512849265D-02 -0.259785997814D-03
  0.258485503674D-02  0.155637635113D-02  0.290325045230D-02  0.352746018527D-02
 -0.521948224629D-02  0.170319119986D-02 -0.259350345469D-02 -0.224456757247D-02
 -0.261159593637D-03  0.459219437070D-02 -0.470206844347D-02  0.435808384954D-02
  0.344252751531D-02 -0.111500779214D-01  0.539406868969D-03  0.136810747300D-01
  0.111121381818D-01  0.532149088336D-03  0.257384493974D-03 -0.127670006843D-01
  0.171711781347D-03 -0.109633893201D-01 -0.108890679568D-01 -0.862297700173D-03
  0.330075955921D-02 -0.804764459320D-02  0.186979881890D-02 -0.999890549960D-03
  0.818038017283D-02  0.130820969548D-02 -0.253342254269D-01 -0.196757871447D-01
  0.295597962110D-02 -0.478495473132D-01 -0.118027067980D-01  0.100083034044D-02
 -0.235519499218D-01  0.821121129696D-02 -0.133438995705D-02  0.111430939783D-01
 -0.189016860133D-01  0.343369854181D-02 -0.352360605850D-01  0.369099108911D+00
 -0.100717901833D-01 -0.290531857281D-02 -0.167371382894D-03 -0.159205544523D-01
  0.119419479195D-02 -0.368239034496D-02 -0.138349109807D-01  0.399849523008D-02
  0.472459956097D-02 -0.780312330995D-02  0.106461837717D-02  0.718813952732D-03
 -0.915909355509D-02 -0.102983058589D-02 -0.145860494649D-02 -0.705491453659D-02
  0.303191272855D-02 -0.778361667882D-03 -0.818746863241D-02  0.134166121492D-02
 -0.125228991812D-02 -0.948028937464D-02 -0.338002052499D-03  0.213672695984D-03
 -0.534026201583D-02 -0.249850897172D-03 -0.828413443043D-03 -0.261400567455D-02
 -0.197031713629D-03  0.186775486196D-03 -0.477574956794D-02  0.113298744380D-03
  0.375263866606D-03 -0.337919627514D-02 -0.113854807505D-03 -0.322465094218D-03
 -0.169056947243D-01 -0.671185662741D-03  0.167687747586D-02 -0.144289295209D-01
  0.343445386056D-03 -0.112864303773D-02 -0.121818749010D-01  0.298249883315D-02
 -0.105922180256D-02 -0.114612473390D-01 -0.404240013767D-02  0.152748912751D-02
 -0.868594569424D-02 -0.424841212528D-03  0.304297551043D-03  0.151287527793D-02
  0.446728150039D-03 -0.115420581478D-03  0.753342997560D-03  0.341688835401D-03
  0.107313629471D-03 -0.619379776826D-02 -0.222506773144D-03  0.269587093656D-03
  0.482817090764D-02  0.966862141479D-03  0.483835331760D-03  0.410781295124D-02
  0.602569906902D-03  0.147655609728D-03 -0.838882423304D-02 -0.975290067535D-03
  0.676357927272D-03 -0.562182581108D-02  0.132283138239D-02 -0.871483473052D-03
 -0.678849566647D-02 -0.698267926171D-03 -0.350220266376D-03 -0.436706540351D-02
  0.606716025201D-03 -0.775945096094D-03 -0.212858531505D-01 -0.990658132928D-03
  0.214154601717D-02 -0.875862931275D-02 -0.736662365591D-03  0.767230371209D-03
 -0.500816082328D-02  0.213945845282D-02  0.632210700113D-03 -0.224837161773D-02
  0.509871817303D-03 -0.137218089243D-02 -0.359704063380D-02 -0.644706908266D-03
 -0.707662109124D-03 -0.188204375370D-01 -0.177700805398D-02 -0.317920078089D-02
  0.485013281302D+00 -0.304854449660D-02  0.245536667576D-01  0.281538183300D-02
  0.849952565299D-03 -0.294489200991D-01  0.476723448719D-01  0.404179244830D-02
 -0.628043585378D-01 -0.475545805260D-01  0.869376856294D-03 -0.188988139191D-01
 -0.756742550922D-02 -0.120652048372D-02 -0.172778793928D-02  0.202685706491D-01
  0.236992596757D-02 -0.461179801303D-01  0.102764112235D-01  0.145470652555D-02
 -0.262976316551D-01  0.155674046752D-01  0.135936102394D-02 -0.525357636906D-02
 -0.365851126285D-02  0.846738201229D-03 -0.185352590351D-02  0.995998529197D-02
  0.216032529466D-03 -0.133200365389D-03 -0.377001246600D-02  0.349362529312D-03
 -0.641837399133D-02 -0.465552076792D-02 -0.167492991028D-02 -0.226599488618D-02
  0.188917504096D-02 -0.178011860839D-02 -0.812748288171D-02 -0.139677249365D-01
 -0.127944668777D-03 -0.154860557655D-01  0.163808298965D-01  0.161459038514D-02
 -0.511358133663D-02 -0.379851889992D-02  0.947266634373D-03 -0.526088726708D-02
 -0.359943356468D-02  0.126602003497D-02 -0.376947434556D-02 -0.487270124938D-02
  0.382975276100D-03 -0.398585031589D-02  0.235626365358D-03 -0.314766329349D-02
 -0.321566048796D-02 -0.195588454626D-02 -0.203897829450D-02 -0.406600311687D-02
 -0.574474735571D-02  0.635952804420D-03 -0.605489453814D-02 -0.750272952829D-02
 -0.472338678163D-02 -0.284516300519D-02 -0.160683716780D-02 -0.338129574661D-02
  0.465827621544D-02 -0.120079180216D-01  0.757674595149D-03 -0.211258904529D-01
  0.135090566023D-01  0.558924633267D-04  0.210730095423D-02  0.424354757021D-02
  0.110403487152D-02 -0.102263553937D-01  0.827485053203D-02 -0.234472923128D-02
 -0.102011042498D-01 -0.242897989746D-01 -0.377072618574D-03  0.597176695302D-02
 -0.855430374176D-02  0.332998475605D-02 -0.246493263142D-01 -0.118068522074D-01
  0.159357466237D-02 -0.551780244147D-02  0.118765679528D-01 -0.184767790653D-03
  0.370592087579D-02  0.613843688858D-02 -0.227232142696D-02 -0.391593179240D-03
  0.452522443795D-01  0.698930037110D-03  0.470953153964D+00 -0.354876616725D-03
  0.316191744117D-02 -0.287042372908D-01  0.385345628555D-02 -0.415890254381D-01
  0.812150136867D-02  0.234030074070D-02 -0.226884320183D-01 -0.102922663059D+00
 -0.281313308598D-03  0.480469841581D-02 -0.344403066459D-01 -0.194888021268D-02
  0.282405934932D-01 -0.680049932450D-02  0.795995614707D-03  0.165738497685D-02
 -0.264809618109D-01 -0.141140059894D-03  0.466944668386D-02 -0.101876918504D-01
 -0.129330922953D-02  0.128961419874D-02 -0.711440422724D-02 -0.113115422290D-02
  0.359513644542D-02  0.352116005020D-02 -0.110813529371D-02  0.850509108886D-02
 -0.981661304081D-02 -0.286427146559D-03  0.387679756342D-03 -0.614231974602D-02
  0.332653940459D-03  0.655861622024D-02 -0.120135043563D-02  0.119570814735D-03
 -0.154452990437D-02 -0.552979483690D-02  0.315815106684D-02 -0.317451850271D-01
  0.375256673253D-03 -0.547072425839D-03  0.111580922438D-02 -0.464572677297D-02
 -0.201634382514D-02  0.776105849581D-03 -0.471948439738D-02 -0.148224600643D-02
  0.340848368001D-02 -0.891841806736D-02 -0.491098014712D-03  0.514731699810D-02
 -0.200744257745D-02  0.212960632369D-02  0.387334862656D-02 -0.575128366771D-02
  0.105749415041D-02  0.101364100583D-02 -0.113060542644D-02 -0.208722468988D-03
  0.326421527331D-02 -0.715833725032D-02  0.371839217945D-02  0.553251628399D-04
 -0.107698116002D-01  0.911342528242D-03  0.531046637908D-02  0.459599047171D-02
  0.869516941777D-03 -0.485841513411D-02 -0.100012277128D-01 -0.408758230009D-03
 -0.254749517977D-02 -0.989947028490D-02 -0.340968176616D-04 -0.498074893611D-02
 -0.149044719927D-02  0.144979526853D-02  0.368970294967D-02  0.490351276064D-02
  0.882549193903D-03 -0.161179706279D-01 -0.350176977153D-01  0.300997352225D-02
 -0.445215779935D-01 -0.195553083817D-01 -0.716685964550D-03 -0.214869689508D-02
  0.128467120975D-01 -0.258415059213D-02  0.255571081360D-01  0.103110275639D-02
  0.222886181444D-02 -0.231308108491D-01 -0.719741799395D-01 -0.279150088229D-02
  0.385218944787D-01  0.457578458500D+00 -0.149133981870D-01  0.369176238204D-03
 -0.103429931242D-02 -0.521305755898D-02  0.193064218803D-03  0.820910438827D-04
 -0.711214301326D-02  0.117613213732D-02  0.196224308036D-02 -0.169669778744D-01
 -0.834204520727D-03  0.115816755941D-02 -0.128099191711D-01 -0.259475251104D-02
  0.375428723375D-02 -0.155510046088D-01  0.701198000698D-02 -0.344250439112D-02
 -0.111628922773D-01 -0.291168028542D-02 -0.232426861591D-02 -0.225255194251D-02
  0.749108617710D-03 -0.228566014163D-03 -0.870101753777D-02 -0.763638918253D-03
 -0.374021960728D-03 -0.110910692628D-01 -0.485359465213D-03 -0.662649065769D-03
 -0.648282345490D-02  0.188928931753D-03  0.150854123189D-03 -0.649866907718D-02
 -0.159115178290D-03 -0.686074453486D-03 -0.691070845472D-02  0.572262507425D-03
  0.175322561827D-02 -0.895331383961D-02  0.655567805356D-03  0.396098492622D-03
  0.106788582864D-02 -0.494346120896D-02  0.383057650665D-04  0.260032707640D-03
  0.603326065332D-02 -0.392893925372D-03 -0.137986443334D-02  0.864135932540D-05
 -0.142911359443D-03 -0.171204563669D-01 -0.753481812457D-03 -0.189922709718D-03
 -0.117340086097D-01 -0.324715045460D-03 -0.108115943238D-03 -0.115597079516D-02
  0.218189279476D-03 -0.432588264988D-03 -0.220546603508D-01 -0.162104326243D-02
  0.840099878338D-04 -0.158181698357D-01 -0.927697844959D-03  0.269282921198D-03
  0.310953773996D-02  0.114759655977D-02 -0.128400211319D-03 -0.136880345510D-01
  0.195099835261D-02  0.202472533380D-02 -0.972996083990D-02 -0.243053655077D-02
 -0.100478478272D-02 -0.121453781304D-01  0.141981507417D-02 -0.675702359681D-03
 -0.434359452155D-03  0.162670161005D-02  0.176612986237D-02 -0.187835447643D-01
 -0.142360275480D-03  0.279210394453D-03 -0.246287860956D-01 -0.113201727454D-02
 -0.822172184728D-03 -0.269924931859D-01  0.806594255356D-03 -0.485243035922D-03
 -0.229547079114D-01 -0.172332678342D-02  0.710218374632D-03 -0.644141801092D-03
  0.705250525364D-03  0.127494239030D-02 -0.368175501730D-02 -0.830604087334D-04
  0.456901739767D-03  0.480714170886D+00 -0.423801685297D-03 -0.940570645111D-02
  0.665799226063D-02 -0.593020119499D-03 -0.432041935177D-02  0.114994781321D-01
  0.192339371203D-02 -0.338912442997D-01 -0.871835196781D-02 -0.188450487641D-02
  0.218223818235D-02 -0.165281830037D-01 -0.194754205206D-02  0.311907512292D-02
 -0.344912445475D-01  0.806992080199D-02 -0.120296654473D+00  0.421141023402D-01
 -0.114305524742D-02  0.176632791433D-02  0.358320467748D-01  0.251749811696D-02
 -0.888046747027D-02 -0.181358712041D-04  0.249328566434D-03  0.334797955618D-02
  0.935649961763D-02 -0.198545590412D-03 -0.352861714733D-02  0.481212301999D-02
  0.356005933598D-03 -0.822031565922D-02 -0.156747534443D-02 -0.211919659971D-02
 -0.283595453104D-02  0.388083868351D-02  0.145694419585D-03 -0.708317563429D-02
 -0.142169712231D-01 -0.101107844598D-02 -0.138227180406D-02 -0.370438645648D-02
  0.264035368295D-02 -0.466437268871D-02 -0.913595045152D-03  0.241120515578D-02
 -0.305867120185D-02 -0.103389695603D-02  0.180354597252D-02  0.369214693419D-04
 -0.188938448672D-02 -0.690245839455D-03 -0.110235651880D-01  0.106253337707D-02
 -0.424114859492D-02 -0.684383469490D-02 -0.166447112464D-02 -0.180674082936D-02
 -0.457186454985D-02 -0.266831489842D-02 -0.214011449309D-02 -0.273552252147D-02
 -0.107607076482D-01 -0.705195830100D-02 -0.460319841782D-02 -0.457376862561D-02
 -0.251550369575D-02  0.282865484757D-02 -0.108056303512D-01  0.189087035077D-02
 -0.435142619450D-01 -0.635750845210D-02 -0.171608940312D-02  0.209069455881D-01
  0.157617828205D-01  0.168319043836D-02 -0.242008902974D-01  0.101696591892D-01
 -0.993325652859D-04 -0.150622019001D-01 -0.229193585169D-01 -0.908551940873D-03
  0.198321632513D-02 -0.138196415960D-02  0.500867371907D-04 -0.554363120820D-02
 -0.476919521091D-02  0.196598008477D-02 -0.312466939832D-01 -0.106341259136D-02
 -0.146406998093D-02  0.931768666330D-04 -0.164703352829D-01  0.185613954243D-03
 -0.110869313614D-01  0.813211540011D-02  0.146827291428D-02 -0.261687056178D-01
  0.139160978002D-01 -0.376919525793D-02  0.497498995476D+00  0.145581687730D-02
 -0.172761711446D-01 -0.106653132505D-01  0.282480231195D-02 -0.278148798506D-01
 -0.758922214882D-02  0.112364579379D-02 -0.670145160699D-02 -0.108317420847D-01
  0.114648226701D-02 -0.107107629999D-01 -0.465066550460D-03  0.486588019396D-03
  0.664165465762D-03  0.564966755872D-02 -0.323590245582D-02  0.476083837974D-01
 -0.262086329252D-01 -0.198168234256D-02  0.227528875757D-01 -0.172061954610D-01
 -0.123909282311D-02 -0.476465824579D-02 -0.888884192225D-02 -0.294400798983D-03
 -0.919812585715D-02 -0.123473756717D-01 -0.442306840471D-04 -0.390493480784D-02
 -0.135553526372D-01  0.447538161704D-03 -0.714227476650D-02 -0.104667135771D-01
  0.223219271231D-02 -0.835129750921D-02 -0.819394203133D-02 -0.242054050117D-03
  0.843085022747D-03  0.793305326104D-02  0.243519817224D-02 -0.290192505645D-01
 -0.199575010580D-02 -0.494670563924D-03 -0.374396893064D-02 -0.558975734796D-02
 -0.237830868036D-02 -0.445301896755D-02 -0.553111275749D-02 -0.964758448790D-03
 -0.759136852575D-02 -0.744159102955D-02  0.179023431842D-03 -0.608397554441D-03
 -0.126555588160D-01  0.386809391360D-02 -0.714244196081D-02 -0.522473865936D-02
  0.220623830172D-02 -0.466415710140D-02 -0.494003349190D-02  0.845097592805D-03
 -0.580299684928D-02 -0.190478573211D-02  0.562438850773D-02 -0.568074791434D-02
 -0.861000021805D-02  0.373587385822D-02 -0.180629971256D-01 -0.883453725655D-03
 -0.130370633003D-02  0.215345374342D-01 -0.165171473860D-01  0.421468312354D-03
 -0.139703374680D-01 -0.177657735322D-01 -0.314697898327D-03 -0.277177643051D-02
 -0.145681956403D-01  0.152853731087D-02  0.196985971597D-02  0.657118995520D-02
 -0.501744168671D-03 -0.226051500207D-02 -0.260200324200D-01 -0.201242576225D-02
  0.707557728702D-02 -0.161204259069D-01 -0.253836643096D-02  0.143877713573D-01
 -0.963502138546D-02 -0.823395876594D-03  0.407869794300D-02  0.621905866063D-02
  0.391553009268D-02 -0.368444534434D-01 -0.106644524312D-01 -0.132273551279D-02
  0.191150633077D-01 -0.333664577060D-01  0.604661585034D-03  0.159819539834D-01
  0.444122598614D+00 -0.850664707474D-02 -0.280279951260D-02  0.237009374167D-02
 -0.111139231030D-01 -0.531259457283D-03  0.618623059982D-03 -0.104374445610D-01
  0.327610289650D-03 -0.115392314571D-03 -0.773565644277D-02 -0.156125398166D-02
  0.883411885285D-03 -0.893183645558D-02  0.277438771415D-02 -0.154197312600D-02
 -0.794217502750D-02  0.111271175569D-02  0.108781086162D-02 -0.935303996998D-02
  0.734973616799D-02 -0.245815950042D-02 -0.104348896098D-01 -0.638679271877D-03
 -0.297197835924D-03 -0.862494674373D-02 -0.130262502922D-03  0.907648235232D-03
 -0.761494370687D-02 -0.999165481156D-04 -0.155343803659D-02 -0.860230932471D-02
 -0.801037026039D-03  0.134174157577D-02 -0.807088416426D-02 -0.458964623268D-03
 -0.112361786782D-02 -0.110550140963D-01 -0.120075496553D-02  0.162088903239D-02
 -0.102338672459D-01 -0.208309105169D-02  0.777824924268D-03 -0.113978601187D-01
  0.133128888439D-02  0.169253325387D-03 -0.113784228959D-01 -0.175305949980D-02
  0.800169359119D-03 -0.103858766313D-01 -0.372013584115D-03 -0.351209381859D-03
 -0.588731830779D-02  0.567865915246D-03 -0.184996731886D-03 -0.626578991021D-02
  0.102158338873D-03  0.336858985671D-03 -0.939049196291D-02 -0.763896521092D-04
  0.561479566685D-03 -0.440795426012D-02 -0.996019488001D-05  0.153715570374D-02
 -0.471793600650D-02  0.181987267641D-03  0.492517768466D-03 -0.102228045998D-01
 -0.212607539385D-02  0.102187970982D-02 -0.777807750304D-02 -0.214159927406D-03
 -0.135211667146D-02 -0.881772843402D-02  0.691317969043D-03 -0.790476623725D-03
 -0.773005995864D-02 -0.192144450200D-02 -0.199170733324D-02 -0.127467656172D-01
 -0.133948043655D-02  0.425976733562D-03 -0.794653547623D-02 -0.840219769006D-03
 -0.310406517812D-03 -0.654066519833D-02  0.796784951214D-03  0.142571693427D-02
 -0.557046937904D-02 -0.163762090134D-03 -0.338550715138D-04 -0.621962674342D-02
 -0.757438267847D-03  0.152710377724D-02 -0.123346740911D-01 -0.106105339578D-02
 -0.817131855009D-03 -0.114198656425D-01  0.284501243280D-02 -0.147022288905D-02
 -0.683593453503D-02  0.545312746755D-02 -0.461552916991D-02  0.489472279138D+00
 -0.240378637282D-02  0.185325332832D-01 -0.231845074144D-01 -0.849140921990D-03
 -0.688915551131D-02 -0.142555269834D-01 -0.933039643438D-03 -0.555473328394D-02
 -0.682304528259D-02 -0.117951884120D-02  0.354273000053D-02 -0.807000302212D-02
  0.158674551147D-02 -0.325407705709D-01  0.117712569593D-01 -0.982159296233D-03
 -0.687520799882D-02 -0.127172101745D-01  0.643348321842D-02 -0.824828360769D-01
  0.236992998509D-01  0.133173992813D-02 -0.401816954845D-02  0.526159783042D-02
  0.126928618444D-02 -0.905626062724D-02 -0.148508820286D-01  0.436156421772D-03
 -0.800423234257D-02  0.206122900962D-01 -0.635939754173D-03  0.614603407454D-03
 -0.166392873242D-01 -0.214552689041D-02 -0.416181542888D-02  0.160805276003D-01
 -0.174827688644D-02 -0.146974299856D-02 -0.222782025497D-01 -0.127608150629D-02
  0.458045689320D-02 -0.854956575749D-02  0.103541227957D-02 -0.100064853456D-01
 -0.396389108598D-02  0.279609557640D-02 -0.939862952362D-02 -0.401163482472D-02
  0.151408324234D-02 -0.678770883932D-02  0.653506314753D-02  0.235137308031D-03
 -0.108102953571D-01  0.252425065055D-02 -0.343213858655D-02 -0.873581197273D-02
 -0.214342535472D-02 -0.220713761982D-02 -0.774377329222D-02 -0.192354558760D-02
 -0.424928239187D-03 -0.510660204779D-02 -0.119248829782D-01 -0.550449023147D-02
 -0.756111660708D-02 -0.495266552144D-02 -0.389794283766D-02  0.598394017387D-02
 -0.490105328652D-02 -0.121773255087D-02 -0.842458594281D-03  0.384602803192D-02
  0.161956564998D-02 -0.176749655377D-01  0.682473132561D-02 -0.113659603369D-02
  0.119853935301D-01  0.221388568326D-01 -0.257668526027D-02 -0.178175498472D-04
 -0.360717343764D-02  0.102264309812D-02 -0.995113314107D-02  0.215826895767D-02
  0.271228365706D-02 -0.187558292671D-01 -0.764484572257D-02  0.150868936728D-02
 -0.674806704729D-02  0.307717234788D-02 -0.119848633746D-04 -0.233850195805D-03
 -0.133905838561D-01 -0.212775190677D-02  0.269255828790D-02 -0.430016719581D-02
  0.131213539634D-02 -0.298165285485D-01  0.643517974150D-02  0.197238117803D-02
 -0.538945967247D-01  0.400935953768D-01  0.359255322242D-02  0.462978820033D+00
  0.175574051413D-03 -0.196995095570D-02  0.321039560797D-02 -0.781994389947D-03
  0.121828449029D-01  0.189129068736D-02 -0.762774609781D-03  0.103767877388D-01
 -0.729811036451D-02  0.503605770355D-03 -0.540463282217D-02 -0.140696849392D-02
 -0.767190427169D-03  0.103983638962D-01 -0.107291883758D-01 -0.939076311395D-03
  0.148495700998D-01 -0.872367492522D-02 -0.245932997927D-02  0.279913919324D-01
 -0.286413458566D-01 -0.795903583944D-03 -0.151231457864D-02 -0.128256780576D-01
 -0.441358907809D-03 -0.165338197996D-02 -0.888337193521D-02 -0.724961400552D-04
 -0.117652893217D-02 -0.194837311303D-01  0.266917505141D-03 -0.356984231330D-02
 -0.552232642558D-02  0.109470762678D-02 -0.165672219688D-02 -0.169777082164D-01
  0.825927780552D-04  0.277000998894D-02  0.837077147919D-02  0.187862880841D-03
  0.149398317843D-03  0.370148156661D-02 -0.906866490611D-03  0.943637479658D-03
 -0.840682433520D-02 -0.129461724285D-02  0.514952103734D-03 -0.832279594316D-02
 -0.635620254172D-03 -0.266548278326D-02 -0.133124807483D-01  0.228358008616D-03
 -0.110822412010D-02 -0.972392609873D-02  0.177938435695D-02  0.671114825206D-03
 -0.854547620779D-02  0.111632490954D-02 -0.419150604317D-03 -0.101679369597D-01
  0.253998069080D-03  0.286542995121D-03 -0.146298857321D-02  0.256660251477D-02
  0.233986319038D-02 -0.559929531068D-02  0.164851350842D-02 -0.459745540570D-02
 -0.800394802813D-02  0.724682203118D-04  0.255640393247D-02 -0.133365030298D-01
 -0.440538892078D-03  0.556179899951D-03 -0.178072947020D-01  0.634813495234D-04
 -0.392935161118D-02 -0.203000800421D-01  0.123716158932D-02 -0.469450767288D-02
 -0.640956994001D-02 -0.263313248832D-03 -0.236130421044D-02 -0.192217726038D-02
 -0.867398121258D-03  0.102123192092D-03 -0.286803224030D-02 -0.280234471647D-03
 -0.520043287980D-02 -0.876413007534D-02  0.418532864531D-03 -0.806974145796D-02
 -0.292386449217D-02 -0.505396563209D-03  0.106810238004D-01 -0.802044287466D-02
 -0.844258721393D-03  0.108840977723D-01 -0.300415862167D-02 -0.918313645288D-03
  0.219551810420D-01 -0.173617747475D-01 -0.213578396421D-02  0.177023389647D-01
  0.471102123405D+00 -0.195314111883D-01  0.502107933216D-02 -0.122360916646D-01
 -0.196033815278D-01 -0.128555645143D-01  0.179085353709D-01 -0.149753489702D-01
 -0.219065935386D-01  0.808551111382D-02 -0.164571666381D-01  0.139927579058D-01
 -0.142221888897D-02 -0.137858839103D-01 -0.274216858478D-02  0.660807369246D-02
 -0.121611516373D-01  0.207899367542D-01 -0.408699962177D-02 -0.105010201667D-01
  0.173749553387D-01 -0.638239766085D-02 -0.874427286084D-03 -0.566900884694D-03
 -0.474870742311D-02  0.131052357892D-02 -0.314592206792D-03  0.168868738932D-03
  0.509063027694D-02  0.158281059125D-02 -0.896755071337D-02  0.594268619858D-02
 -0.285055812741D-02 -0.309095161539D-03  0.929691923895D-02 -0.168440918406D-02
 -0.345925409770D-02 -0.305449831567D-01  0.444829044570D-01  0.356760485332D-01
 -0.214711445140D-01 -0.421643134207D-02 -0.698344680098D-02 -0.228618678728D-02
  0.187641731302D-02 -0.122483375554D-02 -0.417294858451D-02 -0.229452695134D-02
  0.481032004974D-02  0.269819891785D-02 -0.652468628048D-02 -0.595760402832D-02
  0.852803763595D-02 -0.409332433847D-02  0.256004718164D-02  0.127324306867D-01
  0.438266280891D-02  0.176149538698D-03  0.907376206357D-02 -0.267440554676D-02
  0.166715116073D-02  0.960283436286D-02  0.833150701212D-02 -0.697917260174D-03
  0.167757163626D-01 -0.473101356494D-02  0.379119354935D-02  0.829329727619D-02
  0.264846941757D-02  0.243438877725D-02 -0.517415356681D-02  0.175499252385D-03
  0.137180606902D-01 -0.329354811543D-02 -0.802616450294D-02 -0.488644464798D-02
 -0.444954921259D-03  0.268012031170D-02  0.318913053616D-03 -0.285481551904D-01
  0.101193945483D-02  0.800384797874D-02 -0.201197983938D-01  0.343593925211D-03
 -0.603811862763D-02 -0.168544745630D-01 -0.745093019601D-02  0.275841032160D-03
 -0.154710787512D-01  0.184875092317D-01  0.221835621947D-01 -0.146458968723D-01
  0.229038869661D-01  0.161206439883D-01 -0.190120294208D-01 -0.443635723332D-01
  0.227023190343D-01 -0.151435686357D-01 -0.174209389424D-01 -0.198254474699D-01
 -0.866502184662D-02  0.988463426917D-02 -0.262547398826D-01 -0.127123711650D-01
  0.182500396732D-01 -0.902726112138D-02  0.407613332751D+00 -0.517997033028D-03
 -0.302616576599D-01  0.165890679174D-01  0.459713242078D-02 -0.483164356897D-01
  0.660696129259D-02  0.146762262764D-02 -0.195636083347D-01  0.344509078323D-02
 -0.960068517782D-03 -0.326344233658D-01  0.109674029546D-01 -0.911398595631D-03
 -0.173931585552D-01  0.726532995202D-02 -0.219618706377D-02 -0.949696697699D-02
  0.148308245526D-01 -0.606639765894D-03 -0.119860702019D-01  0.382084150636D-02
  0.224162028461D-02 -0.451738028790D-03 -0.216905753736D-02 -0.167439713981D-03
 -0.429054170382D-03 -0.787550635831D-02 -0.960325029460D-03 -0.578956497583D-03
  0.462510695824D-02  0.319640051645D-03  0.462599667067D-02 -0.587026426841D-02
  0.770463987802D-04  0.716285604579D-02 -0.825631502561D-03  0.205810899738D-02
 -0.293557003819D-01  0.678476430579D-02  0.136745048957D-02 -0.299585373932D-01
  0.218858599878D-01  0.415942146036D-02 -0.283166021155D-02 -0.559934595393D-02
  0.242025035948D-02  0.977623693483D-03 -0.553600789887D-02  0.228813541056D-02
  0.344599964950D-02 -0.231938197918D-02 -0.402989232402D-02  0.981142359732D-02
 -0.324904598773D-03 -0.125759539877D-02 -0.862510676449D-03  0.691489193742D-02
  0.134590970524D-02  0.144725698187D-01 -0.359838518835D-02 -0.471880258433D-02
 -0.227543580594D-02  0.607455941882D-02 -0.440050549621D-02  0.179069188696D-01
 -0.412132197030D-02  0.394982151003D-02  0.248935943149D-02 -0.105077607920D-01
 -0.164562021374D-02 -0.712664824871D-02 -0.995293059798D-02 -0.635527175755D-03
 -0.214494833567D-02  0.143443697143D-02 -0.108695213039D-02 -0.437175699264D-02
 -0.117403045075D-02  0.111320361106D-02  0.537003283610D-02 -0.241418784164D-01
 -0.170771815358D-02 -0.326050153267D-01  0.262390055654D-02 -0.520113218537D-02
 -0.163677404762D-01  0.325026699496D-02 -0.614978811866D-02 -0.133282222060D-01
 -0.625552974360D-02 -0.388140228330D-02 -0.236092181786D-01  0.115441113593D-01
  0.512105394888D-02 -0.363514890808D-01 -0.977793152830D-02  0.170832038432D-02
 -0.948089573610D-02  0.229414629825D-02 -0.422057293797D-02 -0.586469111250D-02
 -0.704713816837D-02  0.566652775886D-03 -0.412991207769D-02 -0.324145160176D-02
 -0.785558716371D-02  0.429264734464D+00 -0.453589284166D-03 -0.733972142448D-02
 -0.108261116195D-01 -0.159446582134D-04 -0.133585863696D-01 -0.224224639863D-01
  0.126858675545D-02 -0.193347502885D-01 -0.229675091893D-01 -0.377242329730D-03
 -0.175996622701D-02 -0.945573411498D-02  0.425418706343D-03 -0.561650455567D-02
 -0.620339839896D-02  0.521812759725D-03  0.598744733700D-04 -0.702060204771D-02
  0.356331133337D-03 -0.318121671060D-02  0.169751131419D-03  0.224422775821D-03
  0.695071224812D-04 -0.656489490721D-02  0.678051468711D-03  0.378069656184D-03
 -0.332753747967D-02  0.131998814572D-02  0.204789473673D-02 -0.427607063754D-02
  0.144007360140D-02  0.208012416327D-02 -0.461119340273D-02  0.269715390989D-02
  0.756260341116D-03 -0.489923589869D-02 -0.295691531709D-03 -0.162573183412D-01
 -0.598166646427D-01 -0.746798538065D-03 -0.101895279288D-01 -0.361834864608D-01
  0.112534380409D-02 -0.637266329185D-03 -0.851254000573D-02 -0.104752456926D-02
 -0.144682890762D-02 -0.783882548503D-02  0.278442089656D-03  0.314181950624D-02
 -0.578884757166D-02  0.151982608555D-02  0.640701366549D-02 -0.840043961941D-02
  0.414223271221D-02  0.766385469945D-03 -0.858141424498D-02  0.312659242237D-02
 -0.260679014827D-02 -0.536411889289D-02  0.258783767446D-02 -0.180516215112D-02
 -0.100626465972D-01  0.606965117712D-02 -0.364328198239D-02 -0.989185835481D-02
  0.327543003880D-02 -0.190254617121D-02 -0.109792601593D-02  0.106737772622D-02
 -0.273844145675D-02 -0.263428226445D-02  0.356364000493D-03 -0.205955059899D-02
 -0.238797388662D-02  0.110002374639D-02 -0.343241133210D-02 -0.455849484222D-02
 -0.104828219542D-02 -0.517917878530D-02 -0.715745290439D-02 -0.130994264531D-02
 -0.191851714109D-02 -0.103304957142D-01 -0.250073037332D-02  0.973011340901D-02
  0.752211705447D-02 -0.219131983343D-02  0.113881532046D-01  0.698822407569D-02
 -0.148357400319D-02  0.926644291770D-02  0.169927477200D-02 -0.249331138658D-02
  0.897256354624D-02  0.493054392678D-01  0.176809078272D-02 -0.243676278706D-01
 -0.139585422250D-01  0.119118881843D-02  0.198760800034D-02 -0.200227888612D-01
 -0.748449790494D-03 -0.124539483033D-02  0.457879687788D-02 -0.134317360851D-01
  0.375706300326D-01  0.376912812535D+00 -0.193187441551D-01 -0.742006548556D-03
  0.657977924362D-02 -0.220559580282D-01  0.172523266474D-01 -0.179178720702D-01
 -0.190407371806D-01  0.210608382830D-01 -0.868903107137D-02 -0.148050439618D-01
 -0.950339371976D-02  0.182545762012D-02 -0.144872928939D-01  0.181712599757D-02
 -0.820418818030D-02 -0.886986148300D-02 -0.206538661706D-01  0.154642411061D-02
 -0.756660168044D-02 -0.175292194163D-01  0.523718370419D-02 -0.120666986155D-03
  0.868749067927D-03  0.484905419056D-02  0.151285613673D-02  0.389064299117D-04
  0.776316791590D-03  0.506024138342D-02 -0.334067920681D-03  0.764897179846D-02
  0.549392336857D-02  0.332095124860D-02  0.993100615174D-03  0.848558089544D-02
  0.178391517795D-02  0.350212175134D-02 -0.213083287376D-01 -0.415968117400D-01
 -0.358475223706D-01 -0.221537702501D-01  0.461353977811D-02  0.389935045212D-02
 -0.346233020501D-02  0.132950489696D-02 -0.378657621225D-02 -0.696347424864D-03
 -0.146851880867D-02  0.210909900871D-02  0.244861922227D-02  0.599771309950D-02
  0.622850863295D-02  0.711853842945D-02  0.327955673399D-02 -0.249141653387D-02
  0.118949941560D-01 -0.209145375660D-02 -0.137522437300D-02  0.841212020604D-02
  0.137297698029D-02 -0.140612890695D-02  0.971126353461D-02 -0.596259368861D-02
 -0.739466026631D-03  0.138820187347D-01  0.423177344757D-02 -0.303880812626D-02
  0.861803428008D-02 -0.748943809476D-03 -0.826472821134D-03 -0.558009160156D-02
 -0.158376561792D-03 -0.101525600241D-01 -0.454467570322D-02  0.787702294251D-02
  0.426944230935D-02 -0.221270736453D-03 -0.953865813641D-03  0.103403565803D-02
 -0.273784369756D-01 -0.810562241126D-02 -0.504644457164D-02 -0.209166945617D-01
  0.311044366520D-02  0.458191936759D-02 -0.187471276763D-01  0.679921887333D-02
 -0.100422195601D-02 -0.127212849260D-01 -0.185360858012D-01 -0.207986336718D-01
 -0.114519319220D-01 -0.207558396361D-01 -0.173378232608D-01 -0.265028133204D-01
  0.450850776921D-01 -0.191288394243D-01 -0.174641412812D-01  0.149838987478D-01
  0.198966192531D-01 -0.817708975918D-02 -0.118546632598D-01  0.277958518966D-01
 -0.899751027786D-02 -0.194363750304D-01  0.989357046244D-02  0.398865779497D-01
  0.171358373250D-01  0.265877793433D-02  0.406302562705D+00  0.251301876465D-02
 -0.303689589870D-01  0.172927319436D-01  0.330138264916D-03 -0.483895614910D-01
  0.436507720141D-02 -0.126339532850D-02 -0.178019744508D-01  0.248478609256D-02
  0.420202701823D-02 -0.341332694485D-01  0.120600871622D-01  0.133938909475D-02
 -0.181432083274D-01  0.643243213678D-02  0.208476118034D-02 -0.130891761109D-01
  0.158465217353D-01  0.129657680946D-02 -0.155669916933D-01  0.510079731464D-02
 -0.183051244540D-02 -0.538936791652D-03 -0.143942716900D-02  0.741028908400D-03
 -0.458158116377D-03 -0.790368684535D-02  0.201122953892D-02 -0.330691153659D-03
  0.597710689063D-02 -0.121772400997D-03  0.531644596418D-02 -0.587704824923D-02
 -0.990621893872D-04  0.742759415222D-02 -0.317092019364D-03 -0.911303895227D-03
 -0.369084537757D-01  0.139571205786D-02 -0.243454484465D-03 -0.307879616771D-01
  0.233674045096D-01 -0.280113032548D-02  0.801470530052D-03 -0.644481612464D-02
 -0.340208281863D-02 -0.374277994551D-02 -0.541035681641D-02 -0.212058475454D-02
  0.411622724381D-02 -0.129648932912D-02  0.352795629388D-02  0.112697973941D-01
 -0.989197159438D-03  0.267587156019D-02 -0.113070755573D-02  0.685670252155D-02
 -0.281660776100D-02  0.145767294435D-01 -0.419176945607D-02  0.686278818475D-02
 -0.248580189859D-02  0.564747593860D-02  0.259961617977D-02  0.194201093552D-01
 -0.491092735552D-02 -0.337333071631D-02  0.186823217966D-02 -0.114004483468D-01
  0.185070716674D-02 -0.702519780648D-02 -0.109179023379D-01  0.375337302012D-03
 -0.482697187408D-03  0.241702884465D-02  0.195957324879D-02 -0.409188025003D-02
 -0.559528572126D-03 -0.755016786182D-02  0.363579235331D-02 -0.254281860800D-01
  0.397895757660D-02 -0.309650472488D-01  0.217583829616D-02  0.507042231460D-02
 -0.133786749297D-01  0.225727664402D-02  0.650440298860D-02 -0.143598669330D-01
 -0.107285536021D-01  0.614422824348D-02 -0.260432259058D-01  0.875647470845D-02
 -0.315722545112D-02 -0.319667118856D-01 -0.119478608061D-01 -0.333671298048D-02
 -0.808220795242D-02  0.559499823355D-02  0.349152084296D-02 -0.846987678215D-02
 -0.318576888803D-02 -0.110535560924D-02 -0.773346987567D-02 -0.540244843491D-03
  0.110739545378D-03 -0.667131332370D-01  0.385439208422D-01  0.427596846263D-02
  0.429588685651D+00  0.181737659846D-02 -0.626057483659D-02 -0.116104732672D-01
  0.275096299743D-02 -0.126152916343D-01 -0.221570782147D-01  0.315904566573D-02
 -0.188132978485D-01 -0.232861225124D-01  0.100420118670D-02 -0.133100571141D-02
 -0.794637992332D-02  0.158299731903D-02 -0.543941184875D-02 -0.668002183428D-02
  0.670791769907D-03  0.139745437012D-02 -0.730261115353D-02  0.210684368902D-03
 -0.234394982484D-02 -0.637963283454D-03 -0.187411174728D-02 -0.106165278151D-03
 -0.667597773528D-02 -0.188714987922D-02 -0.320865911325D-03 -0.375132817011D-02
 -0.219179649127D-02  0.171784786039D-02 -0.461642362666D-02 -0.216096170080D-02
  0.173930158888D-02 -0.479952974914D-02 -0.159472358383D-02  0.145587754106D-03
 -0.494559142922D-02  0.358583987773D-02 -0.152131075372D-01 -0.593153030260D-01
  0.236641266703D-02 -0.105299568463D-01 -0.354173904346D-01 -0.358502308558D-03
 -0.131057216831D-02 -0.767785774937D-02 -0.264412565430D-02 -0.116707705080D-02
 -0.846126880925D-02 -0.251291898310D-02  0.257101914977D-02 -0.580450329817D-02
 -0.267064311924D-02  0.585123600533D-02 -0.838813691094D-02 -0.100721683313D-02
  0.207289108408D-03 -0.850737117721D-02 -0.104109723061D-02 -0.322820589113D-02
 -0.538876988196D-02 -0.214816697892D-02 -0.218716798412D-02 -0.971114792931D-02
  0.204608827758D-03 -0.411586096130D-02 -0.977024158923D-02 -0.814002255760D-03
 -0.238741094007D-02 -0.775945202296D-03  0.647566454728D-04 -0.248389445372D-02
 -0.267574733279D-02 -0.961312167642D-03 -0.219465074397D-02 -0.292570374941D-02
 -0.115376546528D-02 -0.332960043716D-02 -0.437922609479D-02  0.386769071364D-02
 -0.558329449858D-02 -0.764021268263D-02  0.123711343822D-02 -0.159415619594D-02
 -0.103978360994D-01 -0.609409104060D-03  0.949780512925D-02  0.805602669077D-02
 -0.121902988352D-02  0.110374578573D-01  0.733464223306D-02 -0.721680264257D-03
  0.891541073621D-02  0.248096702512D-02  0.859843262360D-03  0.951845746530D-02
  0.494901138554D-01  0.353143845500D-02 -0.237288998796D-01 -0.138383383224D-01
  0.901435246202D-03  0.259542804000D-02 -0.203680580038D-01 -0.454394366286D-03
 -0.991035050525D-04  0.375348670298D-02 -0.973054141296D-02  0.374251672871D-01
 -0.122585788418D+00  0.734653273134D-02  0.392435112248D-01  0.376893772063D+00
 -0.788553146078D-03  0.413680314486D-04 -0.248582096593D-02 -0.102019815816D-01
 -0.806309508317D-04 -0.172655042176D-02 -0.939089436601D-02  0.151589038365D-03
 -0.127087156469D-02  0.112333373448D-03  0.264635532605D-02 -0.994776227829D-03
 -0.414314288278D-02  0.955797409700D-03 -0.741692554734D-03 -0.321629976051D-02
  0.823171833935D-03 -0.199656394411D-02 -0.710844297011D-02 -0.199027821275D-03
  0.165959907508D-03 -0.188463969125D-01 -0.371084405403D-03 -0.375590255748D-04
 -0.127556126335D-01  0.232999534320D-03  0.697281460872D-03 -0.114273582048D-01
  0.575615848187D-03 -0.295442599653D-04 -0.162747284453D-01 -0.650009119079D-04
  0.326047330501D-03 -0.171310443431D-01  0.211101251128D-03  0.163465957879D-03
 -0.726076740355D-02  0.834868991252D-03  0.111525205890D-02 -0.610685393370D-02
  0.171923725550D-03 -0.155682233476D-02 -0.216475989289D-01  0.430640729402D-02
  0.726381835654D-03 -0.206424948983D-01 -0.581846935228D-02 -0.503387047547D-03
 -0.205022781545D-01 -0.526350663795D-03 -0.184695950044D-03 -0.603376427274D-02
  0.573943875182D-03  0.741826817324D-03 -0.128157010931D-01  0.578635177560D-03
  0.270948032351D-04 -0.223935460994D-01 -0.119528229885D-02  0.608224165317D-04
 -0.159196852685D-02  0.151463359826D-02  0.183192638966D-04 -0.940273245844D-02
  0.256614280036D-03  0.103179221214D-03 -0.268887178493D-01  0.232344429576D-03
  0.806232995635D-03 -0.602882897731D-02  0.277437407051D-04  0.708498275257D-03
 -0.100105481849D-01 -0.598828182574D-03  0.336715148802D-04 -0.902683087825D-02
  0.613770236268D-03  0.413014194834D-03 -0.130526543482D-01 -0.240096858520D-03
  0.142571671325D-02  0.350099272399D-02 -0.122217377135D-04 -0.145191870082D-03
  0.891194314813D-02 -0.109034382890D-02 -0.384506957084D-03  0.987942151342D-02
  0.120158590386D-02  0.191278586803D-02  0.558358692780D-02  0.257031316163D-02
  0.211669987781D-03 -0.140431368212D-01 -0.280244700949D-02 -0.468513293950D-02
 -0.129559062578D-01  0.558868377046D-03 -0.322326251547D-02  0.972639338809D-03
  0.618226190754D-03  0.848430071847D-04 -0.113637522168D-01 -0.796895903496D-03
  0.365133651620D-03 -0.620224669792D-02  0.350215804023D-02  0.176302707105D-02
 -0.433158698976D-02 -0.339328559170D-02  0.938208320733D-03  0.479089484581D+00
 -0.187344856405D-02 -0.570744284738D-02 -0.345202607035D-02  0.290016668832D-02
 -0.635867925620D-02 -0.222835981228D-02  0.164745540651D-02 -0.589645291509D-02
 -0.165982641867D-02 -0.327588043974D-02 -0.572586447227D-02 -0.261225762328D-02
 -0.143847828313D-02 -0.616816624841D-02 -0.240701814647D-02 -0.259445304476D-02
 -0.715671839379D-02 -0.224294971039D-02 -0.936055242793D-03 -0.999347035529D-02
 -0.189804925994D-03  0.254313107257D-02 -0.128320384349D-01  0.206425356082D-02
 -0.680494048869D-03 -0.131204679561D-01  0.224006573849D-03 -0.204279917869D-02
 -0.142581791244D-01  0.864336865985D-03  0.113181042833D-03 -0.144544927448D-01
  0.903909555303D-03  0.547167521331D-05 -0.158113431360D-01  0.173025216155D-02
  0.249000519222D-02 -0.353231644684D-02 -0.800359302789D-03  0.123892751579D-02
 -0.557225631071D-02 -0.304181161372D-02  0.438245362852D-02 -0.153697720280D-01
  0.275762782211D-02  0.385471694512D-02 -0.987367402666D-02  0.189539923217D-02
  0.269982107120D-02 -0.140509533755D-01  0.228838373419D-02 -0.507832211271D-02
 -0.148507438688D-01 -0.650906220858D-03 -0.255770404403D-02 -0.167715833880D-01
 -0.271569216593D-04  0.265487223707D-02 -0.166725365433D-01  0.271339454028D-02
 -0.762048564658D-02 -0.149226459170D-01 -0.215609662492D-02 -0.453278298602D-02
 -0.182672319472D-01 -0.999862622381D-03  0.471846422294D-02 -0.164318457457D-01
  0.438925134009D-02 -0.223805267904D-02 -0.107038914101D-01 -0.101776533134D-02
 -0.763374262996D-03 -0.116279980005D-01  0.370499868914D-03 -0.207039051792D-02
 -0.121698544283D-01  0.604531743877D-03  0.583282481703D-02 -0.235334478471D-02
  0.214163118703D-02 -0.355857837067D-02 -0.675670946366D-02 -0.290870816784D-02
 -0.660568366508D-02 -0.744334575891D-02 -0.243539845924D-02 -0.815573166187D-02
 -0.597690759929D-02 -0.167592919231D-02 -0.644979489904D-02 -0.566802171216D-02
 -0.281853334512D-02  0.531146065165D-02 -0.666672840199D-02 -0.394523879511D-02
  0.312722334407D-02 -0.530547061790D-02 -0.330399190328D-02 -0.478844467550D-02
 -0.865989706532D-02 -0.304721947277D-02  0.123849201762D-02 -0.876538576335D-02
  0.138555880314D-02  0.203163791090D-02 -0.466336012471D-02 -0.102045182918D-02
  0.133930449134D-02 -0.804068053008D-03 -0.159969624842D-02  0.433195478878D-02
  0.485202074065D+00 -0.171464050431D-02 -0.804842600849D-03 -0.506130730091D-02
 -0.180530750682D-02 -0.420823866126D-02 -0.623040613039D-02 -0.128028782012D-02
 -0.267832916262D-02 -0.483130986906D-02 -0.536652683811D-03 -0.621650054050D-02
 -0.655878269472D-02 -0.677463057035D-03 -0.329905254188D-02 -0.811984295503D-02
 -0.291632097188D-03 -0.578034516951D-03 -0.477812782350D-02  0.416903546080D-03
 -0.459154301716D-02 -0.844469076952D-02  0.150155959358D-02  0.339549197703D-02
 -0.102041268911D-01  0.184572212460D-02  0.312847927681D-02 -0.126100006841D-01
  0.247145701472D-02  0.294924667649D-02 -0.729282324441D-02  0.229841345854D-02
  0.545553262536D-02 -0.118776149440D-01  0.264699325731D-02  0.525297461994D-02
 -0.942872789944D-02 -0.248890538315D-02 -0.670460612162D-02 -0.808017619589D-02
 -0.217900032998D-02 -0.232421832800D-02 -0.103846466726D-01  0.106651562495D-02
  0.278837087484D-02 -0.125597524217D-01  0.126894542883D-02  0.212794790709D-02
 -0.114532275687D-01  0.201746744979D-02  0.371114500637D-02 -0.100446053850D-01
  0.286120628085D-02  0.384678182757D-02 -0.926446266376D-02  0.297897086226D-02
  0.594351412854D-02 -0.952981733745D-02  0.241213112496D-02  0.643851546010D-02
 -0.117413775259D-01  0.318062249411D-02  0.448455044097D-02 -0.834151284375D-02
  0.321789047666D-02  0.683421717983D-02 -0.867760453814D-02  0.233053129557D-02
  0.611053072025D-02 -0.136119561832D-01  0.593939836959D-03  0.819297103695D-03
 -0.931362484921D-02  0.839056264677D-03  0.309763978083D-02 -0.853585687212D-02
  0.148274466089D-02  0.326510837312D-02 -0.780647901712D-02 -0.364770507970D-02
 -0.369506647681D-02 -0.106428756125D-01 -0.162294531262D-02 -0.247525455488D-02
 -0.815936254026D-02 -0.114596280765D-02 -0.102216668009D-02 -0.721894246146D-02
 -0.709096584190D-03  0.173342161731D-02 -0.940045192030D-02 -0.138293427678D-03
 -0.400180108249D-02 -0.101399765266D-01 -0.258468540171D-02 -0.323172726336D-03
 -0.480233319767D-02 -0.104028190376D-02 -0.487603171413D-02 -0.578126351792D-02
  0.311231783318D-03 -0.460250917956D-02 -0.533350384033D-02 -0.510568948450D-04
 -0.103749383648D-02 -0.899057533303D-02 -0.943906040539D-03 -0.459620627004D-02
 -0.894432272979D-02 -0.464532732413D-02 -0.560356140999D-02 -0.812842421487D-02
  0.729957273797D-03  0.288547763456D-02  0.488354447122D+00  0.309845540592D-02
 -0.994060645226D-03  0.404954434965D-02 -0.107955651416D-01  0.347234962707D-03
  0.181063295426D-02 -0.965821546512D-02  0.158140341835D-02  0.789774391429D-03
  0.490033300804D-02 -0.180793826143D-02  0.193974890658D-02 -0.187348814670D-02
  0.201229871633D-02  0.638794314505D-03 -0.647670580831D-03  0.431717511227D-02
  0.421442270198D-03 -0.668320245493D-02  0.588704572574D-02 -0.205598171729D-02
 -0.232882585631D-01 -0.133771043670D-02 -0.605590881079D-03 -0.142364108254D-01
 -0.681282259374D-03 -0.112091150525D-02 -0.121321980622D-01 -0.282737051782D-03
 -0.106191856831D-02 -0.192070644894D-01 -0.112023106302D-02 -0.571544968058D-03
 -0.202025754329D-01 -0.885126944714D-03 -0.678187558240D-03 -0.626608938286D-02
 -0.144000764644D-02  0.293192291681D-02 -0.470476796342D-02 -0.168987185331D-02
  0.429373346690D-02 -0.273557631364D-01  0.645327553379D-02  0.719921402228D-03
 -0.262326620761D-01 -0.857590275335D-02 -0.957299047828D-03 -0.256672290694D-01
 -0.140043115742D-02 -0.535206245184D-03 -0.425369828045D-02  0.126552712591D-02
 -0.584946862591D-03 -0.137333863145D-01  0.231935729550D-03  0.223785416682D-03
 -0.281027855247D-01 -0.676772648612D-03 -0.364337574682D-03  0.246418519152D-02
  0.106335097769D-02  0.218449979336D-02 -0.862764742144D-02  0.143229823611D-02
  0.726809697065D-03 -0.342162148312D-01 -0.356804240690D-02 -0.325265507297D-03
 -0.465795279403D-02  0.299930619390D-02 -0.329473135912D-02 -0.104279989128D-01
  0.870504554733D-04 -0.161696883911D-02 -0.868980589001D-02 -0.598617335556D-03
 -0.202522249486D-02 -0.147260025329D-01 -0.295617992730D-02  0.552653025395D-03
  0.911967057240D-02  0.806576456198D-03  0.639353628459D-03  0.166248704126D-01
  0.347363485299D-02  0.124982343886D-02  0.186549765479D-01  0.100226019024D-02
 -0.106824353013D-02  0.127901150827D-01 -0.823468676943D-03  0.174159184309D-02
 -0.168043216537D-01  0.686348896555D-03  0.930433873650D-03 -0.149516283392D-01
  0.241652060755D-02  0.122150568078D-02  0.547680335970D-02  0.608907643652D-02
 -0.329656174429D-02 -0.130131956450D-01  0.502792672221D-02 -0.396466433797D-02
 -0.543670272658D-02  0.498650040576D-02  0.236739700290D-02 -0.190021542680D-02
 -0.500612279910D-02  0.102174303033D-02 -0.257930793765D-01  0.691792230453D-02
  0.706234647500D-03  0.465445342938D+00 -0.195268969326D-02  0.712111980976D-04
 -0.102217703442D-02  0.279034169904D-02 -0.724967283331D-02  0.139028494951D-03
  0.138737396362D-02 -0.435792960910D-02  0.150063067018D-02 -0.247707989733D-02
 -0.872211985780D-02 -0.284195427387D-03 -0.132025898705D-02 -0.502562573331D-02
 -0.432616501442D-02 -0.258036437676D-02 -0.401281176781D-02  0.149058808254D-02
 -0.611476029632D-03 -0.125048949107D-01 -0.196078146751D-02  0.227165114174D-02
 -0.143757362296D-01  0.291937816110D-02 -0.540973912977D-03 -0.150728752099D-01
 -0.329915436232D-02 -0.169009106186D-02 -0.176177049793D-01  0.232139524422D-02
 -0.310551590275D-05 -0.160187942887D-01 -0.405882143859D-03 -0.806053383054D-04
 -0.190535883918D-01  0.230044001148D-02  0.233010849372D-02 -0.277439574142D-02
  0.138814846183D-02  0.107275659920D-02 -0.324235072107D-02 -0.113074505314D-02
  0.393452669335D-02 -0.170265604315D-01  0.265972461740D-02  0.348615283836D-02
 -0.121890465742D-01  0.179174771595D-02  0.246646517328D-02 -0.168793564842D-01
  0.357490808455D-02 -0.448330542708D-02 -0.170805187727D-01 -0.201357459558D-02
 -0.244867731833D-02 -0.202488817346D-01 -0.160797029060D-03  0.214196038119D-02
 -0.192275566752D-01  0.289666948922D-02 -0.671959378582D-02 -0.172556129883D-01
 -0.307787654150D-02 -0.433692828673D-02 -0.212219443167D-01 -0.136648418146D-02
  0.404069906931D-02 -0.205198577132D-01  0.404035185666D-02 -0.191621923763D-02
 -0.119945757270D-01 -0.347301542234D-02 -0.832923366964D-03 -0.100625353618D-01
  0.791172052741D-03 -0.186230653868D-02 -0.127478752600D-01  0.993830999692D-03
  0.486145609649D-02  0.136530376959D-02  0.398036924120D-02 -0.289634978927D-02
 -0.583179626046D-02 -0.397848659317D-02 -0.589572876673D-02 -0.269462879362D-02
 -0.259229598815D-02 -0.739981164810D-02 -0.539834812251D-03 -0.671292381172D-02
 -0.546843178213D-02 -0.618586685259D-02 -0.476831713863D-02  0.427942968478D-02
 -0.428466273874D-03  0.616567959688D-03  0.278787856706D-02 -0.566707231286D-02
  0.761496808507D-03 -0.420986321040D-02 -0.937460573757D-02 -0.291757893329D-02
  0.106653757040D-02 -0.760025705201D-02  0.328387656573D-03  0.214031701221D-02
 -0.182268587452D-02 -0.537811401486D-03  0.848812423187D-03  0.150381226319D-02
 -0.115190323377D-02  0.394490908467D-02 -0.151908376811D-01  0.364404012819D-02
  0.581982607122D-02  0.483943762522D+00 -0.150254419197D-02 -0.237143269938D-02
 -0.859694666873D-02 -0.164593688238D-02 -0.510002526263D-02 -0.876011918818D-02
 -0.105562932116D-02 -0.450134093557D-02 -0.785113767783D-02 -0.748969084454D-03
 -0.337635263495D-02 -0.719265444143D-02 -0.579472489064D-03 -0.384022412315D-02
 -0.840851602218D-02 -0.730201161717D-04 -0.276787124306D-02 -0.669347604931D-02
  0.407179819141D-03 -0.421084147363D-02 -0.790836979571D-02  0.129910912468D-02
  0.491957249791D-02 -0.109368444471D-01  0.160921978566D-02  0.486658549144D-02
 -0.102530507033D-01  0.212066458068D-02  0.563252480509D-02 -0.835006727301D-02
  0.201953380896D-02  0.721766083033D-02 -0.106793644022D-01  0.225238108946D-02
  0.813656377735D-02 -0.100455063321D-01 -0.251045049492D-02 -0.583337684498D-02
 -0.896083343974D-02 -0.194819004504D-02 -0.340027206268D-02 -0.101270197440D-01
  0.883824081107D-03  0.425732927211D-02 -0.126303841788D-01  0.109822352635D-02
  0.363816053069D-02 -0.115759974361D-01  0.173542664831D-02  0.589064935024D-02
 -0.111509865729D-01  0.254599247678D-02  0.586147343095D-02 -0.785741144095D-02
  0.258729199295D-02  0.884781275485D-02 -0.937633041303D-02  0.209283100591D-02
  0.855885619940D-02 -0.119511094440D-01  0.283902227827D-02  0.659008780432D-02
 -0.798698156886D-02  0.283070008770D-02  0.934419174214D-02 -0.842310646140D-02
  0.181921340301D-02  0.103797001684D-01 -0.135295488286D-01  0.670579597268D-03
 -0.397743381096D-03 -0.696158204966D-02  0.802947426491D-03  0.295406478958D-02
 -0.832783925901D-02  0.131416414097D-02  0.433077949824D-02 -0.769258698933D-02
 -0.326795548405D-02 -0.528341312946D-02 -0.108085558080D-01 -0.132243045864D-02
 -0.501091380263D-02 -0.691122072450D-02 -0.739085529751D-03 -0.494782391588D-02
 -0.656176023983D-02 -0.357482749145D-03 -0.194850888440D-02 -0.585299834497D-02
 -0.246726657032D-03 -0.253423286648D-02 -0.734482367995D-02 -0.217858411302D-02
 -0.399517504374D-02 -0.791564821114D-02 -0.887942915041D-03 -0.565887824645D-02
 -0.854254742159D-02  0.318722887233D-03 -0.447217544980D-02 -0.423440910100D-02
  0.127932539952D-03 -0.309422487406D-02 -0.844744219732D-02 -0.275419797650D-02
 -0.687896662720D-02 -0.949698934226D-02 -0.215586761776D-02 -0.744676165312D-02
 -0.867891734017D-02  0.402594996101D-03  0.356092400289D-02 -0.122460762584D-01
  0.863498346911D-03  0.479387145313D-02  0.486585882421D+00  0.741415903732D-03
  0.584263490958D-04  0.143680367386D-02 -0.705608383559D-02  0.535924737547D-03
 -0.150977303193D-02 -0.745043410730D-02  0.220644927035D-02 -0.557597481048D-03
  0.840749491925D-03 -0.125662567238D-02  0.828996397889D-03 -0.358994349893D-02
  0.216345912697D-02 -0.138386689445D-02 -0.376078034038D-02  0.247355006442D-02
 -0.239875517220D-03 -0.759469918012D-02  0.141872458310D-02 -0.226298982093D-03
 -0.200364724456D-01 -0.601140363492D-03  0.159563736720D-03 -0.151889214668D-01
 -0.239049552442D-03 -0.107080644298D-02 -0.149395319709D-01 -0.229845270422D-03
  0.726026506768D-03 -0.193391289571D-01 -0.122168615578D-03 -0.626824596326D-03
 -0.207255907592D-01 -0.336009786664D-03  0.531410124314D-03 -0.277656184901D-02
 -0.208408263859D-02 -0.590181679829D-03 -0.318036022537D-02  0.188315212543D-03
 -0.369227200943D-03 -0.218391557732D-01  0.312281829948D-02  0.113716513932D-02
 -0.211096542776D-01 -0.478891283224D-02 -0.150911400466D-02 -0.222893760073D-01
 -0.563816585312D-03  0.286802925566D-03 -0.109606308581D-01  0.241262380186D-03
  0.208795934163D-03 -0.177916679921D-01  0.349551940958D-03 -0.104904666352D-03
 -0.253175862365D-01 -0.345014454374D-03  0.285398015500D-03 -0.759723259189D-02
  0.911949869785D-03  0.123951944182D-02 -0.154587938924D-01  0.276900612833D-03
  0.507348067462D-03 -0.288918753819D-01 -0.193802892480D-02  0.541241696336D-03
 -0.753635253905D-02  0.115982412241D-02 -0.277205974892D-02 -0.114672401831D-01
  0.284756602941D-03 -0.302395272259D-03 -0.114469752943D-01 -0.104139542000D-03
 -0.282502101292D-03 -0.732329105828D-02 -0.679844914517D-03  0.944503438635D-03
  0.481418662405D-02 -0.142219221679D-02  0.910572594235D-03  0.847401877981D-02
  0.883011106650D-03  0.168220141966D-02  0.860039406118D-02  0.192112188477D-04
  0.161889677854D-05  0.477416347365D-02 -0.340245652444D-03  0.106727829763D-02
 -0.102006209376D-01  0.244698345784D-02 -0.281287138950D-02 -0.106779077835D-01
  0.225827069456D-02 -0.570448950752D-03 -0.596501806801D-03  0.266161171837D-02
 -0.276023724969D-03 -0.109534583904D-01  0.164722751948D-02 -0.156329293468D-02
  0.234024658859D-03  0.346549957397D-02  0.762516802298D-03 -0.278928633634D-02
 -0.209270715143D-02 -0.115885198989D-02 -0.202363528916D-01  0.340472890096D-02
  0.143803164552D-02 -0.255212595584D-01  0.307929349229D-02  0.128260516916D-02
  0.478814618269D+00 -0.337130623235D-02 -0.345112125521D-02 -0.403488320250D-02
  0.491031059009D-02 -0.326975954831D-02 -0.750697111134D-03  0.297340878318D-02
 -0.537874684662D-02 -0.891076030444D-03 -0.582413808422D-02 -0.362124920653D-02
 -0.271517962943D-02 -0.247401036703D-02 -0.595419858909D-02 -0.170481779831D-02
 -0.455669188049D-02 -0.743314750389D-02 -0.278736661781D-02 -0.181851589167D-02
 -0.900627855469D-02 -0.108874335646D-02  0.464537805390D-02 -0.146000097446D-01
  0.232281889726D-02 -0.107791833490D-02 -0.150785067857D-01  0.135068894936D-02
 -0.354652666077D-02 -0.165564831414D-01 -0.465214060046D-03  0.314952868109D-03
 -0.175893916988D-01  0.203004338313D-02 -0.431295704112D-04 -0.192563893894D-01
  0.109419931474D-02  0.420046577329D-02  0.192464700268D-03 -0.133486136630D-02
  0.199652587466D-02 -0.244344999156D-02 -0.242185882309D-02  0.783032990224D-02
 -0.187520691050D-01  0.406577100842D-02  0.693426412803D-02 -0.904723451391D-02
  0.261722768907D-02  0.492565381727D-02 -0.163894180646D-01  0.255429453926D-02
 -0.889638037418D-02 -0.179213182347D-01 -0.131915986326D-02 -0.474377088709D-02
 -0.207933650393D-01 -0.813922696042D-04  0.455822282849D-02 -0.201840965531D-01
  0.330636388537D-02 -0.133849705495D-01 -0.180462390268D-01 -0.335058019982D-02
 -0.844837043453D-02 -0.223666127338D-01 -0.141955231117D-02  0.818007000525D-02
 -0.198198043908D-01  0.521109777885D-02 -0.398904294805D-02 -0.116118239593D-01
  0.255075117808D-03 -0.128560955769D-02 -0.126555382780D-01  0.364976899504D-04
 -0.355715834891D-02 -0.138420433973D-01 -0.281010002318D-03  0.102075806566D-01
  0.461919362138D-03  0.159844670510D-02 -0.651104689108D-02 -0.291489834150D-02
 -0.280027261076D-02 -0.117299080970D-01 -0.515628722476D-02 -0.384600349407D-02
 -0.142358080717D-01 -0.491450132656D-02 -0.285108114581D-02 -0.112054608987D-01
 -0.517528722664D-02 -0.351354753483D-02  0.914335531033D-02 -0.374808156540D-02
  0.621398277786D-03  0.568464726067D-02 -0.583299599795D-02 -0.694416216837D-03
 -0.861896927544D-02 -0.864201504950D-02 -0.313037379837D-02  0.233418950711D-02
 -0.896275324884D-02  0.130244391597D-02  0.269684501503D-02 -0.318636779849D-02
 -0.205776123899D-02  0.316760214511D-02  0.372975963634D-02 -0.305432141820D-02
  0.795952028790D-02 -0.177972634391D-01  0.390824385778D-02  0.120065574677D-01
 -0.187400308486D-01  0.512323382491D-02  0.611931056658D-02  0.477029628858D+00
 -0.283337569697D-02 -0.738604693857D-03 -0.907509042526D-02 -0.325441530387D-02
 -0.342632077222D-02 -0.761908380344D-02 -0.204111620371D-02 -0.481811604892D-02
 -0.679257660861D-02 -0.166885041151D-02 -0.120045447280D-02 -0.908267760061D-02
 -0.119354510459D-02 -0.416341861126D-02 -0.752214336693D-02 -0.574168337004D-04
 -0.563945683756D-02 -0.725080577973D-02  0.547860729603D-03 -0.554004825226D-02
 -0.618146590904D-02  0.267540161153D-02  0.316007793391D-02 -0.103820514816D-01
  0.315312948986D-02  0.353087095253D-02 -0.927203155098D-02  0.410578383320D-02
  0.373316717443D-02 -0.857278263232D-02  0.410332164732D-02  0.447373001548D-02
 -0.103702364261D-01  0.454560334773D-02  0.520394971607D-02 -0.976439172217D-02
 -0.478525135364D-02 -0.343080170011D-02 -0.905903991492D-02 -0.379025275765D-02
 -0.419792337047D-03 -0.100405996339D-01  0.186603799774D-02  0.308658452910D-02
 -0.121996741738D-01  0.226707706788D-02  0.204859911206D-02 -0.104167804279D-01
  0.349215441863D-02  0.393514157869D-02 -0.105890542644D-01  0.487192538648D-02
  0.349545550482D-02 -0.869410911637D-02  0.515257868351D-02  0.559204580099D-02
 -0.977442265773D-02  0.433306059171D-02  0.522987120007D-02 -0.116724120836D-01
  0.541401260595D-02  0.415249914720D-02 -0.994624515721D-02  0.560525685407D-02
  0.570465420446D-02 -0.904539008257D-02  0.393020189049D-02  0.760686335847D-02
 -0.133945745004D-01  0.115119278916D-02 -0.957275954419D-03 -0.632535461886D-02
  0.161480444201D-02  0.220926418192D-02 -0.784957014734D-02  0.260880343611D-02
  0.304122669270D-02 -0.783622154189D-02 -0.607907469528D-02 -0.270201442651D-02
 -0.105148775218D-01 -0.291276490458D-02 -0.775825995276D-03 -0.803456811494D-02
 -0.183545798315D-02 -0.152393174039D-02 -0.971622164267D-02 -0.811961702155D-03
 -0.683678111423D-03 -0.865983607328D-02 -0.726195944502D-03 -0.704872503715D-03
 -0.923913928884D-02 -0.399794873247D-02 -0.319455192834D-02 -0.549722664863D-02
 -0.178471564372D-02 -0.651009781879D-02 -0.651780459467D-02  0.379449129403D-03
 -0.616547391047D-02 -0.361239965126D-02  0.238524027184D-03 -0.529522366055D-02
 -0.672264945811D-02 -0.408847502665D-02 -0.411597168817D-02 -0.863177452452D-02
 -0.556275935808D-02 -0.536796035771D-02 -0.722921433231D-02  0.988208652712D-03
  0.273813266725D-02 -0.120759909089D-01  0.190549308858D-02  0.327391885200D-02
 -0.126630331020D-01  0.259498870306D-02  0.387949554288D-02  0.486960219096D+00
 -0.113873515832D-02 -0.505075557332D-03  0.436414626424D-02 -0.949396657725D-02
 -0.807812756417D-03  0.836985174478D-03 -0.909261767550D-02  0.131683778051D-02
  0.568174148398D-05  0.728426394234D-06 -0.342071102992D-02  0.210614434480D-02
 -0.441626797010D-02  0.124798577035D-02  0.717033849111D-04 -0.388317347780D-02
  0.331837820354D-02  0.236888901709D-02 -0.769020621033D-02  0.367552261594D-02
 -0.162061919065D-02 -0.184471308427D-01 -0.886044490168D-03 -0.144929602926D-04
 -0.129237843941D-01 -0.692408639401D-03 -0.164689440256D-02 -0.117726904584D-01
 -0.539233766741D-03  0.199391629186D-03 -0.162065625623D-01 -0.353681890716D-03
 -0.609842435096D-03 -0.168328224912D-01 -0.770972576718D-03 -0.229466884644D-04
 -0.638200466030D-02 -0.236330388153D-02 -0.135262919098D-02 -0.569265737910D-02
 -0.230446904012D-02  0.263883605654D-02 -0.207157831581D-01  0.375491695520D-02
  0.504639676949D-03 -0.202650726044D-01 -0.536418783538D-02 -0.837181315935D-03
 -0.200842543179D-01 -0.770021801015D-03  0.224727986986D-03 -0.709406648802D-02
  0.116176369016D-02 -0.613696969647D-03 -0.129149067908D-01 -0.173922278998D-03
  0.350748860272D-03 -0.217681677993D-01  0.459109210311D-03  0.388624160220D-03
 -0.298395402269D-02  0.351448833232D-03  0.180266477309D-02 -0.984085347632D-02
  0.109949543113D-02  0.304777117318D-03 -0.252751128898D-01 -0.381252502528D-02
 -0.131220246026D-03 -0.658991613389D-02  0.187008385720D-02 -0.312385823323D-02
 -0.103528799321D-01  0.578851968864D-03 -0.778046555556D-03 -0.937791716191D-02
 -0.747124376097D-03 -0.103048918495D-02 -0.114856621810D-01 -0.211894791489D-02
 -0.142698926836D-02  0.271120718873D-02 -0.834916111703D-03  0.457828438167D-03
  0.693097697935D-02  0.325295785825D-02  0.274497141800D-02  0.809548327158D-02
  0.661416345638D-03 -0.113560595961D-02  0.457039867357D-02 -0.158059107080D-02
  0.129035484012D-02 -0.133578347178D-01  0.240753523285D-02  0.264964020065D-02
 -0.123537399554D-01  0.153280341435D-02  0.169937114212D-02 -0.176713636740D-03
  0.468283167371D-02 -0.275296199240D-02 -0.116424102631D-01  0.405954668688D-02
 -0.249795798482D-02 -0.512459857368D-02  0.301039709801D-02 -0.201121898300D-02
 -0.469456279816D-02 -0.310261080403D-02 -0.309366657544D-02 -0.195119690501D-01
  0.412752670238D-02  0.649257182859D-03 -0.251887628867D-01  0.351864578442D-02
  0.802259463274D-03 -0.198168849304D-01  0.712039074096D-02  0.167675957146D-02
  0.480394159781D+00  0.266042557202D-02 -0.530612325757D-02 -0.266036397336D-02
 -0.342417214719D-02 -0.697981217286D-02 -0.176900990467D-02 -0.212105389850D-02
 -0.617431695285D-02 -0.134987136353D-02  0.431632114331D-02 -0.570871971523D-02
 -0.227541868416D-02  0.188835073480D-02 -0.592518213082D-02 -0.219737018512D-02
  0.340443019685D-02 -0.641355826654D-02 -0.174339532824D-02  0.141797552477D-02
 -0.941331919364D-02 -0.413189131018D-03 -0.377102212523D-02 -0.134365408205D-01
  0.202562080718D-02  0.544914955743D-03 -0.130861110465D-01 -0.164460099507D-04
  0.240113441878D-02 -0.139824707186D-01  0.824878589493D-03 -0.476738612741D-03
 -0.145535505936D-01  0.803528538821D-03 -0.143035430038D-04 -0.159349148289D-01
  0.164446011090D-02 -0.290620293091D-02 -0.432506428330D-02 -0.835563695782D-03
 -0.121057766194D-02 -0.598484264821D-02 -0.242696497728D-02 -0.603261696600D-02
 -0.986661369775D-02  0.196017466634D-02 -0.546877504500D-02 -0.171016921287D-01
  0.257292982253D-02 -0.400717592988D-02 -0.146756167907D-01  0.228157251697D-02
  0.643779286109D-02 -0.137638679859D-01 -0.827631672677D-03  0.372864082545D-02
 -0.162993798085D-01 -0.181376448376D-04 -0.333494314144D-02 -0.170632435206D-01
  0.266781237323D-02  0.974324801816D-02 -0.135001150901D-01 -0.200220009123D-02
  0.676979520614D-02 -0.172110146751D-01 -0.958083851733D-03 -0.602329634685D-02
 -0.177955691227D-01  0.417330720797D-02  0.306189378897D-02 -0.100344244432D-01
 -0.133993087664D-02  0.853655158114D-03 -0.113315863112D-01  0.270281721357D-03
  0.246556312376D-02 -0.118837281306D-01  0.401901077991D-03 -0.721620485768D-02
 -0.374233402010D-02  0.186214845214D-02  0.509280707795D-02 -0.591683018483D-02
 -0.282909179810D-02  0.893457710183D-02 -0.545143517150D-02 -0.224056872429D-02
  0.104526711625D-01 -0.427936758465D-02 -0.210614815025D-02  0.819805793660D-02
 -0.479737360305D-02 -0.278591040337D-02 -0.646601100704D-02 -0.718395886898D-02
 -0.298043550368D-02 -0.419599371253D-02 -0.597461525295D-02 -0.259730680623D-02
  0.665636709999D-02 -0.733734953672D-02 -0.325556584327D-02 -0.191162251144D-02
 -0.855637554155D-02  0.106096832891D-02 -0.199185247045D-02 -0.637295982937D-03
 -0.166102612425D-02 -0.196142705977D-02 -0.560231308125D-02 -0.123476656311D-02
 -0.621346563220D-02 -0.896332182645D-02  0.206736630287D-02 -0.877156626195D-02
 -0.101171159455D-01  0.283403231904D-02 -0.482966383970D-02 -0.759858621144D-02
  0.150782261322D-02 -0.537171618405D-02  0.483549161442D+00  0.183347618176D-02
 -0.517196182221D-03 -0.516086567727D-02  0.241076748914D-02 -0.383807445042D-02
 -0.635542847229D-02  0.159844478770D-02 -0.241992431759D-02 -0.490894325713D-02
  0.157819752338D-02 -0.595360237117D-02 -0.660281816072D-02  0.105165653619D-02
 -0.309025341222D-02 -0.819550527304D-02  0.698931220273D-04 -0.554674358618D-03
 -0.485290327892D-02  0.304072290491D-03 -0.459783280608D-02 -0.839961819904D-02
 -0.158058701547D-02  0.312413458223D-02 -0.101858272385D-01 -0.203448678122D-02
  0.279401572453D-02 -0.125722259885D-01 -0.281173005428D-02  0.249738067942D-02
 -0.727129652565D-02 -0.312983971256D-02  0.497965785853D-02 -0.118580991096D-01
 -0.393854459079D-02  0.468282997515D-02 -0.940398717756D-02  0.355449032545D-02
 -0.617693485210D-02 -0.816139527525D-02  0.240714785340D-02 -0.189530724218D-02
 -0.105440374514D-01 -0.110663102022D-02  0.184501048685D-02 -0.114401465114D-01
 -0.103190738262D-02  0.265649008304D-02 -0.125363952703D-01 -0.215906061697D-02
  0.334891847387D-02 -0.100274036541D-01 -0.349182126588D-02  0.327496751486D-02
 -0.923204845289D-02 -0.497466011024D-02  0.524043480845D-02 -0.952727800139D-02
 -0.400321280300D-02  0.585527795652D-02 -0.117072645471D-01 -0.398021211128D-02
  0.386567378374D-02 -0.834267268993D-02 -0.586715747441D-02  0.601333242810D-02
 -0.869136159657D-02 -0.396326213242D-02  0.556853816189D-02 -0.135458916453D-01
 -0.894460767984D-03  0.657137356042D-03 -0.931484541281D-02 -0.111596068546D-02
  0.291330034305D-02 -0.851113045343D-02 -0.184828197865D-02  0.296372001314D-02
 -0.777734904888D-02  0.346746686673D-02 -0.302719767443D-02 -0.106247732170D-01
  0.227686374108D-02 -0.217979320848D-02 -0.816863436370D-02  0.173852256644D-02
 -0.890474469515D-03 -0.717845963007D-02  0.766000864632D-03  0.184825388397D-02
 -0.931293716838D-02  0.977521424719D-03 -0.386801907590D-02 -0.100897306629D-01
  0.247523957502D-02  0.850580749862D-04 -0.497443145768D-02  0.166103154830D-02
 -0.459152694725D-02 -0.592422006521D-02 -0.138949089500D-03 -0.463207419663D-02
 -0.534468912434D-02  0.597147484527D-03 -0.101450394704D-02 -0.894668334306D-02
  0.535883418042D-02 -0.452714170015D-02 -0.827917553753D-02  0.153374988438D-02
 -0.451213322410D-02 -0.898992861900D-02 -0.557336765358D-03  0.197754595703D-02
 -0.104744001071D-01 -0.105871445284D-02  0.273666658592D-02 -0.111308551203D-01
 -0.133720221688D-02  0.238874301877D-02 -0.101896913700D-01 -0.766345194715D-03
  0.270163238914D-02  0.488392673467D+00  0.156463717144D-03 -0.778072958618D-03
  0.464963837171D-03 -0.599115509746D-02 -0.134981508658D-02  0.138329771749D-03
 -0.668173600406D-02 -0.320059866689D-03 -0.102714100026D-02 -0.380184834207D-03
  0.111963903823D-03  0.277715056780D-03 -0.391902107446D-02  0.204738115229D-03
  0.478717150851D-03 -0.461726713942D-02  0.172407933056D-02  0.592326128244D-03
 -0.799334317323D-02  0.188808370543D-02 -0.108018763898D-02 -0.190572990373D-01
 -0.478676899030D-03 -0.218601099714D-03 -0.153115006679D-01 -0.324950705232D-03
 -0.642216193946D-04 -0.155855217162D-01  0.944841119597D-05 -0.279853110553D-03
 -0.192340804202D-01 -0.270242496269D-03  0.164798104276D-03 -0.207946142900D-01
 -0.274661262555D-03 -0.225542763477D-03 -0.235874570127D-02  0.621834063435D-03
  0.287824149029D-03 -0.262446930138D-02 -0.240665362837D-02  0.116369710441D-02
 -0.201198317477D-01  0.258491485393D-02  0.141846139142D-02 -0.198666963702D-01
 -0.349616435629D-02 -0.143973818171D-02 -0.212479496584D-01 -0.543263662799D-03
 -0.249057837873D-03 -0.127100638709D-01  0.103716035391D-02  0.813541120393D-04
 -0.188150161567D-01 -0.224345595002D-03  0.507118113807D-03 -0.245375348907D-01
 -0.246743571006D-03  0.136021344661D-03 -0.100782488475D-01  0.272795590486D-03
  0.846347482459D-03 -0.173441719556D-01  0.539580397898D-03 -0.349315743789D-04
 -0.274671536161D-01 -0.140087137428D-02  0.130899437652D-03 -0.828693243503D-02
  0.615633150763D-03  0.453873200669D-04 -0.116118529784D-01 -0.421714989596D-03
 -0.388867911822D-03 -0.120679799988D-01 -0.231750981416D-03 -0.158271109089D-03
 -0.534977438775D-02 -0.103918114631D-02 -0.808591173148D-03  0.349004870363D-02
 -0.144272483289D-03 -0.624531726314D-03  0.631280811995D-02  0.536958994516D-03
  0.104723214600D-02  0.584839536623D-02  0.116261797610D-02  0.111442134817D-02
  0.256247637771D-02  0.929800681462D-03  0.650488976507D-03 -0.807603810271D-02
 -0.249430420362D-02 -0.351494208554D-03 -0.950234247895D-02  0.614286056862D-03
 -0.166236656495D-02 -0.232479210817D-02  0.239668953330D-02 -0.249688669227D-02
 -0.104686078681D-01  0.189404666610D-02 -0.565728635619D-03 -0.301483567406D-02
  0.148643792751D-02  0.348517811630D-04  0.164684836350D-02 -0.233845915889D-02
 -0.198596711758D-02 -0.187272918851D-01  0.257518957369D-02  0.138879555972D-02
 -0.231317807859D-01  0.225055972098D-02  0.119943970697D-02 -0.197823299614D-01
  0.467796082708D-02  0.249848739087D-02 -0.182956711784D-01 -0.372907084951D-02
 -0.160752163345D-02  0.481058016058D+00  0.403671409971D-02 -0.333406463338D-02
 -0.344287979237D-02 -0.532285173664D-02 -0.448654466715D-02 -0.899874803786D-03
 -0.316119371370D-02 -0.538110222591D-02 -0.139112917859D-02  0.647972814307D-02
 -0.321750709714D-02 -0.240398503624D-02  0.290973282461D-02 -0.495878523875D-02
 -0.188942380007D-02  0.515864770399D-02 -0.524012895299D-02 -0.261223236435D-02
  0.195551665653D-02 -0.737300253267D-02 -0.175673741101D-02 -0.569441661722D-02
 -0.156178609467D-01  0.238345526489D-02  0.859651653249D-03 -0.151176073853D-01
  0.100041208142D-02  0.364205286533D-02 -0.160766052190D-01 -0.449663117768D-03
 -0.657696893772D-03 -0.177472405391D-01  0.198742267253D-02 -0.201347395949D-05
 -0.194265446519D-01  0.118263522479D-02 -0.456925457182D-02 -0.778596992038D-03
 -0.126429846875D-02 -0.189567690072D-02 -0.385790857559D-02 -0.185709655754D-02
 -0.913882039166D-02 -0.985834967568D-02  0.299481763181D-02 -0.832815186594D-02
 -0.208560682849D-01  0.394006265189D-02 -0.604836572055D-02 -0.174682812022D-01
  0.265941466361D-02  0.979557904895D-02 -0.160391224244D-01 -0.138243889930D-02
  0.564952840591D-02 -0.200408229132D-01  0.110729893655D-03 -0.506334664257D-02
 -0.209613646813D-01  0.360875362889D-02  0.148215996628D-01 -0.157050945303D-01
 -0.280276619995D-02  0.101925647949D-01 -0.207434018508D-01 -0.134505776309D-02
 -0.914169313170D-02 -0.221603340196D-01  0.564871140569D-02  0.463594792593D-02
 -0.103662599881D-01 -0.589562682784D-03  0.132652121579D-02 -0.125337024550D-01
 -0.272867429576D-03  0.378166627283D-02 -0.134422683130D-01 -0.512199644932D-03
 -0.108753631012D-01 -0.180068950465D-02  0.154070315161D-02  0.757287795375D-02
 -0.243195556954D-02 -0.300570835619D-02  0.135162163187D-01 -0.291276579415D-02
 -0.318385599730D-02  0.159280690930D-01 -0.233589857097D-02 -0.271138522781D-02
  0.125189170492D-01 -0.334917039761D-02 -0.316777855781D-02 -0.987712754731D-02
 -0.550960516460D-02  0.560099549598D-04 -0.626958729821D-02 -0.579255835139D-02
 -0.138389352285D-02  0.999748764945D-02 -0.552090142004D-02 -0.459242636294D-02
 -0.291626741002D-02 -0.783053558789D-02  0.557280509476D-03 -0.445325644622D-02
  0.337876345889D-02 -0.336499678235D-02 -0.153645143586D-02 -0.388277402798D-02
 -0.274751814552D-02 -0.925877681631D-02 -0.848624738212D-02  0.279810678347D-02
 -0.135173283695D-01 -0.105436576679D-01  0.407902597064D-02 -0.733952652034D-02
 -0.650142710065D-02  0.213437773280D-02 -0.834959604179D-02 -0.199050809673D-01
  0.377698799897D-02 -0.563664314467D-02  0.474807148869D+00  0.294393749243D-02
 -0.449541999289D-03 -0.907090736625D-02  0.360583474868D-02 -0.287144374555D-02
 -0.800523945641D-02  0.261851768066D-02 -0.411100917293D-02 -0.718129198257D-02
  0.178973533388D-02 -0.100445465592D-02 -0.907828072920D-02  0.160770586636D-02
 -0.360146607140D-02 -0.776720752678D-02  0.511276075330D-03 -0.512021619678D-02
 -0.736501303196D-02  0.334691936833D-03 -0.518231545463D-02 -0.632461878078D-02
 -0.236521184678D-02  0.267979228345D-02 -0.103042510706D-01 -0.316721198305D-02
  0.290956490673D-02 -0.933791893262D-02 -0.447887664656D-02  0.294633276917D-02
 -0.848600460851D-02 -0.471573018409D-02  0.369390738314D-02 -0.103536635696D-01
 -0.610999148420D-02  0.423783602439D-02 -0.965379633885D-02  0.505109672822D-02
 -0.266800051421D-02 -0.928949340390D-02  0.369261760019D-02 -0.627513166304D-04
 -0.101932857081D-01 -0.168261835868D-02  0.153756525633D-02 -0.103294503313D-01
 -0.152857713545D-02  0.287450681441D-02 -0.121229316079D-01 -0.332546626763D-02
  0.331500131428D-02 -0.104948349674D-01 -0.544741599897D-02  0.262114951925D-02
 -0.863740766123D-02 -0.768251936390D-02  0.442790262117D-02 -0.971567929946D-02
 -0.604682958853D-02  0.432356990906D-02 -0.114846684178D-01 -0.620392240617D-02
  0.311403862671D-02 -0.975836153373D-02 -0.902721591503D-02  0.438210538881D-02
 -0.904252806274D-02 -0.621797008971D-02  0.647476100253D-02 -0.130883262539D-01
 -0.126586566172D-02 -0.105601636886D-02 -0.665689535210D-02 -0.157331718533D-02
  0.184600348793D-02 -0.790928494355D-02 -0.280707565475D-02  0.247477556724D-02
 -0.784508083236D-02  0.552719809430D-02 -0.171003553564D-02 -0.104432389034D-01
  0.343414411041D-02 -0.662456816465D-03 -0.808111638933D-02  0.281843887214D-02
 -0.136317710672D-02 -0.939016307936D-02  0.156348978160D-02 -0.614810536989D-03
 -0.843952803158D-02  0.108148924780D-02 -0.572629943541D-03 -0.905287383207D-02
  0.422379510627D-02 -0.245278005862D-02 -0.613678487994D-02  0.257607373509D-02
 -0.560463934103D-02 -0.704484288493D-02 -0.348625919860D-03 -0.569170008098D-02
 -0.407408778824D-02  0.122105268518D-02 -0.477161660252D-02 -0.689271628343D-02
  0.607467557952D-02 -0.398278065460D-02 -0.776807248980D-02  0.455679180999D-02
 -0.353811757880D-02 -0.885991205336D-02 -0.110905932528D-02  0.123032603047D-02
 -0.101128683804D-01 -0.101805252555D-02  0.178937731774D-02 -0.107914101955D-01
 -0.195952186823D-02  0.138881271848D-02 -0.986603934038D-02 -0.683667358895D-03
  0.250231812344D-02 -0.119694562447D-01 -0.239425816026D-02  0.367469538399D-02
  0.487217544125D+00  0.263774048037D-02 -0.211025721506D-03 -0.213320743058D-02
 -0.101491676392D-01 -0.128874128467D-02 -0.345080011109D-02 -0.920529709164D-02
  0.208727921567D-03 -0.305988974133D-02  0.394446201459D-02  0.176269552990D-02
 -0.992898815220D-03 -0.202950025079D-02  0.973098168169D-03 -0.129524481107D-02
 -0.818446733659D-03  0.848776925965D-03 -0.677725233051D-03 -0.625713683385D-02
 -0.824382457183D-03  0.483089664199D-03 -0.227451700989D-01 -0.510198966893D-03
  0.494960361658D-03 -0.143808291154D-01  0.146807826569D-03  0.468416982209D-03
 -0.126050592689D-01  0.650820153731D-03  0.108132513182D-02 -0.193150604467D-01
  0.403231993294D-03  0.438439905736D-03 -0.204028210219D-01  0.186041217251D-03
  0.866162319293D-03 -0.592560213390D-02 -0.430134128629D-03 -0.365286049492D-02
 -0.449593518156D-02 -0.129382204312D-02 -0.331204148409D-02 -0.263920084320D-01
  0.575605834168D-02  0.110212054370D-02 -0.252877272176D-01 -0.811043385338D-02
 -0.732837712643D-03 -0.251255778670D-01 -0.376645366387D-03  0.487052413587D-03
 -0.528464721864D-02  0.129594400035D-02  0.937581921099D-03 -0.144098357552D-01
  0.483044281167D-03  0.291597860471D-03 -0.277078374097D-01 -0.588224816680D-03
  0.105351155785D-02  0.850248779862D-03  0.184743145619D-02  0.257459528984D-03
 -0.968228900380D-02  0.502285706246D-03 -0.180966893933D-03 -0.336027717021D-01
 -0.132467375559D-02  0.148229967871D-02 -0.484860461145D-02 -0.190769245375D-03
  0.446896131203D-03 -0.105086499746D-01 -0.495217612718D-03  0.574994641253D-03
 -0.915967494355D-02  0.425351231226D-03  0.117905673448D-02 -0.138237920318D-01
 -0.679537159621D-03 -0.799631256796D-03  0.861747677112D-02 -0.153544429107D-02
 -0.196150420073D-03  0.157289923221D-01 -0.754287869478D-03  0.174161180315D-02
  0.170825786261D-01  0.126434065265D-02  0.283292577983D-02  0.112350201694D-01
  0.284918665179D-02  0.431187340253D-03 -0.156238096521D-01 -0.237343106725D-02
 -0.452301218147D-02 -0.140710487540D-01  0.432948906306D-03 -0.403254447888D-02
  0.488245889421D-02  0.138476867550D-02 -0.397363050817D-03 -0.122091295081D-01
 -0.966272942486D-03  0.140138943607D-02 -0.322773460590D-02  0.472568678839D-02
 -0.276872444894D-02 -0.344576691423D-02 -0.486407372001D-02 -0.401561997419D-02
 -0.252328259328D-01  0.573778626544D-02  0.116756768160D-02 -0.319668561059D-01
  0.533019452064D-02  0.740041905624D-03 -0.246628518513D-01  0.106389973898D-01
  0.172217303966D-02 -0.237310468491D-01 -0.867036847327D-02 -0.759713386402D-03
 -0.225089732910D-01 -0.129208854750D-01 -0.144544353270D-02  0.468284763606D+00
  0.241682440196D-02  0.261168665322D-03 -0.118161271299D-02 -0.326378170696D-02
 -0.797867173563D-02 -0.485823614075D-03 -0.223879968235D-02 -0.438360932331D-02
  0.925784899580D-03  0.477484130582D-02 -0.821661585005D-02 -0.373844191582D-03
  0.186644569405D-02 -0.444969805757D-02 -0.465603961760D-02  0.319647684305D-02
 -0.305302013383D-02  0.143404688038D-02  0.168271690787D-02 -0.122083937282D-01
 -0.208794251034D-02 -0.383987406423D-02 -0.149038682211D-01  0.306242568403D-02
  0.600546560699D-03 -0.149975625412D-01 -0.335842132627D-02  0.255298608619D-02
 -0.172524699729D-01  0.254377522135D-02 -0.592435523394D-03 -0.159708760908D-01
 -0.345177452909D-03 -0.767151727872D-04 -0.190529238638D-01  0.249584336497D-02
 -0.284795827132D-02 -0.339652147498D-02  0.797168134465D-03 -0.124589821480D-02
 -0.384178057430D-02 -0.158340538152D-02 -0.610160520101D-02 -0.117955365478D-01
  0.203951583976D-02 -0.551012277116D-02 -0.191897064747D-01  0.258400402430D-02
 -0.402414897609D-02 -0.174153012441D-01  0.373810713006D-02  0.656866216760D-02
 -0.160015148074D-01 -0.190710845887D-02  0.367708846397D-02 -0.197416447700D-01
 -0.843263332519D-04 -0.355976072032D-02 -0.196835651084D-01  0.319194746108D-02
  0.994514385320D-02 -0.157746509241D-01 -0.293243998104D-02  0.667237461605D-02
 -0.203629796981D-01 -0.137589076860D-02 -0.623287432502D-02 -0.216954357828D-01
  0.444847181457D-02  0.320729125702D-02 -0.115499612194D-01 -0.370045569225D-02
  0.715321127753D-03 -0.100102700861D-01  0.818294641389D-03  0.247008649563D-02
 -0.124131268705D-01  0.111256686825D-02 -0.763883308928D-02  0.272448404152D-03
  0.392371473934D-02  0.545454071452D-02 -0.577032893839D-02 -0.407279925268D-02
  0.907045581448D-02 -0.171468059696D-02 -0.217798394280D-02  0.104442691087D-01
  0.961380280234D-03 -0.635069577136D-02  0.853786452940D-02 -0.482842754892D-02
 -0.469773967417D-02 -0.697577545722D-02 -0.148329102884D-02 -0.297658777975D-03
 -0.426120608912D-02 -0.578883005901D-02 -0.681507857005D-05  0.683556121075D-02
 -0.801688865802D-02 -0.332579202479D-02 -0.197964194905D-02 -0.756958094828D-02
  0.351399938815D-03 -0.168583816779D-02  0.214657833810D-02 -0.168032130345D-02
 -0.234197507936D-02 -0.297489046042D-02 -0.132401372138D-02 -0.626519604105D-02
 -0.974124259070D-02  0.302038324447D-02 -0.915864511497D-02 -0.112088780271D-01
  0.415945514830D-02 -0.487013029240D-02 -0.904293224543D-02  0.221307477158D-02
 -0.556872213714D-02 -0.174368665590D-01  0.358767258546D-02 -0.383179090573D-02
 -0.216229573633D-01  0.311001755705D-02 -0.868544155148D-02  0.481343093773D+00
  0.188308001912D-02 -0.185229948982D-02 -0.886376751339D-02  0.238157993037D-02
 -0.466721573965D-02 -0.857562109031D-02  0.172576151833D-02 -0.462000706182D-02
 -0.759373862264D-02  0.125172268543D-02 -0.284929238021D-02 -0.733822195994D-02
  0.109454508926D-02 -0.401470910430D-02 -0.821135151099D-02  0.293538861692D-03
 -0.336154063930D-02 -0.673216786789D-02  0.342273145480D-03 -0.475788612655D-02
 -0.766362148348D-02 -0.160881217447D-02  0.471293474524D-02 -0.109915287324D-01
 -0.208676761042D-02  0.463760205639D-02 -0.100430856435D-01 -0.294319010612D-02
  0.526570287888D-02 -0.842563289333D-02 -0.318622283881D-02  0.677216994031D-02
 -0.106191640317D-01 -0.412495072926D-02  0.763826104575D-02 -0.101445232284D-01
  0.325323103271D-02 -0.513829963833D-02 -0.892155137474D-02  0.241406396235D-02
 -0.261490326497D-02 -0.102789532373D-01 -0.116895051010D-02  0.338597048340D-02
 -0.116278846228D-01 -0.103255975504D-02  0.420058411925D-02 -0.126890674078D-01
 -0.222360682386D-02  0.558717548101D-02 -0.112339969205D-01 -0.355143524516D-02
  0.525577146042D-02 -0.784416606622D-02 -0.516548904242D-02  0.820013279473D-02
 -0.944709132365D-02 -0.412322890995D-02  0.796369947437D-02 -0.121118558712D-01
 -0.404965802237D-02  0.602855405559D-02 -0.824956999118D-02 -0.606668078120D-02
  0.855724728357D-02 -0.847574790426D-02 -0.432452091533D-02  0.101912640176D-01
 -0.137751287600D-01 -0.760956380127D-03 -0.757747889319D-03 -0.644951218324D-02
 -0.105098837881D-02  0.282260478132D-02 -0.820053861307D-02 -0.187462189853D-02
  0.415682796290D-02 -0.761314370222D-02  0.349545804851D-02 -0.453751392186D-02
 -0.108578282532D-01  0.240464856219D-02 -0.423167087089D-02 -0.685976990940D-02
  0.206610743564D-02 -0.466041762734D-02 -0.690328471546D-02  0.108936530346D-02
 -0.169164515061D-02 -0.589542438896D-02  0.829447083643D-03 -0.227103222559D-02
 -0.751761880192D-02  0.267266465771D-02 -0.371463086012D-02 -0.747691489594D-02
  0.174190790913D-02 -0.602076924380D-02 -0.820503547211D-02 -0.122694669426D-03
 -0.519812739488D-02 -0.364749005049D-02  0.847246449807D-03 -0.372475116543D-02
 -0.809098862481D-02  0.337165979786D-02 -0.687561257728D-02 -0.854246656033D-02
  0.368778263741D-02 -0.650978058347D-02 -0.916936618963D-02 -0.820647394898D-03
  0.274314051611D-02 -0.112170102956D-01 -0.755547032696D-03  0.393455919855D-02
 -0.124335772476D-01 -0.131547831606D-02  0.370223227089D-02 -0.110124630609D-01
 -0.472397615689D-03  0.349894862419D-02 -0.123119626365D-01 -0.163703661361D-02
  0.509417482082D-02 -0.127167384646D-01 -0.104846891348D-02  0.473603685415D-02
  0.486406070169D+00 -0.109528047539D-01 -0.270231571590D-03  0.757340719741D-03
 -0.247698260858D-02  0.824013786828D-03  0.160010251969D-02 -0.499607877869D-02
 -0.296600415387D-03  0.987425785835D-03 -0.139151295906D-01 -0.669659817357D-03
  0.124327703998D-03 -0.107820031857D-01 -0.244180697448D-02  0.258760453927D-02
 -0.136722510986D-01 -0.111820220910D-02 -0.130621621048D-02 -0.109057454836D-01
 -0.285127738266D-02  0.405490389872D-02 -0.584743515269D-02  0.359597975194D-03
 -0.297972947166D-04 -0.119502734351D-01 -0.413957081203D-03 -0.177222230131D-02
 -0.151534590654D-01 -0.285842095523D-03  0.118864754235D-02 -0.114258921705D-01
 -0.918092228739D-04 -0.275728349978D-02 -0.125634238204D-01 -0.142951087614D-03
  0.151112252640D-02 -0.225308023849D-02  0.289634841302D-03  0.531350545605D-03
 -0.522067922658D-02  0.417994402860D-03  0.119910001971D-02 -0.235862706746D-02
 -0.434886160466D-02  0.653787240194D-03 -0.317506251183D-02  0.602623225924D-02
 -0.152513552074D-02 -0.608765281971D-02  0.446491914072D-03  0.183404545827D-03
 -0.210146560284D-01 -0.146505323422D-02 -0.515250347002D-03 -0.181772440702D-01
 -0.427288127323D-03 -0.392195015392D-03 -0.804293561227D-02  0.668982041734D-03
 -0.789825591652D-03 -0.259144298797D-01 -0.962276580946D-03 -0.344855798506D-03
 -0.227296398933D-01 -0.479975283679D-03 -0.448800344190D-04 -0.437251017224D-02
  0.802670278717D-03 -0.149280259784D-02 -0.143546343036D-01  0.303182014026D-02
 -0.196723177321D-02 -0.112914832364D-01 -0.104942989192D-02 -0.303609589602D-03
 -0.143534880344D-01  0.768435293277D-03  0.110288064451D-02  0.402521114879D-02
  0.498896760382D-03 -0.548799185951D-03 -0.140143694106D-01  0.151188899665D-02
  0.160422319018D-03 -0.196656348132D-01  0.656369914244D-03 -0.186073439347D-02
 -0.223794165531D-01 -0.249873765895D-02 -0.786938627074D-03 -0.196896451127D-01
 -0.125131367873D-02 -0.383036919829D-04  0.208148204884D-02  0.481545501306D-03
  0.295773329988D-02 -0.234983840023D-02 -0.866152810012D-03  0.233236211201D-02
 -0.181713963775D-01 -0.267065437412D-02  0.121137819068D-02 -0.649259718758D-02
  0.283743427746D-03  0.215754547258D-03 -0.245495114042D-02 -0.363693150001D-02
  0.186308139614D-02 -0.443395262669D-02  0.328483351068D-02  0.396248388167D-03
 -0.174236435494D-02 -0.445166167704D-02  0.714959820301D-03  0.170237093732D-02
 -0.410381792104D-02  0.787943824135D-03 -0.423320707680D-02 -0.811090246233D-02
  0.139741670403D-02 -0.275466304768D-02  0.632684560371D-02 -0.155701975232D-02
 -0.587785580435D-02  0.951556101873D-02 -0.225511667699D-02  0.103287404001D-02
  0.633893174369D-02 -0.144853992348D-02  0.481375418344D+00 -0.109954691780D-02
  0.160862504220D-02 -0.144672296958D-01  0.428799543630D-03 -0.897374565377D-02
 -0.608609936314D-02  0.780967238056D-03 -0.152743655155D-01  0.251180220592D-02
 -0.159207735660D-02  0.358289611315D-02 -0.458542914472D-02 -0.140462976717D-02
  0.365777214993D-02 -0.207837800024D-01  0.797939254991D-03 -0.245331119246D-01
  0.170593100481D-01 -0.110807376131D-02  0.228180163869D-02 -0.387243235960D-01
  0.681314851414D-03 -0.815606326589D-02 -0.249003017171D-02 -0.440951220913D-03
 -0.396127329348D-02  0.262528510807D-01 -0.388881588684D-03 -0.979577732300D-02
 -0.172343720670D-01 -0.149255776818D-03 -0.101337550550D-01  0.327347860649D-01
 -0.767280092219D-03 -0.900146808229D-02 -0.220818314885D-01 -0.444730021166D-03
  0.111311094298D-02  0.262632693044D-03 -0.717252327904D-03  0.501453257590D-02
 -0.132476220758D-01  0.994139580127D-03 -0.113891333617D-01  0.222231219423D-02
  0.150630905527D-02 -0.102288285377D-01  0.197546888615D-02  0.726950424147D-03
 -0.988959208292D-02 -0.591829756519D-02 -0.133031546480D-02 -0.678362252316D-02
  0.497322730469D-02 -0.156818038542D-02 -0.118652394758D-01  0.163855909197D-02
  0.174177414005D-03 -0.167280253293D-01  0.142531989684D-02 -0.116807945107D-02
 -0.140623834075D-01 -0.568995089333D-02 -0.181881439668D-02 -0.164132485340D-01
 -0.923521832520D-03 -0.976112369599D-03 -0.507655832878D-03  0.509885788632D-02
  0.356548344779D-02 -0.568423520495D-01  0.406899537647D-01 -0.110972365092D-02
  0.322527810027D-02  0.754791753685D-02  0.592218960288D-03 -0.191823864613D-01
 -0.108177077484D-01 -0.835736149870D-03  0.243234273569D-02  0.412596435144D-02
  0.905634490937D-04 -0.123239913267D-01  0.100943770130D-03  0.578875813835D-03
 -0.213094498168D-01  0.719129196402D-02 -0.270638612747D-02  0.115057951445D-01
  0.310978718038D-02 -0.144132523088D-02 -0.163172634395D-02 -0.743682261231D-02
  0.496673857665D-03 -0.658177891784D-02 -0.113003179432D-01  0.116156683798D-02
 -0.157766285214D-01 -0.837448897554D-02 -0.908895538147D-03 -0.135262632977D-01
  0.835817266970D-02  0.266347173731D-02 -0.339810919917D-01  0.878664431994D-02
 -0.445210007603D-02 -0.494181996739D-02  0.814710419146D-03  0.448436376353D-02
 -0.339412708885D-02  0.925166778357D-03 -0.312219338365D-03 -0.114948559022D-01
  0.138234966727D-02  0.327556254107D-02 -0.109246168258D-01  0.290269967622D-03
  0.111378204486D-02 -0.119871011148D-01 -0.629226349718D-03  0.284721077731D-02
 -0.101992236135D-01  0.114811647839D-02  0.952654215596D-03 -0.999630600943D-02
 -0.886036362134D-03  0.121578524863D-03 -0.100293875019D-01 -0.933628836244D-04
 -0.190742675549D-02  0.497869152816D+00  0.547455887047D-03 -0.634864487069D-02
  0.147084121758D-01 -0.736613684194D-03  0.151098631117D-01 -0.742637652914D-02
 -0.232839223565D-02  0.307322009795D-01 -0.106018410883D-01  0.182522438702D-02
 -0.190017335754D-01  0.107695557199D-02 -0.128478731841D-02  0.202897529206D-01
 -0.166339848553D-01 -0.163253933914D-02  0.305507319017D-01 -0.127130125816D-01
 -0.273128105452D-02  0.315309369857D-01 -0.151288630178D-01 -0.152883099811D-02
 -0.698186712523D-02 -0.733511653405D-02 -0.577559886030D-03 -0.908299225019D-02
 -0.279198935557D-01  0.362514462683D-03 -0.954374921539D-02 -0.615880163809D-02
  0.548005250319D-03 -0.797125151741D-02 -0.220170393761D-01  0.287496922871D-02
 -0.950400118217D-02 -0.246119888733D-02  0.178071991733D-02 -0.791722472372D-02
  0.111979772515D-01  0.101312438344D-02 -0.814671768594D-02  0.196070294760D-01
 -0.156396709600D-02 -0.263997509341D-02 -0.673137062619D-02 -0.259401661772D-02
 -0.351457568445D-02 -0.661580882642D-02 -0.133441036678D-02 -0.782920577612D-02
 -0.541688231925D-02  0.537691740618D-03 -0.387772120142D-02 -0.143491538278D-01
  0.480052680103D-02 -0.585080713561D-02 -0.859181756408D-02  0.251269860292D-02
 -0.158871826478D-02 -0.517419830249D-02  0.108463837093D-02 -0.655415671682D-02
  0.495415477913D-02  0.651734048187D-02 -0.190917822048D-02 -0.541791665792D-02
  0.491923095704D-02 -0.243511632298D-01 -0.330367295723D-02 -0.141010726757D-02
  0.244892119847D-01 -0.533857554684D-01 -0.772410172064D-03 -0.181322993380D-02
 -0.210144365635D-01 -0.176125769988D-03 -0.602302528494D-02 -0.174064103574D-01
  0.291664528342D-02 -0.802928654615D-02 -0.909199874920D-03 -0.290028083382D-03
 -0.891587542145D-02 -0.775117145596D-02 -0.257769234533D-02  0.725933861266D-02
 -0.438158025931D-02 -0.325184725563D-03 -0.144585674641D-01 -0.216955223658D-01
  0.950273470345D-03 -0.179984693616D-01 -0.609233824512D-02 -0.119104202730D-02
  0.237470037311D-01 -0.344617730874D-01 -0.307175128890D-02  0.399131676999D-01
 -0.825555195015D-02 -0.991168108476D-03  0.389342533242D-01 -0.326236550260D-01
 -0.497124675422D-02  0.409185425035D-01 -0.395226618874D-01  0.484348934081D-02
  0.403288685831D-02  0.197739733024D-01 -0.445211626844D-02  0.493353132767D-02
  0.184768704205D-01  0.295366747267D-03 -0.153041177958D-02 -0.572251536957D-02
 -0.648519997338D-02 -0.261546989979D-02 -0.337039161543D-02 -0.313361994568D-02
 -0.195206934856D-02 -0.149780729203D-02 -0.426914459899D-02 -0.196576197566D-02
 -0.570414292464D-02 -0.904931770418D-03 -0.349144785949D-02 -0.201154502070D-02
  0.135098931199D-02 -0.287270679315D-02 -0.260215686232D-02  0.151972816658D-02
  0.966394596389D-02  0.431656638779D+00 -0.492848114260D-02  0.696370909709D-03
  0.766133155825D-03 -0.834174604811D-02 -0.107601609931D-02 -0.104239987880D-02
 -0.852796887033D-02  0.614905642918D-03 -0.989625453799D-03 -0.469619479638D-02
 -0.108997872321D-02  0.112556063323D-02 -0.686775011021D-02  0.253901042679D-02
 -0.327704270673D-02 -0.663243205194D-02  0.116934413389D-03  0.227399019579D-02
 -0.858829224472D-02  0.183458299544D-02 -0.517390390180D-03 -0.140903980820D-01
 -0.303438487533D-03  0.296931156977D-03 -0.118115340610D-01 -0.952054296179D-04
 -0.123024043765D-02 -0.115697230610D-01 -0.399517256403D-03  0.854948116378D-03
 -0.136156093995D-01  0.188373935438D-03 -0.384553516713D-03 -0.141028391101D-01
 -0.128982924537D-03  0.498623538088D-03 -0.662482680559D-02 -0.820815597275D-03
 -0.473247433427D-03 -0.659753319252D-02 -0.117839930739D-02  0.726831902228D-03
 -0.148683507727D-01  0.137771070508D-02  0.520600840001D-03 -0.147140169001D-01
 -0.235474711345D-02 -0.575246508255D-03 -0.150560670977D-01 -0.359148783850D-03
  0.397229672072D-03 -0.974423887727D-02  0.634727060634D-03  0.686673917654D-04
 -0.125708405129D-01 -0.262905857725D-03  0.418249324946D-03 -0.162080602158D-01
 -0.774290319093D-04  0.469442973944D-03 -0.808662914796D-02  0.193409510138D-03
  0.838332093082D-03 -0.114416642834D-01  0.465110534408D-03 -0.564224136668D-04
 -0.178031183817D-01 -0.121790994684D-02  0.700858312498D-03 -0.823001480162D-02
 -0.106306142724D-02 -0.263056446362D-02 -0.103318357173D-01  0.169847304583D-02
  0.337674156371D-03 -0.100534161819D-01 -0.665303304864D-03  0.340540263634D-03
 -0.863903613998D-02 -0.393251218310D-03  0.843340262678D-04 -0.296457711954D-02
 -0.161904424847D-02 -0.556398178729D-03 -0.126625142668D-02 -0.537626493129D-03
  0.194839046958D-02 -0.130049568665D-02  0.992624911085D-03 -0.287454607780D-04
 -0.287631929600D-02 -0.575651657783D-03  0.318737601501D-03 -0.996278923786D-02
  0.132197716346D-02 -0.218636960783D-02 -0.101028861763D-01  0.188712836605D-02
 -0.113186769058D-02 -0.533944097248D-02  0.302292832084D-02 -0.152565231537D-02
 -0.101635542313D-01  0.130712577859D-02 -0.918356150874D-03 -0.617511575184D-02
  0.172804232197D-02 -0.465989384967D-03 -0.570402906728D-02 -0.685965765427D-03
 -0.128742445724D-02 -0.142685105011D-01  0.149716134678D-02  0.775971887007D-03
 -0.166602216820D-01  0.148146679582D-02  0.653015095197D-03 -0.146219704700D-01
  0.278093134828D-02  0.129141150418D-02 -0.140677932262D-01 -0.234664629678D-02
 -0.376667205877D-03 -0.139821179418D-01 -0.355699167934D-02 -0.618750679420D-03
 -0.163216502544D-01 -0.226432947656D-02 -0.398988389203D-03 -0.679587663123D-02
  0.100269615975D-02 -0.188782618614D-02  0.488347530531D+00  0.155870232756D-02
 -0.228003848106D-01 -0.323470421868D-02 -0.762714282275D-03  0.123787124442D-02
 -0.115221692392D-02 -0.494797282147D-03 -0.125919606738D-02 -0.307413272251D-02
 -0.193066907546D-03 -0.214706685216D-02 -0.100031417546D-01  0.151106771766D-02
 -0.218634045155D-01  0.283754563902D-01 -0.170311897803D-02  0.164407466021D-01
 -0.284739864379D-01  0.105006688353D-03 -0.947102742796D-02 -0.280033964294D-02
 -0.628575564853D-03 -0.124659766636D-01 -0.524526716532D-03 -0.139403579585D-03
 -0.140949490361D-01  0.869350633713D-02 -0.347706589555D-03 -0.919352502048D-02
 -0.646091297710D-02  0.148840647199D-03 -0.160755628894D-01  0.394735651830D-02
  0.447141122845D-03 -0.145160635411D-01 -0.129060406281D-02 -0.502145585274D-04
 -0.390138499803D-02 -0.122315701412D-02  0.156343770611D-03 -0.831168143622D-02
 -0.932885307488D-02 -0.960316037803D-03 -0.105307656495D-01  0.342071822880D-02
 -0.744719940474D-03 -0.109772530898D-01  0.333625888633D-02 -0.728122698706D-03
 -0.122715477945D-01 -0.740200928008D-03  0.437616113753D-03 -0.145696510969D-01
  0.358975854031D-03  0.781182629430D-03 -0.110097882072D-01 -0.187107055727D-02
  0.329090282530D-03 -0.141534717525D-01  0.248707478040D-02  0.357938920889D-03
 -0.114243556123D-01  0.306371814816D-03  0.207008799670D-02 -0.175009013496D-01
  0.195777291880D-02  0.568784446944D-03 -0.169204621085D-01  0.440953815350D-02
 -0.153543456583D-02  0.114977437065D-01  0.123694127455D-01  0.166598461411D-02
 -0.325483113122D-01 -0.798462410312D-02 -0.456205740954D-03 -0.672445938198D-02
 -0.606313747112D-02  0.382385399204D-03 -0.807699366328D-02  0.148325908681D-02
 -0.159066524815D-03 -0.427584069297D-02  0.450878065395D-02 -0.410772638513D-03
 -0.175720720799D-02 -0.762537802202D-02  0.112420731606D-02 -0.183989997648D-01
  0.678715718909D-02 -0.402164216034D-03 -0.220881172106D-03  0.443277891600D-02
  0.124657587919D-02 -0.217409241362D-01  0.941952690528D-03 -0.556260805350D-04
 -0.732783840348D-02 -0.650642027903D-02  0.127814549419D-02 -0.133255838214D-01
 -0.535082445720D-02 -0.118290899883D-02 -0.520032603650D-03 -0.833476436631D-03
 -0.140891243739D-02 -0.882666301820D-02 -0.407893293727D-02  0.213669664710D-02
 -0.869883996547D-02 -0.423487815884D-02 -0.176034310602D-03 -0.112968579995D-01
  0.147611230902D-02 -0.906182608154D-03 -0.126399675871D-01  0.229771580998D-02
 -0.747299532349D-03 -0.116028509782D-01  0.216610625366D-02 -0.118484681690D-02
 -0.116669922763D-01  0.135447008484D-02 -0.622099888347D-03 -0.124620133239D-01
  0.184556608955D-02 -0.892128860570D-03 -0.131258236344D-01  0.236965968719D-02
  0.108772256731D-02 -0.127584733763D-01 -0.630899469680D-02 -0.134273936272D-02
  0.496902956997D+00  0.156812848307D-03 -0.203100823484D-02 -0.233566613292D-02
  0.591948517199D-03 -0.592972540312D-02 -0.149870626151D-02  0.213207015206D-03
 -0.166960390081D-02 -0.643185760657D-02  0.849267245408D-03 -0.933734031412D-02
 -0.117088683548D-02 -0.634128011203D-04  0.122597483967D-02 -0.112598971868D-01
 -0.228870534688D-03  0.354360800391D-02 -0.116637925831D-02 -0.959130153137D-03
  0.104525929487D-01 -0.147244435836D-01 -0.314446214566D-03  0.611577563642D-03
 -0.104245249185D-01 -0.111161400525D-03 -0.554941445364D-03 -0.129612902316D-01
 -0.205918664527D-04 -0.109328654904D-03 -0.106442849554D-01 -0.113237033748D-03
  0.139778875573D-02 -0.104656734379D-01  0.255072590709D-03  0.451036113727D-03
 -0.109724829816D-01  0.339033984457D-03 -0.521430402728D-02 -0.217965829237D-02
  0.757736302887D-03 -0.951652176023D-02 -0.125590090400D-02 -0.502378373977D-04
  0.963224170470D-03 -0.103067692458D-01 -0.708810635995D-03  0.777353779192D-03
 -0.102678872243D-01 -0.254265458012D-03  0.973778715691D-04 -0.991711467949D-02
 -0.182777782182D-03  0.274934061143D-02 -0.112002550145D-01  0.349693097869D-03
  0.186664163918D-02 -0.860220943140D-02  0.760789790219D-04  0.288495633087D-02
 -0.107360965136D-01  0.827708489064D-04  0.246914407487D-03 -0.565598854247D-02
  0.490187111755D-03  0.361886102495D-02 -0.827299063508D-02  0.531932301380D-03
 -0.169372243750D-02 -0.112280524780D-01 -0.379410972059D-04  0.135957842510D-02
 -0.128417956101D-01 -0.457933003951D-03  0.414578133221D-02 -0.110407180514D-01
  0.363679468590D-04 -0.125427437413D-02 -0.105140211088D-01  0.106401032456D-02
 -0.776116532215D-02 -0.121134232981D-01 -0.207432567764D-04 -0.110426908968D-02
 -0.125535103065D-01 -0.597591645592D-03  0.401576055046D-02 -0.643197817615D-02
 -0.316923929056D-03  0.131806844562D-02 -0.127010160371D-01  0.413814218392D-03
 -0.557020039195D-02 -0.810814392324D-02  0.324977084725D-03 -0.190323179103D-02
 -0.457926267914D-02 -0.341936169476D-03  0.358222480545D-02 -0.705457495621D-02
 -0.263366613561D-03  0.612302532436D-02 -0.179630540952D-01 -0.101631870725D-02
  0.990283318922D-02 -0.137147594770D-01 -0.235832293509D-02 -0.361673397354D-02
 -0.704122484587D-02  0.305344287683D-02 -0.327919803304D-02 -0.716949805615D-02
  0.335962931041D-03  0.126135969737D-02 -0.100335947004D-01 -0.158994117447D-02
  0.141463727513D-02 -0.955062898431D-02 -0.312842918401D-03  0.162913276847D-02
 -0.900505142323D-02 -0.111060873814D-02  0.108441677363D-02 -0.100039320342D-01
 -0.507637404535D-03  0.133756179213D-02 -0.902656730766D-02  0.598792731627D-03
  0.145909750960D-02 -0.943429287419D-02 -0.331731006789D-03  0.687663767023D-02
 -0.180927422011D-01 -0.979609778889D-04 -0.186310091517D-02  0.487247201179D+00
 -0.706942729271D-02  0.592685994917D-03 -0.120663509303D-02  0.339807513559D-03
  0.579457519295D-03 -0.105338535318D-03 -0.306812932655D-02  0.635146045568D-03
  0.488030275576D-03 -0.108317213347D-01  0.310692437139D-03  0.623658724332D-03
 -0.872000114451D-02 -0.144444599130D-02  0.606260318580D-03 -0.124442105627D-01
  0.610836809228D-03 -0.694678793777D-03 -0.106592243986D-01 -0.216256121970D-02
  0.281510899477D-03 -0.977025331703D-02  0.542152569696D-03 -0.147409915049D-03
 -0.153304550131D-01 -0.308062524948D-03 -0.513004773728D-03 -0.192312478906D-01
 -0.343674236334D-03  0.286342498461D-03 -0.164897130874D-01  0.210466017855D-03
 -0.468611261502D-03 -0.184793672175D-01 -0.112086516231D-03  0.101929151998D-03
  0.225531839810D-02  0.106706437369D-02  0.300367695385D-03 -0.147577874698D-02
  0.101462099310D-02 -0.377302067442D-03 -0.609085080312D-02 -0.424726671504D-02
  0.162872280212D-02 -0.685109120365D-02  0.535827612596D-02 -0.229547767184D-02
 -0.110381098857D-01  0.240944023782D-03 -0.120666152000D-03 -0.249014762299D-01
 -0.123394358686D-02  0.219300142321D-03 -0.242196818323D-01 -0.254474028857D-03
 -0.251804407944D-03 -0.147391265049D-01  0.276323933262D-03 -0.350887871938D-03
 -0.295459544991D-01 -0.907977365251D-03 -0.135631108345D-03 -0.288087543603D-01
 -0.105933128518D-02  0.181078669726D-03 -0.117894118250D-01  0.112836614829D-02
 -0.534355455044D-03 -0.145469295992D-01  0.904274021553D-04  0.811920768807D-03
 -0.128716417461D-01 -0.674027915639D-03 -0.378396529440D-04 -0.166400605796D-01
  0.588236802392D-03  0.628289738606D-03  0.833570812766D-02  0.109257001498D-02
 -0.137973474368D-03 -0.893597983363D-02 -0.271906457407D-03  0.545424861421D-03
 -0.144270398930D-01 -0.855282005612D-03 -0.809435715800D-04 -0.181762923565D-01
 -0.101450350176D-02  0.574290763782D-03 -0.163475270085D-01 -0.624367225441D-03
  0.174264424451D-03  0.471841082485D-02  0.770945824172D-03  0.157115154731D-03
 -0.109388665925D-02 -0.464163474466D-03  0.373428671673D-04 -0.166080550157D-01
 -0.242946132476D-02  0.136269385464D-02 -0.642851936883D-02 -0.300830083574D-03
  0.239006238485D-03  0.198863411498D-02 -0.304588776232D-02  0.174806147096D-02
  0.125497898436D-02  0.357419581699D-02 -0.932284700058D-03 -0.477811321674D-02
 -0.433562833394D-02  0.180730531950D-02 -0.240516203493D-02 -0.381675045655D-02
  0.157992606395D-02 -0.818662061491D-02 -0.768459315840D-02  0.299061857800D-02
 -0.555247075930D-02  0.568812997431D-02 -0.229410380651D-02 -0.966163234633D-02
  0.862512901413D-02 -0.365348558914D-02 -0.331449708209D-02  0.582073294121D-02
 -0.238113628509D-02 -0.188498793941D-01 -0.138410247829D-02  0.111646499309D-02
 -0.854432617538D-02  0.642412748501D-03  0.126722996825D-03  0.479092360446D+00
  0.453999472109D-03 -0.119926929601D-01  0.127788357214D-01  0.595151161949D-03
 -0.548602981492D-02  0.374730478824D-02  0.990452118291D-03 -0.132296755533D-01
 -0.268832917738D-02  0.185087530829D-03 -0.124469847299D-01 -0.794841740706D-02
 -0.112553890614D-02  0.485838735302D-02 -0.470132365977D-02  0.117133481038D-02
 -0.242269001047D-01  0.831509772087D-02 -0.182635650166D-02  0.996278658883D-02
 -0.176079277931D-02  0.228256762953D-03 -0.156442197926D-01  0.106633974681D-02
 -0.558287404027D-03 -0.112224710402D-01  0.743031642661D-02 -0.448302323582D-03
 -0.149324997449D-01 -0.420926510917D-02  0.184150594816D-03 -0.189275048415D-01
  0.583173237076D-02  0.110377432904D-03 -0.167093221612D-01 -0.239741228130D-02
  0.152927474700D-02 -0.834118512865D-02 -0.242922263421D-02  0.659582486503D-03
 -0.975334975053D-02  0.435781518124D-02  0.617970187165D-03 -0.128228714538D-01
  0.339714311453D-02 -0.145104370437D-03 -0.121433848237D-01  0.306265422911D-02
 -0.598583816109D-04 -0.135449890208D-01  0.525185863987D-03 -0.116327832926D-02
 -0.115735147180D-01 -0.267302712328D-02  0.221204062398D-03 -0.209365011801D-01
  0.225515622844D-02  0.577932576037D-03 -0.179001242932D-01  0.234746168683D-02
 -0.853196328032D-03 -0.191834618709D-01 -0.444949613893D-03 -0.218021504934D-03
 -0.162599698132D-01 -0.256729894292D-02  0.125223750121D-02 -0.216572679427D-01
  0.346489528165D-02  0.337577188606D-03 -0.172933840988D-01 -0.518818746988D-02
 -0.832173544993D-03 -0.492658393397D-02  0.131114260062D-02  0.441336700365D-03
 -0.227107854049D-01 -0.700549077992D-02  0.106601060018D-02 -0.290437467896D-02
  0.945555864587D-03 -0.741293538864D-03 -0.197466043735D-02 -0.565253370439D-02
 -0.120334944008D-02 -0.366385513251D-02 -0.193422625021D-02 -0.131199592515D-02
 -0.576726527205D-02 -0.758901572146D-02 -0.768803730158D-03 -0.863016458008D-02
 -0.352722601450D-02  0.934910943372D-03 -0.452573227846D-02  0.330887241199D-02
  0.210469193581D-04 -0.723016437969D-03  0.351976552157D-02 -0.163381019141D-02
  0.565628494811D-02 -0.110102299511D-01 -0.333582458022D-04 -0.823823551932D-02
 -0.281229169246D-03 -0.305212098779D-04 -0.202432336706D-02 -0.192744797141D-02
  0.305522366227D-03 -0.158620347287D-02 -0.246381795286D-02  0.816071955192D-03
 -0.128395540530D-01  0.221258955069D-02  0.376298807756D-03 -0.144563280387D-01
  0.392306154475D-02  0.148246061845D-03 -0.145117184551D-01  0.294497615728D-02
 -0.749254998093D-04 -0.120261261632D-01  0.185029786908D-02  0.148580377793D-03
 -0.132882056667D-01  0.228700717405D-02  0.888448030980D-03 -0.136702142272D-01
  0.367474221116D-02 -0.979640809992D-03 -0.406793689835D-02 -0.708862843858D-02
  0.209240482934D-03 -0.146626371357D-01 -0.750423291717D-03 -0.860644925871D-03
  0.489588542828D+00 -0.234152503986D-03  0.275647017120D-02  0.690901637252D-03
 -0.258866894942D-03  0.409853259741D-02 -0.140809671442D-02 -0.405053907493D-03
  0.480840685758D-02 -0.601781837463D-03  0.594991955243D-03 -0.672858036493D-02
 -0.305590729793D-02 -0.229287783173D-03  0.219678743910D-02 -0.673385767041D-02
 -0.885268592592D-03  0.990340267411D-02 -0.580924400757D-02 -0.938491496657D-03
  0.979295516530D-02 -0.157116410309D-01  0.677102010587D-04 -0.311244031009D-02
 -0.101372814767D-01  0.202452703613D-03 -0.365243439057D-02 -0.132429569691D-01
  0.418658006289D-03 -0.487981208647D-02 -0.122328133558D-01  0.447807676195D-03
 -0.474733777282D-02 -0.103690998403D-01  0.747966957228D-03 -0.552999298103D-02
 -0.116250187769D-01  0.698075442992D-04  0.111052735706D-03  0.343491248448D-03
 -0.246155204811D-03  0.247815909794D-02  0.560340515579D-02  0.111555922492D-03
 -0.161610707783D-02 -0.900507746031D-02 -0.314259766924D-03 -0.179473607134D-02
 -0.895073347224D-02  0.220187932085D-03 -0.454217423682D-02 -0.984212294184D-02
  0.268952328408D-03 -0.234724085537D-02 -0.126493874048D-01  0.689402960022D-03
 -0.376054867845D-02 -0.974208183145D-02  0.586593190177D-03 -0.353675223589D-02
 -0.103824073132D-01  0.496544139724D-03 -0.444401841274D-02 -0.673926783584D-02
  0.824916435830D-03 -0.309592456973D-02 -0.776703253317D-02  0.104180808648D-02
 -0.833871849729D-02 -0.105862437734D-01 -0.316408683761D-03  0.428824996439D-02
 -0.162994305293D-01 -0.971174839975D-04  0.429591933700D-03 -0.123987931738D-01
  0.201602432937D-03 -0.279294576305D-02 -0.148895607551D-01  0.252339429301D-03
 -0.138875487604D-02 -0.100154296352D-01 -0.403961381368D-03  0.354228042745D-02
 -0.755277705008D-02 -0.112795541717D-02  0.104268359186D-01 -0.924236582389D-02
 -0.345152317799D-03  0.207149594436D-02 -0.173878158005D-01  0.455649275035D-03
 -0.600179130641D-02 -0.826711514288D-02 -0.753452112301D-03  0.106636547400D-01
  0.216430513316D-02 -0.399826089854D-03  0.351756172299D-02  0.870735188617D-03
 -0.541473727719D-03  0.780778301440D-02 -0.146576618568D-01 -0.110780460673D-02
  0.117396648069D-01 -0.190225242955D-01 -0.398710034891D-02  0.286501799109D-02
 -0.216950904734D-02  0.342935740769D-02  0.371161742840D-02 -0.254849035358D-02
  0.787700090830D-03 -0.138792302673D-03 -0.877452347642D-02 -0.206778920618D-02
 -0.159773280700D-02 -0.733483099365D-02 -0.199497697825D-03 -0.122196571377D-02
 -0.767495576050D-02 -0.123810248617D-02 -0.405924143379D-03 -0.872846332817D-02
 -0.149530452141D-04 -0.147778603237D-02 -0.765332710014D-02  0.169805120925D-02
 -0.141385022230D-02 -0.723536519883D-02 -0.321635983767D-03  0.524139923245D-02
 -0.240493065373D-01 -0.924197310920D-05 -0.134123327683D-02 -0.125467752185D-01
  0.283149595869D-03 -0.292958613877D-02  0.483572532219D+00 -0.135243212603D-01
 -0.736805405243D-02  0.137612374467D-01 -0.237125744333D-01 -0.126241158157D-01
 -0.141875354179D-01 -0.200069339286D-01  0.374131847830D-02 -0.635213831929D-02
 -0.835385157444D-02  0.194727671231D-03  0.310012508611D-03 -0.120148950614D-01
  0.112952185586D-01 -0.588629793027D-02 -0.603290892639D-02  0.766103019012D-02
 -0.744660446570D-02 -0.591318853208D-02 -0.119064817074D-01 -0.408661362969D-03
 -0.642028541832D-02 -0.823262244854D-03  0.248152798551D-02  0.132244590347D-02
  0.325735728758D-02 -0.159203127503D-02  0.756539188873D-02  0.141227913780D-03
  0.346036733956D-02  0.374481116997D-02 -0.105442014261D-03  0.176721475048D-03
  0.627553519157D-02  0.546541850226D-02  0.122349963444D-02 -0.294846567755D-01
  0.129492469514D-01 -0.659166673734D-02 -0.225218262671D-01  0.386113765791D-03
 -0.197194068400D-02 -0.129461827926D-01  0.487679231070D-02 -0.327307170332D-02
 -0.969908568865D-02 -0.889920565202D-02  0.335106959544D-02 -0.425113900537D-02
  0.168801223900D-02  0.219857766743D-02  0.157435663858D-01  0.322533678766D-02
  0.315315123850D-02  0.162583073352D-01 -0.140462632622D-01  0.914948600482D-02
  0.174375094524D-02 -0.410610416945D-02 -0.203764501690D-02  0.227807536705D-01
  0.230431902351D-04 -0.260637257840D-02  0.205061468932D-01  0.124254312482D-01
 -0.879922555731D-02 -0.367075582773D-02  0.704089747653D-02  0.251181472610D-02
 -0.436631343669D-03 -0.975780479086D-02 -0.123553927183D-01 -0.300495361795D-02
  0.106980220580D-02 -0.223156613655D-02  0.276948825472D-02  0.122060338967D-02
 -0.609883939640D-02 -0.449685605365D-01  0.651674968291D-01  0.501907107239D-01
 -0.108271364297D-01 -0.843142103040D-02  0.122514126648D-01 -0.248643934623D-02
 -0.792809582502D-02 -0.326442080825D-02  0.832729931449D-03  0.208052621843D-01
 -0.104715595644D-01  0.176395284406D-03 -0.920532943609D-03  0.694256570352D-02
 -0.325251038529D-01  0.876362767960D-02  0.109418223422D-01 -0.216045413884D-01
 -0.550122027385D-02  0.958418972559D-02 -0.359891063730D-03  0.155342854521D-01
  0.735393770538D-02 -0.118378161299D-01 -0.157377990121D-01 -0.658769690979D-02
 -0.329613328440D-01 -0.217573517370D-01 -0.688526048855D-02 -0.184719240759D-01
 -0.300023162311D-01 -0.273255057778D-02 -0.148757413791D-01  0.760420621476D-02
 -0.204327835927D-02 -0.168608416005D-01  0.574155040337D-02 -0.427683795214D-02
 -0.864892665922D-02  0.112111799590D-01 -0.618407476771D-02 -0.128927567996D-01
 -0.705269253810D-02  0.491665022936D-02 -0.676462488250D-02 -0.124345333539D-01
  0.514426318046D-02 -0.162983726076D-01 -0.830035120787D-02  0.224241652379D-02
  0.565529654436D-02 -0.802502720056D-02  0.101679775669D-01 -0.920546976961D-02
  0.213220613488D-03  0.755486842269D-02  0.858011720258D-02  0.632118210186D-02
  0.195967782203D-02  0.351008010668D+00  0.536065861349D-03 -0.204544989734D-02
 -0.800660263101D-03 -0.489304599518D-02  0.101645486275D-01  0.108756842947D-02
 -0.195871151138D-02 -0.817528138565D-02 -0.571462720792D-02  0.250017833569D-02
 -0.706712042138D-02  0.119330808484D-01  0.103600813450D-02 -0.625525642499D-02
 -0.900846030559D-03  0.174994109720D-02  0.414358942508D-02 -0.406338315519D-02
 -0.295041617413D-03  0.626147604691D-02 -0.639224526637D-02 -0.362384620044D-02
 -0.277219775038D-02 -0.565062676549D-02  0.219790609428D-03 -0.446091183156D-02
 -0.233808530435D-02  0.191561893299D-02  0.139130830791D-03 -0.537716841736D-02
  0.556514932759D-04 -0.480764959577D-03 -0.224947118586D-02  0.146521068747D-02
  0.191792590397D-02 -0.294095152225D-02 -0.419161066259D-02 -0.298937509603D-03
 -0.136582778414D-01 -0.227447646789D-02 -0.162324222663D-02 -0.496502279853D-02
 -0.513583476873D-02  0.559352426641D-03 -0.293260160242D-02 -0.569005164278D-02
 -0.548050241262D-02 -0.179986580518D-02 -0.348406558269D-02 -0.271763389195D-02
 -0.607550431134D-02  0.537792422313D-02  0.736812506951D-03  0.461484158233D-02
  0.509222728619D-02  0.785482533568D-02 -0.536657042728D-03 -0.893989078665D-03
  0.260936434936D-02 -0.143695828382D-02  0.799124157637D-02  0.229865616831D-02
  0.103857056368D-01  0.867055057735D-02  0.582650590683D-02  0.652717979879D-02
 -0.278057223053D-02  0.337541658118D-02 -0.278746095807D-03  0.236270013763D-02
 -0.313152740184D-02 -0.115371340355D-02  0.555610577231D-03 -0.877264758516D-02
 -0.692932024177D-02  0.161873538109D-02 -0.226211665204D-02 -0.292519354608D-02
 -0.351530051369D-02 -0.322758061799D-01 -0.634583705017D-02  0.314227205414D-02
 -0.191780403723D-01  0.199650404800D-01  0.589763810903D-02 -0.213856984365D-01
  0.224121100330D-01  0.781729915420D-02 -0.245988112017D-01  0.259233306779D-01
  0.595880953369D-02 -0.153637020832D-01  0.202194048739D-01 -0.758071789343D-02
  0.126121212091D-01  0.314839983792D-01 -0.221218844702D-02 -0.212871095528D-01
  0.860209270553D-02  0.462999860068D-02  0.865447986047D-02  0.738784684472D-02
 -0.321025442529D-02  0.252250182428D-02 -0.194458281698D-01 -0.239065802109D-01
  0.106283155684D-01 -0.446646017639D-01  0.154909672181D-01  0.122643746403D-01
 -0.448102550083D-01 -0.369087137494D-02 -0.575495064096D-03 -0.364751859426D-02
 -0.963694297331D-02  0.231323083447D-05 -0.589332461241D-02 -0.528399657196D-02
  0.241325313572D-02 -0.129061554884D-02 -0.722404998705D-02 -0.672304461234D-02
 -0.252186537444D-02 -0.297179433902D-02 -0.776580363822D-02  0.255709970834D-03
 -0.603617026275D-02 -0.577435447636D-02 -0.442222034878D-02  0.608379707572D-02
 -0.716537598662D-02 -0.105928709528D-01 -0.293953143011D-02 -0.610387175788D-02
 -0.155028448226D-02  0.475664071757D-02 -0.299715229974D-02 -0.477552459319D-02
 -0.211376674898D-01  0.413688802646D+00  0.996785580856D-03  0.295543064410D-02
 -0.117862326608D-02  0.621591114938D-03  0.781675050291D-02  0.568111687755D-02
  0.176125946672D-02 -0.110023703752D-01  0.388215169788D-02  0.751958942443D-03
 -0.135592276857D-02  0.271154027751D-02  0.116477296493D-02 -0.100431057149D-01
 -0.226212905913D-02  0.830027399486D-03 -0.148474307957D-01 -0.291581378846D-02
  0.868542289476D-03 -0.111627496764D-01 -0.477419789615D-02 -0.462365495062D-03
  0.375653064245D-02 -0.121673458713D-01 -0.101146770556D-02  0.335726302927D-02
 -0.920569290790D-02 -0.197438230680D-02  0.416402226492D-02 -0.116207643101D-01
 -0.211933136145D-02  0.417870286656D-02 -0.120103806087D-01 -0.333353226139D-02
  0.350491403344D-02 -0.118965448658D-01  0.317464922956D-02 -0.198278116679D-01
  0.701887208684D-03  0.176909851199D-02 -0.237770501862D-02  0.733255172915D-02
  0.893739370437D-04  0.293677986497D-02 -0.115533410154D-01 -0.235349001220D-03
  0.367509499566D-02 -0.122932838402D-01 -0.759176811613D-03  0.277480742021D-02
 -0.126736978540D-01 -0.231715120863D-02  0.108095464425D-02 -0.882763611403D-02
 -0.506342039734D-02  0.628635638338D-02 -0.123967231479D-01 -0.384378481389D-02
  0.812644807203D-02 -0.125650136771D-01 -0.310184237941D-02  0.607082978398D-02
 -0.123792625665D-01 -0.637707782725D-02  0.530593542582D-02 -0.825484583348D-02
 -0.389207125079D-02  0.664139578555D-02 -0.179842706820D-01 -0.490137536185D-03
 -0.387640204616D-02  0.163568958460D-02 -0.468108967275D-03  0.280794070249D-02
 -0.778965783517D-02 -0.129906836098D-02  0.546776679336D-02 -0.628898046993D-02
  0.272572121589D-02 -0.111030979949D-01 -0.316392510746D-01  0.173277620289D-02
  0.335702229318D-03  0.227102100950D-02  0.184751812525D-02 -0.105358787337D-02
 -0.484659726147D-02  0.185362182651D-02 -0.762721274714D-02 -0.247808178137D-02
  0.774716920606D-03 -0.162621258542D-02 -0.486826444442D-02  0.140880025786D-02
  0.855443455858D-05  0.136314021611D-01  0.295341813659D-02 -0.260710986410D-01
  0.120013114832D-01 -0.248171587114D-03 -0.116713226552D-01  0.131255220665D-01
  0.190371016048D-02 -0.120257138618D-01 -0.100178310515D-01 -0.543829286418D-03
 -0.449250838210D-01  0.150995987294D-01  0.121046356405D-01 -0.433241682368D-01
  0.145632502848D-01  0.678198451971D-03  0.311071446118D-02 -0.121920679465D-01
  0.933289576350D-03  0.212095031163D-02 -0.131529751926D-01 -0.189165501425D-03
  0.246033593482D-02 -0.125971904602D-01 -0.434094808173D-03  0.345196275167D-02
 -0.129290475342D-01 -0.418052458732D-03  0.390249215124D-02 -0.135657690554D-01
 -0.344167194186D-03  0.285276755878D-02 -0.142019153797D-01 -0.146168546040D-02
 -0.438686790915D-02  0.674979183501D-02  0.328229835553D-03  0.473535683982D-02
 -0.714424090707D-02 -0.201129246144D-02  0.449787068945D-02 -0.896597607925D-02
 -0.188746191265D-01  0.143190301876D-01  0.399080993914D+00 -0.145556836955D-01
  0.434221705115D-02 -0.131231048332D-01 -0.261672684207D-01  0.632890218640D-02
  0.146342286764D-01 -0.190419784563D-01 -0.757611049464D-02  0.102642966652D-01
 -0.779742199253D-02 -0.112215939690D-03 -0.410697272630D-02 -0.945195919039D-02
 -0.121697701069D-01  0.743412599756D-02 -0.382968622747D-02 -0.113263290569D-01
  0.700340717236D-02 -0.757084138748D-02  0.748529914028D-02  0.281886688251D-02
 -0.717487936399D-02  0.238790891862D-03 -0.176349603563D-02  0.158275910636D-02
 -0.101737920941D-02  0.375834293070D-02  0.770389568036D-02  0.143195265104D-02
 -0.297921917636D-02  0.364863938057D-02  0.725287989409D-03  0.115498439955D-02
  0.733427901410D-02 -0.406957871139D-02 -0.164153792567D-02 -0.277741183179D-01
 -0.189522523620D-01  0.969192158785D-02 -0.231306391240D-01 -0.928534662147D-04
 -0.503411441171D-03 -0.123731271598D-01  0.780527475072D-02 -0.340859439518D-02
 -0.124698241016D-01 -0.714879668152D-02  0.331040640694D-02 -0.466446809338D-02
 -0.161459698460D-02 -0.168452757634D-02  0.167732708832D-01 -0.371586989829D-03
 -0.383978149512D-02  0.145178739416D-01  0.155605120147D-01 -0.932638763024D-02
  0.924926905099D-03  0.355940035256D-02  0.158036011475D-02  0.236017654397D-01
  0.377901263704D-02 -0.395862504790D-03  0.239949348973D-01 -0.961160043579D-02
  0.758351932754D-02 -0.267702467309D-02 -0.667703069808D-02 -0.349324232697D-02
 -0.160093831730D-02  0.868746737659D-02  0.145571836789D-01 -0.291567385392D-02
  0.457558856585D-04  0.426610775910D-02  0.308297717363D-02 -0.350441939692D-03
  0.562823242216D-02 -0.322819058219D-01 -0.625197104752D-01 -0.467700440689D-01
 -0.122451921706D-01  0.113385904379D-01 -0.142488962707D-01 -0.348438733126D-02
  0.116270909447D-01 -0.294678930944D-02  0.494320398478D-02 -0.132795379458D-01
  0.566928700118D-02  0.648222635561D-03  0.448725104907D-02 -0.112575077468D-01
 -0.306824641247D-01 -0.166375365935D-01 -0.143833518166D-01 -0.227408110887D-01
  0.220859111339D-02 -0.957043639554D-02  0.364402852961D-02 -0.198628783123D-01
 -0.561569946689D-02 -0.143743230378D-01  0.926055070972D-02  0.113184574246D-01
 -0.194297310212D-01  0.246745990705D-01  0.110851221878D-01 -0.397721782266D-01
  0.116930841054D-01  0.163862091482D-01 -0.154279003511D-01  0.575421301785D-02
 -0.464394924499D-02 -0.184685261191D-01  0.621148183021D-02 -0.186917786464D-02
 -0.946027201559D-02  0.123751949726D-01 -0.574046339393D-02 -0.136622301902D-01
 -0.976069791639D-02  0.237617246735D-02 -0.742010612228D-02 -0.128135056772D-01
  0.573877569430D-02 -0.172021589456D-01 -0.868148825792D-02  0.487906128192D-02
  0.505558940063D-02  0.955586487943D-02 -0.477426415584D-02 -0.971470937513D-02
  0.456966995051D-04 -0.672029971224D-02  0.100980367898D-01 -0.334628559853D-02
 -0.634974542954D-03  0.711449527915D-01  0.196891138591D-01  0.189222428646D-01
  0.346451633316D+00 -0.259174948450D-02 -0.154134640090D-02 -0.338204675514D-02
 -0.927744363028D-03  0.133537827573D-01  0.238219699948D-02  0.582391594910D-03
 -0.796002373955D-02 -0.442351623533D-02 -0.254231316259D-02 -0.746644788700D-02
  0.106404062924D-01 -0.107591340668D-02 -0.733226458192D-02 -0.389842123142D-03
 -0.210800917440D-02  0.230097178700D-02 -0.378289873920D-02 -0.201665585068D-02
  0.749391083590D-02 -0.619888726377D-02  0.539151722444D-03 -0.227487674918D-02
 -0.586397569731D-02 -0.632758772043D-03 -0.459069061942D-02 -0.136345923099D-02
 -0.107416155140D-02 -0.395311610049D-04 -0.579132190497D-02  0.436946851070D-03
 -0.309260687730D-03 -0.172107573744D-02  0.159192998772D-02  0.126278820308D-02
 -0.320526168496D-02 -0.211652755749D-03 -0.362235225170D-02 -0.125983182759D-01
 -0.778858076154D-03 -0.535843322822D-05 -0.680061806937D-02  0.185832203957D-02
 -0.297219240010D-02 -0.240412246540D-02  0.391879703392D-03 -0.517596890820D-03
 -0.226075880089D-02  0.963720546188D-03 -0.247655805011D-02 -0.633305150513D-02
 -0.231308361517D-02 -0.249611050370D-03  0.430440240338D-02  0.752594842074D-03
  0.102803628737D-01 -0.227576355342D-02  0.310668806996D-02  0.359687712194D-02
 -0.838375146300D-03 -0.364594570319D-02  0.155469411271D-02  0.106011589474D-01
  0.147115777365D-02  0.299481947579D-02  0.806316335983D-02  0.460885969429D-02
  0.301894915209D-02 -0.339706838047D-03 -0.127503885510D-02 -0.229159981906D-02
  0.108151628307D-02 -0.547998457557D-03 -0.905089225789D-02 -0.618743191464D-02
 -0.140982040144D-02 -0.280337481570D-02 -0.220611258903D-02  0.630356039559D-02
 -0.419300029118D-01 -0.135500007263D-01 -0.278773731376D-02 -0.186579193812D-01
  0.182946902147D-01 -0.466750697770D-02 -0.215671660685D-01  0.224323582964D-01
 -0.441974577123D-02 -0.286742510993D-01  0.278347158123D-01 -0.388243657336D-02
 -0.156837544139D-01  0.181713935201D-01  0.388200691796D-03  0.124286839758D-01
  0.268660811765D-01  0.258921621074D-02 -0.194362070517D-01  0.612460397432D-02
 -0.270985310967D-02  0.473515500210D-02  0.724349536976D-02 -0.129123075783D-02
  0.409320024607D-02 -0.178680574177D-01 -0.187894632412D-01  0.129198913603D-01
 -0.424903618264D-01  0.144929984302D-01  0.199585554141D-01 -0.432425027409D-01
  0.333517267441D-02 -0.473444635071D-02 -0.319498490309D-02  0.810995783595D-03
 -0.336742775932D-02 -0.512083037310D-02  0.114291460926D-03 -0.441066190603D-02
 -0.298451623722D-03 -0.885004697577D-03 -0.195222164551D-02 -0.310823219380D-02
  0.125437616516D-02 -0.138131515896D-03 -0.442247759550D-03  0.353319517226D-02
 -0.614267387880D-03 -0.462046370326D-02 -0.119851246107D-02 -0.653863236342D-02
 -0.123216322338D-01 -0.436110780388D-03 -0.586311667604D-02 -0.248715607214D-02
 -0.187986050264D-02 -0.426381756555D-02 -0.469837125833D-02  0.812348581174D-02
 -0.793175363826D-01  0.178998499941D-01  0.106307223812D-01  0.418241159643D+00
 -0.132040830067D-02  0.212568043523D-02  0.368842101480D-03 -0.208391394310D-02
  0.576319644755D-02  0.835541397331D-02 -0.216959943497D-05 -0.135772269546D-01
  0.684900367198D-02 -0.610877543291D-03 -0.234117068129D-02  0.295502918738D-02
  0.354058945040D-04 -0.113908920223D-01 -0.326404034826D-03  0.528575146701D-03
 -0.157453285775D-01 -0.224793964331D-02  0.950552870501D-03 -0.115584293880D-01
 -0.423213642509D-02  0.179621723771D-02  0.394780734707D-02 -0.126453639153D-01
  0.168811364618D-02  0.394886028573D-02 -0.892579745713D-02  0.162484138702D-02
  0.443175238728D-02 -0.122762298890D-01  0.157157080285D-02  0.424084725028D-02
 -0.120339068879D-01  0.914670212732D-03  0.389090610370D-02 -0.127361539182D-01
 -0.909222305849D-03 -0.203819249799D-01  0.311246164656D-02 -0.142158919728D-02
 -0.202716599766D-02  0.822064435281D-02  0.169826164696D-02  0.367324526470D-02
 -0.127339214941D-01  0.153971557487D-02  0.348062747610D-02 -0.119934896917D-01
  0.223127983923D-02  0.300857119457D-02 -0.132410894645D-01  0.192645227755D-02
  0.159334325938D-02 -0.935614838509D-02 -0.132355260866D-03  0.667279903187D-02
 -0.124945631274D-01  0.246665944600D-03  0.861839537020D-02 -0.135270455906D-01
  0.168195934554D-02  0.632830964966D-02 -0.129937137688D-01 -0.916482570509D-03
  0.607576455236D-02 -0.832194953127D-02  0.406932204942D-04  0.749317162812D-02
 -0.196741800916D-01  0.453710566431D-03 -0.397495945524D-02  0.266566231495D-02
  0.916113207632D-03  0.318999119551D-02 -0.762006454743D-02  0.100963220291D-02
  0.561114445527D-02 -0.702649389729D-02 -0.247165710049D-02 -0.100206349885D-01
 -0.306096595573D-01 -0.943135387912D-03  0.197798263421D-02  0.228001210399D-02
 -0.990554957731D-04  0.981569740171D-03 -0.669844505162D-02  0.814404259828D-03
 -0.544846207647D-02 -0.398239622733D-02  0.682471927210D-04 -0.154581535999D-02
 -0.492694391097D-02 -0.187726675901D-02 -0.193605008923D-02  0.184804106683D-01
  0.128695709426D-02 -0.289446779011D-01  0.142431296625D-01 -0.649332585814D-04
 -0.131857678780D-01  0.132166625604D-01  0.167731657789D-02 -0.127396951273D-01
 -0.969023382158D-02 -0.649959240686D-02 -0.464820367132D-01  0.157363063001D-01
  0.976344639080D-02 -0.454900013640D-01  0.162487252961D-01  0.168075925571D-02
  0.406846100151D-02 -0.133541148391D-01  0.216404449773D-02  0.284288948950D-02
 -0.142060840988D-01  0.199960268947D-02  0.369855560644D-02 -0.144104990908D-01
  0.674252357387D-03  0.335028805960D-02 -0.125321498388D-01  0.161685550799D-02
  0.356171339478D-02 -0.127992302221D-01  0.134759185448D-02  0.268399051925D-02
 -0.138349374323D-01 -0.212253234577D-03 -0.397345954368D-02  0.881986320072D-02
  0.132359288094D-02  0.525717678167D-02 -0.744788566862D-02  0.667475057782D-03
  0.493165450812D-02 -0.943793035958D-02 -0.249975432617D-01  0.148084459628D-01
 -0.102246323720D+00  0.152230847031D-01  0.194833773087D-01  0.394923024575D+00
 -0.224882224357D-01 -0.413852489809D-03  0.154282005639D-02 -0.155298315625D-01
 -0.128566986948D-02  0.208657203823D-02 -0.139103328362D-01 -0.180536786679D-02
  0.909786044171D-03 -0.209829652887D-01 -0.995574858009D-03 -0.681882068114D-03
 -0.165685429279D-01 -0.109418721945D-02  0.791680542979D-03 -0.150235206135D-01
 -0.122286940906D-02  0.109822456518D-02 -0.108409277347D-01 -0.540494848733D-03
  0.734904250659D-03  0.423077808292D-02  0.377165614391D-03  0.225903840164D-03
  0.350815235267D-03  0.136158806642D-04 -0.517374152717D-03  0.155723017478D-02
 -0.126478109240D-03  0.232068077556D-03  0.594568178578D-02  0.249678741455D-03
 -0.666048642357D-03  0.855130582486D-02  0.169970537304D-03  0.424529605116D-03
 -0.213615205076D-01 -0.455002816240D-04  0.141107986996D-02 -0.196045613423D-01
 -0.201463844463D-02  0.947501530949D-03  0.509123256436D-02 -0.248403048293D-02
 -0.225220985318D-02  0.445461117497D-02  0.370221871833D-02  0.250891977451D-02
  0.751004643630D-02  0.416334849971D-03  0.361630867098D-03 -0.127819418331D-02
  0.202382954010D-03 -0.841505449112D-03  0.713063491958D-02 -0.260627793524D-03
  0.117105960242D-03  0.128095422115D-01  0.676930490717D-03 -0.159218562952D-03
 -0.367764634678D-02 -0.100464412445D-02 -0.705974019636D-03  0.604299175057D-02
  0.183648925561D-03 -0.467987006738D-03  0.163019902313D-01  0.736955181324D-03
 -0.440185408420D-03 -0.951399193698D-02  0.338650569166D-04 -0.309037736866D-03
 -0.525448894222D-02  0.468139151930D-03  0.170852698913D-03 -0.380053277740D-02
 -0.188390644696D-03  0.291134675522D-03 -0.181447759665D-01 -0.208641345747D-03
  0.140589220529D-04 -0.268782487307D-01  0.161053680106D-02 -0.301256222626D-02
 -0.294374027706D-01 -0.666842272946D-03 -0.809176037196D-03 -0.282236419222D-01
  0.104454582575D-02 -0.276262897695D-02 -0.238783106049D-01 -0.134368605033D-02
 -0.944473310319D-03 -0.134473911063D-01 -0.152875714111D-02  0.238395707803D-02
 -0.107329717260D-01 -0.435411652524D-03  0.954524053489D-03 -0.172400692601D-01
 -0.137084315870D-02 -0.143733533890D-02 -0.847937092645D-02  0.360103537460D-03
  0.747361987086D-03 -0.237467095198D-01 -0.252764099018D-02 -0.116688511393D-02
 -0.227973382051D-01  0.166969769749D-02  0.217821178005D-02  0.273429522242D-02
 -0.258225031285D-02 -0.233396559255D-02  0.804408095595D-02 -0.226153730760D-02
 -0.192426540599D-02  0.501501201700D-02 -0.469130304574D-02 -0.401116818482D-02
  0.221825685118D-02  0.385720798180D-02  0.265069746187D-02  0.388317562877D-02
  0.583140370307D-02  0.411068289729D-02  0.767665126632D-02  0.398371350528D-02
  0.282155446061D-02 -0.118665909948D-01 -0.631009350723D-04  0.918375308078D-03
 -0.292971256906D-02  0.101112267414D-03 -0.227330752781D-03 -0.615727962769D-02
 -0.383488168669D-03 -0.409996792047D-03 -0.148148182496D-01  0.457524844547D-02
  0.246717527964D-02 -0.178836742590D-01  0.584857251923D-04 -0.113547404986D-02
  0.471891072986D+00  0.114007645293D-03 -0.236884875126D-01 -0.115244190410D-01
 -0.491464615699D-03 -0.305593218526D-02 -0.278344018978D-01 -0.193415607698D-02
  0.143964152149D-01 -0.162046703128D-01 -0.136955419988D-03 -0.172694631756D-01
  0.108876706830D-01 -0.937093353897D-03  0.338865963017D-02 -0.132565893164D-01
 -0.987372482674D-03  0.137562116951D-01 -0.123341700041D-01 -0.143039671178D-02
  0.857566081440D-02 -0.141649627270D-01 -0.190126324520D-02 -0.152673211373D-02
 -0.140873328125D-02 -0.140621904812D-02 -0.227870981469D-02  0.153398036619D-02
 -0.639433859292D-03  0.112638184514D-02 -0.136953681408D-02 -0.501061588993D-04
  0.249346921071D-02  0.650368081812D-02  0.239759626311D-02  0.537633043044D-02
 -0.278983532561D-02  0.154583994333D-02 -0.246902301522D-01 -0.161267161978D-01
 -0.488015507462D-03 -0.620596015631D-02 -0.764939671343D-02 -0.180563596042D-02
 -0.299617488835D-02 -0.246477687076D-03 -0.193641113875D-02 -0.313290621269D-02
  0.170996994608D-03 -0.182687102891D-02  0.140344609368D-02 -0.233498696849D-02
  0.147698456798D-03 -0.214148534345D-02  0.928647470376D-02  0.472246132255D-02
  0.967766502372D-02  0.471482250147D-03  0.310231028902D-02  0.640756439986D-02
  0.555513320198D-02 -0.499602695894D-03  0.649270748454D-02  0.141124001779D-01
  0.761073881191D-02  0.494168905826D-02  0.651714077677D-02  0.446196327946D-02
  0.430141253474D-03  0.109150530993D-01  0.420479052374D-03 -0.441704556863D-02
 -0.799317361355D-02 -0.625024032242D-03 -0.117634247432D-01 -0.505810898175D-02
 -0.798656627588D-03 -0.447752203779D-02 -0.550460528076D-02  0.231615406800D-02
 -0.183883667192D-01  0.181481236059D-02  0.128720768465D-02 -0.549346560914D-01
  0.325874674868D-01 -0.271360729371D-02 -0.238057784647D-01  0.168001586205D-01
 -0.618701404284D-03 -0.426835273729D-01  0.324375752204D-01 -0.174029456914D-02
 -0.127887469568D-01  0.152179252379D-01 -0.109246165892D-02  0.603762609150D-02
 -0.372360340731D-01 -0.650903948541D-03  0.810838071893D-02 -0.193107736793D-01
  0.231158133224D-03  0.146570100749D-01  0.187108691869D-02 -0.281622739160D-02
  0.345386633561D-02 -0.168220843462D-01  0.476277039663D-02 -0.183966394425D-01
 -0.107917100896D-01 -0.407845187016D-02 -0.159215818382D-01 -0.115123881916D-01
 -0.270074266967D-03 -0.605539275884D-02 -0.121985184034D-03 -0.156080699918D-02
 -0.217105233194D-02 -0.353512260551D-02 -0.319732629741D-02 -0.291104100867D-02
  0.273305426633D-02 -0.281928854542D-02 -0.545189021677D-02  0.199990585551D-03
 -0.476979127045D-03 -0.335752911881D-02  0.263536454094D-02 -0.264297251473D-02
 -0.258496451709D-02 -0.232855474276D-02  0.252589513454D-02 -0.642116441027D-02
 -0.284354452951D-01 -0.264239715127D-02 -0.835494470297D-02 -0.221743734833D-03
  0.444143872820D-03 -0.416955157055D-02  0.227403174570D-02 -0.135922544493D-01
 -0.518482805644D-01 -0.138481696525D-02  0.231188229460D-01 -0.503874960440D-01
  0.276648856656D-02  0.257511587331D-02  0.424779122681D+00 -0.169858448201D-02
  0.178051919785D-01  0.147503233760D-01 -0.145331102711D-02  0.171716217551D-01
 -0.528330813911D-02  0.228189040173D-02 -0.234661420555D-01 -0.174895555846D-01
 -0.861312234761D-03  0.103598621231D-01 -0.197292477173D-01 -0.672431188867D-03
  0.106173299229D-01 -0.847021106862D-02 -0.429563071993D-03  0.918076269179D-02
 -0.184432068767D-01 -0.104737166039D-02  0.127319324547D-01 -0.134196227736D-01
 -0.392379993527D-03 -0.262039921442D-02 -0.874892119133D-02  0.318707936136D-03
 -0.806940329530D-02 -0.636807920502D-02 -0.257296143756D-03  0.137743905858D-02
 -0.131273554858D-01  0.356447317137D-03 -0.477319374680D-02 -0.178286243711D-01
  0.890646084093D-03 -0.388002863006D-02 -0.147680005388D-02 -0.173100010334D-02
  0.692566459555D-02  0.366341647274D-02  0.451499097761D-02 -0.513089373596D-01
 -0.201726855785D-01 -0.272731349268D-03 -0.285985357430D-02 -0.632382072143D-02
 -0.579263526195D-03 -0.307271613873D-02 -0.632027043218D-02 -0.686904492208D-04
 -0.596357375617D-02 -0.605435781848D-02 -0.339782040306D-03  0.436467926584D-02
 -0.119707981807D-01  0.253748040300D-02 -0.140253758546D-01 -0.157564067462D-02
  0.205006773605D-02 -0.150057956393D-01 -0.123977119535D-01  0.109180562549D-02
 -0.110751393409D-01 -0.679331141977D-02  0.170188216599D-02  0.252086911493D-02
 -0.156146972305D-01  0.750557868044D-03  0.369585934460D-03  0.636744208265D-03
 -0.157075617010D-03  0.375962611580D-02 -0.566738510755D-02 -0.294894716539D-03
  0.374424955545D-03 -0.147803167616D-01 -0.470436136841D-05 -0.265115823982D-02
 -0.212997831385D-02  0.302285649987D-02 -0.155280992227D-01 -0.923652791010D-02
 -0.322249732437D-02  0.330174381461D-01 -0.767563929489D-01  0.312232382982D-02
 -0.403156445926D-01  0.192135918359D-01 -0.208111571502D-02  0.182927538743D-01
 -0.408091381188D-01  0.411806352168D-03 -0.621992821775D-02  0.163925038518D-01
  0.258594635033D-02 -0.265533294264D-01 -0.132935312105D-01 -0.125476865370D-02
  0.160568621893D-01 -0.199916225053D-01  0.615116953610D-03  0.183854124117D-02
 -0.280312331861D-01 -0.161526782249D-02  0.134790567409D-01 -0.637501162426D-02
 -0.395435565345D-03  0.304296934466D-02 -0.180144197948D-01  0.954240581281D-03
  0.281527476527D-02 -0.175190500594D-01 -0.689112284325D-04 -0.270690359745D-02
 -0.725231644091D-02 -0.624206541851D-03 -0.268774151134D-02 -0.610453081680D-02
 -0.121150898336D-03 -0.257464087114D-02 -0.674052279244D-02 -0.662327671774D-03
 -0.273043601203D-02 -0.726280547595D-02 -0.686959731738D-03 -0.308272795591D-02
 -0.692508974385D-02 -0.475891817601D-03 -0.292174189499D-02 -0.588119740283D-02
  0.381489581187D-03  0.437416978049D-02 -0.172633924244D-01 -0.378250355141D-03
 -0.467058959348D-02 -0.117304831098D-01  0.692309867808D-03 -0.608480406674D-02
 -0.102384725484D-01  0.137812792521D-01  0.147793138266D-01  0.790755928747D-02
 -0.156157655255D-01  0.122571993399D-01  0.802192289054D-02 -0.547887601900D-03
  0.861368349680D-03  0.502598060234D+00 -0.258043819374D-01 -0.200015647507D-02
  0.299374416655D-02 -0.905945952997D-02 -0.257315757804D-03  0.120015134570D-02
 -0.102790701819D-01  0.221454685652D-02  0.206167485969D-02 -0.272005371096D-01
 -0.322776939724D-02  0.163292605008D-02 -0.191211394606D-01 -0.195101855765D-02
 -0.278057270720D-03 -0.205135813997D-01  0.130948460210D-02  0.179400745791D-02
 -0.132637635751D-01  0.224734927701D-02 -0.194548402838D-02  0.915172174544D-02
  0.634971067039D-03  0.132498802063D-03 -0.153968488540D-02 -0.685870373363D-03
 -0.114192845388D-02 -0.339693884364D-02 -0.947452546059D-03 -0.171715527893D-03
  0.548995158247D-02  0.667112276338D-04 -0.977232939749D-04  0.761799369785D-02
 -0.235176001079D-03 -0.215079523594D-03 -0.152146842173D-01 -0.816434500355D-03
  0.101317389342D-02 -0.165597732734D-01 -0.148940028968D-02  0.146377737748D-02
  0.139016562656D-01 -0.763924696260D-02 -0.119943126015D-02  0.121105937389D-01
  0.101596740041D-01  0.184896649856D-02  0.125950017073D-01  0.641122296241D-03
  0.363028927051D-03 -0.127326382376D-01 -0.109210004355D-02 -0.910073384082D-03
  0.476469794704D-03 -0.843033619912D-03  0.204119307411D-03  0.172846474459D-01
  0.733405831051D-03 -0.505997093361D-04 -0.205239032943D-01 -0.231157081526D-02
  0.446883359289D-03 -0.510030692494D-02 -0.758391901122D-03  0.601825039505D-05
  0.252122801231D-01  0.551507203959D-03  0.514025943816D-03 -0.145622621597D-01
  0.464958744949D-03 -0.843560052154D-03 -0.712938430986D-02 -0.178878403583D-03
 -0.552198363938D-03 -0.853066727537D-02 -0.686582668686D-03 -0.712682543302D-03
 -0.479455831719D-02 -0.732124116493D-04 -0.293376201770D-03 -0.336602992357D-01
 -0.339795855946D-02 -0.498349514468D-03 -0.435570366879D-01  0.298298768003D-02
  0.180835220102D-02 -0.444832762551D-01 -0.444171803479D-02 -0.355997566637D-02
 -0.369239333549D-01 -0.187838946414D-02  0.172006800391D-02 -0.214690474432D-02
  0.206810607091D-02  0.369752394393D-02 -0.364063088049D-02  0.581482464834D-03
  0.788442038926D-03 -0.276162170309D-01  0.493680846163D-03 -0.278692590290D-02
 -0.594260345864D-02  0.317871284379D-02 -0.115488046202D-02 -0.185715650371D-01
 -0.612544052291D-02 -0.290934555087D-02 -0.190179561796D-01  0.631404553283D-02
 -0.858524158947D-03  0.121550900534D-01 -0.789794953927D-02 -0.129558493833D-02
  0.212826394687D-01 -0.700746104023D-02 -0.809253213582D-03  0.115893560753D-01
 -0.141033037772D-01 -0.200333751437D-02  0.987768193493D-02  0.107172690802D-01
  0.188794558360D-02  0.888402039946D-02  0.161336358733D-01  0.313931959397D-02
  0.202541336555D-01  0.109271097952D-01  0.228229278587D-02 -0.218528603983D-01
  0.394050118458D-03 -0.265523089548D-02  0.770832907771D-04  0.214204571053D-03
 -0.752149530178D-03 -0.157901811313D-01 -0.186673419634D-02 -0.128862072924D-02
 -0.126265262758D-02  0.676335069667D-02  0.183658725600D-02 -0.892969146088D-03
 -0.573176521295D-02 -0.352249526830D-03 -0.328745787206D-01 -0.102159702006D-02
 -0.153117561656D-02  0.450765820578D+00 -0.112286906575D-02 -0.135282637882D-01
 -0.250455341223D-01  0.281047147027D-03 -0.100423053672D-01 -0.243679368328D-01
  0.118184084242D-02 -0.205272305891D-01 -0.359809270314D-01 -0.202429755893D-02
 -0.367802728192D-02 -0.136505531212D-01 -0.268625362336D-02  0.162700695999D-01
 -0.596187323195D-02 -0.841564787139D-04 -0.945795102240D-02 -0.200510512110D-01
  0.579223422632D-03 -0.166102530379D-01  0.123427512577D-01 -0.214498350974D-03
 -0.252752226404D-03  0.123029881760D-02 -0.106971898039D-02  0.204577463159D-02
  0.575015286517D-02 -0.105077594105D-02  0.426583609818D-02  0.536297694419D-02
 -0.115916989000D-03  0.423989480794D-02 -0.226004831713D-03  0.771718692387D-03
  0.812886667742D-02  0.680316848989D-02  0.758521000503D-03 -0.133739815641D-01
 -0.167256857161D-01  0.506730191504D-03 -0.163596349397D-01 -0.146622923396D-01
  0.282262715135D-03 -0.355001721736D-02 -0.950486549023D-03  0.434123895342D-03
 -0.210110473216D-02 -0.766654102277D-03 -0.239853775332D-03  0.351981997299D-02
 -0.239296897375D-03 -0.139906418878D-02  0.208630179762D-02  0.105300132226D-01
  0.152341439804D-02  0.881463393977D-02  0.886478370444D-03  0.157613379189D-02
  0.110418676184D-01  0.815034342228D-02 -0.212022115809D-02  0.364528780968D-02
  0.553705288305D-02  0.252198331029D-02  0.412892942262D-02  0.152678418416D-02
  0.303106255899D-02  0.539859470066D-02  0.600798111882D-02  0.126165524164D-03
 -0.112539058526D-01 -0.101196911858D-01 -0.558390645873D-03 -0.747156800343D-02
  0.168260273746D-02 -0.689998555131D-03 -0.563200703552D-02  0.538967786046D-02
  0.114347881748D-02 -0.856763017644D-02  0.527051982904D-02 -0.222942034854D-02
 -0.157662441286D-01  0.316470595689D-02  0.241614868635D-02 -0.809122204040D-01
 -0.481363786436D-02 -0.481879070745D-02 -0.764822858831D-03  0.440625662772D-01
 -0.168824665465D-02 -0.214737225165D-01 -0.107687619018D-01  0.179291346025D-02
 -0.207929388122D-01 -0.618455557933D-01 -0.877284950976D-03  0.142109451022D-01
 -0.263178354384D-01 -0.536252164283D-03 -0.471201055579D-02  0.655093651901D-02
 -0.506889897467D-04 -0.147813496961D-01  0.165488356823D-03 -0.707083061001D-04
 -0.179681799798D-01  0.657692557949D-02  0.446251528335D-03 -0.155150364572D-01
  0.654485560670D-02 -0.111379276617D-02 -0.799067893209D-02  0.153623231658D-03
  0.368464048023D-02 -0.246817494149D-02 -0.466814214604D-02 -0.312142502499D-03
 -0.452330748360D-02 -0.407804339588D-03  0.250948842625D-02 -0.570056078171D-02
  0.291047498770D-03  0.586608268577D-03 -0.220578756965D-02 -0.453989600120D-03
 -0.201627037337D-02 -0.161722888269D-02 -0.410436823220D-02  0.117905314413D-02
 -0.189032225433D-01  0.983791450568D-04 -0.657980735055D-03 -0.101325033432D-01
  0.450562074886D-02 -0.119640768502D-02  0.997933806925D-03  0.118686132048D-01
  0.664700570676D-03 -0.221276770049D-01  0.455430636326D-02  0.474326489747D-02
 -0.242488707984D-01  0.792021991685D-02  0.144918507748D-02 -0.563430729960D-01
  0.758752396953D-02 -0.132728476362D-02  0.449949457606D+00 -0.148345986498D-02
  0.171189424748D-01 -0.307766427006D-01 -0.211701570218D-03 -0.249173775309D-02
  0.542422257788D-02  0.180399336517D-02 -0.263071542598D-01 -0.140027684905D-01
 -0.735903285535D-03  0.600923137028D-02 -0.199000144618D-01 -0.208640631152D-02
  0.155249750644D-01  0.209603458507D-02  0.307143367783D-03 -0.167569890997D-01
 -0.189455803100D-01  0.161086447037D-02 -0.198457212777D-01  0.145621160586D-01
  0.225123756043D-02 -0.493942764987D-02 -0.837176752211D-02  0.121886720856D-02
  0.216549641966D-03 -0.782156534541D-02  0.107582797560D-02 -0.649422452446D-02
 -0.834893588059D-02  0.105623001955D-02 -0.892201881145D-02 -0.148216370978D-01
 -0.863081075598D-03 -0.799147489066D-02 -0.507126243414D-02 -0.238802622917D-02
  0.239930442293D-01  0.881777265000D-02 -0.188448956366D-02  0.192638851487D-01
  0.114523669858D-01  0.201970251575D-02 -0.363668836357D-02 -0.866300060222D-02
  0.248228738852D-02 -0.306647384068D-02 -0.866955954800D-02  0.243399141724D-02
 -0.706411965985D-02 -0.100965084525D-01  0.353022963297D-03 -0.476676123378D-02
 -0.113340744057D-01 -0.289961223834D-02 -0.801457818503D-02 -0.120765702797D-01
 -0.148976681105D-02 -0.461626201060D-02 -0.802616639124D-02  0.466764595253D-03
 -0.895152251318D-02 -0.199121271047D-01 -0.461393400343D-02 -0.120961707761D-01
 -0.115120846569D-01 -0.181368172719D-02 -0.557877268594D-02 -0.179336503075D-01
 -0.304849747526D-03 -0.359850578898D-02 -0.181419777456D-01  0.878543385838D-03
  0.102514277566D-03 -0.622758139179D-02  0.953547607336D-03 -0.352620901972D-02
 -0.800722390721D-02 -0.469231897311D-02  0.256816502539D-01  0.106515486692D-02
 -0.179095272734D-02  0.296315153100D-01 -0.610743088184D-02  0.315597880139D-02
 -0.171252755740D-01 -0.568303303457D-01 -0.152589970017D-02  0.324080741475D-01
  0.926717213189D-02  0.229524692375D-04  0.574110000221D-02 -0.419550252187D-01
  0.147258409280D-03 -0.775917278803D-02 -0.107758736019D-01 -0.620770917498D-03
 -0.925148851492D-03  0.229510557091D-02 -0.129819447475D-02 -0.108220057037D-01
 -0.212278161493D-02  0.244261137753D-02 -0.127612312480D-01 -0.647932269283D-02
 -0.233115043310D-01  0.373309160492D-02  0.255555253704D-01  0.208114732831D-01
  0.617543427396D-02  0.257636313414D-01 -0.676117885156D-03 -0.236828864595D-02
 -0.790267258363D-02  0.241117320102D-02 -0.434280294631D-02 -0.774272478830D-02
  0.322761504589D-02 -0.453308839233D-02 -0.113720614955D-01  0.453818978542D-02
 -0.204732876321D-02 -0.783390267001D-02  0.125614411930D-02 -0.341799414229D-02
 -0.107927716175D-01  0.287829654038D-02 -0.360551337936D-02 -0.834975277074D-02
 -0.952248260956D-03 -0.148462937103D-01  0.935106433173D-02  0.234461366481D-02
 -0.339929180033D-03 -0.544997771425D-02 -0.681388998736D-03  0.269705379947D-02
 -0.978388890291D-02 -0.838668479737D-02  0.209835205163D-01 -0.155609357419D-01
  0.211144307884D-02  0.224172769667D-01 -0.182333430838D-01 -0.175845159887D-02
  0.336044536599D-01 -0.709803385815D-02  0.250322862823D-03  0.242304943194D-01
  0.463317214077D+00 -0.239176145259D-01 -0.319329048834D-02  0.108514415344D-02
 -0.309666992337D-02 -0.319005209920D-02 -0.883749706019D-03 -0.635797298911D-02
  0.167477007197D-03  0.873706770517D-03 -0.276701449612D-01 -0.238873539477D-02
  0.830355081787D-03 -0.187429862531D-01  0.114529914333D-03 -0.707702840706D-03
 -0.221986208291D-01  0.392303409619D-02  0.113606490904D-02 -0.139488147489D-01
  0.703937702373D-03 -0.266566317396D-02  0.823625334215D-02  0.109634008018D-02
  0.507820200086D-03 -0.543809301437D-02 -0.439586764083D-03 -0.877111656204D-03
 -0.946775157248D-02 -0.114513191902D-02  0.333359613923D-03  0.761284277704D-03
  0.630233261152D-03  0.926491488133D-03  0.175552594443D-02  0.119523069679D-03
 -0.407361617570D-03 -0.810134611039D-02 -0.948939457819D-03  0.119888221080D-03
 -0.115815197027D-01 -0.288939252878D-02 -0.100789657536D-02  0.150939450064D-01
 -0.102857873449D-01 -0.177308822170D-03  0.128564710621D-01  0.126685074937D-01
  0.466663712311D-03  0.108317177788D-01  0.904523556952D-03  0.672089690043D-03
 -0.219164439212D-01 -0.119699867139D-02 -0.307584325070D-03 -0.838261057844D-02
 -0.148299740995D-02  0.823492743169D-03  0.133856763240D-01  0.117784203563D-02
  0.579555371404D-03 -0.321626881213D-01 -0.286878925284D-02  0.430145386183D-03
 -0.164311258729D-01 -0.125405437425D-02 -0.387454054158D-03  0.229151459805D-01
  0.913702418984D-03  0.121373768126D-02 -0.173120706107D-01 -0.158486776441D-02
 -0.713237040714D-03 -0.945671959349D-02  0.379738884168D-03  0.140898249569D-03
 -0.128582639857D-01 -0.122799810633D-02 -0.491181846576D-03  0.512845727431D-02
  0.378850784157D-02  0.318339257357D-02 -0.331454570295D-01 -0.839643118913D-04
 -0.256753963603D-02 -0.449690772707D-01 -0.622992492281D-02  0.135535702806D-02
 -0.497146202314D-01  0.470316816026D-02 -0.625630863184D-03 -0.400078077068D-01
 -0.621187726100D-02 -0.137194016730D-02  0.611543701576D-02  0.168594583866D-03
  0.180090501656D-03  0.887083064504D-03  0.237078709707D-02 -0.226980768002D-02
 -0.313430557599D-01 -0.555350169662D-03 -0.415584392507D-02 -0.446548613535D-02
  0.321588145005D-02 -0.247558115188D-03 -0.127835264851D-01 -0.836948144837D-02
 -0.321579061642D-02 -0.113668237914D-01  0.777634612184D-02 -0.281487860251D-02
  0.140237641908D-01 -0.105176533672D-01  0.318487009773D-03  0.246054100604D-01
 -0.894697820898D-02  0.336669830221D-03  0.116426212200D-01 -0.184145113386D-01
  0.868246442812D-04  0.116067365578D-01  0.135433170698D-01  0.986032160074D-03
  0.799726256406D-02  0.205495981725D-01  0.112641487792D-02  0.225951841365D-01
  0.141130587110D-01  0.103509191490D-02 -0.270676100793D-01  0.158558688919D-04
 -0.157127102222D-02  0.208446774478D-03 -0.629720803966D-03 -0.346072084746D-03
 -0.224661405220D-01 -0.215189324464D-02 -0.125958305368D-03  0.776540713694D-02
  0.100593890618D-01  0.194857580561D-02  0.116593336137D-01 -0.575756530152D-02
  0.157928459444D-02 -0.302972804208D-01 -0.254230305283D-02 -0.132724735242D-02
 -0.520745167898D-01 -0.249870598597D-02  0.188680103126D-02  0.441344873919D+00
 -0.244395464769D-02  0.323786668261D-02 -0.743759023196D-02 -0.286213006984D-02
  0.290247891479D-01 -0.115815757545D-02 -0.981821238877D-03  0.359635514458D-02
 -0.217542488510D-01 -0.168512345615D-02 -0.975848739890D-02 -0.682028868067D-02
 -0.933404911335D-03 -0.821866600497D-02 -0.436900623428D-03  0.200747824582D-02
 -0.454493511306D-01 -0.138605498767D-01 -0.592567233716D-03 -0.561031578632D-02
  0.225969331472D-01  0.121378931731D-02 -0.571428567788D-02 -0.311644878921D-02
 -0.155708092910D-03 -0.356213724392D-02  0.476857487997D-02 -0.977635479781D-03
  0.121711981637D-02 -0.465134657562D-03  0.632763567911D-03 -0.633488770093D-02
 -0.109643170431D-01  0.248983083776D-03 -0.877194401032D-03  0.848937859366D-02
 -0.244684405806D-03 -0.319803317050D-02 -0.657314436626D-02 -0.129317865704D-02
  0.730862976277D-02  0.106293481789D-01  0.109430201430D-02 -0.191524559359D-02
  0.824696504804D-03  0.153992934061D-02  0.189997256063D-03  0.869233382606D-03
  0.107757363286D-02 -0.589056834398D-03 -0.412184666697D-02 -0.143149248094D-02
 -0.641512038332D-02  0.427476120854D-02 -0.116323876726D-02  0.735471689098D-02
 -0.654881825241D-02  0.109862937591D-02  0.179810438965D-02  0.130448158575D-03
 -0.280338192856D-02 -0.121227889428D-02  0.336257025443D-02 -0.142831709471D-02
 -0.188137685869D-02  0.526940615443D-02  0.184583838479D-02  0.240563856087D-02
 -0.327185570571D-02 -0.210511985989D-02  0.631596573497D-02 -0.734420636192D-02
  0.578545165610D-03 -0.158448494151D-01 -0.475711549765D-02 -0.938506483314D-03
 -0.290017328945D-02  0.401643934926D-02  0.523315426371D-02 -0.396923885926D-01
 -0.328003305184D-01  0.127380870504D-02 -0.488606699051D-01  0.263207957774D-01
 -0.582513458367D-02  0.184605416871D-01 -0.307716540950D-02  0.507407954597D-02
 -0.106011095316D+00  0.116645989225D-01 -0.594095154037D-02  0.253855415884D-01
  0.213795031852D-01 -0.287587247006D-04  0.655413303286D-02 -0.227555602406D-01
  0.664584461523D-03 -0.486441680459D-02  0.866085800772D-02 -0.253767652707D-02
 -0.281613363729D-02  0.268900925755D-01  0.136806110300D-02 -0.202364927588D-01
 -0.636370706083D-02  0.133595521616D-01 -0.637797631390D-02  0.221789086192D-01
 -0.137809697712D-01 -0.557956447655D-02  0.220703792469D-01  0.127948454446D-02
 -0.719950659416D-02 -0.419660419335D-02  0.294201045484D-02 -0.704796967353D-02
 -0.451480039713D-02 -0.215692525011D-04 -0.595847449258D-02 -0.197022026890D-02
  0.206962824958D-02 -0.493153812396D-02 -0.417169808851D-02  0.245147556169D-02
 -0.220592559298D-02 -0.189827964119D-02  0.233369955886D-02 -0.502964756397D-02
 -0.446012853129D-02 -0.467083183349D-03 -0.220996266777D-01 -0.542502231717D-02
 -0.657081685064D-04  0.658243613323D-03  0.133158177593D-02 -0.188109708844D-02
 -0.149376603169D-02  0.357730140084D-03  0.181903308011D-01 -0.233791909996D-01
 -0.762760366940D-02 -0.127967478789D-01 -0.290385347725D-01 -0.604917336433D-02
  0.781713580764D-04 -0.310472926789D-01  0.686701040674D-02 -0.113204438434D-02
 -0.392048090243D-01  0.796318946296D-03 -0.391470286740D-02  0.484465587392D+00
 -0.161192554370D-02  0.186275401606D-01  0.764107128014D-02 -0.163056977311D-02
  0.166705516756D-01  0.113227050430D-01 -0.123516303354D-02  0.913302043428D-02
  0.151931138371D-01 -0.845972003899D-03  0.730232793157D-02 -0.873331886696D-02
 -0.762426964957D-03  0.163616614344D-02 -0.661225342759D-02 -0.157082745128D-02
  0.710824030114D-02 -0.417623830360D-02 -0.194963255279D-03 -0.737364048951D-04
 -0.189962463987D-01  0.174882849561D-02 -0.713590942796D-02 -0.110324827373D-01
  0.132571254128D-02 -0.596838017162D-02 -0.152464437334D-01  0.147800931442D-02
 -0.124358912292D-01 -0.147781510334D-01  0.135452178494D-02 -0.124065255712D-01
 -0.114133863534D-01  0.311089777868D-03 -0.126435167498D-01 -0.149886499096D-01
 -0.162977893314D-02  0.154497686043D-01  0.223782332355D-01 -0.232394132005D-02
  0.254123705807D-01  0.134215930797D-01  0.111944919676D-02 -0.535154348667D-02
 -0.923177046275D-02  0.206458355236D-02 -0.508018906621D-02 -0.915153119392D-02
  0.221929122353D-02 -0.120962229535D-01 -0.114879688086D-01  0.770754768510D-03
 -0.806099546579D-02 -0.152346479819D-01 -0.102193458330D-02 -0.139770645274D-01
 -0.105438781902D-01  0.271801290093D-03 -0.147606435141D-01 -0.144329588362D-01
  0.103517828124D-02 -0.124802044246D-01 -0.131922120371D-01 -0.265550555405D-02
 -0.106731449534D-01 -0.925087258250D-02 -0.561089108404D-03 -0.870798047272D-02
 -0.154633862621D-01 -0.772117670659D-04 -0.403082724474D-02 -0.137045543599D-01
  0.389613795836D-03  0.267723666280D-02 -0.114502644902D-01  0.696701651499D-03
 -0.285530135518D-02 -0.181064068203D-01 -0.293660218554D-02  0.143892089731D-01
 -0.822631364448D-03 -0.152066856920D-02  0.227104280318D-01 -0.102483417265D-01
  0.622184449386D-05  0.103813248718D-01 -0.122547421742D-01 -0.906476499064D-03
  0.193606544213D-01 -0.356847991467D-01  0.102131787835D-02 -0.824865504832D-02
 -0.114066944934D-01 -0.238834034196D-02  0.253633218306D-01  0.135440103518D-01
 -0.766541648645D-04 -0.666916790431D-02  0.171048944420D-01 -0.153306730418D-02
 -0.464702475068D-03 -0.317966290948D-04  0.735364985904D-03  0.186107493977D-02
 -0.234200482554D-01 -0.107662448294D-01  0.712322307625D-02  0.246214893330D-01
  0.860448248765D-02  0.879996513913D-02  0.242581119625D-01  0.116613703592D-02
 -0.979003732287D-03 -0.804323078716D-02 -0.155538029206D-02 -0.505397077860D-02
 -0.580988738969D-02  0.157661806409D-02 -0.441693423889D-02 -0.893129921753D-02
  0.962480295474D-03 -0.125988372732D-02 -0.790386080424D-02  0.142283914674D-02
 -0.386551251401D-02 -0.842715725258D-02  0.496257776241D-02 -0.418460123964D-02
 -0.612636846406D-02 -0.156063815724D-02  0.717276303308D-04 -0.208414202040D-01
  0.160141045752D-02  0.392208109867D-03 -0.985196603267D-02 -0.407397512994D-04
 -0.304287575074D-02 -0.216316108955D-01 -0.140327121448D-01  0.958160360195D-03
 -0.206512627825D-01  0.122285165530D-01  0.380442029987D-02 -0.231801767424D-01
 -0.139167834647D-02  0.230259493627D-01  0.603048759902D-03 -0.104947510115D-02
  0.291646996665D-01 -0.377886769654D-01  0.202322170619D-02 -0.673424499061D-02
  0.447946795202D+00 -0.187267724086D-01 -0.279736519939D-02 -0.180678392209D-02
 -0.419088146272D-02 -0.248992227796D-02 -0.191051284390D-02 -0.657546242518D-02
 -0.145609261789D-02 -0.186254438342D-02 -0.216511351378D-01 -0.175844056589D-02
 -0.142762496441D-02 -0.154219886953D-01 -0.126479526057D-02  0.145514281671D-03
 -0.178174862964D-01 -0.209121659134D-02  0.168166144743D-03 -0.122831243135D-01
 -0.236915752149D-02  0.694875957198D-03  0.243604347534D-02  0.999270248768D-03
  0.720532040936D-03 -0.729810808975D-02  0.137509380226D-03  0.880787546372D-03
 -0.104623880592D-01 -0.228385245265D-04  0.964365722193D-03 -0.336937413132D-02
  0.888926666814D-03  0.716509213754D-03 -0.305858571508D-02  0.605383887609D-03
  0.749454120725D-03 -0.737513036442D-02 -0.374599791426D-03 -0.209037748677D-02
 -0.984152782513D-02 -0.404475743295D-02 -0.277401200250D-02  0.739089116617D-02
 -0.704020744349D-02  0.255247625717D-03  0.582238465686D-02  0.927074388686D-02
  0.269105629819D-03  0.397751835112D-02  0.137650897727D-02  0.782802606278D-03
 -0.193072776211D-01 -0.832869738638D-03  0.152929310630D-03 -0.104754544616D-01
 -0.839034143901D-03  0.459142820174D-03  0.509415064027D-02  0.786912877334D-03
  0.438585734132D-03 -0.266447724568D-01 -0.164331131808D-02 -0.922644202068D-03
 -0.163965151954D-01 -0.106393201298D-02 -0.894376777311D-03  0.116039809979D-01
  0.194739943917D-02  0.840157378410D-03 -0.151838216924D-01 -0.119607630070D-02
  0.181185978019D-02 -0.962080120476D-02 -0.834360740360D-03  0.721184419481D-03
 -0.123872010385D-01 -0.569913638920D-03  0.133548185004D-02  0.213342463211D-02
  0.201230393654D-02  0.138960829753D-02 -0.248595257315D-01 -0.226512325142D-02
 -0.209912046871D-02 -0.336823948147D-01 -0.134009661920D-02 -0.185243423599D-02
 -0.366159009689D-01 -0.101131787931D-02  0.120224537717D-02 -0.308566942763D-01
  0.962934142353D-03 -0.293852192506D-02  0.268184957301D-02 -0.373372970516D-02
 -0.200917580877D-02 -0.162217862596D-02  0.824047638531D-03 -0.374922676720D-02
 -0.246417169047D-01 -0.284676877949D-02 -0.213990938440D-02 -0.541470523606D-02
 -0.119569891030D-02  0.349746926130D-02 -0.853124319690D-02 -0.568481773289D-02
 -0.335802467315D-02 -0.115703367861D-01  0.518897002321D-02 -0.321660080986D-02
  0.653914932887D-02 -0.771678932030D-02  0.222914273498D-03  0.146395213974D-01
 -0.649804200209D-02  0.161483001603D-03  0.494419080796D-02 -0.131329470366D-01
 -0.701462551072D-04  0.546631712817D-02  0.938538983948D-02  0.237458893345D-03
  0.227281676469D-02  0.145714278377D-01 -0.384219831649D-04  0.122558851227D-01
  0.981143123539D-02  0.170266325734D-03 -0.220897442433D-01 -0.161373376797D-02
  0.363574414196D-02 -0.280417980742D-02  0.200787156316D-03  0.403823027862D-03
 -0.192959939474D-01 -0.115594542170D-02  0.169839166627D-02  0.551685741071D-02
  0.115809342855D-01  0.219054647455D-02  0.401214341445D-02 -0.432045910421D-04
  0.219246809748D-02 -0.231020243988D-01  0.138708369022D-02 -0.256197485114D-02
 -0.381277590996D-01 -0.319335099398D-02  0.348987037241D-03 -0.436527547811D-01
  0.371859733487D-03  0.378262660195D-02  0.466194925246D+00 -0.253781874018D-02
  0.103181631700D-01  0.208684582152D-01 -0.187783962909D-02  0.212356931151D-01
  0.186992629864D-01 -0.156609834087D-02  0.110754069828D-01  0.179931234294D-01
 -0.166859419012D-02 -0.425344654598D-02  0.161122129385D-01 -0.152431922572D-02
  0.547585953359D-03 -0.329932262384D-02 -0.241226555614D-02  0.898140261971D-02
 -0.142454829289D-02 -0.260295566623D-02  0.162893453903D-01 -0.855131563963D-02
  0.353377451622D-03 -0.916402366243D-02 -0.730238705706D-02 -0.191118372452D-03
 -0.947408510927D-02 -0.109336021329D-01 -0.775759005380D-04 -0.106015539191D-01
 -0.952000737091D-02  0.917484248678D-03 -0.129810463628D-01 -0.819298507651D-02
  0.144083082478D-02 -0.973832866343D-02 -0.718996266127D-02  0.194766967893D-03
 -0.455399300639D-02  0.212047983158D-01 -0.320562204561D-02  0.314223515566D-01
  0.301979348443D-01 -0.753460683265D-04 -0.693742094267D-02 -0.251898232447D-02
  0.729861452690D-03 -0.581968925912D-02 -0.238952327363D-02  0.842643611137D-03
 -0.116233170699D-01 -0.779059108647D-02 -0.754319617381D-03 -0.922902246022D-02
 -0.155478418065D-02  0.576410126828D-03 -0.929478175508D-03 -0.445466444638D-02
  0.164376829969D-02 -0.287528422810D-02 -0.335062598946D-02 -0.132907310463D-02
 -0.846936205069D-02  0.117020159973D-01  0.609774504519D-03 -0.372197368761D-02
  0.990604725578D-02  0.307042458292D-02 -0.118572185600D-01 -0.725184003722D-02
 -0.111039066768D-02 -0.922993905680D-03 -0.231123597885D-01 -0.949876828020D-03
 -0.903969895053D-03 -0.821091419611D-02 -0.682417694489D-03 -0.687893245818D-02
 -0.146302115047D-01  0.239430200220D-02 -0.205234065687D-01 -0.154918274170D-01
 -0.231260884317D-02 -0.369388882578D-02  0.222773667321D-01 -0.198132380659D-02
 -0.197451655743D-01  0.231590910821D-01 -0.157367825376D-02 -0.258595547133D-01
 -0.123188459286D-01  0.669479085693D-03 -0.415800261790D-01  0.337346577550D-01
 -0.312322198539D-02  0.432798622349D-01  0.184546274871D-01  0.428335914621D-03
 -0.711870768902D-02  0.376594543575D-01 -0.263873833856D-02  0.111779999901D-01
  0.193096629505D-01 -0.179885900258D-02  0.112039551917D-01 -0.398222312589D-01
 -0.118259478475D-01 -0.980002714191D-02  0.334877647669D-01  0.120692105156D-01
 -0.382747679330D-02  0.320080505434D-01  0.280000440019D-02 -0.443772699279D-02
 -0.198078760611D-02 -0.431539477462D-02 -0.637601622197D-02 -0.138235063238D-02
 -0.109779684139D-02 -0.603098521197D-02  0.152411329345D-02 -0.261747166736D-02
 -0.359652181905D-02 -0.186371920893D-02  0.114010153810D-02 -0.415659303039D-02
  0.153313972103D-02  0.563239803831D-02 -0.448159904734D-02 -0.107878550219D-02
 -0.117363262470D-02 -0.299427308857D-02 -0.436823089118D-01 -0.152597874776D-03
 -0.694991728493D-02 -0.491733528355D-02 -0.100610694805D-02 -0.693818850736D-02
 -0.186173512600D-01 -0.663830944858D-02 -0.611456110239D-01 -0.219620195404D-01
  0.194311512779D-01 -0.600962197251D-01 -0.216783294601D-01  0.123720203375D-02
 -0.437649221615D-01  0.263512995412D-01 -0.362443217464D-02 -0.596722885895D-02
  0.948956763020D-03 -0.292840457061D-04 -0.470017274021D-01 -0.375884854050D-01
  0.704351777753D-02  0.390099062097D+00  0.669893245666D-03 -0.721075779358D-02
 -0.174650774527D-01 -0.494249140121D-02  0.548385923522D-01  0.236414090546D-02
 -0.185446938177D-02  0.180902927113D-01 -0.377047379409D-02  0.148932902777D-02
 -0.173026293752D-01  0.712781018079D-03 -0.103723601698D-02  0.918628094243D-02
 -0.602343821109D-02  0.269716864241D-04 -0.287180688539D-02 -0.922836321376D-02
  0.242135051183D-03 -0.353733044727D-02 -0.320191521152D-01  0.705858206197D-03
 -0.373373704323D-02 -0.746169049808D-02  0.720051735787D-03 -0.531934868722D-02
 -0.732117374377D-02  0.921069427346D-03 -0.905171459189D-02 -0.138036277405D-01
  0.266093977323D-03 -0.221820658930D-02 -0.585209825471D-03  0.293190689003D-03
 -0.672972107356D-02 -0.140931439800D-01  0.104287109394D-03  0.279309222005D-02
  0.589921056389D-02  0.118164573506D-02 -0.125378189960D-01 -0.165622370658D-01
  0.626157458375D-03 -0.319306802595D-02 -0.793503267943D-02  0.759622093991D-03
 -0.311232418304D-02 -0.789877836480D-02  0.109641494874D-02 -0.844159855071D-02
 -0.764981002224D-02  0.988835759859D-03 -0.109570108470D-01 -0.107092593705D-01
  0.117665198268D-03 -0.110017590276D-01 -0.866853742991D-02  0.171136429636D-02
 -0.236479411837D-01 -0.178014026447D-01  0.234911841940D-03 -0.285443958398D-02
 -0.128317059762D-01 -0.611065971110D-03 -0.541970214161D-02 -0.125962977324D-01
 -0.835416842020D-03  0.429143309169D-02 -0.244727602912D-02 -0.215509107000D-03
  0.145469599502D-02  0.660634948755D-02  0.101508984144D-02 -0.981607285065D-02
 -0.214153508965D-01  0.382728775025D-03 -0.236478114537D-02 -0.812658574895D-02
 -0.312449515024D-03 -0.116414947799D-02 -0.295566393215D-02 -0.154778571336D-02
  0.183142882936D-01  0.170221111868D-01 -0.403978199271D-03  0.773042313411D-02
 -0.454950499128D-01 -0.125121289922D-02  0.169422827390D-01  0.387843557996D-01
 -0.107511757150D-03  0.252057318547D-02 -0.970990230357D-01 -0.161162993411D-02
  0.174898199186D-01 -0.123580752112D-01 -0.481482152007D-03  0.353967323695D-02
 -0.196033427355D-02 -0.631485033808D-03  0.756543655430D-03  0.292148299655D-02
  0.938103656879D-03 -0.762666921647D-02 -0.104001819629D-01  0.241127632688D-01
  0.119704501123D-01  0.524202747800D-02 -0.260126292789D-01  0.803800831409D-02
  0.518577821208D-02  0.353014541340D-03 -0.219463753571D-02 -0.775593416472D-02
 -0.347164589558D-04 -0.499368842562D-02 -0.627587280587D-02 -0.507258738834D-03
 -0.349076822346D-02 -0.833734526455D-02  0.735634684661D-03 -0.221874805891D-02
 -0.773518505080D-02  0.187908997837D-02 -0.305305388690D-02 -0.817835183367D-02
  0.182107825108D-02 -0.471546592907D-02 -0.639140772006D-02 -0.463600916983D-03
 -0.687650498709D-03 -0.195958475288D-01  0.130450929391D-03  0.481900837685D-02
 -0.745152998371D-02  0.890189858177D-04 -0.203557485176D-02 -0.137285371766D-01
 -0.576100498942D-02  0.956591834178D-02 -0.810410156925D-02  0.323216171204D-02
  0.973891540655D-02 -0.812493980732D-02 -0.538606261526D-03  0.897797171126D-02
 -0.174804853886D-01 -0.692546861030D-03  0.139712064753D-01 -0.977092507555D-02
  0.115716266630D-02 -0.775323356277D-02 -0.293160886110D-01  0.197348280161D-02
 -0.202077374503D-01  0.500088810976D+00 -0.172895740561D-01  0.101125105573D-02
 -0.108163839209D-02 -0.275364144064D-01  0.171294886058D-02  0.672702335238D-03
 -0.210598517108D-01 -0.198944479508D-02  0.235027845527D-02 -0.106392436123D-01
  0.180939055708D-02 -0.621160565341D-03 -0.122347552549D-01 -0.166532941309D-02
  0.118392506316D-02 -0.584490068328D-02 -0.264028716316D-02 -0.249968841836D-03
 -0.689091949325D-02 -0.289049628083D-02  0.109670773759D-02 -0.389539012509D-02
 -0.115428718552D-03  0.511950640552D-04  0.401878650462D-02  0.104202688748D-02
  0.202453303593D-02  0.107714307887D-01  0.932832273021D-03 -0.736583728657D-03
  0.756376680093D-02  0.303358572104D-03  0.113847594965D-02  0.114473673739D-01
  0.441236483930D-03 -0.422776621347D-03 -0.321572869449D-01 -0.397024053453D-02
 -0.260256908036D-02 -0.259513210815D-01  0.306589750925D-02 -0.154983712178D-02
 -0.984397271599D-02  0.620850933006D-02 -0.380173360481D-02 -0.840402272130D-02
 -0.764880740317D-02  0.421997067145D-02 -0.707296550127D-03 -0.160962993273D-03
 -0.102263367136D-03  0.192425156973D-01  0.205442679593D-02 -0.217941274398D-03
  0.200943494107D-01  0.221056993581D-02 -0.133692353280D-02  0.665585267169D-02
 -0.126549833503D-02 -0.411647401742D-03  0.261487113484D-01  0.125096065449D-02
 -0.169591301692D-02  0.273783796476D-01  0.125255422195D-03  0.390085539097D-03
  0.246314093620D-02  0.123994608178D-02  0.184304446848D-03 -0.559463303912D-03
 -0.122443973810D-02  0.247913125729D-02 -0.180557499244D-02  0.677168838148D-03
  0.120070461192D-02  0.466897027220D-02  0.805705928845D-03  0.243831895055D-04
 -0.421531406705D-01  0.383401167434D-02 -0.808593643458D-02 -0.154106516827D-01
  0.247061180858D-02  0.120840958807D-02 -0.682836083961D-02  0.887994318446D-03
 -0.954729473027D-03 -0.224413771354D-03  0.144153781633D-02  0.483497315444D-03
 -0.218590011874D-02  0.205616725768D-02 -0.171566003577D-02 -0.340252240517D-01
 -0.541052717327D-03  0.343450610589D-02 -0.228560909510D-01 -0.497370655835D-02
  0.281746791104D-02  0.625663710283D-03 -0.271518059171D-02  0.411930431155D-02
 -0.130984528837D-01 -0.430143894805D-02  0.175689201671D-02 -0.315385634147D-01
  0.243744791257D-02 -0.179848028760D-02 -0.317902528219D-01 -0.734332167197D-02
  0.382688373541D-02 -0.127946663788D-01  0.656511191999D-02 -0.406167272699D-02
 -0.144439877122D-01  0.570870549070D-02 -0.374904825330D-02 -0.621418808116D-02
  0.112834447135D-01 -0.705903584386D-02 -0.113425470722D-01 -0.801088590579D-02
  0.433931602799D-02 -0.412795932880D-02 -0.122432367078D-01  0.663597062584D-02
 -0.137391342127D-01 -0.825625608937D-02  0.424227547674D-02  0.571651839337D-02
  0.240909162825D-04  0.377057589663D-02 -0.823879297827D-02  0.540816619612D-03
  0.101390349748D-02  0.109725254609D-01  0.170956756011D-02  0.375675823338D-03
 -0.424506513969D-01 -0.547996544888D-02 -0.413140487015D-02 -0.429943001709D-01
  0.436373015451D-02 -0.990554870073D-02 -0.203806397947D-01  0.212550257454D-02
  0.152504832955D-02 -0.556848154635D-02  0.243503481601D-02 -0.236715546430D-02
  0.647834715732D-02  0.809958307476D-03 -0.202669920573D-02  0.314021409296D-02
  0.117361851227D-02 -0.903451787905D-03  0.454976520169D+00 -0.752334310605D-03
 -0.906647322755D-02  0.695887009392D-02 -0.479798047970D-03 -0.267130841565D-01
  0.159482731279D-01 -0.113102934820D-02 -0.153245363199D-01  0.385521022413D-02
  0.338357978356D-03 -0.164832517891D-01 -0.231477991260D-02 -0.507287535331D-03
 -0.148116246781D-01  0.684354907153D-02 -0.208031546924D-03 -0.164834025666D-01
  0.475606887458D-02 -0.661649761611D-04 -0.878672797486D-02 -0.583481834937D-02
  0.108905095924D-02  0.743217020875D-03 -0.676976844554D-02  0.145790606253D-02
 -0.583369967914D-04 -0.841355707657D-02  0.120858444054D-02  0.337802945831D-02
 -0.161172797257D-02  0.660446374185D-03  0.383031626083D-02 -0.640885368421D-02
 -0.103451728263D-02  0.950324153279D-02 -0.820401390959D-02 -0.524360969801D-02
  0.189566785149D-01  0.402351580169D-01 -0.884611899389D-03 -0.198647901345D-01
  0.168993755281D-01 -0.323769857436D-03  0.234029378150D-02 -0.871454002426D-02
  0.143849365472D-02  0.153369026622D-02 -0.792072975923D-02  0.111786078388D-02
  0.377469237252D-02 -0.755295133452D-02  0.256372774244D-02 -0.844486920763D-02
  0.651494159605D-03 -0.130584806266D-02 -0.663773432948D-03  0.807551347559D-02
 -0.248290762495D-02  0.171637344215D-01 -0.101191258837D-01  0.102167372046D-02
  0.131857197620D-01  0.259344303510D-02 -0.460706222387D-02  0.247808612539D-01
 -0.429520998109D-02 -0.263242758484D-02  0.111676010838D-01 -0.243578981302D-01
 -0.484624186975D-03 -0.157737735772D-02  0.794587194890D-02  0.110622514194D-02
 -0.501767093152D-02 -0.727664686751D-02  0.851906359847D-03  0.194539132647D-02
 -0.309143417384D-02  0.203290233081D-02 -0.804868733816D-01  0.836217684510D-01
 -0.385382422320D-05 -0.719287816952D-02 -0.168795657363D-02  0.120107100118D-02
 -0.461750669936D-02 -0.152495718193D-01  0.195641526688D-02 -0.781031021834D-02
 -0.161326697847D-01  0.233580618161D-02 -0.226912247694D-01 -0.172190345188D-02
 -0.179778267681D-02 -0.164469979481D-01 -0.119629185233D-02 -0.231069280418D-02
 -0.748980906527D-02  0.993056351030D-02 -0.408394941731D-03 -0.186336179746D-01
  0.489140008065D-02  0.946014995081D-03 -0.106436122242D-01 -0.370399384723D-02
  0.733128144958D-02 -0.649933753556D-03  0.225501608016D-01 -0.132633857375D-01
 -0.484986076077D-02  0.235770016565D-01 -0.113756600829D-02  0.100392919123D-02
 -0.886371497376D-02 -0.322061779841D-02  0.194263970892D-02 -0.955914409525D-02
  0.797140721964D-03  0.517568149195D-02 -0.879177281422D-02  0.159280978385D-02
 -0.383425907279D-03 -0.797025400734D-02  0.548177345260D-03  0.387916297380D-02
 -0.693306419339D-02  0.393451979404D-02  0.174274267311D-02 -0.929933501702D-02
 -0.138595078725D-02 -0.208365464531D-02 -0.180198628688D-02  0.140289952570D-02
  0.524865331989D-03 -0.629455479567D-02  0.653295432923D-03 -0.751019716757D-03
 -0.377510628692D-02  0.317297705759D-02 -0.158819504722D-01  0.577643041300D-01
 -0.101409526308D-01 -0.160661744004D-01  0.542428278363D-01 -0.211182924405D-02
  0.141666551492D-01  0.957817100038D-03  0.180716307822D-02 -0.152354099047D-02
 -0.182651320978D-01  0.381521845352D-02 -0.158054719849D-01 -0.157840416617D-01
  0.220036132749D-02 -0.160202659761D-01 -0.655386311138D-02 -0.241024278388D-01
  0.671803522219D+00 -0.129992928843D-02  0.138522317071D-01 -0.249400101585D-01
 -0.520219606795D-03  0.510739773968D-02  0.906242147595D-02  0.146702992572D-02
 -0.153027373286D-01 -0.191790062668D-03  0.216211791424D-03 -0.211084131344D-02
  0.131642974404D-01  0.295702627870D-02 -0.334143051554D-01  0.236918080757D-01
  0.510570155399D-03 -0.751060294785D-02  0.125589799841D-02 -0.733301968487D-03
  0.724846123441D-02 -0.122452235652D-01 -0.169606972978D-03  0.323600491013D-02
 -0.154193084373D-01  0.349648719703D-03 -0.334097061068D-02  0.898833025190D-03
 -0.397256234790D-03  0.472038226252D-02 -0.227232253929D-01 -0.195271507903D-03
  0.242522359042D-02 -0.423524398848D-02 -0.659486219040D-03  0.614323238268D-02
 -0.182761040172D-01 -0.122408817380D-02 -0.457172034313D-03 -0.433897431002D-01
 -0.183901795456D-02  0.190146590334D-01 -0.189138510730D-01  0.763162508171D-03
  0.402932956527D-02 -0.100111364621D-01 -0.122979764853D-02  0.384429021406D-02
 -0.998989969525D-02 -0.116125022571D-03  0.256651472483D-02 -0.147786421696D-01
 -0.162856841592D-02  0.181247663171D-01 -0.141534055803D-01  0.708688128623D-03
 -0.124740400936D-01  0.301083755615D-02  0.174217402558D-02 -0.205512102792D-01
 -0.264870335960D-01  0.115732839709D-02 -0.126768810395D-01 -0.579745782800D-02
 -0.214205531276D-02  0.205837772760D-01 -0.192754447512D-01 -0.211504289633D-02
  0.221512743617D-01 -0.410907847790D-02 -0.762671350733D-03  0.805900335668D-02
  0.126318049081D-01  0.256649033845D-03 -0.217551072949D-02 -0.133389558758D-01
 -0.239582619420D-03  0.331511931344D-02 -0.105470421286D-01 -0.225805841971D-02
  0.411138344022D-01 -0.184648896414D+00 -0.153722064678D-02  0.180939739271D-01
 -0.146814855171D-02  0.464875458690D-03 -0.394069818541D-02 -0.687998842332D-03
  0.257875497851D-02 -0.273815500287D-01 -0.173150422394D-02  0.219867089622D-02
 -0.239211453159D-01  0.332308401752D-02  0.142580967466D-02 -0.153776431341D-01
  0.239317053463D-01  0.727887586894D-03 -0.907124832686D-02  0.252034198085D-01
  0.925928234243D-03 -0.132067613421D-01 -0.105840277629D-02 -0.114953936644D-03
  0.234661208363D-02 -0.600018650984D-02 -0.548147251423D-02 -0.198110542176D-01
  0.256057118052D-02  0.945201991310D-02 -0.182841150630D-01  0.299823068297D-02
  0.199245831503D-02  0.244293541188D-02 -0.140040318467D-01 -0.277931446384D-03
  0.155249087558D-02 -0.116089544021D-01 -0.244926923557D-03  0.266310517059D-02
 -0.113507078887D-01 -0.219554952037D-02  0.199818150101D-02 -0.139825152332D-01
  0.569014000386D-04  0.268539781202D-02 -0.112489365293D-01  0.251574476854D-03
  0.159873938679D-02 -0.116246111090D-01 -0.103910674625D-02  0.988169068546D-02
 -0.681239153301D-02 -0.229484107740D-03  0.505601481628D-02 -0.131382839985D-01
  0.966184996226D-04 -0.178653181785D-02 -0.122231526568D-01  0.239979133436D-01
 -0.147024927162D-02 -0.545572006659D-02 -0.241784374552D-01 -0.493575599513D-02
 -0.601432549768D-02 -0.383406124243D-03  0.536646615063D-02  0.504288916487D-02
 -0.599275265693D-03  0.783562312341D-02 -0.329376397621D-02  0.297608053756D-03
 -0.104985536237D-02 -0.766699756714D-02  0.159483719786D-02 -0.178933538212D-01
  0.963553293060D-02  0.885966698817D-02 -0.108259543711D+00  0.450070410430D+00
 -0.158494316466D-01 -0.472669187772D-03 -0.202146194169D-02 -0.297598429563D-01
 -0.164765076199D-02 -0.136289301371D-02 -0.225341187444D-01 -0.186357966481D-02
 -0.143719281131D-02 -0.812035661476D-02  0.200869626700D-02 -0.746432915752D-03
 -0.112381391765D-01  0.385548193359D-03 -0.643387975209D-05 -0.374665838180D-02
  0.117137953727D-03 -0.148474530064D-02 -0.625659582823D-02  0.851935999979D-04
  0.900336554541D-03 -0.619203285848D-02 -0.520365072137D-03  0.659640160104D-03
  0.458094829300D-02  0.527616579095D-03  0.118869842459D-02  0.126354572322D-01
  0.145548752450D-02  0.330722716725D-03  0.774827295109D-02  0.291764094274D-03
  0.101018053650D-02  0.122605937177D-01  0.611305254904D-03  0.365860470307D-03
 -0.347455171595D-01 -0.118823330407D-02 -0.225213075669D-02 -0.268488047774D-01
 -0.424860187596D-03 -0.313045408104D-02 -0.135183094530D-01  0.801671195924D-02
 -0.348180497245D-02 -0.119925830094D-01 -0.105589735955D-01  0.523524930726D-02
 -0.307169850303D-02 -0.308973408972D-03  0.636332531229D-03  0.240105833146D-01
  0.372727693194D-03  0.552039129981D-03  0.238560274302D-01  0.256113846767D-03
  0.699918497801D-03  0.537728798430D-02 -0.746141804673D-03  0.144587561140D-02
  0.327093396675D-01  0.396914377031D-02 -0.848559523566D-03  0.330824625434D-01
  0.187708796567D-02 -0.841553209666D-03 -0.187331449378D-03 -0.122530632777D-02
  0.239339274325D-02  0.143778197854D-02  0.372711166542D-03  0.200973148017D-02
 -0.111861770507D-02 -0.719898853695D-03  0.489139212141D-03  0.642697725955D-02
  0.771259664234D-03  0.727651025570D-03 -0.460474562543D-01 -0.610208699429D-02
  0.180801669989D-03 -0.125564383922D-01 -0.540972159805D-03  0.951269122567D-03
 -0.170615599803D-02 -0.569828315761D-03  0.790993193397D-03  0.597432728239D-02
  0.160124569091D-02  0.287114619136D-02  0.281853265119D-02  0.192222775462D-02
  0.133378306839D-02 -0.383639158169D-01 -0.230989970159D-02 -0.851752378511D-03
 -0.257732737634D-01 -0.220586361283D-02 -0.131484418900D-02  0.490851348349D-02
  0.446674063632D-03  0.434419229597D-03 -0.147619804097D-01 -0.143712718202D-02
  0.150874158808D-02 -0.334186435746D-01  0.230470667892D-02 -0.609921921014D-02
 -0.330541963759D-01 -0.104858703822D-01 -0.573177802827D-04 -0.165275148467D-01
  0.811747590803D-02 -0.378018385838D-02 -0.199155803930D-01  0.736827030615D-02
 -0.358136888826D-02 -0.921377129483D-02  0.145790033819D-01 -0.671675824039D-02
 -0.149841240439D-01 -0.112560175909D-01  0.533059293794D-02 -0.639322693233D-02
 -0.169832162722D-01  0.804223003539D-02 -0.193591713345D-01 -0.113848795547D-01
  0.522453237594D-02  0.101252950276D-01  0.706796871569D-03  0.141298925788D-02
 -0.987965224285D-02 -0.486871451522D-03  0.794166473959D-03  0.149963175264D-01
  0.127175620044D-02  0.971608290389D-03 -0.472781725154D-01 -0.754563659610D-02
 -0.323307302881D-02 -0.494890950051D-01  0.532962703908D-02 -0.897808613312D-02
 -0.182912961101D-01 -0.292562391334D-02 -0.155667873985D-03  0.605015700354D-03
 -0.661652424768D-03  0.209071600923D-02  0.145012299160D-01  0.159501783899D-02
  0.302733569108D-02  0.883269720728D-02  0.407637295791D-02  0.782261636122D-03
 -0.551366729046D-01  0.334451915141D-01 -0.112381696816D-01  0.440442715305D+00
 -0.692258280788D-03 -0.820588958190D-02  0.552851167089D-02 -0.204833438079D-02
 -0.128441606618D-01  0.566204227903D-02 -0.196461863211D-02 -0.999237197843D-02
  0.103418712266D-01  0.421754312398D-03 -0.159657432551D-01  0.477055702311D-03
 -0.232793008194D-03 -0.198921107226D-01 -0.254325261059D-02 -0.501389255865D-04
 -0.209432792653D-01  0.102068814688D-01  0.123719872350D-02 -0.231571797517D-01
  0.118635984598D-02  0.148327166211D-02  0.189053944682D-02 -0.624035232138D-02
  0.180880448013D-02  0.190112726134D-02 -0.677874146960D-02  0.184153429231D-02
  0.296437600550D-03 -0.973206675171D-03  0.507868600280D-03  0.683739366625D-02
 -0.938017549107D-02 -0.145579457258D-02  0.815449930790D-02 -0.129659618946D-02
 -0.246238013822D-02 -0.173919979396D-01  0.138163833232D-01 -0.132215056953D-02
 -0.163270972032D-01  0.166199905291D-01 -0.249339599409D-03  0.237688298305D-02
 -0.988826245571D-02  0.221146635631D-02  0.145492750004D-02 -0.905121451572D-02
  0.164414786061D-02  0.337581858031D-02 -0.648404023416D-02  0.536352816531D-03
  0.185696309490D-01 -0.249715838641D-02 -0.421208263335D-02  0.212321108999D-01
 -0.826285695205D-02 -0.279796332616D-02  0.116892713481D-01 -0.150854950326D-01
  0.338183724222D-02 -0.865892982104D-02  0.310414764884D-02 -0.493345498285D-02
  0.875870904179D-02  0.785760216966D-02 -0.471769441301D-02  0.218619847024D-01
 -0.246263647552D-01  0.196698077085D-03 -0.103211298321D-01 -0.110630038602D-01
  0.541850601995D-03  0.604996180738D-02 -0.170501172017D-03  0.131267280183D-02
  0.100055340702D-02 -0.888777363922D-03 -0.901609454890D-02  0.273031245601D-01
 -0.307907329191D-02  0.285457790978D-03 -0.420100820217D-02 -0.119424800921D-01
  0.226790265308D-02 -0.509921930560D-02 -0.123951685234D-01  0.333899290531D-02
 -0.116213964171D-01 -0.236907508098D-01  0.166162034664D-02 -0.851680448198D-02
 -0.157649029122D-01 -0.183561721693D-02 -0.229423245250D-01  0.231723614671D-02
 -0.247139808419D-02 -0.110785086802D-01  0.626597645988D-02 -0.111477082802D-02
 -0.156808574530D-01  0.673563033136D-02  0.192952886281D-02 -0.174968803385D-01
 -0.293866922841D-02 -0.546631888998D-02  0.131837939208D-01  0.255211615451D-01
 -0.362270997873D-02  0.103477716721D-01  0.267711559610D-01 -0.203919095903D-02
  0.196128297737D-02 -0.928683342990D-02 -0.306857189943D-02  0.305106714024D-02
 -0.107433329682D-01  0.129275411228D-02  0.621515664389D-02 -0.105570904866D-01
  0.301659933344D-02  0.333982390101D-03 -0.830486993114D-02  0.835829373737D-03
  0.472601503069D-02 -0.840557019368D-02  0.438349009010D-02  0.273957523067D-02
 -0.106529248471D-01 -0.139331604770D-02 -0.743855131975D-02  0.773314721985D-02
  0.231559992873D-02 -0.174146235566D-02 -0.360439841527D-02  0.485551243936D-03
  0.297578615845D-02 -0.224776043124D-02 -0.110787773954D-01 -0.282356637641D-01
  0.663601826716D-01  0.409472724370D-02 -0.257429679457D-01  0.618211472613D-01
 -0.200497786724D-02  0.197629626651D-01  0.471071522527D-02  0.315015965233D-02
 -0.694391197858D-03 -0.294540650036D-01  0.403142579408D-02 -0.260955149841D-02
 -0.243934327222D-01  0.256675314420D-02 -0.125896385019D-01 -0.701246096265D-02
  0.267795702934D-01 -0.419218617963D+00  0.129347043789D+00 -0.931067341799D-02
  0.550557367071D+00 -0.121619289963D-03  0.207388786338D-02 -0.181205319928D-02
 -0.624978769730D-03  0.273407468001D-02  0.340145321315D-02  0.819615681730D-03
 -0.152905959176D-01  0.477943951254D-02 -0.548736451193D-03  0.374106755578D-02
 -0.822080124208D-02  0.700574696357D-04 -0.924509102458D-02 -0.947869141487D-03
 -0.125321640747D-03 -0.135600269651D-01 -0.899624930550D-02  0.698922121297D-03
 -0.105900792649D-01 -0.662701530552D-02  0.152641451314D-02  0.403897067697D-02
 -0.143615326338D-01  0.761896923014D-03  0.611188076506D-02 -0.676369064591D-02
  0.994334645854D-04  0.517856630380D-02 -0.143909176476D-01  0.138051906073D-04
  0.317377681108D-02 -0.975072700479D-02 -0.212179024257D-02  0.582219772315D-02
 -0.158040757047D-01  0.113682088537D-02 -0.202067506686D-01  0.136475871993D-01
 -0.385748823459D-03  0.450251285626D-03  0.474125710967D-02  0.772111874690D-03
  0.441824320553D-02 -0.145415600537D-01  0.235499521091D-02  0.503560919558D-02
 -0.145063790691D-01  0.147157559798D-02  0.448568514211D-02 -0.155327990474D-01
 -0.195086214625D-05 -0.114120769531D-03 -0.103935340340D-01 -0.485631780888D-02
  0.111422789084D-01 -0.146929888669D-01 -0.251275131747D-02  0.644399499475D-02
 -0.193556337967D-01 -0.987326652977D-03  0.777918486528D-02 -0.141363549261D-01
 -0.637622094404D-02  0.484251390096D-02 -0.555333848941D-02 -0.366862237670D-02
  0.149074784425D-01 -0.262039724919D-01 -0.448372310808D-03 -0.297358890836D-02
  0.225375299061D-02  0.552889615269D-03  0.452528913240D-02 -0.757671597439D-02
  0.251285767798D-03  0.490375703743D-02 -0.118600628029D-01 -0.151858726724D-04
 -0.259353649566D-01  0.395352669369D-01 -0.557208084237D-03  0.170689169051D-01
 -0.485365836084D-02  0.357059050882D-03  0.148187892872D-01 -0.193345641718D-01
  0.299465265105D-03  0.127391825075D-01 -0.149870349470D-01  0.211984624481D-03
  0.348735162306D-02 -0.138609040162D-01 -0.138849163775D-02  0.102419194822D-01
  0.402584753500D-01  0.176816820738D-02 -0.295376655742D-01  0.111332869435D-01
 -0.117286653540D-02 -0.145466750107D-01  0.658123723151D-02  0.258754264447D-02
 -0.134405207145D-01 -0.711872549733D-02 -0.417041026080D-02  0.174290467434D-01
 -0.291286138461D-01 -0.361099650235D-05  0.165553859577D-01 -0.287724579415D-01
  0.979660212706D-03  0.580735198247D-02 -0.148682058407D-01  0.156217084417D-03
  0.387333464601D-02 -0.151409661717D-01  0.187035720918D-02  0.557537902163D-02
 -0.161310631494D-01  0.148359656280D-02  0.560592631565D-02 -0.147399015361D-01
  0.933823217206D-03  0.670335591776D-02 -0.154525274317D-01  0.370438888295D-02
  0.483188526917D-02 -0.157454928312D-01 -0.234085898834D-02 -0.107126475088D-02
  0.126879340762D-01  0.183993424494D-02  0.779360023588D-02 -0.983325204812D-02
 -0.992229881188D-03  0.543333980614D-02 -0.121947273425D-01 -0.124699177811D-01
 -0.156613775943D-01 -0.147196304887D-01  0.123796768987D-01 -0.128956286080D-01
 -0.183609037755D-01 -0.126459901112D-02  0.283732652142D-01 -0.463989606167D-02
  0.122959551724D-03  0.264104445260D-01 -0.250624859120D-01  0.162536235904D-02
  0.572868338058D-02 -0.307683862313D-01  0.913379085602D-03 -0.496794260688D-02
 -0.195340767106D-01 -0.383601137372D-02 -0.756871523622D-02  0.263603819419D-01
  0.922774849588D-02 -0.102680458741D+00  0.421895673190D+00
$end
