$hessian (projected)
  1 1   0.1781776632  -0.0434097058  -0.0029139634   0.0038694731   0.0056449973
  1 2   0.0034967479  -0.0032560439   0.0001743023  -0.0019192579  -0.0781922351
  1 3   0.0053433332  -0.0046106139   0.0043256331  -0.0026035238   0.0014896619
  1 4   0.0022789775   0.0010536674   0.0005040733   0.0007149174  -0.0001292193
  1 5  -0.0000817270   0.0000120722  -0.0000281208   0.0000079983   0.0000515215
  1 6  -0.0000412922  -0.0001301106  -0.0000133831   0.0000151457   0.0000950408
  1 7  -0.0000011196  -0.0000767269  -0.0000471432  -0.0000015861   0.0000182948
  1 8   0.0000326940  -0.0002080531   0.0011560879  -0.0019207011  -0.0614611349
  1 9   0.0157863774  -0.0035188785  -0.0000083935   0.0000033980   0.0000020627
  110  -0.0000020401   0.0000080095   0.0000025336  -0.0000077267   0.0000404394
  111  -0.0000095624   0.0000015167   0.0000297813  -0.0000068447  -0.0000009558
  112   0.0000137102  -0.0000093480   0.0000040980  -0.0000186285  -0.0000085161
  113   0.0000012956  -0.0000170821   0.0000027863   0.0000006480  -0.0000061847
  114   0.0000090973  -0.0000031882   0.0000170119   0.0000074903  -0.0002974204
  115   0.0000927535   0.0001798319  -0.0001823429  -0.0000935645  -0.0001305690
  116   0.0000444398   0.0000529853   0.0001399057   0.0002027281   0.0002707611
  117   0.0001309960  -0.0727251262   0.0100256874   0.0101471726   0.0055529368
  118   0.0053049077   0.0008211515  -0.0071915981  -0.0007753855   0.0018277856
  119   0.0067775130   0.0008860756  -0.0034911171   0.0038958214   0.0001374185
  120   0.0001203706  -0.0002584075   0.0000648911  -0.0000617068   0.0000951529
  121   0.0000247679  -0.0000533081   0.0001096656   0.0000631592   0.0000329181
  122   0.0006214556  -0.0004494442   0.0003129618   0.0007857222   0.0002959318
  123   0.0003984480   0.0000034043  -0.0000022624  -0.0000007503   0.0000035772
  124   0.0000047653   0.0000024191  -0.0000022634  -0.0000016814  -0.0000006002
  125   0.0000006307  -0.0000012256  -0.0000013552   0.0000006232  -0.0000006629
  126   0.0000006592   0.0000010744   0.0000018551   0.0000024414   0.0000549624
  127   0.0000127153  -0.0000116325  -0.0000046743   0.0000094899   0.0000047848
  128  -0.0000164692   0.0000026435  -0.0000009046  -0.0000646749  -0.0001878340
  129   0.0001130674  -0.0001326806   0.0002027729  -0.0001497884   0.0035196541
  130  -0.0006389252  -0.0008258178   0.0073798318   0.0010272501  -0.0001871552
  131  -0.0002900788  -0.0000760886   0.0000467198   0.0055683305   0.0009545975
  132  -0.0000340051   0.0001070990  -0.0002011085   0.0001945867   0.0001591568
  133   0.0000186819  -0.0000010295
  2 1  -0.0434097058   0.6568975418   0.0300684762   0.0057608815  -0.0592235418
  2 2  -0.0392108075   0.0001334491  -0.0046393807   0.0210430663   0.0053038280
  2 3  -0.1380318685   0.0532750060  -0.0026042838   0.0328265246  -0.0162642422
  2 4   0.0010557857  -0.0093347563  -0.0055167548  -0.0001144848   0.0020841831
  2 5   0.0009743409  -0.0000240411   0.0002103845  -0.0001569592  -0.0000442008
  2 6   0.0005768780   0.0014660711   0.0000160236  -0.0001519597  -0.0010619059
  2 7  -0.0000752474   0.0008399201   0.0005448006   0.0000175800  -0.0001954962
  2 8  -0.0003536914   0.0011323282  -0.0127884951   0.0211568536   0.0157622628
  2 9  -0.2346275885   0.0389337115   0.0000437372  -0.0000550833  -0.0000341956
  210  -0.0000444126  -0.0000709126  -0.0000337987   0.0000341109  -0.0004412699
  211   0.0001035698   0.0000376732  -0.0003249196   0.0000724086   0.0000190358
  212  -0.0001552731   0.0001043333  -0.0000204125   0.0002045698   0.0000836013
  213  -0.0000033174   0.0001924858  -0.0000290134   0.0000031274   0.0000781163
  214  -0.0001012039   0.0000092900  -0.0001801694  -0.0000830625   0.0000857937
  215  -0.0012992194  -0.0020147654  -0.0000892132   0.0008690745   0.0014440250
  216   0.0000553058  -0.0005714541  -0.0015542553   0.0002469903  -0.0027748419
  217  -0.0014353793   0.0100791975  -0.1831531240  -0.1116290434   0.0052806811
  218  -0.0522028783  -0.0093136291  -0.0007870438   0.0012605960  -0.0198503276
  219   0.0008859149  -0.0033186379   0.0377532992   0.0001430028   0.0022717450
  220  -0.0014190697   0.0000537185  -0.0009701405   0.0006863838   0.0000253240
  221  -0.0001685674   0.0005465829   0.0000626523  -0.0005906890  -0.0003632389
  222   0.0011863056   0.0014948970  -0.0037055859  -0.0013077741   0.0013453828
  223  -0.0037180725   0.0000019704   0.0000472997   0.0000105971  -0.0000191036
  224  -0.0000407272  -0.0000212370   0.0000201683   0.0000172798   0.0000018936
  225  -0.0000094546   0.0000433309   0.0000113092  -0.0000238174   0.0000123065
  226   0.0000031724   0.0000243197  -0.0000375309  -0.0000207575   0.0000118419
  227  -0.0000879881   0.0001275390   0.0000081100  -0.0001163253  -0.0000106643
  228   0.0000019013  -0.0000442637   0.0000092297  -0.0001688942  -0.0002207921
  229   0.0002227888   0.0001849390  -0.0001391906   0.0001883617  -0.0006375624
  230   0.0106740152   0.0092736160   0.0010166775  -0.0038887982   0.0021196220
  231  -0.0000661084   0.0005442473  -0.0005203546   0.0009440399  -0.0049033243
  232   0.0003402976  -0.0002145808   0.0023082263  -0.0021512394   0.0000156907
  233  -0.0000497973   0.0000082974
  3 1  -0.0029139634   0.0300684762   0.6793986203   0.0022425667  -0.0253364530
  3 2   0.0204865446  -0.0003639549   0.0042262791  -0.0052736964  -0.0011299350
  3 3   0.0140392089  -0.2540777538   0.0008014292  -0.0085495483  -0.0370488018
  3 4  -0.0000287710   0.0001628543   0.0078529154   0.0000702779  -0.0007490387
  3 5  -0.0051295374   0.0000046051  -0.0000050576  -0.0000155931   0.0000227591
  3 6  -0.0002627985  -0.0010034607   0.0000048358  -0.0000862426   0.0006942477
  3 7   0.0000298508  -0.0003267017  -0.0003170329  -0.0000037272   0.0000422438
  3 8   0.0002106103  -0.0032442900   0.0361043590  -0.0051434058  -0.0022408126
  3 9   0.0242583441  -0.1420847140  -0.0000165922   0.0000129777   0.0000174749
  310   0.0000234844   0.0000226777   0.0000168618  -0.0000049820   0.0001094531
  311  -0.0000089156  -0.0000238369   0.0002075961  -0.0000171650  -0.0000093034
  312   0.0000728928  -0.0000439838   0.0000107967  -0.0000867902  -0.0000377887
  313   0.0000002681  -0.0001117002   0.0000063921  -0.0000033661  -0.0000342785
  314   0.0000290030   0.0000014269   0.0000541077   0.0000265283  -0.0000048063
  315   0.0000424343   0.0029339645   0.0000417824  -0.0004991411  -0.0018771592
  316  -0.0000110164   0.0001024753   0.0013887392   0.0002768499  -0.0029698906
  317  -0.0049598203   0.0052224180  -0.0567548361  -0.2406449719   0.0048879460
  318  -0.0545029616   0.0499434223   0.0011605595  -0.0126448792  -0.0581204188
  319  -0.0064135387   0.0710993422   0.0114502562   0.0003106181  -0.0035134768
  320  -0.0043208188  -0.0000562681   0.0006414566   0.0000653076  -0.0000261437
  321   0.0002405986  -0.0000054022  -0.0000073622   0.0000624142   0.0000582772
  322   0.0002581787   0.0000868282   0.0007229111  -0.0002700975   0.0000007840
  323   0.0007865788   0.0000023538  -0.0000056083  -0.0000052268   0.0000087777
  324   0.0000115513  -0.0000012820  -0.0000039792  -0.0000036613   0.0000004194
  325  -0.0000008394  -0.0000048334  -0.0000054983   0.0000051700  -0.0000019559
  326   0.0000000875  -0.0000092815   0.0000104187  -0.0000014566  -0.0000015502
  327   0.0000158848   0.0000062881   0.0000006817  -0.0000025622  -0.0000067868
  328   0.0000003013  -0.0000004177   0.0000157594  -0.0003014911   0.0001054527
  329   0.0001032646   0.0002792022   0.0001569611   0.0001040679   0.0017470792
  330  -0.0191999586  -0.0158929682  -0.0002222803   0.0025320849   0.0007643412
  331   0.0000269167  -0.0003418550  -0.0011252097   0.0000717905  -0.0008681445
  332   0.0013394007  -0.0001934487   0.0023197243  -0.0007740366  -0.0000072887
  333   0.0000529099  -0.0004793787
  4 1   0.0038694731   0.0057608815   0.0022425667   0.1363036622  -0.0541811926
  4 2   0.0070164586  -0.0584529296   0.0080047645  -0.0097043691  -0.0038193367
  4 3  -0.0005539943   0.0004651458   0.0052332575   0.0008863775  -0.0037602429
  4 4   0.0029347262   0.0010639648   0.0003522681  -0.0001925972   0.0000836142
  4 5   0.0001505970  -0.0000060000   0.0000259222  -0.0000120222   0.0000141901
  4 6   0.0000643265   0.0001572352   0.0000003339  -0.0000241124  -0.0001178166
  4 7  -0.0000135804   0.0000877109   0.0000714525   0.0000032522  -0.0000251311
  4 8  -0.0000456554  -0.0049435963  -0.0019980500   0.0002660472  -0.0457813157
  4 9   0.0152191993   0.0095425041   0.0000081364  -0.0000000374   0.0000027251
  410   0.0000011187  -0.0000091478  -0.0000032750   0.0000053144  -0.0000396801
  411  -0.0000024265   0.0000038329  -0.0000396867   0.0000117077  -0.0000000272
  412  -0.0000198074   0.0000133433  -0.0000000679   0.0000263672   0.0000109171
  413  -0.0000036398   0.0000258958  -0.0000029278   0.0000000881   0.0000106585
  414  -0.0000137483   0.0000024280  -0.0000226861  -0.0000117077   0.0001661142
  415  -0.0001159706  -0.0001189330  -0.0002621533   0.0000486524   0.0001306187
  416   0.0000204202  -0.0000629433  -0.0001469520  -0.0013976682  -0.0005284304
  417  -0.0003013949   0.0023979316  -0.0000260425  -0.0006258953   0.0008535920
  418   0.0004317339  -0.0000170305   0.0001473184  -0.0001457125   0.0002292198
  419   0.0001907736   0.0000393577   0.0000322169  -0.0382981560   0.0260779215
  420  -0.0069794631   0.0007245448  -0.0006426045   0.0020985138   0.0008934343
  421   0.0001155978  -0.0001584379  -0.0002354063  -0.0000872156  -0.0000247860
  422  -0.0005581968  -0.0004397370   0.0029283705  -0.0007539091   0.0005135015
  423  -0.0036777072  -0.0000004720   0.0000035599  -0.0000009140  -0.0000039521
  424  -0.0000057694  -0.0000023915   0.0000024420   0.0000023632   0.0000011730
  425  -0.0000014080   0.0000016271   0.0000007782   0.0000001860   0.0000007179
  426  -0.0000011421  -0.0000027573  -0.0000016395  -0.0000017861   0.0002452993
  427   0.0000119439   0.0000152077   0.0000191232  -0.0000082384  -0.0000020725
  428   0.0000006383  -0.0000048649  -0.0000002859   0.0005009227  -0.0000407928
  429  -0.0011551922   0.0006720964   0.0003249572   0.0010514975  -0.0003404165
  430  -0.0000053721   0.0000348007  -0.0003179972  -0.0000083016  -0.0000136387
  431  -0.0000271739  -0.0000022117   0.0000016449  -0.0002123611  -0.0000839982
  432   0.0000023071   0.0006181424   0.0002964277   0.0001065807  -0.0002076747
  433  -0.0000046736  -0.0000336833
  5 1   0.0056449973  -0.0592235418  -0.0253364530  -0.0541811926   0.7398114441
  5 2  -0.0770329803   0.0079915650  -0.1472202430   0.1072540945  -0.0004857580
  5 3   0.0019522267  -0.0049932387   0.0008828139  -0.0044457942   0.0424626486
  5 4   0.0010615116  -0.0089741966  -0.0038646906   0.0000788277  -0.0011671864
  5 5  -0.0017987490   0.0000234104  -0.0002666542   0.0001470375   0.0000658769
  5 6  -0.0007179153  -0.0018283793  -0.0000225616   0.0002349371   0.0013479664
  5 7   0.0000882919  -0.0010093054  -0.0008230093  -0.0000228841   0.0002661639
  5 8   0.0005260261  -0.0019057883   0.0166586518  -0.0022492077   0.0152435751
  5 9  -0.2160996806  -0.1080612885  -0.0000570120   0.0000494127   0.0000162062
  510   0.0000551896   0.0000616087   0.0000137942  -0.0000360658   0.0004535288
  511   0.0000214625  -0.0000421655   0.0004498398  -0.0001144411  -0.0000234040
  512   0.0002484295  -0.0001718840   0.0000286418  -0.0002953239  -0.0001148041
  513   0.0000219788  -0.0003030294   0.0000310261   0.0000097657  -0.0001525086
  514   0.0001649018  -0.0000180494   0.0002419915   0.0001368214  -0.0001133826
  515   0.0014633807   0.0013987809   0.0000462971  -0.0008058720  -0.0014914909
  516  -0.0000641007   0.0007239020   0.0017184945  -0.0004887030   0.0040609813
  517   0.0034081797  -0.0000346140   0.0027313808   0.0069246546   0.0004334590
  518  -0.0039158888   0.0002127766  -0.0001510300   0.0017606580  -0.0025576168
  519   0.0000470084  -0.0002959456  -0.0003876636   0.0260445706  -0.3290027317
  520   0.0787962422  -0.0006432878   0.0079270936  -0.0236361527   0.0001186830
  521  -0.0004260392   0.0018313450  -0.0000825348   0.0007338607   0.0003332921
  522  -0.0006009853  -0.0012223079   0.0045486747   0.0006863948  -0.0010245679
  523   0.0039638938  -0.0000068343  -0.0000410627  -0.0000037490   0.0000158045
  524   0.0000446730   0.0000174444  -0.0000237324  -0.0000267960   0.0000041239
  525   0.0000158873  -0.0000408744  -0.0000026175   0.0000288355  -0.0000217903
  526   0.0000046513  -0.0000242212   0.0000419638   0.0000179346   0.0000120400
  527   0.0001080640  -0.0001716080  -0.0000081317   0.0001143378   0.0000034460
  528  -0.0000050281   0.0000575321  -0.0000076379   0.0011574161  -0.0004071400
  529   0.0001459807  -0.0009555725  -0.0004847102   0.0003112641  -0.0000059916
  530  -0.0002871759  -0.0003865463  -0.0000089580  -0.0002242697   0.0001485444
  531  -0.0000033523  -0.0000002738  -0.0000225268  -0.0000874094   0.0007537124
  532  -0.0000356978   0.0003046537  -0.0027010924  -0.0011773781  -0.0000047446
  533  -0.0001458574   0.0003581021
  6 1   0.0034967479  -0.0392108075   0.0204865446   0.0070164586  -0.0770329803
  6 2   0.7926606795  -0.0063169897   0.0693508214  -0.4208989247  -0.0001114592
  6 3   0.0013292675  -0.0114217686  -0.0051374267   0.0573142728  -0.0211937690
  6 4   0.0004093336  -0.0040896578   0.0220594465   0.0005520848  -0.0062179480
  6 5  -0.0138767754   0.0000644930  -0.0007361624   0.0002813222   0.0002404302
  6 6  -0.0027172211  -0.0081346336  -0.0000355127   0.0003633537   0.0059290787
  6 7   0.0003345342  -0.0037750524  -0.0033373531  -0.0000745864   0.0008584025
  6 8   0.0021683094   0.0014164147  -0.0159088165  -0.0359175834   0.0068387467
  6 9  -0.0768997345  -0.2431356191  -0.0002324068   0.0001819457   0.0000609793
  610   0.0001938365   0.0002163359   0.0000603411  -0.0001346516   0.0015253418
  611   0.0001045672  -0.0001653521   0.0018986812  -0.0003611026  -0.0000798465
  612   0.0009314888  -0.0006182220   0.0000991525  -0.0011160906  -0.0004483918
  613   0.0001106737  -0.0011906215   0.0001070984   0.0000496278  -0.0005359116
  614   0.0005523964  -0.0000774487   0.0008462461   0.0004704355  -0.0002683603
  615   0.0030968984   0.0112774520   0.0002983561  -0.0034901155  -0.0094897231
  616  -0.0001965557   0.0022382675   0.0088786050  -0.0003428198   0.0040141070
  617  -0.0033724309  -0.0009338531   0.0103201560   0.0014356371   0.0003327965
  618  -0.0036562920   0.0007148503  -0.0002682583   0.0030202970  -0.0045606840
  619  -0.0002246063   0.0025183869   0.0010483634  -0.0062618351   0.0704247995
  620  -0.0774220516  -0.0007081340   0.0078594196  -0.0168951589  -0.0000201714
  621   0.0000464812   0.0009564544  -0.0000153127   0.0001994686   0.0000725741
  622  -0.0016780102  -0.0004489426   0.0007967360   0.0017300153  -0.0001385197
  623   0.0007869736  -0.0000199433  -0.0001391569  -0.0000212909   0.0000623941
  624   0.0001612650   0.0000506644  -0.0000780778  -0.0000835584   0.0000182432
  625   0.0000442994  -0.0001340814  -0.0000205047   0.0000919774  -0.0000688019
  626   0.0000183713  -0.0000908873   0.0001473894   0.0000510100  -0.0000055305
  627   0.0000376086   0.0000772752  -0.0000152963   0.0001911748  -0.0001621091
  628  -0.0000092424   0.0001375122   0.0000670270   0.0006904792   0.0000957940
  629  -0.0007497622  -0.0007109077  -0.0000847811  -0.0007069808   0.0000623577
  630  -0.0006890714  -0.0005982438  -0.0000542692   0.0006131326   0.0000726560
  631   0.0000052036  -0.0000490855  -0.0001710362  -0.0001060476   0.0011561512
  632  -0.0001890796   0.0002469862  -0.0028455481   0.0023178725  -0.0000136004
  633   0.0001644919   0.0001212348
  7 1  -0.0032560439   0.0001334491  -0.0003639549  -0.0584529296   0.0079915650
  7 2  -0.0063169897   0.1225585752  -0.0478763406  -0.0010287236   0.0063936783
  7 3   0.0036552805   0.0007417501  -0.0706289568   0.0176222302  -0.0028916741
  7 4   0.0105972130   0.0015654913  -0.0035521974  -0.0038927217   0.0001834894
  7 5   0.0013593449  -0.0000403455   0.0000371435  -0.0000139121  -0.0000268610
  7 6   0.0001740344   0.0005405795   0.0000007698  -0.0000147284  -0.0003881111
  7 7  -0.0000132076   0.0002352364   0.0002098436   0.0000069848  -0.0000528676
  7 8  -0.0001359361   0.0039257141   0.0005731855   0.0003260215   0.0116836078
  7 9  -0.0010700701   0.0018222601   0.0000228292  -0.0000091441   0.0000019052
  710  -0.0000025218  -0.0000152722  -0.0000090480   0.0000225639  -0.0000942360
  711  -0.0000040503   0.0000053700  -0.0001236436   0.0000222529   0.0000034025
  712  -0.0000568916   0.0000360602  -0.0000094372   0.0000666083   0.0000286336
  713  -0.0000023143   0.0000730865  -0.0000072026  -0.0000005253   0.0000281442
  714  -0.0000320044   0.0000095383  -0.0000531006  -0.0000266966  -0.0000831175
  715  -0.0001048431  -0.0009513346   0.0001653560   0.0002607767   0.0007312638
  716  -0.0000030695  -0.0001298514  -0.0006274674  -0.0002788765  -0.0000246166
  717   0.0000587389  -0.0004879619   0.0000549750   0.0000434578   0.0001602946
  718  -0.0000094778   0.0000396803   0.0001130220   0.0000100416   0.0001498160
  719   0.0024983378  -0.0001176457   0.0001215225   0.0066099864   0.0008187066
  720  -0.0025002222  -0.0337537868   0.0159417123   0.0126911369   0.0068211576
  721   0.0004473918   0.0000716794   0.0002091347   0.0000308501   0.0000383405
  722  -0.0003510383   0.0001241265  -0.0006422490  -0.0003670452  -0.0001914277
  723   0.0006411871  -0.0000054552   0.0000062433   0.0000021620  -0.0000071488
  724  -0.0000111792  -0.0000038163   0.0000072312   0.0000042796   0.0000029024
  725  -0.0000093527   0.0000075558   0.0000012285  -0.0000015227   0.0000040048
  726  -0.0000049949   0.0000015975  -0.0000079714  -0.0000024963   0.0000543159
  727   0.0000048438  -0.0000263798   0.0000438529  -0.0000048864   0.0000120339
  728  -0.0000295682  -0.0000097409  -0.0000059467   0.0001021915  -0.0000017362
  729   0.0000002650   0.0000072650  -0.0000065461  -0.0000393278  -0.0000902295
  730   0.0000019549   0.0000072662   0.0000830259  -0.0000061197  -0.0000013731
  731  -0.0004731930  -0.0000323151   0.0000161267   0.0000366498  -0.0000410266
  732  -0.0000041800   0.0001362473   0.0000320595  -0.0001644071  -0.0000126823
  733  -0.0000227880   0.0000272367
  8 1   0.0001743023  -0.0046393807   0.0042262791   0.0080047645  -0.1472202430
  8 2   0.0693508214  -0.0478763406   0.6578070896   0.0115277491   0.0036027188
  8 3  -0.0339936984  -0.0082702403   0.0177028527  -0.2691479986   0.0338550453
  8 4   0.0015608874  -0.0065733813   0.0405578654   0.0001832543  -0.0059113433
  8 5  -0.0158234997   0.0000360684  -0.0004604975   0.0001680149   0.0001784177
  8 6  -0.0020222780  -0.0062364590  -0.0000161315   0.0001360752   0.0044634760
  8 7   0.0002406429  -0.0027148372  -0.0024120218  -0.0000513150   0.0005803528
  8 8   0.0015676305   0.0005650693  -0.0024381212  -0.0036867657  -0.0011197797
  8 9   0.0238245875  -0.0203410346  -0.0001676872   0.0001303715   0.0000569402
  810   0.0001436511   0.0001559112   0.0000543534  -0.0000937901   0.0010861339
  811   0.0000451322  -0.0001235649   0.0014014980  -0.0002459797  -0.0000569244
  812   0.0006508147  -0.0004280897   0.0000694556  -0.0007842407  -0.0003179399
  813   0.0000776414  -0.0008537547   0.0000738993   0.0000319910  -0.0003650450
  814   0.0003707616  -0.0000527778   0.0005821055   0.0003175916  -0.0001113546
  815   0.0011683018   0.0110010387   0.0002601407  -0.0028348475  -0.0084190632
  816  -0.0001334186   0.0014727023   0.0072535313  -0.0000201924  -0.0001207579
  817  -0.0005822853   0.0000539064  -0.0011286856  -0.0005098441  -0.0000131920
  818   0.0003022665  -0.0004959798   0.0000089984   0.0000812296  -0.0015840831
  819  -0.0001142813   0.0036797019  -0.0012790140   0.0008264377  -0.0025649833
  820   0.0280368854   0.0159057176  -0.2116638152  -0.1431033860   0.0004543821
  821   0.0016146584  -0.0006966007   0.0000301731  -0.0001540780  -0.0005597240
  822  -0.0002979844  -0.0000328338  -0.0000057946   0.0002372169  -0.0000132625
  823   0.0001072463  -0.0000153467  -0.0000949874  -0.0000224650   0.0000484991
  824   0.0001137992   0.0000327526  -0.0000535881  -0.0000555997   0.0000156872
  825   0.0000317781  -0.0000922478  -0.0000215525   0.0000634387  -0.0000452373
  826   0.0000155717  -0.0000694319   0.0001035843   0.0000332754   0.0000030269
  827  -0.0000004680   0.0002966305  -0.0000045420   0.0001036753  -0.0001505221
  828  -0.0000078035   0.0000831671   0.0000610183  -0.0005663515   0.0001203601
  829   0.0001803945   0.0005454693   0.0002224219   0.0001748334   0.0000022680
  830  -0.0001131937  -0.0000797469  -0.0000067827   0.0001572590   0.0000142685
  831  -0.0000316817  -0.0001152827  -0.0001872580  -0.0000442117   0.0005082159
  832   0.0000460343   0.0000290709  -0.0001793395   0.0018778172  -0.0000237672
  833   0.0002481563  -0.0003231959
  9 1  -0.0019192579   0.0210430663  -0.0052736964  -0.0097043691   0.1072540945
  9 2  -0.4208989247  -0.0010287236   0.0115277491   0.8065401509   0.0017075978
  9 3  -0.0191855901   0.0189386287  -0.0019648397   0.0238191778  -0.1112068173
  9 4  -0.0033915624   0.0385004221  -0.0306071486  -0.0006013474   0.0068166015
  9 5   0.0127575126  -0.0000422715   0.0005015465  -0.0001995737  -0.0001761828
  9 6   0.0019834097   0.0060980530   0.0000152480  -0.0001526507  -0.0044275837
  9 7  -0.0002455671   0.0027716973   0.0023652825   0.0000513719  -0.0005884588
  9 8  -0.0015520080   0.0004525606  -0.0049544645   0.0051685762   0.0027291625
  9 9  -0.0307938299  -0.0599430492   0.0001758929  -0.0001484441  -0.0000710152
  910  -0.0001381369  -0.0001696220  -0.0000712649   0.0001032918  -0.0011349226
  911   0.0000170799   0.0001180235  -0.0013956961   0.0002414416   0.0000532340
  912  -0.0006459643   0.0004252024  -0.0000678835   0.0007859833   0.0003167846
  913  -0.0000853984   0.0008501235  -0.0000757843  -0.0000380215   0.0003621616
  914  -0.0003701229   0.0000576822  -0.0005853296  -0.0003175943   0.0001603134
  915  -0.0018083456  -0.0096814126  -0.0002234331   0.0026068072   0.0078167327
  916   0.0001345260  -0.0015332538  -0.0069337868   0.0001871679  -0.0019747221
  917   0.0004006482   0.0004738194  -0.0052836084  -0.0019435839  -0.0003486571
  918   0.0038086162  -0.0021759379   0.0001105552  -0.0013277241   0.0060798489
  919   0.0006977270  -0.0077576756  -0.0070849710   0.0000121243   0.0000830384
  920  -0.0026871800   0.0129677465  -0.1462923667  -0.1894010649  -0.0000267066
  921   0.0004346457  -0.0054571567  -0.0000665519   0.0008757745  -0.0020908256
  922   0.0002101882   0.0005893210  -0.0019169428  -0.0003090806   0.0005435244
  923  -0.0019155055   0.0000098049   0.0001031541   0.0000216562  -0.0000523839
  924  -0.0001191129  -0.0000357788   0.0000560997   0.0000542145  -0.0000079043
  925  -0.0000270531   0.0001001360   0.0000210486  -0.0000646539   0.0000442642
  926  -0.0000079775   0.0000739852  -0.0001073135  -0.0000359634   0.0000230791
  927  -0.0002558488  -0.0000565505   0.0000130581  -0.0001642642   0.0000658497
  928   0.0000051056  -0.0000882771  -0.0000327060  -0.0000913806   0.0003342493
  929  -0.0000818863   0.0000324953   0.0003340053  -0.0000746029  -0.0000311237
  930   0.0003390904   0.0002330008   0.0000085719  -0.0000966566  -0.0001120607
  931   0.0000273260  -0.0003174296  -0.0002202530   0.0000606560  -0.0006566744
  932   0.0001919013  -0.0000899224   0.0011367520  -0.0008339932   0.0000060939
  933  -0.0000653801   0.0001032288
 10 1  -0.0781922351   0.0053038280  -0.0011299350  -0.0038193367  -0.0004857580
 10 2  -0.0001114592   0.0063936783   0.0036027188   0.0017075978   0.1747541668
 10 3  -0.0446545815   0.0006959653  -0.0757155660   0.0074047992   0.0045189014
 10 4   0.0094470410  -0.0003361490   0.0014961266   0.0065430717   0.0004393473
 10 5  -0.0011837008   0.0000176460  -0.0000297035   0.0000020022   0.0002064418
 10 6  -0.0000690727  -0.0002854165  -0.0000317279   0.0000033103   0.0002002155
 10 7  -0.0000258819  -0.0001245313  -0.0001041367  -0.0000021383   0.0000246579
 10 8   0.0000695336   0.0021949943   0.0006917561   0.0001494575   0.0065993248
 10 9   0.0021494209  -0.0035415262  -0.0000105369   0.0000036703   0.0000057946
 1010   0.0000011110   0.0000069098   0.0000003894  -0.0000048238   0.0000472838
 1011   0.0000014626   0.0000081541   0.0000629134  -0.0000122148  -0.0000058050
 1012   0.0000247778  -0.0000179933   0.0000133886  -0.0000353479  -0.0000145133
 1013   0.0000023654  -0.0000390705   0.0000025684   0.0000023134  -0.0000163107
 1014   0.0000152647  -0.0000030378   0.0000238999   0.0000144424  -0.0003822213
 1015   0.0000049589   0.0005812367  -0.0009381486  -0.0002203538  -0.0004376766
 1016   0.0000763048   0.0000654400   0.0003464144   0.0004751585  -0.0000169796
 1017  -0.0001411579   0.0109409998  -0.0036337131   0.0002083381  -0.0076120547
 1018   0.0025445238  -0.0031637267   0.0091464514   0.0048571784   0.0056056976
 1019  -0.0755313601   0.0196250689  -0.0056294195  -0.0004673794  -0.0000648529
 1020   0.0000176367   0.0044337344   0.0007308208  -0.0001966783  -0.0041139939
 1021  -0.0001768502   0.0000010366  -0.0001259317   0.0000022886   0.0000125627
 1022  -0.0001791339   0.0001840925  -0.0003977275  -0.0001794718  -0.0001648114
 1023   0.0003790501   0.0000014020  -0.0000005809  -0.0000018863   0.0000059613
 1024   0.0000067017   0.0000015601  -0.0000018477  -0.0000027992   0.0000012148
 1025  -0.0000016383  -0.0000009213  -0.0000002612   0.0000010711  -0.0000006742
 1026   0.0000000981   0.0000030738   0.0000017732   0.0000019390   0.0002467449
 1027   0.0000287133   0.0000010379  -0.0000413011   0.0000030470   0.0000015409
 1028  -0.0000396377   0.0000010051   0.0000025199  -0.0000037685  -0.0000279923
 1029  -0.0000090302  -0.0000013653   0.0000104045   0.0000308739   0.0051337111
 1030   0.0007129887   0.0003507949  -0.0008134652  -0.0000323110  -0.0000916918
 1031   0.0075659591   0.0006986279   0.0002416968   0.0040735137   0.0008145183
 1032  -0.0001673177  -0.0000142881   0.0000502188  -0.0000130991  -0.0000296861
 1033   0.0000017008  -0.0000144027
 11 1   0.0053433332  -0.1380318685   0.0140392089  -0.0005539943   0.0019522267
 11 2   0.0013292675   0.0036552805  -0.0339936984  -0.0191855901  -0.0446545815
 11 3   0.6672205481  -0.0100453597   0.0073216944  -0.1567558471  -0.0492009143
 11 4  -0.0003146266   0.0130708681  -0.0168650289   0.0004505165   0.0015237618
 11 5   0.0132633055  -0.0000154393   0.0002059149  -0.0000953639  -0.0000744290
 11 6   0.0010440884   0.0032315725  -0.0000014768  -0.0000350338  -0.0022502869
 11 7  -0.0001232869   0.0013394069   0.0011937006   0.0000225799  -0.0002764702
 11 8  -0.0007668520   0.0006962548  -0.0054203265  -0.0016607917   0.0021058773
 11 9  -0.0172057456   0.0389143164   0.0000903198  -0.0000614090  -0.0000410819
 1110  -0.0000669495  -0.0000671338  -0.0000440010   0.0000513843  -0.0005316592
 1111  -0.0000105266   0.0000556664  -0.0007005381   0.0001229803   0.0000214981
 1112  -0.0003120882   0.0002084584  -0.0000309397   0.0003816178   0.0001523563
 1113  -0.0000514036   0.0004242089  -0.0000324492  -0.0000260301   0.0001796016
 1114  -0.0001762805   0.0000297589  -0.0002717540  -0.0001535583  -0.0000019998
 1115  -0.0004234615  -0.0066118883  -0.0002182994   0.0015614374   0.0049160587
 1116   0.0000643414  -0.0006937504  -0.0039089768  -0.0000136217   0.0007370523
 1117   0.0015125247  -0.0036809809   0.0508619644  -0.0020100078   0.0025168959
 1118  -0.0356997188   0.0349627511   0.0049253735  -0.0443668336  -0.0624227412
 1119   0.0196679286  -0.2904705092   0.0631946162  -0.0000623037   0.0002661078
 1120  -0.0001854626   0.0007341506  -0.0037663358   0.0021940277  -0.0001666424
 1121  -0.0020214057  -0.0000523996   0.0000055216  -0.0001436877  -0.0001402433
 1122  -0.0001491952  -0.0002477520   0.0000375781   0.0001629580  -0.0002520392
 1123   0.0001084151   0.0000049133   0.0000399190   0.0000128438  -0.0000240332
 1124  -0.0000529767  -0.0000102723   0.0000260320   0.0000259712  -0.0000056129
 1125  -0.0000096824   0.0000376031   0.0000133440  -0.0000299441   0.0000222514
 1126  -0.0000051521   0.0000348885  -0.0000473070  -0.0000101405   0.0000294190
 1127  -0.0000861796  -0.0000051308   0.0000024942  -0.0000809430   0.0000412248
 1128  -0.0000012012  -0.0000502518  -0.0000255329   0.0000408618   0.0000626891
 1129  -0.0000947799  -0.0000501781   0.0000640400  -0.0000955104   0.0007106280
 1130  -0.0027221574  -0.0038077357  -0.0000274202  -0.0004622462   0.0009977990
 1131   0.0006905391  -0.0001335510  -0.0026511479   0.0008207819  -0.0050510428
 1132   0.0018166684   0.0000632229  -0.0005382951   0.0001357862   0.0000035455
 1133  -0.0000472620   0.0001720158
 12 1  -0.0046106139   0.0532750060  -0.2540777538   0.0004651458  -0.0049932387
 12 2  -0.0114217686   0.0007417501  -0.0082702403   0.0189386287   0.0006959653
 12 3  -0.0100453597   0.6214027246   0.0054152062  -0.0598578363  -0.1705658837
 12 4   0.0023193743  -0.0258413964  -0.0467720664  -0.0005956487   0.0068948901
 12 5   0.0104669921  -0.0000190952   0.0001795108  -0.0000344023  -0.0000973516
 12 6   0.0011073330   0.0036224740  -0.0000015880   0.0000747775  -0.0025755760
 12 7  -0.0001275293   0.0014353729   0.0013099014   0.0000238228  -0.0002609495
 12 8  -0.0008589371   0.0002338798  -0.0026337743   0.0028122351  -0.0028917129
 12 9   0.0320842737  -0.0044764801   0.0000855515  -0.0000663536  -0.0000491689
 1210  -0.0000827650  -0.0000870719  -0.0000472474   0.0000425240  -0.0005410440
 1211  -0.0000076901   0.0000751206  -0.0007844260   0.0001113375   0.0000322743
 1212  -0.0003285693   0.0002138969  -0.0000392894   0.0004085874   0.0001656397
 1213  -0.0000306379   0.0004601034  -0.0000384517  -0.0000084330   0.0001834589
 1214  -0.0001728263   0.0000191536  -0.0002777558  -0.0001537288   0.0001600399
 1215  -0.0018785193  -0.0089009674  -0.0001731210   0.0020062672   0.0054251258
 1216   0.0000704103  -0.0007460344  -0.0046426166   0.0000611757  -0.0007646024
 1217   0.0001449767   0.0033236976  -0.0359879890  -0.0404658386  -0.0023055094
 1218   0.0253348922  -0.0207779263   0.0015257994  -0.0166318991   0.0371675335
 1219  -0.0019069179   0.0202729557  -0.1290401216  -0.0000106105   0.0000738965
 1220  -0.0001920043  -0.0002959686   0.0033863933  -0.0002980996   0.0000806270
 1221  -0.0008512413   0.0009841038   0.0000314378  -0.0003083789  -0.0000418015
 1222   0.0000430246   0.0004340253  -0.0008631302  -0.0001222115   0.0004179995
 1223  -0.0008636285   0.0000030165   0.0000429117   0.0000139283  -0.0000302961
 1224  -0.0000577728  -0.0000101030   0.0000249359   0.0000252438  -0.0000055398
 1225  -0.0000119253   0.0000416412   0.0000135390  -0.0000297335   0.0000194116
 1226  -0.0000056709   0.0000391230  -0.0000522131  -0.0000101730   0.0000010373
 1227  -0.0000011440  -0.0000225206   0.0000038964  -0.0000511455   0.0000621009
 1228   0.0000009798  -0.0000266924  -0.0000333846  -0.0000052052  -0.0000398784
 1229   0.0000646121   0.0000102995  -0.0000398346   0.0000654434   0.0002270317
 1230  -0.0024889812  -0.0009922575  -0.0000610613   0.0006976350   0.0000219018
 1231   0.0002994044  -0.0033333727  -0.0032540770  -0.0025632783   0.0281496271
 1232  -0.0010065659  -0.0000407685   0.0003113746  -0.0003985645   0.0000055669
 1233  -0.0000698734   0.0000698774
 13 1   0.0043256331  -0.0026042838   0.0008014292   0.0052332575   0.0008828139
 13 2  -0.0051374267  -0.0706289568   0.0177028527  -0.0019648397  -0.0757155660
 13 3   0.0073216944   0.0054152062   0.1794005552  -0.0383103122   0.0045389667
 13 4  -0.0678369464   0.0065217505  -0.0049362934   0.0023909668  -0.0015374116
 13 5   0.0002254603   0.0000025987  -0.0000487184   0.0000180932  -0.0003644091
 13 6  -0.0002133181  -0.0005246288   0.0001015226   0.0000288217   0.0003774062
 13 7   0.0000810090  -0.0002317565  -0.0001952816  -0.0000125872   0.0000515239
 13 8   0.0001282909  -0.0005844796   0.0001484323  -0.0001985687  -0.0069736400
 13 9   0.0018052686   0.0015936430  -0.0000198438   0.0000093260   0.0000072791
 1310   0.0000058879   0.0000174838   0.0000058580  -0.0000062164   0.0001022164
 1311  -0.0000053712  -0.0000348166   0.0001168872  -0.0000216529   0.0000030040
 1312   0.0000546994  -0.0000354692  -0.0000101568  -0.0000657695  -0.0000269419
 1313   0.0000123381  -0.0000710707   0.0000054498   0.0000008667  -0.0000286469
 1314   0.0000307213  -0.0000025252   0.0000507983   0.0000257512   0.0052582795
 1315   0.0009758686   0.0011910814   0.0011718241  -0.0002610262  -0.0006361252
 1316  -0.0004545526   0.0001243012   0.0006428807   0.0004458046   0.0000863168
 1317  -0.0000739076   0.0046015353   0.0007656736  -0.0002379505  -0.0000844012
 1318  -0.0003223239   0.0002677738   0.0051869847   0.0006921762  -0.0011157919
 1319   0.0076010906   0.0040639113   0.0027214065   0.0087290969   0.0006459099
 1320   0.0000100613   0.0031454528   0.0015657040  -0.0005053187   0.0028570713
 1321   0.0008049917  -0.0026632381  -0.0028375946  -0.0001814199  -0.0000449765
 1322  -0.0000171593  -0.0001141542   0.0003273988   0.0000197199   0.0000534308
 1323  -0.0001539388   0.0000011714  -0.0000089059  -0.0000035525   0.0000060177
 1324   0.0000102851   0.0000039986  -0.0000046764  -0.0000043212  -0.0000006218
 1325   0.0000017754  -0.0000047619  -0.0000013259   0.0000051458  -0.0000035993
 1326   0.0000024263  -0.0000042124   0.0000083724   0.0000024995  -0.0003848389
 1327  -0.0000520292   0.0000293896  -0.0000059862   0.0000139427  -0.0000122303
 1328   0.0001450751   0.0000212259   0.0000042396  -0.0001352700   0.0000230295
 1329   0.0001272580  -0.0001018720  -0.0000467351  -0.0001089134  -0.0000450939
 1330  -0.0000880117  -0.0000913674  -0.0007905226  -0.0000714046   0.0000154935
 1331   0.0000812479   0.0000587511   0.0000722483  -0.0036621471  -0.0004183599
 1332   0.0000178051  -0.0001202102  -0.0000529229   0.0001042562   0.0000237486
 1333   0.0000128038  -0.0000180394
 14 1  -0.0026035238   0.0328265246  -0.0085495483   0.0008863775  -0.0044457942
 14 2   0.0573142728   0.0176222302  -0.2691479986   0.0238191778   0.0074047992
 14 3  -0.1567558471  -0.0598578363  -0.0383103122   0.6078715304  -0.0550583964
 14 4   0.0065638385  -0.1418535863   0.0567267260  -0.0015209862   0.0198424049
 14 5  -0.0023788714  -0.0000452977   0.0004974622  -0.0002615704  -0.0002219604
 14 6   0.0021524202   0.0061483695   0.0000300233  -0.0002066422  -0.0044131729
 14 7  -0.0002406326   0.0027728790   0.0022921821   0.0000516691  -0.0005999957
 14 8  -0.0014930303   0.0001562349  -0.0022625296   0.0022399366   0.0017915054
 14 9  -0.0269485882  -0.0178687851   0.0001742235  -0.0001442073  -0.0000840048
 1410  -0.0001428736  -0.0001687553  -0.0000845283   0.0001053674  -0.0011780826
 1411   0.0000615863   0.0001190018  -0.0013917562   0.0002508926   0.0000545040
 1412  -0.0006280767   0.0004155532  -0.0000677270   0.0007545220   0.0003049134
 1413  -0.0000783005   0.0008444198  -0.0000588753  -0.0000327743   0.0003466599
 1414  -0.0003581694   0.0000538355  -0.0005761564  -0.0003035026   0.0009716631
 1415  -0.0059408534  -0.0138210253  -0.0002575970   0.0042056828   0.0074453210
 1416   0.0001279080  -0.0019062706  -0.0075011987   0.0000875491  -0.0005203591
 1417   0.0008256262   0.0007704242  -0.0039408219   0.0025642958  -0.0003413410
 1418   0.0035928226  -0.0029828929   0.0006945943  -0.0024480717   0.0124687961
 1419   0.0040223650  -0.0372770825  -0.0303523019   0.0006508410   0.0015112587
 1420  -0.0001519044   0.0015817007  -0.0143708018   0.0056108737   0.0007890684
 1421  -0.0062723903   0.0299846304  -0.0001981525  -0.0006310831   0.0006557177
 1422   0.0002584633   0.0003685643  -0.0009554209  -0.0003183207   0.0003297782
 1423  -0.0009942970   0.0000107798   0.0000981594   0.0000280862  -0.0000545796
 1424  -0.0001158560  -0.0000337206   0.0000568375   0.0000536438  -0.0000092852
 1425  -0.0000266663   0.0000939744   0.0000281732  -0.0000656073   0.0000430671
 1426  -0.0000084814   0.0000747661  -0.0001040747  -0.0000338012  -0.0000528286
 1427   0.0002178237  -0.0003490781   0.0000139193  -0.0001787353   0.0001596955
 1428   0.0000178756  -0.0000986618  -0.0000477954   0.0001449584   0.0000280444
 1429  -0.0000900349  -0.0001665747  -0.0000031908  -0.0001130868  -0.0000845799
 1430   0.0009147870   0.0010188001  -0.0000697025  -0.0000094731  -0.0001762160
 1431   0.0000590570  -0.0005646585  -0.0007888139  -0.0004105001   0.0009761568
 1432  -0.0001951652  -0.0000481491   0.0004700785  -0.0011969905   0.0000126065
 1433  -0.0001222639   0.0002081756
 15 1   0.0014896619  -0.0162642422  -0.0370488018  -0.0037602429   0.0424626486
 15 2  -0.0211937690  -0.0028916741   0.0338550453  -0.1112068173   0.0045189014
 15 3  -0.0492009143  -0.1705658837   0.0045389667  -0.0550583964   0.6881486852
 15 4  -0.0082268873   0.0934893297  -0.3149145527   0.0010237238  -0.0114847729
 15 5  -0.0807715938   0.0000762944  -0.0008555340   0.0002885675   0.0004342771
 15 6  -0.0049082828  -0.0157859578   0.0000014243  -0.0001145041   0.0110668530
 15 7   0.0005639610  -0.0063459380  -0.0056949853  -0.0001094346   0.0012449131
 15 8   0.0037072427  -0.0001412254   0.0014925156  -0.0038605862   0.0006595031
 15 9  -0.0071310496   0.0120240043  -0.0004066517   0.0003012037   0.0001969218
 1510   0.0003407964   0.0003604404   0.0001967121  -0.0002178092   0.0024633665
 1511   0.0000116447  -0.0002987448   0.0034365927  -0.0005303255  -0.0001260115
 1512   0.0014840268  -0.0009642073   0.0001585952  -0.0017835070  -0.0007310212
 1513   0.0001893757  -0.0020279580   0.0001567264   0.0000764415  -0.0008078330
 1514   0.0007974683  -0.0001178185   0.0012782472   0.0006901886  -0.0001559550
 1515   0.0017705627   0.0361386698   0.0006500431  -0.0076303703  -0.0247021668
 1516  -0.0002709640   0.0030375640   0.0195816670  -0.0001629145   0.0017390774
 1517  -0.0005014180  -0.0003824190   0.0041949359  -0.0040489943  -0.0001758042
 1518   0.0020126321  -0.0045867090  -0.0006948416   0.0074662951   0.0079247283
 1519   0.0019671169  -0.0216782668   0.0098315995  -0.0000189947   0.0001856877
 1520  -0.0051050716   0.0019088204  -0.0215019172   0.0110087568  -0.0002715363
 1521   0.0026437595  -0.0022594381  -0.0002017656   0.0021387159   0.0011286494
 1522  -0.0001613545  -0.0003380017   0.0009587030   0.0002159471  -0.0003024094
 1523   0.0009555963  -0.0000098023  -0.0001877742  -0.0000636780   0.0001238646
 1524   0.0002551425   0.0000486523  -0.0001169931  -0.0001148027   0.0000214281
 1525   0.0000423286  -0.0001832275  -0.0000628426   0.0001359186  -0.0000929919
 1526   0.0000213634  -0.0001683208   0.0002286921   0.0000489074  -0.0000311157
 1527   0.0003328783   0.0002826717  -0.0000175340   0.0002341989  -0.0002120568
 1528  -0.0000083030   0.0001747830   0.0001730432   0.0001097543  -0.0001337670
 1529   0.0000391229  -0.0000858361  -0.0001535978   0.0000415488   0.0000911891
 1530  -0.0010008855  -0.0004568842  -0.0000162726   0.0001938198   0.0000850670
 1531  -0.0000721401   0.0008539723   0.0007852225  -0.0000859367   0.0010882530
 1532  -0.0023451138   0.0001020812  -0.0012686475   0.0014260483  -0.0000136827
 1533   0.0001502918  -0.0001735858
 16 1   0.0022789775   0.0010557857  -0.0000287710   0.0029347262   0.0010615116
 16 2   0.0004093336   0.0105972130   0.0015608874  -0.0033915624   0.0094470410
 16 3  -0.0003146266   0.0023193743  -0.0678369464   0.0065638385  -0.0082268873
 16 4   0.1292955660  -0.0478968186   0.0020320287  -0.0612694358   0.0127871003
 16 5   0.0095671371  -0.0000842551  -0.0000069042  -0.0000122355  -0.0010964553
 16 6  -0.0001642945  -0.0003108364   0.0001395212  -0.0000106938   0.0001794118
 16 7   0.0002081924  -0.0000553468  -0.0000883053  -0.0000077045   0.0000133000
 16 8   0.0000540932  -0.0003178534  -0.0000480934  -0.0000143260  -0.0004275274
 16 9  -0.0006010090  -0.0001132458   0.0000086054  -0.0000073123   0.0000044455
 1610   0.0000148433   0.0000157287  -0.0000036430   0.0000151822   0.0000267435
 1611   0.0000066605  -0.0000694921   0.0000469717  -0.0000063405   0.0000174714
 1612   0.0000223181  -0.0000107019  -0.0000486176  -0.0000241593  -0.0000120725
 1613   0.0000219439  -0.0000216133   0.0000048735   0.0000007569  -0.0000034189
 1614   0.0000084680   0.0000117370   0.0000197422   0.0000060495   0.0085219575
 1615  -0.0003800635   0.0009929913   0.0088416563   0.0007031861  -0.0009762219
 1616  -0.0005768576  -0.0001217534   0.0004272353  -0.0000405140   0.0000277090
 1617   0.0000063251   0.0000679513  -0.0000786698   0.0000584397  -0.0002735817
 1618   0.0000184248   0.0000809080   0.0000627775  -0.0000994992  -0.0000236754
 1619  -0.0009427509   0.0000327775   0.0000937518  -0.0001662424  -0.0000003912
 1620  -0.0001141464  -0.0019208107  -0.0002552699   0.0000736249  -0.0376536288
 1621   0.0246967690  -0.0051537770   0.0044792015   0.0017529768   0.0019943363
 1622   0.0000256001  -0.0000246861   0.0000161793   0.0000101311   0.0000253959
 1623  -0.0000267013  -0.0000094336   0.0000042433   0.0000007161   0.0000011064
 1624   0.0000021274   0.0000010139   0.0000042451   0.0000004248   0.0000060539
 1625  -0.0000099278  -0.0000029828  -0.0000037630   0.0000047926  -0.0000006639
 1626  -0.0000037112  -0.0000003437   0.0000017712  -0.0000012158  -0.0046524974
 1627  -0.0004781367  -0.0001451850   0.0000309060  -0.0000356110  -0.0000046074
 1628   0.0001185108   0.0000127110   0.0000117997   0.0000188747  -0.0000119516
 1629  -0.0000039408  -0.0000005124  -0.0000033728   0.0000057016  -0.0000047611
 1630   0.0000314330   0.0000387493   0.0000274155   0.0000036689  -0.0000033354
 1631   0.0000922407   0.0000176618   0.0000033413   0.0000991923   0.0001647964
 1632   0.0002771323   0.0000198435  -0.0000217611  -0.0000031217  -0.0000080307
 1633  -0.0000009009   0.0000021545
 17 1   0.0010536674  -0.0093347563   0.0001628543   0.0010639648  -0.0089741966
 17 2  -0.0040896578   0.0015654913  -0.0065733813   0.0385004221  -0.0003361490
 17 3   0.0130708681  -0.0258413964   0.0065217505  -0.1418535863   0.0934893297
 17 4  -0.0478968186   0.6760667227  -0.0190224435   0.0127085016  -0.2089514794
 17 5  -0.1105380584  -0.0000001731  -0.0000743167   0.0000782039  -0.0001737221
 17 6   0.0008757067   0.0037124749  -0.0000144695   0.0003240494  -0.0021492369
 17 7  -0.0000634220   0.0009129537   0.0010715590   0.0000113063  -0.0001204492
 17 8  -0.0006498212  -0.0000370550   0.0001181441   0.0002533111  -0.0005741889
 17 9   0.0059510555   0.0010396502   0.0000652409  -0.0000148535  -0.0000276370
 1710  -0.0000536119  -0.0000201307  -0.0000293675   0.0000278946  -0.0002631621
 1711  -0.0000916445   0.0000460500  -0.0006048479   0.0000748473   0.0000200485
 1712  -0.0002194415   0.0001381437  -0.0000265405   0.0002737882   0.0001199646
 1713  -0.0000306773   0.0003164315  -0.0000418178  -0.0000119056   0.0001116611
 1714  -0.0001001977   0.0000196506  -0.0001602790  -0.0000941908  -0.0003689701
 1715   0.0128052171  -0.0117725193   0.0007073199   0.0007830754   0.0114529884
 1716  -0.0001194000   0.0008173038  -0.0050975921   0.0000297655  -0.0003466293
 1717  -0.0001096799  -0.0000830674   0.0009495084  -0.0006355003   0.0000167268
 1718  -0.0005158287  -0.0008232355  -0.0000970016   0.0009735302   0.0002596253
 1719  -0.0000714560  -0.0006985194  -0.0015408501   0.0000013299  -0.0001677070
 1720   0.0013179812  -0.0002554468   0.0008921307  -0.0008146871   0.0247921731
 1721  -0.3198651615   0.0568385177   0.0017813645  -0.0158460152  -0.0233514872
 1722  -0.0000430112   0.0000316727   0.0000155630   0.0000399238   0.0000425359
 1723   0.0000137598   0.0000093114   0.0000075814   0.0000169757  -0.0000154129
 1724  -0.0000291464   0.0000056277   0.0000112005   0.0000142506  -0.0000137196
 1725  -0.0000114057   0.0000046968   0.0000170058  -0.0000124378   0.0000123733
 1726  -0.0000143380   0.0000209478  -0.0000256571   0.0000055847  -0.0004833196
 1727   0.0008741006   0.0016991698  -0.0000369062   0.0004430138   0.0001122701
 1728   0.0000110779  -0.0000262614  -0.0001253729  -0.0000957179   0.0000494626
 1729   0.0000121502   0.0000876383   0.0000685197   0.0000115274   0.0000326816
 1730  -0.0003586330  -0.0004328913   0.0000060876  -0.0000201830   0.0000411356
 1731   0.0000171691  -0.0001091639  -0.0000410923   0.0002565724  -0.0018212143
 1732  -0.0029893278  -0.0000124433   0.0002096303  -0.0000115832  -0.0000001262
 1733  -0.0000049839  -0.0000112968
 18 1   0.0005040733  -0.0055167548   0.0078529154   0.0003522681  -0.0038646906
 18 2   0.0220594465  -0.0035521974   0.0405578654  -0.0306071486   0.0014961266
 18 3  -0.0168650289  -0.0467720664  -0.0049362934   0.0567267260  -0.3149145527
 18 4   0.0020320287  -0.0190224435   0.7064000835   0.0092655329  -0.1085610786
 18 5  -0.1959580125  -0.0000941296   0.0009858819  -0.0003837452  -0.0005968046
 18 6   0.0067734035   0.0203980404  -0.0000009818   0.0002122882  -0.0141822794
 18 7  -0.0007052914   0.0079494431   0.0070237588   0.0001378503  -0.0015398586
 18 8  -0.0045517814   0.0001618252  -0.0018266806   0.0038193906  -0.0001612615
 18 9   0.0015912693  -0.0118526399   0.0005141704  -0.0003550550  -0.0003072878
 1810  -0.0004567204  -0.0004465704  -0.0003038523   0.0002674373  -0.0031273224
 1811   0.0000731207   0.0003945246  -0.0043726876   0.0006749470   0.0001633191
 1812  -0.0018122989   0.0011782518  -0.0001962540   0.0021554603   0.0008856310
 1813  -0.0002133348   0.0025476156  -0.0001678783  -0.0000737149   0.0009705383
 1814  -0.0009547328   0.0001319960  -0.0015510777  -0.0008215027   0.0023116575
 1815  -0.0268585288  -0.0883977753  -0.0012549581   0.0147134860   0.0335687413
 1816   0.0004432208  -0.0049149210  -0.0276026234   0.0001375413  -0.0016358064
 1817   0.0006464351  -0.0000272285   0.0003872808   0.0003898863   0.0001778552
 1818  -0.0018946818   0.0025080387   0.0001203844  -0.0012001097  -0.0056453809
 1819  -0.0008360291   0.0100256005  -0.0015464857  -0.0000190488   0.0002114824
 1820   0.0006428689   0.0000557412  -0.0006821614  -0.0010843691  -0.0052936686
 1821   0.0577856496  -0.0668036470  -0.0002977705   0.0039433640   0.0084558815
 1822   0.0001914442   0.0003436141  -0.0010519378  -0.0002501404   0.0003033070
 1823  -0.0010511502   0.0000063340   0.0002038874   0.0000914469  -0.0001694629
 1824  -0.0003088109  -0.0000385615   0.0001425657   0.0001359262  -0.0000252754
 1825  -0.0000441531   0.0001992610   0.0000902786  -0.0001659652   0.0001070940
 1826  -0.0000252932   0.0002205270  -0.0002749761  -0.0000388040   0.0001892845
 1827  -0.0022612644   0.0012188533   0.0000500598  -0.0006209433   0.0001696208
 1828   0.0000064872  -0.0001861131  -0.0001856672   0.0000101461   0.0001310418
 1829  -0.0000591827  -0.0000350391   0.0001268668  -0.0000596724  -0.0000025323
 1830   0.0000188704  -0.0002221022   0.0000189169  -0.0001928017  -0.0001682713
 1831   0.0000213298  -0.0002279923  -0.0000629028  -0.0000325824  -0.0000097191
 1832  -0.0008783265  -0.0001245830   0.0012156297  -0.0016590585   0.0000154975
 1833  -0.0001924757   0.0002363300
 19 1   0.0007149174  -0.0001144848   0.0000702779  -0.0001925972   0.0000788277
 19 2   0.0005520848  -0.0038927217   0.0001832543  -0.0006013474   0.0065430717
 19 3   0.0004505165  -0.0005956487   0.0023909668  -0.0015209862   0.0010237238
 19 4  -0.0612694358   0.0127085016   0.0092655329   0.1467393161  -0.0459073709
 19 5   0.0017156386   0.0000286354  -0.0000097722   0.0000100789   0.0012794570
 19 6   0.0000235494   0.0001296335  -0.0005214589  -0.0000205409  -0.0000115188
 19 7  -0.0002510106  -0.0000262060   0.0000465034   0.0000378791   0.0000040180
 19 8  -0.0000225279   0.0000131904  -0.0000467483   0.0001190861  -0.0001318623
 19 9  -0.0000202465  -0.0003011883  -0.0000230469   0.0000473341   0.0000881614
 1910  -0.0000110624  -0.0000488184  -0.0000691978   0.0000071224   0.0000129917
 1911  -0.0000269008   0.0000930610   0.0000066591  -0.0000010488  -0.0000264263
 1912  -0.0000112800   0.0000048956   0.0000616370   0.0000151477   0.0000056420
 1913  -0.0000171320  -0.0000011106  -0.0000068588   0.0000066015   0.0000050364
 1914  -0.0000056783  -0.0000138698  -0.0000075100  -0.0000049048  -0.0588101266
 1915   0.0079000537  -0.0098349989   0.0013970339  -0.0007460302   0.0019034867
 1916   0.0054936478   0.0007913715   0.0001418340   0.0000115496  -0.0000429027
 1917   0.0000115342  -0.0005187986   0.0000167507   0.0000320939   0.0001123469
 1918  -0.0000743861   0.0000803639   0.0001250819  -0.0000748275  -0.0001096988
 1919  -0.0001364603   0.0002690844  -0.0000268958   0.0003709720   0.0000367162
 1920   0.0000103731  -0.0000214568   0.0001231493  -0.0001645332   0.0039891708
 1921   0.0019952773   0.0021814838  -0.0442990842   0.0234686485  -0.0031919537
 1922   0.0000135175  -0.0000025276  -0.0000613576  -0.0000048276   0.0000156910
 1923   0.0000022385  -0.0000160738  -0.0000130670  -0.0000146283   0.0000158978
 1924   0.0000104635  -0.0000046648   0.0000093104  -0.0000016802  -0.0000063010
 1925  -0.0000275559   0.0000135592   0.0000089160   0.0000084140   0.0000056204
 1926   0.0000003324   0.0000143661  -0.0000087768   0.0000007709   0.0045543657
 1927   0.0010550839  -0.0025068273  -0.0032898038  -0.0003995496   0.0001649564
 1928  -0.0003074342  -0.0000639624   0.0000253655  -0.0000009252   0.0000007495
 1929   0.0000030472  -0.0000019228   0.0000039281  -0.0000039963   0.0001450990
 1930   0.0000119261  -0.0000087136  -0.0000319974  -0.0000100873   0.0000027531
 1931  -0.0000922805  -0.0000163515  -0.0000051854  -0.0002614530  -0.0000916913
 1932   0.0000205079  -0.0000031143   0.0000322906  -0.0000395767  -0.0000026900
 1933  -0.0000052856   0.0000048353
 20 1  -0.0001292193   0.0020841831  -0.0007490387   0.0000836142  -0.0011671864
 20 2  -0.0062179480   0.0001834894  -0.0059113433   0.0068166015   0.0004393473
 20 3   0.0015237618   0.0068948901  -0.0015374116   0.0198424049  -0.0114847729
 20 4   0.0127871003  -0.2089514794  -0.1085610786  -0.0459073709   0.6789050672
 20 5  -0.0202078406  -0.0000076410   0.0001289218  -0.0001128259   0.0000190980
 20 6   0.0010679763  -0.0014115027  -0.0000200396  -0.0002967084   0.0000477441
 20 7  -0.0000310259   0.0000984138  -0.0004877124   0.0000034163  -0.0000138946
 20 8   0.0002343833  -0.0000449331   0.0005273351  -0.0013450282  -0.0000088364
 20 9   0.0000724154   0.0033814153   0.0000290576   0.0000003639  -0.0001078952
 2010  -0.0000281043  -0.0000107045  -0.0001214570   0.0000149645  -0.0001602001
 2011   0.0003098468   0.0000055364  -0.0000022373   0.0000159772  -0.0000125511
 2012   0.0000898594  -0.0000480675   0.0000140639  -0.0000979037  -0.0000611992
 2013  -0.0000067275   0.0000116377   0.0000793161   0.0000002562  -0.0000401705
 2014   0.0000592789  -0.0000066323   0.0000669699   0.0000506409   0.0079266381
 2015  -0.1499665496   0.1137420762  -0.0007511688   0.0100303107  -0.0219013900
 2016   0.0007957010  -0.0036475718  -0.0018544676  -0.0000412801   0.0005066234
 2017  -0.0001360833   0.0000218443  -0.0007453509  -0.0003518736  -0.0000788403
 2018   0.0009639407  -0.0009107924  -0.0000759240   0.0009625582   0.0012618830
 2019   0.0002718014  -0.0031718591   0.0003222221   0.0000359626  -0.0000381802
 2020  -0.0001098910   0.0001119411  -0.0012075671   0.0020220286   0.0019714909
 2021  -0.0188517720  -0.0250923328   0.0234102690  -0.3168873673   0.0374538867
 2022  -0.0000843939  -0.0000726506   0.0003248808   0.0000970814  -0.0000547794
 2023   0.0003304202  -0.0000476552  -0.0000261962   0.0000320176  -0.0000205415
 2024   0.0000014523   0.0000232512   0.0000037350  -0.0000105905   0.0000359746
 2025   0.0000487302  -0.0000147172   0.0000337569  -0.0000003529  -0.0000099305
 2026   0.0000367567   0.0000228452   0.0000038262   0.0000236406   0.0010795234
 2027  -0.0077733698   0.0294989746  -0.0004026390   0.0012667164  -0.0017812403
 2028  -0.0000614146   0.0004120626  -0.0002919560   0.0000037819  -0.0000356705
 2029   0.0000106864   0.0000029964  -0.0000349961   0.0000099873   0.0000108987
 2030   0.0000174842   0.0001059882  -0.0000108439   0.0000799081  -0.0000296028
 2031  -0.0000162549   0.0000902601   0.0000586323  -0.0000974977   0.0007593171
 2032  -0.0002315315   0.0000388963  -0.0003692648   0.0004420913  -0.0000047814
 2033   0.0000564415  -0.0000517215
 21 1  -0.0000817270   0.0009743409  -0.0051295374   0.0001505970  -0.0017987490
 21 2  -0.0138767754   0.0013593449  -0.0158234997   0.0127575126  -0.0011837008
 21 3   0.0132633055   0.0104669921   0.0002254603  -0.0023788714  -0.0807715938
 21 4   0.0095671371  -0.1105380584  -0.1959580125   0.0017156386  -0.0202078406
 21 5   0.7172970585   0.0000518970  -0.0005459859   0.0002817324   0.0006755007
 21 6  -0.0077200563  -0.0261435885   0.0000786167  -0.0010787141   0.0165818610
 21 7   0.0007681298  -0.0086408639  -0.0079776684  -0.0001372405   0.0015321782
 21 8   0.0050264725  -0.0001280289   0.0013795274  -0.0031756472  -0.0000208287
 21 9   0.0003644287   0.0085583142  -0.0005719149   0.0003124715   0.0003897435
 2110   0.0005061648   0.0004008322   0.0003880261  -0.0002871986   0.0032769401
 2111  -0.0000439237  -0.0004403245   0.0050043826  -0.0007137251  -0.0001657632
 2112   0.0019181924  -0.0012431019   0.0002056607  -0.0023018545  -0.0009632851
 2113   0.0002545105  -0.0028141817   0.0001836432   0.0000897843  -0.0010082991
 2114   0.0009686925  -0.0001444024   0.0015887661   0.0008472489  -0.0097526195
 2115   0.1128591138  -0.3337049829   0.0009412271  -0.0111422519  -0.0860241576
 2116  -0.0001275531   0.0012527314   0.0372058241  -0.0001120652   0.0012044378
 2117  -0.0006846072  -0.0000168094   0.0001686494  -0.0007906606  -0.0001289216
 2118   0.0014662709  -0.0016653046  -0.0000808350   0.0009462133   0.0036436711
 2119   0.0004624769  -0.0052041672   0.0008849898   0.0000128691  -0.0001597869
 2120  -0.0001188416   0.0000797446  -0.0007845304  -0.0011954657  -0.0004199606
 2121   0.0043747679   0.0058403742  -0.0032452047   0.0385429138  -0.0629333548
 2122  -0.0001828574  -0.0002073947   0.0007985811   0.0002160556  -0.0001708478
 2123   0.0007972680   0.0000203648  -0.0001740581  -0.0001104469   0.0001742524
 2124   0.0003129704   0.0000158622  -0.0001432086  -0.0001370367   0.0000152363
 2125   0.0000100283  -0.0001750175  -0.0001104061   0.0001662484  -0.0001101045
 2126   0.0000147536  -0.0002277493   0.0002771796   0.0000159592  -0.0000413046
 2127   0.0004289063  -0.0024397406  -0.0002003059   0.0024567471   0.0010305420
 2128  -0.0000104805   0.0002398933   0.0001894382  -0.0000517442  -0.0000763410
 2129   0.0000595651   0.0000635081  -0.0000672783   0.0000609473   0.0000147305
 2130  -0.0001610081   0.0000562160  -0.0000133552   0.0001372401   0.0001529664
 2131  -0.0000169843   0.0001964677   0.0000574052   0.0000600876  -0.0006867675
 2132  -0.0000715725   0.0000787516  -0.0009428397   0.0014823713  -0.0000156988
 2133   0.0001765366  -0.0002228683
 22 1   0.0000120722  -0.0000240411   0.0000046051  -0.0000060000   0.0000234104
 22 2   0.0000644930  -0.0000403455   0.0000360684  -0.0000422715   0.0000176460
 22 3  -0.0000154393  -0.0000190952   0.0000025987  -0.0000452977   0.0000762944
 22 4  -0.0000842551  -0.0000001731  -0.0000941296   0.0000286354  -0.0000076410
 22 5   0.0000518970   0.4776661159  -0.0032203405   0.0037146466  -0.0745347052
 22 6   0.0083128328  -0.0011044200   0.0053379013   0.0027056317  -0.0017136499
 22 7  -0.0090323720  -0.0012956171  -0.0024500037   0.0039667935   0.0008087267
 22 8  -0.0003998703   0.0000054216  -0.0000077650   0.0000200561  -0.0000057025
 22 9  -0.0000048701  -0.0000527687  -0.1466195075  -0.0479532262   0.0210065869
 2210  -0.1602303166   0.0381153946  -0.0224136944  -0.0644492941   0.0027766920
 2211   0.0036811346   0.0084239407   0.0008800096  -0.0000282990   0.0031660660
 2212   0.0001548919  -0.0000392306  -0.0011877668   0.0000544330   0.0000724070
 2213  -0.0014125589  -0.0001687041  -0.0000030569  -0.0006983971   0.0000250103
 2214  -0.0000251665   0.0000202979  -0.0000742763  -0.0000175656  -0.0001383894
 2215   0.0000411958  -0.0000617456  -0.0029045633  -0.0003190401  -0.0001117246
 2216   0.0013807453   0.0010296645   0.0007049184   0.0000163234  -0.0000180539
 2217   0.0000095629   0.0000032456   0.0000117057   0.0000081813   0.0000129863
 2218  -0.0000242476   0.0000137102   0.0000122212  -0.0000041291  -0.0000223252
 2219   0.0000022519   0.0000151709   0.0000015289   0.0000133063   0.0000005501
 2220   0.0000003254   0.0000294579   0.0000027916   0.0000002962   0.0000027508
 2221  -0.0000014149   0.0000044976   0.0001239354   0.0000134858  -0.0000029021
 2222  -0.0000015549  -0.0000027160   0.0000016673  -0.0000004837  -0.0000046740
 2223  -0.0000043960   0.0007931875   0.0015392508  -0.0026999056   0.0003137587
 2224   0.0008423613   0.0007949934  -0.0211772888  -0.0153527036   0.0110166135
 2225   0.0016977736  -0.0010599891   0.0030437111  -0.0215487168   0.0105770332
 2226  -0.0100430943  -0.0047924773   0.0012871652  -0.0030076636   0.0001770529
 2227   0.0000158005   0.0000042826   0.0011257964   0.0001253786   0.0001472053
 2228   0.0045221738   0.0001997775  -0.0000679498  -0.0000087471   0.0000066122
 2229  -0.0000025962  -0.0000060277   0.0000017028  -0.0000048469   0.0000038556
 2230   0.0000009429  -0.0000015219   0.0000042068  -0.0000008263  -0.0000004632
 2231   0.0000057478  -0.0000008843  -0.0000002805   0.0000090450   0.0000032431
 2232   0.0000011619  -0.0000274636  -0.0000000086  -0.0000101686   0.0000096228
 2233  -0.0000008548   0.0000000293
 23 1  -0.0000281208   0.0002103845  -0.0000050576   0.0000259222  -0.0002666542
 23 2  -0.0007361624   0.0000371435  -0.0004604975   0.0005015465  -0.0000297035
 23 3   0.0002059149   0.0001795108  -0.0000487184   0.0004974622  -0.0008555340
 23 4  -0.0000069042  -0.0000743167   0.0009858819  -0.0000097722   0.0001289218
 23 5  -0.0005459859  -0.0032203405   0.5124613510  -0.0465182327   0.0083088309
 23 6  -0.1670845978   0.0127602556   0.0027601412  -0.0251681579   0.0188263156
 23 7  -0.0014062907   0.0058832918   0.0285004270   0.0008170938  -0.0052295286
 23 8   0.0043462199  -0.0000077262   0.0000927489  -0.0002721594  -0.0000074617
 23 9   0.0000530868   0.0005624719  -0.0389269928  -0.1052856029   0.0114682990
 2310   0.0291485822  -0.0916593414   0.0074401259   0.0027386617  -0.0960727700
 2311  -0.0416935764   0.0008737852  -0.0015058329   0.0004598083   0.0001613167
 2312   0.0013537776   0.0005974126   0.0000593075  -0.0016578594  -0.0008400842
 2313  -0.0001882059   0.0005528607   0.0000172657   0.0000147421  -0.0009009947
 2314   0.0002415149  -0.0000460729   0.0008241941   0.0001651340   0.0000408290
 2315  -0.0006800796   0.0006873702  -0.0003308725   0.0009747953   0.0014053078
 2316   0.0011171802  -0.0106251743  -0.0081698536   0.0000020910   0.0000936916
 2317  -0.0000580985  -0.0000012136  -0.0001542425  -0.0000862917  -0.0000429417
 2318   0.0002319090  -0.0001208946  -0.0000292171   0.0000506835   0.0002582629
 2319   0.0000000505  -0.0002121666   0.0000070512   0.0000019136  -0.0000023864
 2320  -0.0000012544   0.0000032088   0.0000004554  -0.0000078573  -0.0000038401
 2321   0.0000140501  -0.0000131530   0.0000133258  -0.0000406282   0.0000432250
 2322  -0.0000169373  -0.0000021183   0.0000577304   0.0000151353   0.0000031745
 2323   0.0000551310   0.0050928975   0.0003381308  -0.0023723778  -0.0273868105
 2324  -0.0168021469   0.0126753918   0.0086463617   0.0050201068  -0.0045937413
 2325  -0.0045646875  -0.0009979228  -0.0018655007  -0.0134065278   0.0053724872
 2326  -0.0064809617   0.0294512534  -0.0116184639   0.0122885899   0.0000164548
 2327  -0.0000146984  -0.0000658351   0.0001387764   0.0000347616  -0.0000996019
 2328   0.0002166563   0.0021772576   0.0007554049  -0.0000045295  -0.0000027922
 2329   0.0000027228   0.0000050761  -0.0000063138   0.0000044167   0.0000000127
 2330  -0.0000060651   0.0000115421  -0.0000030473   0.0000109278   0.0000062871
 2331  -0.0000032415   0.0000147059   0.0000019081  -0.0000013323  -0.0000137384
 2332  -0.0000112695   0.0000139038  -0.0000727854   0.0001182970   0.0000008546
 2333   0.0000167451  -0.0000173444
 24 1   0.0000079983  -0.0001569592  -0.0000155931  -0.0000120222   0.0001470375
 24 2   0.0002813222  -0.0000139121   0.0001680149  -0.0001995737   0.0000020022
 24 3  -0.0000953639  -0.0000344023   0.0000180932  -0.0002615704   0.0002885675
 24 4  -0.0000122355   0.0000782039  -0.0003837452   0.0000100789  -0.0001128259
 24 5   0.0002817324   0.0037146466  -0.0465182327   0.4184184570   0.0018479920
 24 6  -0.0200195433  -0.0784213142  -0.0015286251   0.0177633991  -0.0080130973
 24 7  -0.0040489279   0.0458323239  -0.0494372062   0.0003613700  -0.0042016287
 24 8   0.0051046356   0.0000010264  -0.0000329799   0.0001055117  -0.0000058287
 24 9   0.0000307344  -0.0002228143   0.0273189494   0.0204178246  -0.0762951162
 2410  -0.0301862278   0.0151469477  -0.0763298904   0.0009439260  -0.0113482603
 2411  -0.1194980740  -0.0000598295   0.0008195099  -0.0069864414  -0.0001038917
 2412   0.0012507999  -0.0001376658   0.0000487424  -0.0004645085  -0.0016030460
 2413   0.0000362987  -0.0004897311   0.0011473217   0.0001137471  -0.0013315305
 2414   0.0006633437  -0.0000030241   0.0001866591   0.0005893843  -0.0000654015
 2415   0.0007100107  -0.0010186677   0.0001224112  -0.0012198884   0.0021139137
 2416   0.0018872482  -0.0212270296   0.0045511265   0.0000053767  -0.0000381823
 2417  -0.0000124037  -0.0000184709   0.0001010617   0.0000565356  -0.0000014456
 2418  -0.0001315512   0.0000528353  -0.0000113203  -0.0000267984  -0.0001217272
 2419  -0.0000206164   0.0001046057  -0.0000079667   0.0000004672  -0.0000014304
 2420  -0.0000087286  -0.0000009965   0.0000119261  -0.0000049784   0.0000009799
 2421  -0.0000093110   0.0000068879  -0.0000022572   0.0000296807  -0.0001004194
 2422   0.0000056850  -0.0000010863  -0.0000225154  -0.0000053596  -0.0000025281
 2423  -0.0000213861   0.0219531683   0.0144845485  -0.0089636743  -0.0064000482
 2424  -0.0033640580   0.0008942209  -0.0107725800  -0.0081069078   0.0028504008
 2425  -0.0241402455   0.0103379874  -0.0089076008   0.0120239803  -0.0060756377
 2426   0.0028271851   0.0068572827  -0.0021742101   0.0008876788  -0.0000231354
 2427   0.0002561694   0.0001870403   0.0000487094   0.0007279634  -0.0015095627
 2428   0.0001060553  -0.0012091589  -0.0030172608  -0.0000041795   0.0000029746
 2429   0.0000021550   0.0000046418   0.0000048810   0.0000011387  -0.0000010155
 2430   0.0000010710  -0.0000042318  -0.0000009734  -0.0000032835   0.0000016053
 2431  -0.0000010744  -0.0000052122  -0.0000029564   0.0000004344  -0.0000071791
 2432   0.0000029263   0.0000016056   0.0000278978  -0.0000093673   0.0000007274
 2433  -0.0000056454  -0.0000044988
 25 1   0.0000515215  -0.0000442008   0.0000227591   0.0000141901   0.0000658769
 25 2   0.0002404302  -0.0000268610   0.0001784177  -0.0001761828   0.0002064418
 25 3  -0.0000744290  -0.0000973516  -0.0003644091  -0.0002219604   0.0004342771
 25 4  -0.0010964553  -0.0001737221  -0.0005968046   0.0012794570   0.0000190980
 25 5   0.0006755007  -0.0745347052   0.0083088309   0.0018479920   0.1844810928
 25 6  -0.0331483924  -0.0034332949  -0.0615654539   0.0066576206  -0.0089086211
 25 7   0.0074646639  -0.0004859868   0.0017414475   0.0018461971   0.0006284972
 25 8   0.0001435624   0.0000008550  -0.0000268206   0.0000776316   0.0000002160
 25 9  -0.0000194221  -0.0001712558   0.0031761583  -0.0245764649  -0.0042928870
 2510  -0.0031902223   0.0276907418   0.0033514283  -0.0010919291   0.0019807989
 2511   0.0015613563   0.0037639614   0.0021134224  -0.0031957028  -0.0006721346
 2512   0.0000263220  -0.0000849313   0.0014515822   0.0000865361   0.0001072030
 2513   0.0005347549  -0.0000823020   0.0003455973   0.0000779290  -0.0000590585
 2514   0.0000118827  -0.0003297418   0.0000217690   0.0000016639   0.0090244533
 2515   0.0007270742  -0.0012057349   0.0000251882  -0.0011632392   0.0008952699
 2516  -0.0627094863   0.0111984070   0.0082613817   0.0000074210  -0.0000210262
 2517   0.0000167662  -0.0000309801   0.0000310192   0.0000222614  -0.0000052433
 2518  -0.0000581938   0.0000343655  -0.0000289027  -0.0000203528  -0.0000768209
 2519  -0.0000224183   0.0000790326  -0.0000102267  -0.0000052652   0.0000009895
 2520   0.0000019718  -0.0000195077   0.0000008720   0.0000006176   0.0001434823
 2521   0.0000061054  -0.0000016705   0.0001660591   0.0000215002   0.0000051603
 2522   0.0000060501   0.0000012864  -0.0000189567  -0.0000042771   0.0000025073
 2523  -0.0000166106   0.0004959711   0.0006621621   0.0003256019  -0.0036730579
 2524  -0.0025902920   0.0020129040   0.0003468231  -0.0009532529  -0.0000402590
 2525   0.0007275777  -0.0007000847  -0.0002340904   0.0004562153   0.0009177336
 2526   0.0000824890  -0.0040346092   0.0017425393  -0.0020178093  -0.0004068550
 2527  -0.0000763136  -0.0000314312  -0.0049082114  -0.0004499370  -0.0000095781
 2528   0.0029339754   0.0017553366   0.0024316792   0.0000036533   0.0000000742
 2529  -0.0000009890  -0.0000003708   0.0000003585   0.0000001328   0.0000076529
 2530   0.0000030181  -0.0000033038   0.0000035742  -0.0000028647  -0.0000021645
 2531  -0.0000007179  -0.0000051930  -0.0000017843   0.0000115575   0.0000050930
 2532   0.0000035028   0.0000133098   0.0000247638  -0.0000338993  -0.0000001700
 2533  -0.0000042953   0.0000055245
 26 1  -0.0000412922   0.0005768780  -0.0002627985   0.0000643265  -0.0007179153
 26 2  -0.0027172211   0.0001740344  -0.0020222780   0.0019834097  -0.0000690727
 26 3   0.0010440884   0.0011073330  -0.0002133181   0.0021524202  -0.0049082828
 26 4  -0.0001642945   0.0008757067   0.0067734035   0.0000235494   0.0010679763
 26 5  -0.0077200563   0.0083128328  -0.1670845978  -0.0200195433  -0.0331483924
 26 6   0.5610357245   0.0378525836   0.0068288398  -0.1380481024   0.1031319670
 26 7  -0.0004320951   0.0132066686  -0.0191929636   0.0006299932  -0.0053005556
 26 8  -0.0017358889  -0.0000259076   0.0003178718  -0.0008667696  -0.0000140806
 26 9   0.0002254561   0.0019412663  -0.0080454329  -0.0211361027   0.0045565944
 2610   0.0111908460  -0.0145634375   0.0053501442   0.0019749168  -0.0235443574
 2611  -0.0180175943   0.0020354916  -0.0198934365   0.0358432439   0.0000226107
 2612  -0.0009809395   0.0009606692   0.0000735343   0.0005123156  -0.0011346441
 2613  -0.0000755679   0.0015520943  -0.0038970525  -0.0000566167   0.0007248192
 2614  -0.0001461883   0.0000120621  -0.0006129752  -0.0000290959   0.0007481826
 2615   0.0005694686   0.0136342423  -0.0011843342   0.0129831785  -0.0106377757
 2616   0.0109362233  -0.1910731025  -0.0935698454  -0.0000261397   0.0002926582
 2617  -0.0002007516   0.0000399905  -0.0003642830  -0.0002566862  -0.0000478071
 2618   0.0006727532  -0.0004020110  -0.0000080807   0.0002133353   0.0008568114
 2619   0.0000897839  -0.0008932548   0.0001068088   0.0000004196  -0.0000161075
 2620  -0.0000226795   0.0000002701  -0.0000275588  -0.0000065921   0.0000027315
 2621   0.0000721447   0.0000178632   0.0000187478  -0.0000733547  -0.0000540011
 2622  -0.0000526293  -0.0000170875   0.0001920158   0.0000544881  -0.0000058629
 2623   0.0001898657   0.0005961663   0.0008930777  -0.0004558640  -0.0002725329
 2624   0.0006767100   0.0002359094   0.0016102194   0.0008452122  -0.0003871490
 2625  -0.0006275579   0.0006403999  -0.0005210590  -0.0016522868   0.0006812137
 2626  -0.0003539414  -0.0005655196   0.0010391074  -0.0001373591  -0.0000757982
 2627   0.0004745314   0.0003764343  -0.0004404579   0.0002744100   0.0001359675
 2628   0.0017792093  -0.0170470121  -0.0279903861  -0.0000186788  -0.0000154033
 2629   0.0000132063   0.0000202564  -0.0000146493   0.0000154706   0.0000038503
 2630  -0.0000230241   0.0000342593  -0.0000020615   0.0000372392   0.0000238127
 2631  -0.0000037088   0.0000588786   0.0000197598   0.0000045072  -0.0000515229
 2632  -0.0000418418   0.0000198846  -0.0002388814   0.0003924624  -0.0000043045
 2633   0.0000494646  -0.0000594623
 27 1  -0.0001301106   0.0014660711  -0.0010034607   0.0001572352  -0.0018283793
 27 2  -0.0081346336   0.0005405795  -0.0062364590   0.0060980530  -0.0002854165
 27 3   0.0032315725   0.0036224740  -0.0005246288   0.0061483695  -0.0157859578
 27 4  -0.0003108364   0.0037124749   0.0203980404   0.0001296335  -0.0014115027
 27 5  -0.0261435885  -0.0011044200   0.0127602556  -0.0784213142  -0.0034332949
 27 6   0.0378525836   0.7280422499  -0.0071428651   0.0819913901  -0.2945823582
 27 7   0.0044758683  -0.0505507639  -0.0682518787  -0.0001678652   0.0016733128
 27 8   0.0174162588  -0.0000892196   0.0009626701  -0.0025525613  -0.0000560569
 27 9   0.0007130355   0.0057445753  -0.0021644857   0.0132072320   0.0049531981
 2710  -0.0001921194   0.0134194619   0.0050183372   0.0019489332  -0.0208694967
 2711  -0.0423340212  -0.0033800571   0.0385569670  -0.0079795215  -0.0004460864
 2712   0.0051006474  -0.0032506892   0.0006002452  -0.0066592403  -0.0036151081
 2713   0.0016302623  -0.0184432208   0.0001951199   0.0001925913  -0.0022229651
 2714   0.0020219144  -0.0003666271   0.0039971690   0.0019368441  -0.0008669145
 2715   0.0101918451   0.0329608152   0.0017237267  -0.0196500829  -0.0822323048
 2716   0.0091930447  -0.1070055053  -0.2026096464  -0.0000834837   0.0008795078
 2717  -0.0006708872   0.0000829406  -0.0008948523  -0.0006816006  -0.0001558329
 2718   0.0018010172  -0.0011916535  -0.0000497193   0.0006335988   0.0024625919
 2719   0.0002420402  -0.0026526511   0.0002757895   0.0000044164  -0.0000627516
 2720  -0.0000889642   0.0000028917  -0.0000463257  -0.0000429588  -0.0000216919
 2721   0.0001502842   0.0000348524   0.0000130283  -0.0002038624   0.0000105741
 2722  -0.0001517699  -0.0000626002   0.0005671624   0.0001601564  -0.0000345921
 2723   0.0005665522  -0.0002794264   0.0002076643  -0.0005735892   0.0027963939
 2724   0.0015116468  -0.0008692612  -0.0004809867  -0.0008202388   0.0006108729
 2725   0.0002309188   0.0002192168  -0.0005914308   0.0006210750  -0.0007328421
 2726   0.0006225287  -0.0030156349   0.0009964481  -0.0008732905   0.0000152862
 2727  -0.0001263829   0.0002727420   0.0001058865  -0.0011565904   0.0017862688
 2728  -0.0000157552   0.0009067077   0.0056165273  -0.0000670593  -0.0000474318
 2729   0.0000495992   0.0000734486  -0.0000350896   0.0000502827   0.0000068557
 2730  -0.0000751670   0.0001009986  -0.0000105008   0.0001137077   0.0000834604
 2731  -0.0000141045   0.0001675038   0.0000445275   0.0000147398  -0.0001779185
 2732  -0.0001355702   0.0000584246  -0.0007163542   0.0012539022  -0.0000136530
 2733   0.0001509055  -0.0002008628
 28 1  -0.0000133831   0.0000160236   0.0000048358   0.0000003339  -0.0000225616
 28 2  -0.0000355127   0.0000007698  -0.0000161315   0.0000152480  -0.0000317279
 28 3  -0.0000014768  -0.0000015880   0.0001015226   0.0000300233   0.0000014243
 28 4   0.0001395212  -0.0000144695  -0.0000009818  -0.0005214589  -0.0000200396
 28 5   0.0000786167   0.0053379013   0.0027601412  -0.0015286251  -0.0615654539
 28 6   0.0068288398  -0.0071428651   0.1343389895  -0.0530916531   0.0049984346
 28 7  -0.0656868807   0.0106454781   0.0058746870   0.0112020844   0.0004270915
 28 8   0.0016199954   0.0000021312   0.0000026891  -0.0000124139   0.0000010382
 28 9   0.0000015806   0.0000319228  -0.0011567915  -0.0003312200   0.0010451270
 2810  -0.0010869741   0.0005934249  -0.0008208024   0.0113669511   0.0072943330
 2811  -0.0001677339  -0.0658136828   0.0202624994  -0.0039077828  -0.0052097850
 2812  -0.0000950940  -0.0002003351   0.0061304937   0.0001560798  -0.0004651340
 2813   0.0192894545   0.0049593963  -0.0010465977   0.0008463850  -0.0000826921
 2814   0.0001092556  -0.0009442165   0.0000347107   0.0001227461  -0.0006493888
 2815  -0.0001769984  -0.0000541170   0.0051595740   0.0007317281   0.0004995618
 2816   0.0099668341  -0.0006951684   0.0009625350   0.0000000153   0.0000125323
 2817  -0.0000079409   0.0000028188  -0.0000119880  -0.0000053658  -0.0000049094
 2818   0.0000173415  -0.0000074390  -0.0000014371   0.0000012921   0.0000149055
 2819   0.0000006804  -0.0000066362   0.0000003497  -0.0000022069  -0.0000000776
 2820  -0.0000005123   0.0000100018   0.0000014912  -0.0000009232  -0.0000307762
 2821   0.0000004831  -0.0000026524  -0.0000517376  -0.0000023750  -0.0000020481
 2822   0.0000004119   0.0000041773  -0.0000010139  -0.0000002870   0.0000018922
 2823   0.0000005843  -0.0000199198  -0.0001403820  -0.0002534993   0.0003753392
 2824  -0.0001989125   0.0000410147   0.0004641214   0.0002158503  -0.0000432019
 2825  -0.0000334525   0.0001077379   0.0002220042   0.0004796335  -0.0001793110
 2826   0.0000820950   0.0001767290   0.0002644602  -0.0000766963   0.0000654959
 2827   0.0000122550  -0.0000027212   0.0000469461  -0.0000020490   0.0000166834
 2828  -0.0026821992  -0.0002795319   0.0000337807   0.0000017486  -0.0000050789
 2829   0.0000028270   0.0000000063  -0.0000041109   0.0000031870  -0.0000014374
 2830  -0.0000006304   0.0000003116  -0.0000009158   0.0000004052   0.0000003179
 2831  -0.0000006776   0.0000007940   0.0000004096  -0.0000022340  -0.0000022099
 2832  -0.0000004991   0.0000046202  -0.0000046929   0.0000060430  -0.0000006195
 2833   0.0000007395   0.0000000992
 29 1   0.0000151457  -0.0001519597  -0.0000862426  -0.0000241124   0.0002349371
 29 2   0.0003633537  -0.0000147284   0.0001360752  -0.0001526507   0.0000033103
 29 3  -0.0000350338   0.0000747775   0.0000288217  -0.0002066422  -0.0001145041
 29 4  -0.0000106938   0.0003240494   0.0002122882  -0.0000205409  -0.0002967084
 29 5  -0.0010787141   0.0027056317  -0.0251681579   0.0177633991   0.0066576206
 29 6  -0.1380481024   0.0819913901  -0.0530916531   0.7300633128  -0.0597928800
 29 7   0.0106987662  -0.1841809879  -0.0666985207   0.0003848596   0.0072142434
 29 8  -0.0172114960   0.0000037108  -0.0000455272   0.0001667924   0.0000035722
 29 9  -0.0000541564  -0.0003135921   0.0010903026  -0.0025495253  -0.0012308785
 2910  -0.0008275082  -0.0026417453  -0.0013919146   0.0074198117  -0.0716260422
 2911   0.0018955962   0.0203276473  -0.2939361890   0.0444310776  -0.0001198004
 2912  -0.0039288444   0.0019686185   0.0001460018   0.0042078941   0.0053853092
 2913   0.0049606090  -0.0363860504   0.0118795362  -0.0000661323   0.0016987299
 2914  -0.0011894553   0.0000229096  -0.0012238745  -0.0013767682  -0.0001761034
 2915   0.0014066061   0.0008772173   0.0007300208  -0.0031351435  -0.0060065479
 2916  -0.0006858051   0.0175946084  -0.0104127869   0.0000011127  -0.0000476216
 2917   0.0000342454  -0.0000063716   0.0001253450   0.0000620170   0.0000228832
 2918  -0.0001728222   0.0000611783   0.0000095053  -0.0000198387  -0.0001522376
 2919  -0.0000000975   0.0000799710  -0.0000098456  -0.0000005128  -0.0000004068
 2920   0.0000024133   0.0000011660  -0.0000053356   0.0000114580  -0.0000012354
 2921  -0.0000351720   0.0000056544  -0.0000038603  -0.0000221445   0.0000102635
 2922   0.0000099804  -0.0000065068  -0.0000292260  -0.0000100948  -0.0000065889
 2923  -0.0000316709   0.0000210785   0.0001841860   0.0001725747  -0.0008555216
 2924  -0.0001836044   0.0002058146  -0.0002085766   0.0000245174  -0.0000541663
 2925  -0.0000622848   0.0001992832   0.0002128960   0.0002703967   0.0000688476
 2926  -0.0000698852   0.0009183334   0.0000191650   0.0001941380   0.0000135055
 2927  -0.0000798869   0.0000268621  -0.0000024919   0.0000674647  -0.0001748928
 2928  -0.0002670276   0.0005215346  -0.0003641566   0.0000021549   0.0000037378
 2929  -0.0000030790  -0.0000043785  -0.0000003041  -0.0000006883   0.0000001186
 2930   0.0000055742  -0.0000054125   0.0000011677  -0.0000055594  -0.0000023067
 2931   0.0000018803  -0.0000093253  -0.0000018425  -0.0000015375   0.0000027966
 2932   0.0000045865  -0.0000115927   0.0000368432  -0.0000660753   0.0000006368
 2933  -0.0000099151   0.0000089792
 30 1   0.0000950408  -0.0010619059   0.0006942477  -0.0001178166   0.0013479664
 30 2   0.0059290787  -0.0003881111   0.0044634760  -0.0044275837   0.0002002155
 30 3  -0.0022502869  -0.0025755760   0.0003774062  -0.0044131729   0.0110668530
 30 4   0.0001794118  -0.0021492369  -0.0141822794  -0.0000115188   0.0000477441
 30 5   0.0165818610  -0.0017136499   0.0188263156  -0.0080130973  -0.0089086211
 30 6   0.1031319670  -0.2945823582   0.0049984346  -0.0597928800   0.6031580035
 30 7   0.0063858688  -0.0709197059  -0.1425513322   0.0024346559  -0.0271610426
 30 8  -0.0376406667   0.0000640974  -0.0007090333   0.0018742209   0.0000414290
 30 9  -0.0005368985  -0.0041995320  -0.0013915049  -0.0011637006   0.0001981767
 3010   0.0015717416  -0.0008920939   0.0001936060   0.0003043053  -0.0035020191
 3011   0.0113501854  -0.0036068814   0.0400031116  -0.0921169218   0.0008433937
 3012  -0.0098791495   0.0054624657  -0.0008653943   0.0097814774   0.0005926846
 3013  -0.0011688493   0.0133792466   0.0179195577  -0.0003572942   0.0042073453
 3014  -0.0026113052   0.0004859663  -0.0053640646  -0.0022822166   0.0002605532
 3015  -0.0030025855  -0.0219733586   0.0002581196  -0.0028642152   0.0315701547
 3016   0.0002144922  -0.0014985190  -0.0778788217   0.0000581258  -0.0006482211
 3017   0.0004971530  -0.0000606815   0.0006729270   0.0005004671   0.0001189081
 3018  -0.0013349840   0.0008758547   0.0000401121  -0.0004602354  -0.0018011155
 3019  -0.0001702245   0.0018994024  -0.0001957702  -0.0000034630   0.0000461691
 3020   0.0000643897  -0.0000019951   0.0000307802   0.0000352792   0.0000156684
 3021  -0.0001064611   0.0000050954  -0.0000125493   0.0001735933   0.0000093836
 3022   0.0001113676   0.0000456396  -0.0004163713  -0.0001175883   0.0000248007
 3023  -0.0004157916  -0.0000901566  -0.0001018243   0.0005309720  -0.0000539722
 3024  -0.0002820148  -0.0001224222   0.0003060822  -0.0000551567  -0.0000228995
 3025   0.0001054109  -0.0000813528   0.0005339360  -0.0002788043  -0.0001230157
 3026  -0.0000070137   0.0001048540  -0.0002677252  -0.0001228500   0.0000039895
 3027  -0.0000635238  -0.0001490711  -0.0000341151   0.0003335805   0.0000672292
 3028  -0.0001863500   0.0018132762  -0.0004999563   0.0000498178   0.0000345223
 3029  -0.0000365641  -0.0000550962   0.0000256468  -0.0000372086  -0.0000049175
 3030   0.0000549957  -0.0000746563   0.0000080899  -0.0000838142  -0.0000616137
 3031   0.0000109037  -0.0001240318  -0.0000330395  -0.0000107973   0.0001349474
 3032   0.0000982630  -0.0000477741   0.0005252168  -0.0009266973   0.0000096647
 3033  -0.0001112768   0.0001489719
 31 1  -0.0000011196  -0.0000752474   0.0000298508  -0.0000135804   0.0000882919
 31 2   0.0003345342  -0.0000132076   0.0002406429  -0.0002455671  -0.0000258819
 31 3  -0.0001232869  -0.0001275293   0.0000810090  -0.0002406326   0.0005639610
 31 4   0.0002081924  -0.0000634220  -0.0007052914  -0.0002510106  -0.0000310259
 31 5   0.0007681298  -0.0090323720  -0.0014062907  -0.0040489279   0.0074646639
 31 6  -0.0004320951   0.0044758683  -0.0656868807   0.0106987662   0.0063858688
 31 7   0.1671274859  -0.0364712308  -0.0011439920  -0.0643597653   0.0034732196
 31 8   0.0012623705   0.0000070932  -0.0000407927   0.0001112232   0.0000034506
 31 9  -0.0000254733  -0.0002426413   0.0005796783  -0.0003595772   0.0045063229
 3110   0.0006455069   0.0010549411  -0.0033108477  -0.0489017726   0.0194280392
 3111  -0.0085059317  -0.0011300447   0.0031213925   0.0010335871   0.0010832524
 3112  -0.0004036697  -0.0027037473   0.0065484176   0.0012197375   0.0038085613
 3113   0.0008904709  -0.0006310657   0.0000147662   0.0010398116   0.0005120671
 3114   0.0000372993   0.0004270461   0.0002307969  -0.0003694514  -0.0009999056
 3115  -0.0001525205  -0.0009849472   0.0013764438  -0.0000201649   0.0012501081
 3116   0.0060352557   0.0007005605  -0.0021700344   0.0000061427  -0.0000379668
 3117   0.0000249169  -0.0000012734   0.0000483316   0.0000327124   0.0000066073
 3118  -0.0000859833   0.0000517081   0.0000033872  -0.0000258767  -0.0001069410
 3119  -0.0000096461   0.0001052221  -0.0000082319   0.0000007613   0.0000018205
 3120   0.0000021168   0.0000043764   0.0000026044   0.0000020799  -0.0000104206
 3121  -0.0000070515   0.0000015770  -0.0000783611   0.0000052162  -0.0000073495
 3122   0.0000062603   0.0000021216  -0.0000240467  -0.0000068413   0.0000004854
 3123  -0.0000247376  -0.0011243660  -0.0004400093   0.0007378473  -0.0000520695
 3124   0.0002728769   0.0000229633  -0.0002877358   0.0000478170   0.0001017650
 3125  -0.0008065358   0.0000356253  -0.0003474178  -0.0003176193  -0.0001845203
 3126  -0.0002143034  -0.0001396262  -0.0001379862  -0.0002101827   0.0000515198
 3127   0.0000083654   0.0000040433   0.0001631176   0.0000440529  -0.0000668729
 3128  -0.0005058723   0.0000308748   0.0000553290   0.0000011685   0.0000015854
 3129  -0.0000017023  -0.0000032353   0.0000006610  -0.0000014592  -0.0000011303
 3130   0.0000029648  -0.0000049992   0.0000009069  -0.0000048201  -0.0000029967
 3131   0.0000018352  -0.0000066481  -0.0000015417  -0.0000008874   0.0000058182
 3132   0.0000052470  -0.0000047137   0.0000292416  -0.0000505630   0.0000020133
 3133  -0.0000067831   0.0000074964
 32 1  -0.0000767269   0.0008399201  -0.0003267017   0.0000877109  -0.0010093054
 32 2  -0.0037750524   0.0002352364  -0.0027148372   0.0027716973  -0.0001245313
 32 3   0.0013394069   0.0014353729  -0.0002317565   0.0027728790  -0.0063459380
 32 4  -0.0000553468   0.0009129537   0.0079494431  -0.0000262060   0.0000984138
 32 5  -0.0086408639  -0.0012956171   0.0058832918   0.0458323239  -0.0004859868
 32 6   0.0132066686  -0.0505507639   0.0106454781  -0.1841809879  -0.0709197059
 32 7  -0.0364712308   0.5773350890   0.0008541623   0.0034589031  -0.1030233463
 32 8  -0.0081591054  -0.0000399628   0.0004575870  -0.0012522462  -0.0000202719
 32 9   0.0002705331   0.0027350352   0.0013532427  -0.0032999327  -0.0064947045
 3210  -0.0006585452  -0.0033720542  -0.0071960089   0.0194062268  -0.2695687751
 3211   0.0986871569   0.0031248072  -0.0359626270  -0.0122401338  -0.0004065524
 3212   0.0048392886   0.0321235596   0.0012123609  -0.0062594152  -0.0415486603
 3213  -0.0006237140   0.0078431521  -0.0000718681   0.0004837146  -0.0043633069
 3214  -0.0006613318   0.0002668687  -0.0025712344   0.0039671157  -0.0001524538
 3215   0.0007381784   0.0110991197  -0.0000255154   0.0016162603  -0.0140699636
 3216   0.0006979025  -0.0020097085   0.0245323028  -0.0000364925   0.0004380447
 3217  -0.0002886206   0.0000498560  -0.0005571113  -0.0003669346  -0.0000875690
 3218   0.0009667358  -0.0005822955  -0.0000276652   0.0002910862   0.0012095428
 3219   0.0001063921  -0.0011917900   0.0000969857   0.0000015975  -0.0000232539
 3220  -0.0000241055   0.0000022457  -0.0000223738  -0.0000242380  -0.0000125728
 3221   0.0000674340  -0.0000139929   0.0000018100  -0.0001346570   0.0000796830
 3222  -0.0000736514  -0.0000233943   0.0002735180   0.0000747692  -0.0000071720
 3223   0.0002698757   0.0018396720   0.0014529906  -0.0021690647  -0.0006280603
 3224  -0.0009072602   0.0010728910  -0.0003768955   0.0005131956   0.0006764493
 3225  -0.0022442415   0.0011342040  -0.0022666772   0.0002489010   0.0005317288
 3226   0.0006732368   0.0007684334  -0.0008225937   0.0010530675   0.0000090661
 3227  -0.0000451175  -0.0000439492   0.0000456617  -0.0003355651   0.0007254423
 3228   0.0000385080  -0.0008458056  -0.0006572511  -0.0000238676  -0.0000224619
 3229   0.0000184969   0.0000265315  -0.0000231075   0.0000218548   0.0000032938
 3230  -0.0000328034   0.0000512016  -0.0000053483   0.0000537566   0.0000343787
 3231  -0.0000064500   0.0000759692   0.0000181134   0.0000032186  -0.0000716938
 3232  -0.0000589479   0.0000307250  -0.0003534876   0.0005722594  -0.0000059018
 3233   0.0000764116  -0.0000851613
 33 1  -0.0000471432   0.0005448006  -0.0003170329   0.0000714525  -0.0008230093
 33 2  -0.0033373531   0.0002098436  -0.0024120218   0.0023652825  -0.0001041367
 33 3   0.0011937006   0.0013099014  -0.0001952816   0.0022921821  -0.0056949853
 33 4  -0.0000883053   0.0010715590   0.0070237588   0.0000465034  -0.0004877124
 33 5  -0.0079776684  -0.0024500037   0.0285004270  -0.0494372062   0.0017414475
 33 6  -0.0191929636  -0.0682518787   0.0058746870  -0.0666985207  -0.1425513322
 33 7  -0.0011439920   0.0008541623   0.8263695861   0.0030150536  -0.0259967586
 33 8  -0.3723411740  -0.0000367828   0.0004014387  -0.0011010655  -0.0000320096
 33 9   0.0004010059   0.0023991734  -0.0000252591   0.0006531035  -0.0012066451
 3310  -0.0000969195   0.0006406643  -0.0011746434  -0.0060511266   0.0703890665
 3311  -0.1600595479   0.0003306765  -0.0041163894   0.0173023071  -0.0030485778
 3312   0.0357221456  -0.0356588278   0.0038187559  -0.0425279891  -0.0342528704
 3313  -0.0008188874   0.0092972305  -0.0052213801   0.0014425347  -0.0168093360
 3314   0.0114528518  -0.0016828291   0.0186919774   0.0086757797  -0.0001610074
 3315   0.0018694099   0.0093785941   0.0001594216  -0.0018888795  -0.0137904914
 3316  -0.0007441837   0.0084080631   0.0139435461  -0.0000350924   0.0003650720
 3317  -0.0003546561   0.0000363985  -0.0003740198  -0.0002692519  -0.0000627791
 3318   0.0007506115  -0.0004899806  -0.0000166290   0.0002449097   0.0010113728
 3319   0.0000938292  -0.0010077431   0.0000934675   0.0000017701  -0.0000263358
 3320  -0.0000545825  -0.0000008952   0.0000028003  -0.0000354810  -0.0000085952
 3321   0.0000698379  -0.0000096544   0.0000025134  -0.0000424321  -0.0000536207
 3322  -0.0000672831  -0.0000200572   0.0002366389   0.0000700368  -0.0000081695
 3323   0.0002368422   0.0000765731  -0.0002444657   0.0006380456   0.0001193068
 3324   0.0001760474  -0.0001792954   0.0005751984   0.0001728403  -0.0001723900
 3325  -0.0000247648  -0.0002624716   0.0006402071  -0.0006011036   0.0000762982
 3326  -0.0001622019  -0.0001510834   0.0001515172  -0.0001784696  -0.0000033566
 3327   0.0000476613   0.0000620212   0.0000056833  -0.0000390743  -0.0001919083
 3328  -0.0000160764   0.0002582087   0.0007992962  -0.0000400575  -0.0000174885
 3329   0.0000270211   0.0000422573  -0.0000094843   0.0000269230   0.0000032088
 3330  -0.0000350508   0.0000431782  -0.0000044040   0.0000498838   0.0000400811
 3331  -0.0000056649   0.0000693159   0.0000106317   0.0000076026  -0.0000846020
 3332  -0.0000554124   0.0000256420  -0.0003076815   0.0006011897  -0.0000061659
 3333   0.0000667155  -0.0001066900
 34 1  -0.0000015861   0.0000175800  -0.0000037272   0.0000032522  -0.0000228841
 34 2  -0.0000745864   0.0000069848  -0.0000513150   0.0000513719  -0.0000021383
 34 3   0.0000225799   0.0000238228  -0.0000125872   0.0000516691  -0.0001094346
 34 4  -0.0000077045   0.0000113063   0.0001378503   0.0000378791   0.0000034163
 34 5  -0.0001372405   0.0039667935   0.0008170938   0.0003613700   0.0018461971
 34 6   0.0006299932  -0.0001678652   0.0112020844   0.0003848596   0.0024346559
 34 7  -0.0643597653   0.0034589031   0.0030150536   0.1198801988  -0.0445527528
 34 8  -0.0000482459   0.0000009242   0.0000087556  -0.0000246862   0.0000008973
 34 9   0.0000057687   0.0000551939  -0.0004566745  -0.0001218174  -0.0009972958
 3410  -0.0004674048  -0.0000640886   0.0007370924   0.0093083300   0.0009841449
 3411  -0.0043916039  -0.0020502075  -0.0003888092   0.0000467988  -0.0559400785
 3412   0.0152427643  -0.0093323166  -0.0592254067   0.0173922256   0.0081989552
 3413   0.0004899148   0.0001145055  -0.0000334149   0.0179983297   0.0026299329
 3414  -0.0017996926   0.0180994045   0.0035055859   0.0017175349   0.0000404554
 3415   0.0000054431   0.0001744318  -0.0003277308   0.0000109943  -0.0001870950
 3416  -0.0003201577  -0.0001289663   0.0003511219   0.0000018621   0.0000115569
 3417  -0.0000080215  -0.0000013257  -0.0000126379  -0.0000073023  -0.0000057096
 3418   0.0000204563  -0.0000117908  -0.0000062166   0.0000050681   0.0000242205
 3419  -0.0000011570  -0.0000224948   0.0000024271   0.0000000827  -0.0000008727
 3420  -0.0000009255  -0.0000005647  -0.0000000231  -0.0000008306   0.0000026511
 3421   0.0000024017  -0.0000007780  -0.0000003785  -0.0000010664  -0.0000000031
 3422  -0.0000009010   0.0000000947   0.0000044102   0.0000015792   0.0000008254
 3423   0.0000044716   0.0001904608   0.0002291518  -0.0000756387  -0.0000068884
 3424   0.0000000870   0.0000648443  -0.0000955058  -0.0000528843   0.0000369290
 3425   0.0001523785  -0.0001601268   0.0000194546  -0.0001090686   0.0000451619
 3426  -0.0000214590   0.0000208796  -0.0000229331  -0.0000399018  -0.0000113784
 3427   0.0000001737  -0.0000005694   0.0000307238  -0.0000007174   0.0000055692
 3428   0.0001224930   0.0000025764  -0.0000068581   0.0000000734  -0.0000023021
 3429   0.0000006603   0.0000009898  -0.0000018165   0.0000019018  -0.0000002520
 3430  -0.0000007482   0.0000003683  -0.0000003381   0.0000009878   0.0000007928
 3431  -0.0000012385   0.0000015073   0.0000004491  -0.0000006179  -0.0000022891
 3432  -0.0000012490   0.0000075603  -0.0000074024   0.0000124987  -0.0000003973
 3433   0.0000013765  -0.0000017183
 35 1   0.0000182948  -0.0001954962   0.0000422438  -0.0000251311   0.0002661639
 35 2   0.0008584025  -0.0000528676   0.0005803528  -0.0005884588   0.0000246579
 35 3  -0.0002764702  -0.0002609495   0.0000515239  -0.0005999957   0.0012449131
 35 4   0.0000133000  -0.0001204492  -0.0015398586   0.0000040180  -0.0000138946
 35 5   0.0015321782   0.0008087267  -0.0052295286  -0.0042016287   0.0006284972
 35 6  -0.0053005556   0.0016733128   0.0004270915   0.0072142434  -0.0271610426
 35 7   0.0034732196  -0.1030233463  -0.0259967586  -0.0445527528   0.6224122242
 35 8  -0.0176728807   0.0000101123  -0.0001030900   0.0002967803   0.0000059376
 35 9  -0.0000856546  -0.0006359204  -0.0001223308   0.0005909841   0.0014584321
 3510  -0.0000695513   0.0005985074   0.0016090121   0.0009225309  -0.0020257978
 3511   0.0508169882  -0.0003826884   0.0021832055  -0.0004343448   0.0151913510
 3512  -0.2326747574   0.1101061527   0.0174607787  -0.2507421533  -0.0900183365
 3513   0.0001159043  -0.0007715704   0.0003531491   0.0026700003  -0.0129972676
 3514   0.0212804786   0.0034557867  -0.0202462912  -0.0189211862   0.0000053393
 3515  -0.0000001903  -0.0019364759   0.0000099902  -0.0004506211   0.0020456766
 3516  -0.0001283989   0.0011870854  -0.0038626176   0.0000094235  -0.0000974194
 3517   0.0000739238  -0.0000106116   0.0001364341   0.0000874518   0.0000236831
 3518  -0.0002369241   0.0001306643   0.0000070148  -0.0000628651  -0.0002808218
 3519  -0.0000203406   0.0002584334  -0.0000277299  -0.0000007193   0.0000065414
 3520   0.0000095604  -0.0000001785   0.0000032225   0.0000090870   0.0000008809
 3521  -0.0000263437   0.0000083045  -0.0000022556   0.0000117836  -0.0000071185
 3522   0.0000168513   0.0000006311  -0.0000604964  -0.0000187677   0.0000006071
 3523  -0.0000642687  -0.0004049133  -0.0002732859   0.0003178248   0.0001349458
 3524   0.0001538500  -0.0001425292  -0.0000321195  -0.0000691917  -0.0000816923
 3525   0.0004767106  -0.0002261012   0.0003246687   0.0000250119  -0.0000563429
 3526  -0.0000878971  -0.0001584779   0.0001251485  -0.0001519055   0.0000008320
 3527  -0.0000169310   0.0000075900  -0.0000007110   0.0000429275  -0.0001002297
 3528   0.0000030451   0.0000870800   0.0000859970   0.0000064939   0.0000078545
 3529  -0.0000071235  -0.0000091211   0.0000009594  -0.0000035967  -0.0000002434
 3530   0.0000106255  -0.0000104811   0.0000013616  -0.0000122774  -0.0000084325
 3531   0.0000021807  -0.0000186211  -0.0000044238  -0.0000036737   0.0000153204
 3532   0.0000141173  -0.0000115520   0.0000766814  -0.0001389389   0.0000019096
 3533  -0.0000174334   0.0000212349
 36 1   0.0000326940  -0.0003536914   0.0002106103  -0.0000456554   0.0005260261
 36 2   0.0021683094  -0.0001359361   0.0015676305  -0.0015520080   0.0000695336
 36 3  -0.0007668520  -0.0008589371   0.0001282909  -0.0014930303   0.0037072427
 36 4   0.0000540932  -0.0006498212  -0.0045517814  -0.0000225279   0.0002343833
 36 5   0.0050264725  -0.0003998703   0.0043462199   0.0051046356   0.0001435624
 36 6  -0.0017358889   0.0174162588   0.0016199954  -0.0172114960  -0.0376406667
 36 7   0.0012623705  -0.0081591054  -0.3723411740  -0.0000482459  -0.0176728807
 36 8   0.7085529968   0.0000241205  -0.0002610770   0.0007098305   0.0000209611
 36 9  -0.0002511402  -0.0015545125  -0.0010416391  -0.0010954760  -0.0020058782
 3610   0.0012191866  -0.0008895745  -0.0020163644  -0.0017772495   0.0215749322
 3611  -0.0401215618  -0.0005908537   0.0066299950  -0.0027731449  -0.0085807137
 3612   0.1020509790  -0.1490607385   0.0078445906  -0.0852581103  -0.1221883672
 3613   0.0002641151  -0.0030083815   0.0016553643  -0.0026132042   0.0305478405
 3614  -0.0029405978   0.0024469476  -0.0273154832   0.0048397882   0.0000769169
 3615  -0.0008899428  -0.0059823881  -0.0000248470   0.0003188016   0.0080543253
 3616   0.0001844222  -0.0020414343  -0.0107211843   0.0000213002  -0.0002370122
 3617   0.0002216769  -0.0000209884   0.0002469873   0.0001766800   0.0000453061
 3618  -0.0004897557   0.0003192219   0.0000157109  -0.0001591021  -0.0006580307
 3619  -0.0000576898   0.0006568674  -0.0000623768  -0.0000011896   0.0000167346
 3620   0.0000330098   0.0000003261  -0.0000002937   0.0000220764   0.0000063097
 3621  -0.0000441640   0.0000051049  -0.0000020190   0.0000349691   0.0000342266
 3622   0.0000435049   0.0000146515  -0.0001543681  -0.0000449076   0.0000060685
 3623  -0.0001535914   0.0006680221   0.0006135124  -0.0003166069  -0.0000690102
 3624   0.0000339827   0.0000664864   0.0000157570  -0.0000636885   0.0000581705
 3625  -0.0007699598   0.0004863920  -0.0003140654  -0.0000044254  -0.0000669954
 3626   0.0000580999   0.0000617465   0.0000452398   0.0000655923   0.0000028723
 3627  -0.0000389348  -0.0000435971  -0.0000055748   0.0000468454   0.0001103199
 3628  -0.0000025407  -0.0000221141  -0.0002306144   0.0000246779   0.0000109399
 3629  -0.0000162733  -0.0000260592   0.0000074975  -0.0000170348  -0.0000019190
 3630   0.0000219473  -0.0000281488   0.0000032793  -0.0000320461  -0.0000255664
 3631   0.0000041392  -0.0000456400  -0.0000085259  -0.0000040630   0.0000560480
 3632   0.0000360267  -0.0000173237   0.0002005073  -0.0003810857   0.0000036601
 3633  -0.0000428662   0.0000666639
 37 1  -0.0002080531   0.0011323282  -0.0032442900  -0.0049435963  -0.0019057883
 37 2   0.0014164147   0.0039257141   0.0005650693   0.0004525606   0.0021949943
 37 3   0.0006962548   0.0002338798  -0.0005844796   0.0001562349  -0.0001412254
 37 4  -0.0003178534  -0.0000370550   0.0001618252   0.0000131904  -0.0000449331
 37 5  -0.0001280289   0.0000054216  -0.0000077262   0.0000010264   0.0000008550
 37 6  -0.0000259076  -0.0000892196   0.0000021312   0.0000037108   0.0000640974
 37 7   0.0000070932  -0.0000399628  -0.0000367828   0.0000009242   0.0000101123
 37 8   0.0000241205   0.5951624680   0.0042305026  -0.0025586081  -0.0638019338
 37 9   0.0050136581  -0.0017895659  -0.0000015168   0.0000043992   0.0000007153
 3710   0.0000048440   0.0000025942   0.0000005431  -0.0000062948   0.0000188798
 3711  -0.0000005150  -0.0000018049   0.0000215225  -0.0000018601  -0.0000013857
 3712   0.0000145676  -0.0000084456   0.0000024516  -0.0000099048  -0.0000051952
 3713  -0.0000058622  -0.0000119658   0.0000020311  -0.0000024471  -0.0000056620
 3714   0.0000071676   0.0000007164   0.0000112962   0.0000044267  -0.0000416723
 3715   0.0000220836   0.0001102348   0.0000724724  -0.0000288578  -0.0000954756
 3716  -0.0000116592   0.0000230266   0.0000962537  -0.0831558245   0.0110862917
 3717  -0.0001350115  -0.0024786475   0.0001074055  -0.0001174916   0.0002359428
 3718   0.0000190493  -0.0001334116  -0.0000324946   0.0000103814   0.0000184884
 3719   0.0006338866   0.0000488210  -0.0001598674  -0.0023917790  -0.0001294559
 3720   0.0000962444   0.0017069660   0.0001161003   0.0000924159  -0.0000392975
 3721  -0.0000043108   0.0000154899   0.0000865560   0.0000034818  -0.0000031103
 3722  -0.2390640016   0.0664421365   0.0922436765  -0.2107672957  -0.0915188074
 3723  -0.0850270663   0.0000030920  -0.0000016840  -0.0000005676  -0.0000010027
 3724   0.0000002054   0.0000009794  -0.0000013728  -0.0000009021  -0.0000007264
 3725   0.0000034330  -0.0000014449  -0.0000006759   0.0000025917  -0.0000018887
 3726   0.0000020193  -0.0000044645   0.0000035370  -0.0000005953  -0.0000740390
 3727  -0.0000056152   0.0000024694  -0.0000016842   0.0000018358  -0.0000033129
 3728   0.0000000630   0.0000018179  -0.0000001733  -0.0017760482   0.0292954010
 3729  -0.0055050587   0.0030610424  -0.0267084413   0.0052882819   0.0003967140
 3730   0.0003666820  -0.0002037864   0.0001414615   0.0000106051   0.0000023769
 3731  -0.0001129672  -0.0000065080  -0.0000032718   0.0000709724   0.0000548498
 3732  -0.0000020954   0.0026540302   0.0011152621  -0.0010364958  -0.0005605502
 3733  -0.0001132825   0.0000941914
 38 1   0.0011560879  -0.0127884951   0.0361043590  -0.0019980500   0.0166586518
 38 2  -0.0159088165   0.0005731855  -0.0024381212  -0.0049544645   0.0006917561
 38 3  -0.0054203265  -0.0026337743   0.0001484323  -0.0022625296   0.0014925156
 38 4  -0.0000480934   0.0001181441  -0.0018266806  -0.0000467483   0.0005273351
 38 5   0.0013795274  -0.0000077650   0.0000927489  -0.0000329799  -0.0000268206
 38 6   0.0003178718   0.0009626701   0.0000026891  -0.0000455272  -0.0007090333
 38 7  -0.0000407927   0.0004575870   0.0004014387   0.0000087556  -0.0001030900
 38 8  -0.0002610770   0.0042305026   0.5473489411   0.0325212110   0.0050408787
 38 9  -0.1202555010   0.0200347606   0.0000327864  -0.0000249274  -0.0000052949
 3810  -0.0000168881  -0.0000243193  -0.0000078386   0.0000210255  -0.0001844521
 3811  -0.0000107356   0.0000157572  -0.0002245571   0.0000425736   0.0000070653
 3812  -0.0001103513   0.0000731954  -0.0000091728   0.0001381794   0.0000551596
 3813  -0.0000215668   0.0001404707  -0.0000140294  -0.0000118886   0.0000636096
 3814  -0.0000662993   0.0000146199  -0.0001024277  -0.0000578888   0.0000199033
 3815  -0.0003031357  -0.0011996533  -0.0000264551   0.0003924439   0.0010659457
 3816   0.0000185454  -0.0002668891  -0.0010269051   0.0111507645  -0.2061711021
 3817   0.0021925116   0.0000833223  -0.0036044270   0.0011901000   0.0000195091
 3818  -0.0000331511   0.0015564124   0.0000053646  -0.0001555430  -0.0001729139
 3819   0.0000451570   0.0000326815   0.0018019539  -0.0000905492  -0.0009622955
 3820  -0.0012216580   0.0001160171   0.0004176541  -0.0010372671  -0.0000005566
 3821   0.0000070666  -0.0001263264   0.0000065776   0.0000355625   0.0000487133
 3822   0.0663678079  -0.0710547226  -0.0345930379  -0.0915617258  -0.1000502264
 3823  -0.0501922287   0.0000039860   0.0000199638   0.0000015253  -0.0000068312
 3824  -0.0000202823  -0.0000070596   0.0000097670   0.0000099703  -0.0000027972
 3825  -0.0000040727   0.0000169362   0.0000025288  -0.0000108368   0.0000087933
 3826  -0.0000014631   0.0000100176  -0.0000176605  -0.0000067632  -0.0000069329
 3827  -0.0000019208  -0.0000296347   0.0000008065  -0.0000196642   0.0000313849
 3828   0.0000003214  -0.0000165463  -0.0000097144  -0.0001518613  -0.0114057934
 3829   0.0007965957   0.0028387754  -0.0162414586   0.0017644886   0.0004189536
 3830  -0.0036472148   0.0023985399   0.0000098738   0.0000233862  -0.0000257163
 3831  -0.0000075937  -0.0000422310   0.0000370058   0.0000542484  -0.0005014526
 3832   0.0000356799   0.0010721146  -0.0089957715   0.0112359290  -0.0001001734
 3833   0.0006681161  -0.0010846741
 39 1  -0.0019207011   0.0211568536  -0.0051434058   0.0002660472  -0.0022492077
 39 2  -0.0359175834   0.0003260215  -0.0036867657   0.0051685762   0.0001494575
 39 3  -0.0016607917   0.0028122351  -0.0001985687   0.0022399366  -0.0038605862
 39 4  -0.0000143260   0.0002533111   0.0038193906   0.0001190861  -0.0013450282
 39 5  -0.0031756472   0.0000200561  -0.0002721594   0.0001055117   0.0000776316
 39 6  -0.0008667696  -0.0025525613  -0.0000124139   0.0001667924   0.0018742209
 39 7   0.0001112232  -0.0012522462  -0.0011010655  -0.0000246862   0.0002967803
 39 8   0.0007098305  -0.0025586081   0.0325212110   0.5128417434  -0.0019047262
 39 9   0.0207559277  -0.1952786239  -0.0000820479   0.0000663812   0.0000153592
 3910   0.0000567806   0.0000696778   0.0000166529  -0.0000512250   0.0005252116
 3911   0.0000412020  -0.0000439545   0.0005942898  -0.0001214126  -0.0000213605
 3912   0.0003087825  -0.0002048426   0.0000310025  -0.0003777996  -0.0001528928
 3913   0.0000479284  -0.0003709869   0.0000471217   0.0000259358  -0.0001736660
 3914   0.0001915040  -0.0000332259   0.0002944826   0.0001624565  -0.0000793294
 3915   0.0009548587   0.0029284124   0.0000893796  -0.0010409975  -0.0026877467
 3916  -0.0000632795   0.0007530310   0.0026516521  -0.0001645363   0.0004828633
 3917  -0.0724418501   0.0005295086  -0.0061116147   0.0012036113  -0.0001988310
 3918   0.0023197475  -0.0028644982   0.0000406190  -0.0003417932   0.0022499051
 3919   0.0001424949  -0.0014895111  -0.0004401605  -0.0001557189   0.0015224998
 3920   0.0013875046  -0.0000104948   0.0000905854   0.0000159405  -0.0000043127
 3921   0.0000344881   0.0000841384  -0.0000093166   0.0001019941  -0.0000086749
 3922   0.0955279203  -0.0352137359  -0.0928299113  -0.0880706901  -0.0511900832
 3923  -0.0935945150  -0.0000083292  -0.0000522815  -0.0000050254   0.0000183052
 3924   0.0000567787   0.0000209399  -0.0000274595  -0.0000294597   0.0000048041
 3925   0.0000164909  -0.0000510274  -0.0000045874   0.0000317343  -0.0000254593
 3926   0.0000050718  -0.0000298930   0.0000517337   0.0000211973  -0.0000020644
 3927   0.0000276758   0.0000095219  -0.0000066148   0.0000788524  -0.0000504969
 3928  -0.0000030572   0.0000509766   0.0000108446   0.0009181699  -0.0128536787
 3929   0.0035717527   0.0014139028  -0.0125780486   0.0034607740   0.0001463336
 3930  -0.0013000832  -0.0005248421   0.0000240375  -0.0002549317  -0.0000399762
 3931  -0.0000003567   0.0000165831  -0.0000885855   0.0000134899  -0.0001372340
 3932   0.0000738927  -0.0042650558   0.0475178758  -0.0249914882  -0.0001783727
 3933   0.0016151787  -0.0074247884
 40 1  -0.0614611349   0.0157622628  -0.0022408126  -0.0457813157   0.0152435751
 40 2   0.0068387467   0.0116836078  -0.0011197797   0.0027291625   0.0065993248
 40 3   0.0021058773  -0.0028917129  -0.0069736400   0.0017915054   0.0006595031
 40 4  -0.0004275274  -0.0005741889  -0.0001612615  -0.0001318623  -0.0000088364
 40 5  -0.0000208287  -0.0000057025  -0.0000074617  -0.0000058287   0.0000002160
 40 6  -0.0000140806  -0.0000560569   0.0000010382   0.0000035722   0.0000414290
 40 7   0.0000034506  -0.0000202719  -0.0000320096   0.0000008973   0.0000059376
 40 8   0.0000209611  -0.0638019338   0.0050408787  -0.0019047262   0.1227757443
 40 9  -0.0475423639  -0.0042997126  -0.0000017846   0.0000020305  -0.0000005861
 4010   0.0000019497  -0.0000019518  -0.0000025081  -0.0000010328   0.0000024676
 4011   0.0000114175  -0.0000022128   0.0000150716  -0.0000025756  -0.0000011149
 4012   0.0000115309  -0.0000080209  -0.0000008340  -0.0000098558  -0.0000036952
 4013   0.0000039831  -0.0000117077   0.0000004341   0.0000027760  -0.0000082762
 4014   0.0000065941  -0.0000002730   0.0000062821   0.0000053174   0.0000025976
 4015   0.0000006042   0.0000195579   0.0000718186  -0.0000027817  -0.0000450565
 4016  -0.0000047768   0.0000124564   0.0000530453  -0.0034476806  -0.0005883645
 4017  -0.0031481001   0.0059810528   0.0057374156   0.0008912863   0.0052538987
 4018  -0.0006937108   0.0006815832  -0.0008008248   0.0004612421  -0.0007888317
 4019   0.0051316376   0.0004275001   0.0002051651   0.0013226755   0.0020003421
 4020   0.0025728560   0.0073858791   0.0005495524  -0.0003312842   0.0001662465
 4021  -0.0000086007   0.0000731506   0.0000160172  -0.0000336918  -0.0000313046
 4022   0.0095455630  -0.0078778140   0.0239351192   0.0074846467   0.0085547251
 4023  -0.0220983200   0.0000000573   0.0000003720  -0.0000002181  -0.0000017871
 4024  -0.0000002962   0.0000002148   0.0000000475  -0.0000012018   0.0000017722
 4025   0.0000001665   0.0000002243   0.0000009900   0.0000020799  -0.0000012572
 4026   0.0000005534  -0.0000024660   0.0000012663  -0.0000008726  -0.0000702296
 4027  -0.0000109755   0.0000102451  -0.0000024443  -0.0000031424  -0.0000056755
 4028  -0.0000032280   0.0000008462   0.0000006895   0.0002833000  -0.0004569061
 4029   0.0002851684   0.0002660360   0.0003962882  -0.0002079248  -0.0026595815
 4030  -0.0003242939  -0.0001582238   0.0003191907   0.0001022813  -0.0000013108
 4031  -0.0008319087  -0.0000913165  -0.0000159923   0.0004540727   0.0001068558
 4032  -0.0000002024   0.0007629524   0.0009897991  -0.0003909993   0.0008923718
 4033   0.0000803645  -0.0001903104
 41 1   0.0157863774  -0.2346275885   0.0242583441   0.0152191993  -0.2160996806
 41 2  -0.0768997345  -0.0010700701   0.0238245875  -0.0307938299   0.0021494209
 41 3  -0.0172057456   0.0320842737   0.0018052686  -0.0269485882  -0.0071310496
 41 4  -0.0006010090   0.0059510555   0.0015912693  -0.0000202465   0.0000724154
 41 5   0.0003644287  -0.0000048701   0.0000530868   0.0000307344  -0.0000194221
 41 6   0.0002254561   0.0007130355   0.0000015806  -0.0000541564  -0.0005368985
 41 7  -0.0000254733   0.0002705331   0.0004010059   0.0000057687  -0.0000856546
 41 8  -0.0002511402   0.0050136581  -0.1202555010   0.0207559277  -0.0475423639
 41 9   0.6505310311   0.0498540100   0.0000223590  -0.0000014458   0.0000223067
 4110  -0.0000098034   0.0000022067   0.0000188039   0.0000086250  -0.0000389523
 4111  -0.0001342853   0.0000105740  -0.0001950269   0.0000462152   0.0000056367
 4112  -0.0001207914   0.0000815548  -0.0000088284   0.0001237491   0.0000475763
 4113  -0.0000249917   0.0001452754  -0.0000061057  -0.0000167530   0.0000820577
 4114  -0.0000731619   0.0000126664  -0.0000843522  -0.0000630099   0.0000037541
 4115  -0.0000685223  -0.0003348126  -0.0000066907   0.0001483293   0.0006175679
 4116   0.0000111557  -0.0001879250  -0.0006692127  -0.0005799022   0.0026945042
 4117   0.0350273254   0.0057115200  -0.0571140295  -0.0101179711  -0.0007059502
 4118   0.0128583120  -0.0075700904   0.0004515977  -0.0058401435   0.0087586600
 4119   0.0004264002   0.0003730552  -0.0020476209   0.0019680716  -0.0207707833
 4120  -0.0287410721   0.0005647189   0.0012654586   0.0036853694  -0.0000027245
 4121   0.0002501137  -0.0007855649  -0.0000302403   0.0003734878   0.0003558930
 4122  -0.0029982989   0.0033558024  -0.0076946387   0.0037737028   0.0053925141
 4123  -0.0116977198   0.0000087609   0.0000042465  -0.0000080145   0.0000021173
 4124  -0.0000084263   0.0000013218   0.0000047394   0.0000105136  -0.0000086436
 4125  -0.0000064500   0.0000009773  -0.0000068762  -0.0000058680   0.0000105245
 4126  -0.0000078107  -0.0000005376  -0.0000075988   0.0000015818  -0.0000104217
 4127   0.0000578535  -0.0001167444  -0.0000031918   0.0000293002   0.0000716072
 4128  -0.0000001250  -0.0000120327  -0.0000177255   0.0002779993   0.0010137112
 4129  -0.0006578801  -0.0004197801   0.0011207501  -0.0007738358  -0.0003344106
 4130   0.0009497193   0.0017610208   0.0001036304  -0.0008193421   0.0000125632
 4131  -0.0000917917   0.0001734700   0.0001717026   0.0001113659  -0.0007344153
 4132   0.0000076691   0.0009849073  -0.0100948691   0.0043072586   0.0000946384
 4133   0.0000114737   0.0020964225
 42 1  -0.0035188785   0.0389337115  -0.1420847140   0.0095425041  -0.1080612885
 42 2  -0.2431356191   0.0018222601  -0.0203410346  -0.0599430492  -0.0035415262
 42 3   0.0389143164  -0.0044764801   0.0015936430  -0.0178687851   0.0120240043
 42 4  -0.0001132458   0.0010396502  -0.0118526399  -0.0003011883   0.0033814153
 42 5   0.0085583142  -0.0000527687   0.0005624719  -0.0002228143  -0.0001712558
 42 6   0.0019412663   0.0057445753   0.0000319228  -0.0003135921  -0.0041995320
 42 7  -0.0002426413   0.0027350352   0.0023991734   0.0000551939  -0.0006359204
 42 8  -0.0015545125  -0.0017895659   0.0200347606  -0.1952786239  -0.0042997126
 42 9   0.0498540100   0.7022097658   0.0001618677  -0.0001331806  -0.0000394110
 4210  -0.0001429106  -0.0001638939  -0.0000382000   0.0000953971  -0.0011285125
 4211  -0.0000761039   0.0001225119  -0.0013441507   0.0002651156   0.0000610151
 4212  -0.0006742577   0.0004478653  -0.0000746409   0.0008105662   0.0003267432
 4213  -0.0000690120   0.0008450147  -0.0000861606  -0.0000291673   0.0003855128
 4214  -0.0004073667   0.0000515377  -0.0006263924  -0.0003451468   0.0001689155
 4215  -0.0019369340  -0.0072764779  -0.0002052783   0.0024092332   0.0064154775
 4216   0.0001450622  -0.0016353812  -0.0061336264  -0.0000983973   0.0011106793
 4217  -0.0090195470   0.0025673100  -0.0287944078   0.0157645805   0.0001839540
 4218  -0.0018187788  -0.0054337440   0.0000475506  -0.0005033019   0.0011403462
 4219   0.0000923029  -0.0008839177  -0.0073378154  -0.0002826417   0.0034234405
 4220   0.0073765150  -0.0002950830   0.0033062887  -0.0038927534   0.0000194557
 4221  -0.0001390148  -0.0002369733  -0.0000060734   0.0000764811   0.0001583739
 4222   0.0010487724   0.0069854608  -0.0305411580  -0.0022512707   0.0066603099
 4223  -0.0304842848   0.0000172882   0.0001075236   0.0000145108  -0.0000448513
 4224  -0.0001193080  -0.0000411041   0.0000576662   0.0000631108  -0.0000142126
 4225  -0.0000367470   0.0001024040   0.0000140522  -0.0000687017   0.0000512597
 4226  -0.0000141027   0.0000646905  -0.0001098665  -0.0000412425   0.0000038513
 4227  -0.0000269123  -0.0001147145   0.0000119235  -0.0001508010   0.0001264196
 4228   0.0000075375  -0.0001055271  -0.0000386994  -0.0001320490  -0.0004656930
 4229   0.0003916222   0.0002207202  -0.0004545632   0.0003988599  -0.0001648701
 4230   0.0018599552   0.0000402580   0.0001398460  -0.0015661333   0.0004062621
 4231  -0.0000022688   0.0000283945   0.0002633092  -0.0001119987   0.0012374244
 4232   0.0000208905  -0.0003382137   0.0037449843  -0.0004361781   0.0000502587
 4233  -0.0006031321   0.0002899730
 43 1  -0.0000083935   0.0000437372  -0.0000165922   0.0000081364  -0.0000570120
 43 2  -0.0002324068   0.0000228292  -0.0001676872   0.0001758929  -0.0000105369
 43 3   0.0000903198   0.0000855515  -0.0000198438   0.0001742235  -0.0004066517
 43 4   0.0000086054   0.0000652409   0.0005141704  -0.0000230469   0.0000290576
 43 5  -0.0005719149  -0.1466195075  -0.0389269928   0.0273189494   0.0031761583
 43 6  -0.0080454329  -0.0021644857  -0.0011567915   0.0010903026  -0.0013915049
 43 7   0.0005796783   0.0013532427  -0.0000252591  -0.0004566745  -0.0001223308
 43 8  -0.0010416391  -0.0000015168   0.0000327864  -0.0000820479  -0.0000017846
 43 9   0.0000223590   0.0001618677   0.5135984472  -0.0518086635   0.0328935209
 4310  -0.0325661765  -0.0146769103   0.0094895398  -0.0000068385  -0.0005381274
 4311   0.0093491217  -0.0003336524  -0.0000836690  -0.0002633758   0.0000060498
 4312  -0.0002946214   0.0001301606   0.0000546166   0.0003689016   0.0001298956
 4313   0.0000408310   0.0001796134   0.0000439815  -0.0000209998   0.0001472962
 4314  -0.0001115808   0.0000039973  -0.0002430542  -0.0000826483   0.0000135360
 4315  -0.0001254411   0.0009234524  -0.0001416542   0.0003574314  -0.0015580643
 4316   0.0000189418   0.0010252391   0.0015789919  -0.0000029379   0.0000118954
 4317  -0.0000085086   0.0000003932  -0.0000320074  -0.0000230640  -0.0000116657
 4318   0.0000549708  -0.0000329713  -0.0000088123   0.0000204665   0.0000725296
 4319   0.0000007667  -0.0000789818   0.0000083848  -0.0000014080  -0.0000026336
 4320  -0.0000012964  -0.0000078248  -0.0000013355  -0.0000006769   0.0000009150
 4321   0.0000028429   0.0000037092  -0.0000211526  -0.0000108051   0.0000146070
 4322  -0.0000071599  -0.0000104958   0.0000241664   0.0000074811  -0.0000024046
 4323   0.0000212375  -0.0476008471   0.0005610105   0.0155438591  -0.0491003073
 4324   0.0243094233   0.0049463411  -0.2380600513   0.0854649532  -0.0948407462
 4325   0.0011220161  -0.0005320854   0.0007899118  -0.0040402043   0.0019765597
 4326  -0.0020835880   0.0016737478  -0.0011852420   0.0005782254   0.0000312195
 4327  -0.0000412523  -0.0000526375  -0.0001377616  -0.0004684140   0.0000042332
 4328  -0.0000048520   0.0000691980   0.0001679791  -0.0000041933   0.0000073326
 4329  -0.0000056829   0.0000043746   0.0000062608  -0.0000031414  -0.0000007943
 4330  -0.0000019121   0.0000022489  -0.0000007835   0.0000033186   0.0000020008
 4331  -0.0000008689   0.0000049011   0.0000007373  -0.0000003379  -0.0000013953
 4332  -0.0000038004   0.0000081436  -0.0000184731   0.0000364537  -0.0000015049
 4333   0.0000044958  -0.0000074360
 44 1   0.0000033980  -0.0000550833   0.0000129777  -0.0000000374   0.0000494127
 44 2   0.0001819457  -0.0000091441   0.0001303715  -0.0001484441   0.0000036703
 44 3  -0.0000614090  -0.0000663536   0.0000093260  -0.0001442073   0.0003012037
 44 4  -0.0000073123  -0.0000148535  -0.0003550550   0.0000473341   0.0000003639
 44 5   0.0003124715  -0.0479532262  -0.1052856029   0.0204178246  -0.0245764649
 44 6  -0.0211361027   0.0132072320  -0.0003312200  -0.0025495253  -0.0011637006
 44 7  -0.0003595772  -0.0032999327   0.0006531035  -0.0001218174   0.0005909841
 44 8  -0.0010954760   0.0000043992  -0.0000249274   0.0000663812   0.0000020305
 44 9  -0.0000014458  -0.0001331806  -0.0518086635   0.5516597060   0.0205937926
 4410   0.0076312587   0.0066964310  -0.0045453586   0.0025117133   0.0065362075
 4411  -0.0014044759   0.0018418303  -0.0003409343   0.0007364723  -0.0002212259
 4412  -0.0003973966   0.0001014160   0.0001870365   0.0004040491   0.0002344216
 4413  -0.0002668776  -0.0001202032  -0.0001066232   0.0000387040   0.0002257761
 4414  -0.0000901260  -0.0000259612  -0.0001872487  -0.0000390357  -0.0001785568
 4415  -0.0000658644  -0.0001221359  -0.0010994704  -0.0002318269  -0.0002506404
 4416   0.0002909832   0.0004912555   0.0001798123   0.0000073724  -0.0000158080
 4417   0.0000018030  -0.0000073691   0.0000335393   0.0000205728  -0.0000025326
 4418  -0.0000531128   0.0000294198  -0.0000079663  -0.0000164220  -0.0000624039
 4419  -0.0000117591   0.0000594864  -0.0000019140  -0.0000009939   0.0000027221
 4420  -0.0000022382  -0.0000042114  -0.0000009358   0.0000018564  -0.0000037589
 4421   0.0000006085   0.0000057477  -0.0000068546   0.0000157304  -0.0000076588
 4422   0.0000045414   0.0000038008  -0.0000169096  -0.0000046710   0.0000027480
 4423  -0.0000166967   0.0002630974  -0.0474687487  -0.0229553999   0.0265357585
 4424  -0.3006079213  -0.0658271921   0.0830693702  -0.0839877213   0.0409337424
 4425  -0.0004388638   0.0000901358  -0.0000984741   0.0030662050  -0.0005352073
 4426   0.0008516191   0.0008791881   0.0005271917  -0.0000522248   0.0000123165
 4427  -0.0000170938  -0.0000182978   0.0001511230  -0.0009763849  -0.0003457997
 4428   0.0008795812   0.0000714510   0.0000973566   0.0000030499  -0.0000016840
 4429   0.0000018558  -0.0000000201  -0.0000032165   0.0000031265  -0.0000003353
 4430   0.0000020838  -0.0000022239  -0.0000009065  -0.0000026364  -0.0000014908
 4431  -0.0000012512  -0.0000035633  -0.0000003169  -0.0000027307   0.0000008530
 4432   0.0000034253   0.0000103681   0.0000156482  -0.0000226701   0.0000001236
 4433  -0.0000035363   0.0000029369
 45 1   0.0000020627  -0.0000341956   0.0000174749   0.0000027251   0.0000162062
 45 2   0.0000609793   0.0000019052   0.0000569402  -0.0000710152   0.0000057946
 45 3  -0.0000410819  -0.0000491689   0.0000072791  -0.0000840048   0.0001969218
 45 4   0.0000044455  -0.0000276370  -0.0003072878   0.0000881614  -0.0001078952
 45 5   0.0003897435   0.0210065869   0.0114682990  -0.0762951162  -0.0042928870
 45 6   0.0045565944   0.0049531981   0.0010451270  -0.0012308785   0.0001981767
 45 7   0.0045063229  -0.0064947045  -0.0012066451  -0.0009972958   0.0014584321
 45 8  -0.0020058782   0.0000007153  -0.0000052949   0.0000153592  -0.0000005861
 45 9   0.0000223067  -0.0000394110   0.0328935209   0.0205937926   0.5789372365
 4510  -0.0085569602  -0.0061557885   0.0076121263   0.0298183614   0.0228023180
 4511  -0.0407493666   0.0003926635   0.0001246067   0.0004515602  -0.0009667288
 4512  -0.0007065921   0.0000333994   0.0004554639   0.0006097415   0.0004118071
 4513  -0.0000873788  -0.0000782453  -0.0000289992   0.0001722380   0.0004650737
 4514  -0.0002024938  -0.0000231015  -0.0002982463  -0.0001423567  -0.0000350408
 4515   0.0001617422  -0.0008460297   0.0004700169  -0.0002849927   0.0014632734
 4516   0.0002033072  -0.0004860799  -0.0010294723  -0.0000015495  -0.0000091208
 4517  -0.0000015608  -0.0000013296   0.0000159600   0.0000098731   0.0000002149
 4518  -0.0000189080   0.0000139313  -0.0000004356  -0.0000066588  -0.0000258217
 4519  -0.0000045313   0.0000340051   0.0000007293  -0.0000027052  -0.0000003537
 4520  -0.0000033708  -0.0000110111   0.0000051001  -0.0000083627  -0.0000083010
 4521   0.0000085901   0.0000052235  -0.0000327247   0.0000266646  -0.0000515926
 4522   0.0000013291   0.0000002171  -0.0000039554  -0.0000003150   0.0000003699
 4523  -0.0000021754   0.0127792462  -0.0252312841  -0.3170182029   0.0062830828
 4524  -0.0641210293  -0.0615750568  -0.0920904439   0.0421224237  -0.0917042240
 4525   0.0002835436   0.0000055335   0.0000161271  -0.0030954589   0.0011615954
 4526  -0.0006922403   0.0004517037   0.0000049412  -0.0000084602  -0.0001158859
 4527   0.0000919337   0.0000659297  -0.0006004444  -0.0004279777  -0.0006334881
 4528   0.0000429461   0.0000292335  -0.0001486638  -0.0000000762   0.0000007011
 4529  -0.0000001499   0.0000029655   0.0000034896  -0.0000009998  -0.0000006602
 4530  -0.0000002390  -0.0000008887  -0.0000004365  -0.0000006607   0.0000002238
 4531  -0.0000007457  -0.0000003882  -0.0000001606  -0.0000002831  -0.0000015350
 4532   0.0000006852   0.0000069936   0.0000075254  -0.0000008668  -0.0000014066
 4533  -0.0000005448  -0.0000004975
 46 1  -0.0000020401  -0.0000444126   0.0000234844   0.0000011187   0.0000551896
 46 2   0.0001938365  -0.0000025218   0.0001436511  -0.0001381369   0.0000011110
 46 3  -0.0000669495  -0.0000827650   0.0000058879  -0.0001428736   0.0003407964
 46 4   0.0000148433  -0.0000536119  -0.0004567204  -0.0000110624  -0.0000281043
 46 5   0.0005061648  -0.1602303166   0.0291485822  -0.0301862278  -0.0031902223
 46 6   0.0111908460  -0.0001921194  -0.0010869741  -0.0008275082   0.0015717416
 46 7   0.0006455069  -0.0006585452  -0.0000969195  -0.0004674048  -0.0000695513
 46 8   0.0012191866   0.0000048440  -0.0000168881   0.0000567806   0.0000019497
 46 9  -0.0000098034  -0.0001429106  -0.0325661765   0.0076312587  -0.0085569602
 4610   0.4966176254   0.0416384003  -0.0363309937   0.0005365471  -0.0005552244
 4611  -0.0089615922  -0.0000322562   0.0001386427   0.0001309687  -0.0000963078
 4612   0.0003518950  -0.0001504296   0.0001648550  -0.0004124484  -0.0001639971
 4613   0.0000155713  -0.0001569060  -0.0000251700   0.0000150476  -0.0001925444
 4614   0.0001267776  -0.0000437380   0.0002624254   0.0000892507  -0.0000425355
 4615   0.0001284957  -0.0008865399  -0.0002799805  -0.0003549643   0.0016000023
 4616   0.0002511258  -0.0010660279  -0.0016087508   0.0000058000  -0.0000319214
 4617   0.0000239930  -0.0000084088   0.0000280250   0.0000174504  -0.0000081779
 4618  -0.0000507979   0.0000311074  -0.0000129106  -0.0000135955  -0.0000635395
 4619  -0.0000170939   0.0000595731  -0.0000057485  -0.0000014253   0.0000001368
 4620   0.0000025285  -0.0000084287   0.0000008694  -0.0000005142   0.0000011213
 4621  -0.0000035770   0.0000047503  -0.0000222279   0.0000017417  -0.0000103274
 4622   0.0000015434  -0.0000070407  -0.0000069532  -0.0000012548  -0.0000007077
 4623  -0.0000094650   0.0009078862   0.0006774450  -0.0007728095   0.0015973324
 4624   0.0013950378  -0.0005578006  -0.0030630804  -0.0024316865   0.0019014276
 4625  -0.0474736420  -0.0005915552  -0.0112521591  -0.2039159617  -0.1067245275
 4626   0.0862864478  -0.0481916232   0.0210378969   0.0066557291   0.0000250025
 4627   0.0000490367   0.0000545310  -0.0002089481   0.0005904684   0.0000464867
 4628   0.0001615539  -0.0000544420  -0.0001835046  -0.0000002145   0.0000091977
 4629  -0.0000073474   0.0000014652   0.0000075864  -0.0000049200  -0.0000014012
 4630   0.0000022272  -0.0000031035  -0.0000008810  -0.0000026813  -0.0000019041
 4631  -0.0000009988  -0.0000039922  -0.0000016017  -0.0000015295   0.0000053453
 4632   0.0000031440   0.0000124183   0.0000223591  -0.0000273073  -0.0000004119
 4633  -0.0000034448   0.0000026529
 47 1   0.0000080095  -0.0000709126   0.0000226777  -0.0000091478   0.0000616087
 47 2   0.0002163359  -0.0000152722   0.0001559112  -0.0001696220   0.0000069098
 47 3  -0.0000671338  -0.0000870719   0.0000174838  -0.0001687553   0.0003604404
 47 4   0.0000157287  -0.0000201307  -0.0004465704  -0.0000488184  -0.0000107045
 47 5   0.0004008322   0.0381153946  -0.0916593414   0.0151469477   0.0276907418
 47 6  -0.0145634375   0.0134194619   0.0005934249  -0.0026417453  -0.0008920939
 47 7   0.0010549411  -0.0033720542   0.0006406643  -0.0000640886   0.0005985074
 47 8  -0.0008895745   0.0000025942  -0.0000243193   0.0000696778  -0.0000019518
 47 9   0.0000022067  -0.0001638939  -0.0146769103   0.0066964310  -0.0061557885
 4710   0.0416384003   0.5683312400   0.0144297976  -0.0035827668   0.0060134061
 4711  -0.0030748878  -0.0017908668  -0.0006373311   0.0007674924   0.0002712001
 4712  -0.0002902109   0.0000747443  -0.0002302440   0.0002957390   0.0002089073
 4713   0.0002924156  -0.0001023054  -0.0001104322  -0.0000745286   0.0001817487
 4714  -0.0000676957   0.0000490432  -0.0001354091  -0.0000230768   0.0001823618
 4715  -0.0000107153  -0.0002838534   0.0010947930  -0.0001239360   0.0000328532
 4716  -0.0002018318   0.0001769402  -0.0000600436   0.0000003994  -0.0000390994
 4717   0.0000153472   0.0000016629   0.0000403428   0.0000234746   0.0000132150
 4718  -0.0000655587   0.0000386092   0.0000094673  -0.0000155139  -0.0000749939
 4719   0.0000007026   0.0000673482  -0.0000009358   0.0000003013   0.0000020136
 4720  -0.0000013309   0.0000028125   0.0000001809   0.0000013623   0.0000021499
 4721   0.0000000248   0.0000119035  -0.0000015264   0.0000155766  -0.0000074605
 4722   0.0000010874  -0.0000052810  -0.0000096033  -0.0000025008  -0.0000012995
 4723  -0.0000137324   0.0005701645   0.0002972260  -0.0002288714  -0.0006784186
 4724   0.0006247107  -0.0001465899  -0.0035220625  -0.0015212054   0.0012091489
 4725  -0.0002753081  -0.0476016092  -0.0252912401  -0.1043699174  -0.1178218902
 4726   0.0569998659   0.0188179425  -0.3016689377  -0.0655441538  -0.0000041026
 4727  -0.0000090686  -0.0000074340  -0.0000256947  -0.0008523520  -0.0003665813
 4728  -0.0008647993  -0.0000908228   0.0000634700  -0.0000038203   0.0000095040
 4729  -0.0000058107  -0.0000010047   0.0000056372  -0.0000035164   0.0000003822
 4730   0.0000028100  -0.0000031598   0.0000013779  -0.0000028936  -0.0000018881
 4731   0.0000021476  -0.0000038710  -0.0000010435  -0.0000001430   0.0000048785
 4732   0.0000040974  -0.0000125274   0.0000178152  -0.0000261455   0.0000009977
 4733  -0.0000039619   0.0000009842
 48 1   0.0000025336  -0.0000337987   0.0000168618  -0.0000032750   0.0000137942
 48 2   0.0000603411  -0.0000090480   0.0000543534  -0.0000712649   0.0000003894
 48 3  -0.0000440010  -0.0000472474   0.0000058580  -0.0000845283   0.0001967121
 48 4  -0.0000036430  -0.0000293675  -0.0003038523  -0.0000691978  -0.0001214570
 48 5   0.0003880261  -0.0224136944   0.0074401259  -0.0763298904   0.0033514283
 48 6   0.0053501442   0.0050183372  -0.0008208024  -0.0013919146   0.0001936060
 48 7  -0.0033108477  -0.0071960089  -0.0011746434   0.0007370924   0.0016090121
 48 8  -0.0020163644   0.0000005431  -0.0000078386   0.0000166529  -0.0000025081
 48 9   0.0000188039  -0.0000382000   0.0094895398  -0.0045453586   0.0076121263
 4810  -0.0363309937   0.0144297976   0.5788661429  -0.0333861159   0.0171839013
 4811  -0.0408056527  -0.0004119347   0.0000536595   0.0004489132   0.0010747868
 4812  -0.0005296698   0.0000438702  -0.0005538752   0.0005266636   0.0004102045
 4813   0.0000942865  -0.0000610493  -0.0000273801  -0.0002527981   0.0004331388
 4814  -0.0002050346   0.0000804001  -0.0002891314  -0.0001438424   0.0000040894
 4815   0.0001647313  -0.0008469642  -0.0004134691  -0.0003751832   0.0014672517
 4816  -0.0000623522  -0.0005492253  -0.0010170046   0.0000043355  -0.0000065349
 4817  -0.0000041021  -0.0000043920   0.0000135353   0.0000104619  -0.0000016371
 4818  -0.0000195496   0.0000139385  -0.0000029456  -0.0000083518  -0.0000245397
 4819  -0.0000062630   0.0000334685   0.0000010818   0.0000030447   0.0000001015
 4820  -0.0000034800   0.0000098583   0.0000068895  -0.0000083038   0.0000085179
 4821   0.0000099726   0.0000042376   0.0000285891   0.0000320353  -0.0000511948
 4822   0.0000013696   0.0000025828  -0.0000049683  -0.0000013031  -0.0000000676
 4823  -0.0000040176  -0.0002747603  -0.0000442292   0.0000259161  -0.0004358054
 4824  -0.0000837826  -0.0000123857   0.0028446732   0.0016929939  -0.0006906066
 4825  -0.0080796912  -0.0269651988  -0.3169263409   0.0833565019   0.0576169766
 4826  -0.0918776259   0.0050573048  -0.0641360188  -0.0614020008   0.0000988730
 4827   0.0001095065   0.0000662739   0.0006458030  -0.0002929245  -0.0006752030
 4828  -0.0000489837   0.0000206247  -0.0001487062  -0.0000017646  -0.0000011042
 4829   0.0000015119   0.0000002829   0.0000003935  -0.0000001191   0.0000000697
 4830  -0.0000003053  -0.0000009585   0.0000001562  -0.0000007703   0.0000003363
 4831   0.0000000203  -0.0000004348   0.0000000424   0.0000021557  -0.0000021539
 4832   0.0000007224  -0.0000018220   0.0000032828  -0.0000015863   0.0000014202
 4833  -0.0000005312  -0.0000000879
 49 1  -0.0000077267   0.0000341109  -0.0000049820   0.0000053144  -0.0000360658
 49 2  -0.0001346516   0.0000225639  -0.0000937901   0.0001032918  -0.0000048238
 49 3   0.0000513843   0.0000425240  -0.0000062164   0.0001053674  -0.0002178092
 49 4   0.0000151822   0.0000278946   0.0002674373   0.0000071224   0.0000149645
 49 5  -0.0002871986  -0.0644492941   0.0027386617   0.0009439260  -0.0010919291
 49 6   0.0019749168   0.0019489332   0.0113669511   0.0074198117   0.0003043053
 49 7  -0.0489017726   0.0194062268  -0.0060511266   0.0093083300   0.0009225309
 49 8  -0.0017772495  -0.0000062948   0.0000210255  -0.0000512250  -0.0000010328
 49 9   0.0000086250   0.0000953971  -0.0000068385   0.0025117133   0.0298183614
 4910   0.0005365471  -0.0035827668  -0.0333861159   0.0856779448  -0.0326713775
 4911   0.0073731536   0.0051908590   0.0005326599   0.0005772585   0.0046937986
 4912   0.0002988094   0.0002798602  -0.0044102425  -0.0000782111   0.0002593655
 4913  -0.0008610354   0.0000482176  -0.0000932320  -0.0005855119  -0.0000013884
 4914  -0.0000860833   0.0008904007  -0.0002009437  -0.0000171797  -0.0000772752
 4915  -0.0000063829   0.0003893526  -0.0000685717   0.0000512412  -0.0005096187
 4916   0.0022444702   0.0005995605   0.0003755466  -0.0000155700   0.0000063355
 4917  -0.0000006383   0.0000040484  -0.0000225459  -0.0000155911  -0.0000027358
 4918   0.0000366761  -0.0000200609   0.0000014180   0.0000137898   0.0000432919
 4919   0.0000061252  -0.0000453619   0.0000035760  -0.0000048716  -0.0000022489
 4920   0.0000005544  -0.0000196604  -0.0000022447  -0.0000012108  -0.0000134218
 4921   0.0000004820   0.0000024259  -0.0000167495  -0.0000097194   0.0000090430
 4922  -0.0000041768  -0.0000086035   0.0000151599   0.0000051071  -0.0000004199
 4923   0.0000138450  -0.0027906719  -0.0030603034   0.0021350526   0.0008484944
 4924   0.0006598243  -0.0008694131   0.0025325412   0.0008989038  -0.0002625515
 4925  -0.0040596144   0.0026332467  -0.0026431870   0.0026707685  -0.0004120320
 4926   0.0004139749   0.0012336551  -0.0007960905   0.0008704474  -0.0000325810
 4927  -0.0000120581  -0.0000110477  -0.0000902563  -0.0000339141   0.0000501137
 4928   0.0002754685   0.0000538533   0.0000951605  -0.0000007960   0.0000044695
 4929  -0.0000058736   0.0000038729   0.0000056263  -0.0000017507  -0.0000021721
 4930  -0.0000008744   0.0000009568  -0.0000012815   0.0000018794   0.0000008659
 4931  -0.0000023078   0.0000024502   0.0000001242  -0.0000046384  -0.0000002998
 4932  -0.0000020403   0.0000050505  -0.0000102524   0.0000204239  -0.0000059635
 4933   0.0000026360  -0.0000038920
 50 1   0.0000404394  -0.0004412699   0.0001094531  -0.0000396801   0.0004535288
 50 2   0.0015253418  -0.0000942360   0.0010861339  -0.0011349226   0.0000472838
 50 3  -0.0005316592  -0.0005410440   0.0001022164  -0.0011780826   0.0024633665
 50 4   0.0000267435  -0.0002631621  -0.0031273224   0.0000129917  -0.0001602001
 50 5   0.0032769401   0.0027766920  -0.0960727700  -0.0113482603   0.0019807989
 50 6  -0.0235443574  -0.0208694967   0.0072943330  -0.0716260422  -0.0035020191
 50 7   0.0194280392  -0.2695687751   0.0703890665   0.0009841449  -0.0020257978
 50 8   0.0215749322   0.0000188798  -0.0001844521   0.0005252116   0.0000024676
 50 9  -0.0000389523  -0.0011285125  -0.0005381274   0.0065362075   0.0228023180
 5010  -0.0005552244   0.0060134061   0.0171839013  -0.0326713775   0.4567437827
 5011  -0.0862584599   0.0005408027  -0.0008296713  -0.0064189155   0.0002960458
 5012   0.0014919068  -0.0031098892  -0.0000607859  -0.0037896505  -0.0031930689
 5013   0.0000442868  -0.0013723161   0.0010079862   0.0000091645  -0.0007138978
 5014   0.0010339776  -0.0002104113   0.0032336434   0.0002654005  -0.0000076222
 5015   0.0000030647  -0.0044659515   0.0000534862  -0.0006727497   0.0059079602
 5016   0.0005875277  -0.0043304065  -0.0044518226   0.0000190339  -0.0001903257
 5017   0.0000841826  -0.0000229181   0.0002783063   0.0001695849   0.0000408404
 5018  -0.0004346035   0.0002449671   0.0000113153  -0.0001200543  -0.0005157422
 5019  -0.0000421982   0.0004944646  -0.0000315335  -0.0000011750   0.0000099192
 5020  -0.0000024142  -0.0000026852   0.0000128231   0.0000091591  -0.0000000490
 5021  -0.0000230840   0.0000227153  -0.0000092822   0.0000826377  -0.0000952582
 5022   0.0000272970   0.0000039264  -0.0001093946  -0.0000293095   0.0000025330
 5023  -0.0001130436  -0.0045167387  -0.0017544174   0.0031080598   0.0014159840
 5024   0.0020542454  -0.0001537328   0.0004460517   0.0000678822  -0.0010523035
 5025   0.0040955427  -0.0004738964   0.0026783283   0.0000518268  -0.0000914267
 5026  -0.0009602567  -0.0015456211   0.0016447150   0.0000137081  -0.0000118774
 5027   0.0001098213   0.0001262740  -0.0000332822   0.0003028273  -0.0006894103
 5028   0.0000518810  -0.0003161498  -0.0010428702   0.0000014284   0.0000155512
 5029  -0.0000074081  -0.0000045377   0.0000098012  -0.0000038454  -0.0000007435
 5030   0.0000142910  -0.0000212944   0.0000020100  -0.0000209795  -0.0000107937
 5031   0.0000026625  -0.0000278270  -0.0000064991  -0.0000039957   0.0000164708
 5032   0.0000230051  -0.0000134271   0.0001482239  -0.0002030307   0.0000030877
 5033  -0.0000331370   0.0000226762
 51 1  -0.0000095624   0.0001035698  -0.0000089156  -0.0000024265   0.0000214625
 51 2   0.0001045672  -0.0000040503   0.0000451322   0.0000170799   0.0000014626
 51 3  -0.0000105266  -0.0000076901  -0.0000053712   0.0000615863   0.0000116447
 51 4   0.0000066605  -0.0000916445   0.0000731207  -0.0000269008   0.0003098468
 51 5  -0.0000439237   0.0036811346  -0.0416935764  -0.1194980740   0.0015613563
 51 6  -0.0180175943  -0.0423340212  -0.0001677339   0.0018955962   0.0113501854
 51 7  -0.0085059317   0.0986871569  -0.1600595479  -0.0043916039   0.0508169882
 51 8  -0.0401215618  -0.0000005150  -0.0000107356   0.0000412020   0.0000114175
 51 9  -0.0001342853  -0.0000761039   0.0093491217  -0.0014044759  -0.0407493666
 5110  -0.0089615922  -0.0030748878  -0.0408056527   0.0073731536  -0.0862584599
 5111   0.4285871570   0.0000269135  -0.0001268079  -0.0016638461   0.0004376706
 5112  -0.0047331246  -0.0040704489  -0.0005694645   0.0064201490   0.0032742893
 5113   0.0000037716  -0.0000620986   0.0007756604  -0.0003075369   0.0035439066
 5114  -0.0013802436   0.0002024842  -0.0022323540  -0.0017298326   0.0000475205
 5115  -0.0005468741   0.0003821897  -0.0001208273   0.0014024080  -0.0003391275
 5116   0.0004794034  -0.0054178292   0.0052504488  -0.0000025141   0.0000030352
 5117   0.0000782273   0.0000035862  -0.0000430025  -0.0000210805  -0.0000017543
 5118   0.0000219372  -0.0000018268   0.0000004963   0.0000058084  -0.0000033016
 5119   0.0000012648  -0.0000123293  -0.0000078858  -0.0000001549   0.0000014161
 5120   0.0000230207   0.0000017914  -0.0000195596   0.0000148282   0.0000022917
 5121  -0.0000167985  -0.0000082157   0.0000054215  -0.0000588853   0.0001005856
 5122   0.0000056273   0.0000004800  -0.0000076366  -0.0000049472  -0.0000018144
 5123  -0.0000061041   0.0053636837   0.0032460084  -0.0015991131  -0.0019665211
 5124  -0.0012341637   0.0018105890  -0.0010212646  -0.0009301713   0.0018654003
 5125  -0.0058550818   0.0022506412  -0.0015986032   0.0011289000  -0.0007123241
 5126   0.0018267514   0.0021344294  -0.0008562145   0.0017923607   0.0000072225
 5127  -0.0000844451  -0.0000711067   0.0000050752  -0.0000821017   0.0006878028
 5128   0.0000859192  -0.0009867409  -0.0017795084   0.0000143070  -0.0000039271
 5129  -0.0000057240  -0.0000132926  -0.0000040884  -0.0000071341  -0.0000005366
 5130   0.0000032162  -0.0000011957   0.0000003773  -0.0000030894  -0.0000072057
 5131   0.0000004216  -0.0000050784   0.0000018741  -0.0000007287   0.0000201287
 5132   0.0000031830  -0.0000023635   0.0000117700  -0.0000825167  -0.0000002097
 5133  -0.0000022352   0.0000243469
 52 1   0.0000015167   0.0000376732  -0.0000238369   0.0000038329  -0.0000421655
 52 2  -0.0001653521   0.0000053700  -0.0001235649   0.0001180235   0.0000081541
 52 3   0.0000556664   0.0000751206  -0.0000348166   0.0001190018  -0.0002987448
 52 4  -0.0000694921   0.0000460500   0.0003945246   0.0000930610   0.0000055364
 52 5  -0.0004403245   0.0084239407   0.0008737852  -0.0000598295   0.0037639614
 52 6   0.0020354916  -0.0033800571  -0.0658136828   0.0203276473  -0.0036068814
 52 7  -0.0011300447   0.0031248072   0.0003306765  -0.0020502075  -0.0003826884
 52 8  -0.0005908537  -0.0000018049   0.0000157572  -0.0000439545  -0.0000022128
 52 9   0.0000105740   0.0001225119  -0.0003336524   0.0018418303   0.0003926635
 5210  -0.0000322562  -0.0017908668  -0.0004119347   0.0051908590   0.0005408027
 5211   0.0000269135   0.1042090465  -0.1274984867   0.0207085707   0.0010204644
 5212  -0.0001828558   0.0001698483  -0.0000180773   0.0001291986   0.0000172554
 5213  -0.0500747503   0.1006127704  -0.0147142949  -0.0002172827   0.0001746761
 5214   0.0000592399  -0.0000280109  -0.0000677669  -0.0000344036   0.0003363778
 5215   0.0000953807   0.0005736217  -0.0003733235   0.0000485495  -0.0007785559
 5216  -0.0034314082  -0.0000515157   0.0013980524  -0.0000001775   0.0000369018
 5217  -0.0000242698  -0.0000011561  -0.0000199192  -0.0000141219  -0.0000041374
 5218   0.0000438632  -0.0000282709  -0.0000031766   0.0000113168   0.0000513912
 5219   0.0000023480  -0.0000485187   0.0000049974   0.0000009337  -0.0000005243
 5220  -0.0000027033   0.0000014218  -0.0000012398  -0.0000003373   0.0000129331
 5221   0.0000059270  -0.0000047147   0.0000236940   0.0000007145  -0.0000034912
 5222   0.0000000861   0.0000084288   0.0000027499   0.0000002359   0.0000023632
 5223   0.0000056072  -0.0000168907  -0.0001097917  -0.0000315013   0.0003657814
 5224   0.0001695695  -0.0003878104  -0.0001604483  -0.0000291548  -0.0000199604
 5225  -0.0000395749   0.0001059979   0.0000258325  -0.0001745345   0.0000041696
 5226   0.0000195033   0.0003710974  -0.0000894294   0.0003840636  -0.0000062852
 5227   0.0000066827   0.0000132318  -0.0000440040  -0.0000017070  -0.0000181190
 5228   0.0002186921  -0.0000146819   0.0001489285   0.0000020046  -0.0000117779
 5229   0.0000084506  -0.0000007257  -0.0000100312   0.0000071314   0.0000015628
 5230  -0.0000016748   0.0000019224   0.0000007965   0.0000023737   0.0000017929
 5231   0.0000006205   0.0000038318   0.0000017902   0.0000029850  -0.0000070278
 5232  -0.0000029570  -0.0000002539  -0.0000147484   0.0000244116   0.0000006103
 5233   0.0000027986  -0.0000015462
 53 1   0.0000297813  -0.0003249196   0.0002075961  -0.0000396867   0.0004498398
 53 2   0.0018986812  -0.0001236436   0.0014014980  -0.0013956961   0.0000629134
 53 3  -0.0007005381  -0.0007844260   0.0001168872  -0.0013917562   0.0034365927
 53 4   0.0000469717  -0.0006048479  -0.0043726876   0.0000066591  -0.0000022373
 53 5   0.0050043826   0.0008800096  -0.0015058329   0.0008195099   0.0021134224
 53 6  -0.0198934365   0.0385569670   0.0202624994  -0.2939361890   0.0400031116
 53 7   0.0031213925  -0.0359626270  -0.0041163894  -0.0003888092   0.0021832055
 53 8   0.0066299950   0.0000215225  -0.0002245571   0.0005942898   0.0000150716
 53 9  -0.0001950269  -0.0013441507  -0.0000836690  -0.0003409343   0.0001246067
 5310   0.0001386427  -0.0006373311   0.0000536595   0.0005326599  -0.0008296713
 5311  -0.0001268079  -0.1274984867   1.5336473114  -0.2335288412  -0.0001808042
 5312   0.0031349818  -0.0017779166   0.0001375160  -0.0015356417  -0.0002076883
 5313   0.1006235596  -1.1772616628   0.1660057659   0.0001744593  -0.0021585083
 5314  -0.0006512748  -0.0000719607   0.0007523562   0.0003839179   0.0000963302
 5315  -0.0007227083  -0.0064718621   0.0000416381  -0.0009076437   0.0087680189
 5316  -0.0000539156  -0.0026596900  -0.0157446614   0.0000198284  -0.0001964910
 5317   0.0001563399  -0.0000191802   0.0002172133   0.0001656151   0.0000398130
 5318  -0.0004403483   0.0002764584   0.0000122047  -0.0001463286  -0.0005792608
 5319  -0.0000537643   0.0006078195  -0.0000816983  -0.0000011705   0.0000154492
 5320   0.0000244197  -0.0000008290   0.0000147431   0.0000092555   0.0000057156
 5321  -0.0000490162  -0.0000081782  -0.0000008067   0.0000316458   0.0000163013
 5322   0.0000361868   0.0000136939  -0.0001323507  -0.0000393182   0.0000086702
 5323  -0.0001347372  -0.0000126024   0.0000019768   0.0000393176  -0.0000850420
 5324  -0.0000879244  -0.0000000367  -0.0000744172  -0.0000289984   0.0000031712
 5325   0.0000032561   0.0000243484   0.0000434116   0.0000468837  -0.0000147031
 5326   0.0000038274   0.0001676690  -0.0000891908   0.0000678298   0.0000066794
 5327  -0.0000880719  -0.0001437068  -0.0000036552  -0.0000333421   0.0002557728
 5328  -0.0000136815   0.0003284159  -0.0016566261   0.0000171018   0.0000116535
 5329  -0.0000122737  -0.0000196645   0.0000045323  -0.0000100146  -0.0000011659
 5330   0.0000198499  -0.0000217228   0.0000026171  -0.0000262137  -0.0000196135
 5331   0.0000041810  -0.0000434739  -0.0000148654  -0.0000051120   0.0000431551
 5332   0.0000321818  -0.0000161113   0.0001604564  -0.0002905781   0.0000034231
 5333  -0.0000329533   0.0000470681
 54 1  -0.0000068447   0.0000724086  -0.0000171650   0.0000117077  -0.0001144411
 54 2  -0.0003611026   0.0000222529  -0.0002459797   0.0002414416  -0.0000122148
 54 3   0.0001229803   0.0001113375  -0.0000216529   0.0002508926  -0.0005303255
 54 4  -0.0000063405   0.0000748473   0.0006749470  -0.0000010488   0.0000159772
 54 5  -0.0007137251  -0.0000282990   0.0004598083  -0.0069864414  -0.0031957028
 54 6   0.0358432439  -0.0079795215  -0.0039077828   0.0444310776  -0.0921169218
 54 7   0.0010335871  -0.0122401338   0.0173023071   0.0000467988  -0.0004343448
 54 8  -0.0027731449  -0.0000018601   0.0000425736  -0.0001214126  -0.0000025756
 54 9   0.0000462152   0.0002651156  -0.0002633758   0.0007364723   0.0004515602
 5410   0.0001309687   0.0007674924   0.0004489132   0.0005772585  -0.0064189155
 5411  -0.0016638461   0.0207085707  -0.2335288412   0.1524921636   0.0002487579
 5412  -0.0027746601   0.0001252017  -0.0000450691   0.0005545855   0.0002044427
 5413  -0.0149706251   0.1688205921  -0.0571367211  -0.0000949927   0.0010748734
 5414  -0.0011948018   0.0000241456  -0.0002670701  -0.0001373183  -0.0000042288
 5415   0.0000391701   0.0009357446  -0.0000047380   0.0000572316  -0.0010438087
 5416  -0.0002336612   0.0025479779   0.0009830247   0.0000002837   0.0000381549
 5417  -0.0000337998   0.0000038309  -0.0000535406  -0.0000356220  -0.0000110490
 5418   0.0000968190  -0.0000528944  -0.0000055158   0.0000252639   0.0001168789
 5419   0.0000075539  -0.0001090156   0.0000146441   0.0000002899  -0.0000015193
 5420  -0.0000048426   0.0000002357  -0.0000011505  -0.0000026556  -0.0000021481
 5421   0.0000145646   0.0000006392  -0.0000002816  -0.0000022002   0.0000041087
 5422  -0.0000079976  -0.0000015923   0.0000264339   0.0000079512   0.0000006607
 5423   0.0000256015  -0.0000692031  -0.0000497184   0.0000270149   0.0002814405
 5424   0.0001967188  -0.0001135579   0.0000937858  -0.0000073496  -0.0000177336
 5425   0.0000768821  -0.0000362212   0.0000273410  -0.0000901774  -0.0000236367
 5426  -0.0000182806  -0.0003104919   0.0001448554  -0.0001130856  -0.0000017587
 5427   0.0000201299   0.0000046819   0.0000015579  -0.0000130687  -0.0000514424
 5428   0.0000155696  -0.0001457915  -0.0013222802  -0.0000035991  -0.0000011867
 5429   0.0000020532   0.0000041715  -0.0000018079   0.0000028200   0.0000003748
 5430  -0.0000033885   0.0000046141  -0.0000007653   0.0000050861   0.0000036874
 5431  -0.0000010476   0.0000085483   0.0000025084  -0.0000001208  -0.0000084977
 5432  -0.0000059651   0.0000072615  -0.0000318236   0.0000593022  -0.0000000685
 5433   0.0000066736  -0.0000101128
 55 1  -0.0000009558   0.0000190358  -0.0000093034  -0.0000000272  -0.0000234040
 55 2  -0.0000798465   0.0000034025  -0.0000569244   0.0000532340  -0.0000058050
 55 3   0.0000214981   0.0000322743   0.0000030040   0.0000545040  -0.0001260115
 55 4   0.0000174714   0.0000200485   0.0001633191  -0.0000264263  -0.0000125511
 55 5  -0.0001657632   0.0031660660   0.0001613167  -0.0001038917  -0.0006721346
 55 6   0.0000226107  -0.0004460864  -0.0052097850  -0.0001198004   0.0008433937
 55 7   0.0010832524  -0.0004065524  -0.0030485778  -0.0559400785   0.0151913510
 55 8  -0.0085807137  -0.0000013857   0.0000070653  -0.0000213605  -0.0000011149
 55 9   0.0000056367   0.0000610151   0.0000060498  -0.0002212259  -0.0009667288
 5510  -0.0000963078   0.0002712001   0.0010747868   0.0046937986   0.0002960458
 5511   0.0004376706   0.0010204644  -0.0001808042   0.0002487579   0.0952010050
 5512  -0.0813010780   0.0592154605   0.0023424453   0.0044714092  -0.0009636100
 5513  -0.0001704111   0.0001184531  -0.0001169625  -0.0467284432   0.0619930794
 5514  -0.0478265816   0.0004322429  -0.0004548496   0.0000399777  -0.0001114167
 5515   0.0000156869   0.0001949484   0.0001151855   0.0000013760  -0.0002484963
 5516   0.0005745721   0.0000919257   0.0003171063  -0.0000023381   0.0000214963
 5517  -0.0000153796   0.0000009801  -0.0000105835  -0.0000065608  -0.0000003469
 5518   0.0000229056  -0.0000143969   0.0000012545   0.0000052698   0.0000251565
 5519   0.0000036933  -0.0000207818   0.0000017267   0.0000001524  -0.0000005175
 5520  -0.0000018153   0.0000019001   0.0000002567  -0.0000006449   0.0000015149
 5521   0.0000027064  -0.0000037150  -0.0000071422  -0.0000000787  -0.0000030033
 5522   0.0000003784   0.0000056313  -0.0000000062  -0.0000002982   0.0000018573
 5523   0.0000015382   0.0001858150   0.0001502465  -0.0000542909  -0.0000500547
 5524  -0.0000060021   0.0000147769  -0.0000291965  -0.0000243619   0.0000218910
 5525   0.0002491546  -0.0001395172   0.0000752126  -0.0000390054   0.0000200718
 5526  -0.0000325494  -0.0000558013  -0.0000012829  -0.0000231956   0.0000083086
 5527   0.0000030429   0.0000022371   0.0000490748   0.0000048062  -0.0000055285
 5528  -0.0000117053   0.0000039720   0.0000165877   0.0000008057  -0.0000079922
 5529   0.0000051655  -0.0000008256  -0.0000066582   0.0000049935   0.0000005051
 5530  -0.0000009275   0.0000005427   0.0000007950   0.0000012002   0.0000010582
 5531   0.0000005063   0.0000018570   0.0000007496   0.0000008304  -0.0000044915
 5532  -0.0000015206  -0.0000037624  -0.0000085346   0.0000138452   0.0000001395
 5533   0.0000013568  -0.0000008849
 56 1   0.0000137102  -0.0001552731   0.0000728928  -0.0000198074   0.0002484295
 56 2   0.0009314888  -0.0000568916   0.0006508147  -0.0006459643   0.0000247778
 56 3  -0.0003120882  -0.0003285693   0.0000546994  -0.0006280767   0.0014840268
 56 4   0.0000223181  -0.0002194415  -0.0018122989  -0.0000112800   0.0000898594
 56 5   0.0019181924   0.0001548919   0.0013537776   0.0012507999   0.0000263220
 56 6  -0.0009809395   0.0051006474  -0.0000950940  -0.0039288444  -0.0098791495
 56 7  -0.0004036697   0.0048392886   0.0357221456   0.0152427643  -0.2326747574
 56 8   0.1020509790   0.0000145676  -0.0001103513   0.0003087825   0.0000115309
 56 9  -0.0001207914  -0.0006742577  -0.0002946214  -0.0003973966  -0.0007065921
 5610   0.0003518950  -0.0002902109  -0.0005296698   0.0002988094   0.0014919068
 5611  -0.0047331246  -0.0001828558   0.0031349818  -0.0027746601  -0.0813010780
 5612   1.0459172422  -0.6999908537   0.0044345806  -0.0481408444   0.0104740073
 5613   0.0001092626  -0.0014799155   0.0013957572   0.0619558612  -0.7736031521
 5614   0.5651113825  -0.0004585916   0.0057013240  -0.0002344698   0.0000133736
 5615  -0.0002676389  -0.0022367188   0.0000023389   0.0000855718   0.0028275812
 5616   0.0000949863  -0.0004526946  -0.0036763155   0.0000168307  -0.0000966520
 5617   0.0000948135  -0.0000110056   0.0001123312   0.0000799548   0.0000169312
 5618  -0.0002243382   0.0001359045   0.0000002790  -0.0000672686  -0.0002878745
 5619  -0.0000274104   0.0002779739  -0.0000348019  -0.0000003837   0.0000088241
 5620   0.0000163871   0.0000006312   0.0000012855   0.0000099927   0.0000003086
 5621  -0.0000272037   0.0000062467  -0.0000022357   0.0000044146   0.0000144343
 5622   0.0000185840   0.0000031084  -0.0000644693  -0.0000206340   0.0000031124
 5623  -0.0000686012   0.0002050053   0.0001868658  -0.0001268062  -0.0000388139
 5624  -0.0000186691   0.0000535492  -0.0000307590  -0.0000073645   0.0000604269
 5625  -0.0001974950   0.0001292843  -0.0001159319   0.0000254814   0.0000022549
 5626   0.0000538674   0.0000340153  -0.0000120553   0.0000495549   0.0000033788
 5627  -0.0000320475  -0.0000226635   0.0000051390  -0.0000057191   0.0000598890
 5628   0.0000027467  -0.0000592431  -0.0001806822   0.0000113364   0.0000073962
 5629  -0.0000089532  -0.0000126801  -0.0000011444  -0.0000050981  -0.0000004060
 5630   0.0000123552  -0.0000105292   0.0000009445  -0.0000134945  -0.0000113223
 5631   0.0000017513  -0.0000213017  -0.0000049856  -0.0000051027   0.0000224716
 5632   0.0000165051  -0.0000021362   0.0000813137  -0.0001631064   0.0000028982
 5633  -0.0000172699   0.0000282598
 57 1  -0.0000093480   0.0001043333  -0.0000439838   0.0000133433  -0.0001718840
 57 2  -0.0006182220   0.0000360602  -0.0004280897   0.0004252024  -0.0000179933
 57 3   0.0002084584   0.0002138969  -0.0000354692   0.0004155532  -0.0009642073
 57 4  -0.0000107019   0.0001381437   0.0011782518   0.0000048956  -0.0000480675
 57 5  -0.0012431019  -0.0000392306   0.0005974126  -0.0001376658  -0.0000849313
 57 6   0.0009606692  -0.0032506892  -0.0002003351   0.0019686185   0.0054624657
 57 7  -0.0027037473   0.0321235596  -0.0356588278  -0.0093323166   0.1101061527
 57 8  -0.1490607385  -0.0000084456   0.0000731954  -0.0002048426  -0.0000080209
 57 9   0.0000815548   0.0004478653   0.0001301606   0.0001014160   0.0000333994
 5710  -0.0001504296   0.0000747443   0.0000438702   0.0002798602  -0.0031098892
 5711  -0.0040704489   0.0001698483  -0.0017779166   0.0001252017   0.0592154605
 5712  -0.6999908537   0.6388181236   0.0001078929  -0.0016004427   0.0152067560
 5713   0.0000162101  -0.0000648580  -0.0019970120  -0.0476808945   0.5635285249
 5714  -0.4635023875   0.0003285117  -0.0035650300  -0.0035768118  -0.0000128179
 5715   0.0001518423   0.0014685924  -0.0000000821  -0.0000025785  -0.0018421872
 5716  -0.0000162561   0.0002093931   0.0025395518  -0.0000089494   0.0000647207
 5717  -0.0000640219   0.0000076935  -0.0000783653  -0.0000544103  -0.0000117250
 5718   0.0001518874  -0.0000908455  -0.0000014057   0.0000441718   0.0001929253
 5719   0.0000183980  -0.0001840368   0.0000213883   0.0000000633  -0.0000042490
 5720  -0.0000102452  -0.0000001727  -0.0000006424  -0.0000059148  -0.0000019613
 5721   0.0000179322  -0.0000002862  -0.0000000025  -0.0000037357  -0.0000100204
 5722  -0.0000132874  -0.0000030386   0.0000441786   0.0000133256  -0.0000007037
 5723   0.0000440979  -0.0000125923  -0.0000454401   0.0000204167  -0.0000045593
 5724  -0.0000019432  -0.0000194076   0.0000253283   0.0000033212  -0.0000221936
 5725   0.0000227161  -0.0000437185   0.0000207206  -0.0000251208  -0.0000018019
 5726  -0.0000217078   0.0000041328  -0.0000012099  -0.0000195684  -0.0000016849
 5727   0.0000231231   0.0000167533   0.0000001774   0.0000035069  -0.0000303709
 5728  -0.0000008256   0.0000248950   0.0000900680  -0.0000079131  -0.0000030995
 5729   0.0000047967   0.0000077409  -0.0000016958   0.0000048802   0.0000006175
 5730  -0.0000067536   0.0000076285  -0.0000006904   0.0000090429   0.0000072792
 5731  -0.0000009667   0.0000142237   0.0000032935   0.0000014589  -0.0000160459
 5732  -0.0000105441   0.0000003277  -0.0000556514   0.0001083242  -0.0000013464
 5733   0.0000113440  -0.0000192654
 58 1   0.0000040980  -0.0000204125   0.0000107967  -0.0000000679   0.0000286418
 58 2   0.0000991525  -0.0000094372   0.0000694556  -0.0000678835   0.0000133886
 58 3  -0.0000309397  -0.0000392894  -0.0000101568  -0.0000677270   0.0001585952
 58 4  -0.0000486176  -0.0000265405  -0.0001962540   0.0000616370   0.0000140639
 58 5   0.0002056607  -0.0011877668   0.0000593075   0.0000487424   0.0014515822
 58 6   0.0000735343   0.0006002452   0.0061304937   0.0001460018  -0.0008653943
 58 7   0.0065484176   0.0012123609   0.0038187559  -0.0592254067   0.0174607787
 58 8   0.0078445906   0.0000024516  -0.0000091728   0.0000310025  -0.0000008340
 58 9  -0.0000088284  -0.0000746409   0.0000546166   0.0001870365   0.0004554639
 5810   0.0001648550  -0.0002302440  -0.0005538752  -0.0044102425  -0.0000607859
 5811  -0.0005694645  -0.0000180773   0.0001375160  -0.0000450691   0.0023424453
 5812   0.0044345806   0.0001078929   0.0972344080  -0.1043049663  -0.0547118793
 5813  -0.0000952674  -0.0000791633   0.0000218305   0.0005615805  -0.0005260970
 5814   0.0001545485  -0.0483602124   0.0816714720   0.0439473451   0.0002082908
 5815  -0.0000114511  -0.0002412541  -0.0002956725  -0.0000179229   0.0003092491
 5816  -0.0009558841  -0.0001269650  -0.0003942832   0.0000028420  -0.0000157033
 5817   0.0000137294  -0.0000018378   0.0000136501   0.0000084197   0.0000020005
 5818  -0.0000249032   0.0000158069   0.0000004639  -0.0000054654  -0.0000321901
 5819  -0.0000042656   0.0000281151  -0.0000015671   0.0000014346  -0.0000000689
 5820   0.0000014814  -0.0000008059   0.0000003299   0.0000008083   0.0000044491
 5821  -0.0000018672   0.0000026998   0.0000212660   0.0000029739   0.0000013905
 5822   0.0000007450  -0.0000031974  -0.0000035895  -0.0000008292  -0.0000008746
 5823  -0.0000058802  -0.0001133341  -0.0000800984   0.0000197636   0.0000441583
 5824   0.0000098281  -0.0000282506  -0.0000156245   0.0000237994   0.0000153159
 5825  -0.0001632588   0.0000810985  -0.0000308954  -0.0000041523  -0.0000403055
 5826  -0.0000125760   0.0000404990   0.0000182658   0.0000123948  -0.0000069420
 5827  -0.0000019554  -0.0000010633  -0.0000605272  -0.0000008145  -0.0000050304
 5828   0.0000946910   0.0000077494  -0.0000028026  -0.0000016913   0.0000038544
 5829  -0.0000037021  -0.0000013363   0.0000025733  -0.0000023524   0.0000005762
 5830   0.0000013297  -0.0000022675   0.0000012425  -0.0000013752  -0.0000011132
 5831   0.0000010184  -0.0000018291  -0.0000005141   0.0000008557   0.0000031730
 5832   0.0000015062  -0.0000036097   0.0000101471  -0.0000161108   0.0000013510
 5833  -0.0000019632   0.0000020046
 59 1  -0.0000186285   0.0002045698  -0.0000867902   0.0000263672  -0.0002953239
 59 2  -0.0011160906   0.0000666083  -0.0007842407   0.0007859833  -0.0000353479
 59 3   0.0003816178   0.0004085874  -0.0000657695   0.0007545220  -0.0017835070
 59 4  -0.0000241593   0.0002737882   0.0021554603   0.0000151477  -0.0000979037
 59 5  -0.0023018545   0.0000544330  -0.0016578594  -0.0004645085   0.0000865361
 59 6   0.0005123156  -0.0066592403   0.0001560798   0.0042078941   0.0097814774
 59 7   0.0012197375  -0.0062594152  -0.0425279891   0.0173922256  -0.2507421533
 59 8  -0.0852581103  -0.0000099048   0.0001381794  -0.0003777996  -0.0000098558
 59 9   0.0001237491   0.0008105662   0.0003689016   0.0004040491   0.0006097415
 5910  -0.0004124484   0.0002957390   0.0005266636  -0.0000782111  -0.0037896505
 5911   0.0064201490   0.0001291986  -0.0015356417   0.0005545855   0.0044714092
 5912  -0.0481408444  -0.0016004427  -0.1043049663   1.2413572523   0.6031258035
 5913  -0.0000797608   0.0007891409  -0.0002572557  -0.0005114694   0.0064676874
 5914  -0.0016589527   0.0816952856  -0.9428011651  -0.4853495983  -0.0000094729
 5915   0.0003291990   0.0026913774  -0.0000187234  -0.0001099664  -0.0034137373
 5916  -0.0001327980   0.0005269517   0.0044049023  -0.0000068565   0.0001286567
 5917  -0.0001152870   0.0000127277  -0.0001470982  -0.0000980344  -0.0000256642
 5918   0.0002696205  -0.0001688703  -0.0000105492   0.0000820110   0.0003467519
 5919   0.0000286909  -0.0003312384   0.0000235437   0.0000005114  -0.0000059291
 5920  -0.0000146789  -0.0000000632   0.0000013538  -0.0000121842  -0.0000052775
 5921   0.0000216061   0.0000007586   0.0000015423  -0.0000188796  -0.0000133287
 5922  -0.0000240853  -0.0000085514   0.0000832772   0.0000229591  -0.0000003439
 5923   0.0000787091  -0.0002247529  -0.0002147656   0.0000712708   0.0000089913
 5924  -0.0001050814   0.0000747820   0.0000141787   0.0000770435  -0.0000184638
 5925   0.0002332531  -0.0001569922   0.0000643846  -0.0000279218   0.0000683690
 5926  -0.0000211990   0.0000186450  -0.0001038026   0.0000788635  -0.0000015867
 5927   0.0000157078   0.0000128133  -0.0000008766  -0.0000370652  -0.0000169317
 5928   0.0000102812   0.0000039890   0.0000284117  -0.0000126219  -0.0000025028
 5929   0.0000060932   0.0000119494  -0.0000068944   0.0000102206   0.0000014863
 5930  -0.0000090515   0.0000160387  -0.0000018235   0.0000170606   0.0000122080
 5931  -0.0000018322   0.0000226525   0.0000030938  -0.0000006899  -0.0000282879
 5932  -0.0000171022   0.0000100184  -0.0001081526   0.0002005627  -0.0000010475
 5933   0.0000240752  -0.0000351237
 60 1  -0.0000085161   0.0000836013  -0.0000377887   0.0000109171  -0.0001148041
 60 2  -0.0004483918   0.0000286336  -0.0003179399   0.0003167846  -0.0000145133
 60 3   0.0001523563   0.0001656397  -0.0000269419   0.0003049134  -0.0007310212
 60 4  -0.0000120725   0.0001199646   0.0008856310   0.0000056420  -0.0000611992
 60 5  -0.0009632851   0.0000724070  -0.0008400842  -0.0016030460   0.0001072030
 60 6  -0.0011346441  -0.0036151081  -0.0004651340   0.0053853092   0.0005926846
 60 7   0.0038085613  -0.0415486603  -0.0342528704   0.0081989552  -0.0900183365
 60 8  -0.1221883672  -0.0000051952   0.0000551596  -0.0001528928  -0.0000036952
 60 9   0.0000475763   0.0003267432   0.0001298956   0.0002344216   0.0004118071
 6010  -0.0001639971   0.0002089073   0.0004102045   0.0002593655  -0.0031930689
 6011   0.0032742893   0.0000172554  -0.0002076883   0.0002044427  -0.0009636100
 6012   0.0104740073   0.0152067560  -0.0547118793   0.6031258035   0.4383329204
 6013  -0.0000129825   0.0001120698   0.0000504699  -0.0001708568   0.0020886133
 6014  -0.0038109111   0.0439724648  -0.4854517996  -0.2937060772  -0.0000162410
 6015   0.0001851971   0.0010888718   0.0000155155  -0.0001891321  -0.0015187746
 6016  -0.0000677415   0.0007208903   0.0015002154  -0.0000041573   0.0000523487
 6017  -0.0000465603   0.0000032484  -0.0000567359  -0.0000385146  -0.0000122668
 6018   0.0001062004  -0.0000675135  -0.0000056054   0.0000331687   0.0001381531
 6019   0.0000093796  -0.0001337339   0.0000108186   0.0000004446  -0.0000039724
 6020  -0.0000066945  -0.0000000578   0.0000002025  -0.0000056637  -0.0000005432
 6021   0.0000093468  -0.0000035696   0.0000009777  -0.0000065068  -0.0000046208
 6022  -0.0000086525  -0.0000017795   0.0000316417   0.0000094657  -0.0000010758
 6023   0.0000328331  -0.0001367977  -0.0001214198   0.0000851734   0.0000338750
 6024  -0.0000090889  -0.0000196089   0.0000112356   0.0000232657  -0.0000224749
 6025   0.0001566917  -0.0000958814   0.0000849641  -0.0000147224   0.0000206853
 6026  -0.0000216630  -0.0000314120  -0.0000143256  -0.0000193502  -0.0000006069
 6027   0.0000052003   0.0000058517   0.0000005921  -0.0000089262  -0.0000146720
 6028  -0.0000006473   0.0000174107   0.0000631149  -0.0000044163  -0.0000033616
 6029   0.0000040404   0.0000055395  -0.0000007956   0.0000029670   0.0000001328
 6030  -0.0000051742   0.0000058500  -0.0000009011   0.0000067992   0.0000050697
 6031  -0.0000011879   0.0000088110   0.0000010317   0.0000014297  -0.0000098341
 6032  -0.0000071776   0.0000064204  -0.0000421689   0.0000813642  -0.0000008979
 6033   0.0000099075  -0.0000137159
 61 1   0.0000012956  -0.0000033174   0.0000002681  -0.0000036398   0.0000219788
 61 2   0.0001106737  -0.0000023143   0.0000776414  -0.0000853984   0.0000023654
 61 3  -0.0000514036  -0.0000306379   0.0000123381  -0.0000783005   0.0001893757
 61 4   0.0000219439  -0.0000306773  -0.0002133348  -0.0000171320  -0.0000067275
 61 5   0.0002545105  -0.0014125589  -0.0001882059   0.0000362987   0.0005347549
 61 6  -0.0000755679   0.0016302623   0.0192894545   0.0049606090  -0.0011688493
 61 7   0.0008904709  -0.0006237140  -0.0008188874   0.0004899148   0.0001159043
 61 8   0.0002641151  -0.0000058622  -0.0000215668   0.0000479284   0.0000039831
 61 9  -0.0000249917  -0.0000690120   0.0000408310  -0.0002668776  -0.0000873788
 6110   0.0000155713   0.0002924156   0.0000942865  -0.0008610354   0.0000442868
 6111   0.0000037716  -0.0500747503   0.1006235596  -0.0149706251  -0.0001704111
 6112   0.0001092626   0.0000162101  -0.0000952674  -0.0000797608  -0.0000129825
 6113   0.0306807581  -0.1046224948   0.0154627648   0.0003468591  -0.0000407812
 6114  -0.0000242801   0.0000344802   0.0000395903   0.0000182233  -0.0000098748
 6115  -0.0000231384  -0.0003165080   0.0000338828  -0.0000544862   0.0003908388
 6116   0.0005746222  -0.0000786951  -0.0005729281  -0.0000117774   0.0000197040
 6117  -0.0000086029   0.0000012917   0.0000111899   0.0000106956   0.0000082399
 6118  -0.0000175406   0.0000094202   0.0000093637  -0.0000105929  -0.0000316343
 6119   0.0000066830   0.0000427756  -0.0000082229  -0.0000050573   0.0000015251
 6120   0.0000005425  -0.0000045347   0.0000000101   0.0000013476  -0.0000096351
 6121  -0.0000033831  -0.0000107930  -0.0000081987   0.0000025015  -0.0000014545
 6122   0.0000086005   0.0000165909  -0.0000242262  -0.0000072997   0.0000064542
 6123  -0.0000168151   0.0000011067   0.0000228237   0.0000058360  -0.0000403072
 6124  -0.0000141813   0.0000690051   0.0000411799   0.0000115407   0.0000142170
 6125  -0.0000041451  -0.0000142332  -0.0000073786   0.0000399288  -0.0000042665
 6126  -0.0000114014  -0.0000457459  -0.0000005067  -0.0000731288  -0.0000228317
 6127  -0.0000094929  -0.0000078894  -0.0000150892  -0.0000093639   0.0000285118
 6128  -0.0002507022  -0.0000289982  -0.0000958917   0.0000100211  -0.0000194238
 6129   0.0000111429  -0.0000028863  -0.0000139047   0.0000106905  -0.0000012679
 6130   0.0000005263  -0.0000010255  -0.0000012584  -0.0000017554  -0.0000009693
 6131  -0.0000038250  -0.0000032312  -0.0000000954  -0.0000079423  -0.0000035484
 6132   0.0000016177   0.0000001396   0.0000068835  -0.0000195899  -0.0000047306
 6133  -0.0000026444   0.0000073869
 62 1  -0.0000170821   0.0001924858  -0.0001117002   0.0000258958  -0.0003030294
 62 2  -0.0011906215   0.0000730865  -0.0008537547   0.0008501235  -0.0000390705
 62 3   0.0004242089   0.0004601034  -0.0000710707   0.0008444198  -0.0020279580
 62 4  -0.0000216133   0.0003164315   0.0025476156  -0.0000011106   0.0000116377
 62 5  -0.0028141817  -0.0001687041   0.0005528607  -0.0004897311  -0.0000823020
 62 6   0.0015520943  -0.0184432208   0.0049593963  -0.0363860504   0.0133792466
 62 7  -0.0006310657   0.0078431521   0.0092972305   0.0001145055  -0.0007715704
 62 8  -0.0030083815  -0.0000119658   0.0001404707  -0.0003709869  -0.0000117077
 62 9   0.0001452754   0.0008450147   0.0001796134  -0.0001202032  -0.0000782453
 6210  -0.0001569060  -0.0001023054  -0.0000610493   0.0000482176  -0.0013723161
 6211  -0.0000620986   0.1006127704  -1.1772616628   0.1688205921   0.0001184531
 6212  -0.0014799155  -0.0000648580  -0.0000791633   0.0007891409   0.0001120698
 6213  -0.1046224948   1.2027614677  -0.1745614036  -0.0000508169   0.0009181050
 6214   0.0002660126   0.0000374386  -0.0003795974  -0.0002062159  -0.0000256398
 6215   0.0002826027   0.0035525079  -0.0000541610   0.0006522854  -0.0044685489
 6216  -0.0000790607   0.0014062781   0.0064303898  -0.0000096288   0.0001239837
 6217  -0.0001067792   0.0000134060  -0.0001410172  -0.0001061883  -0.0000246253
 6218   0.0002864334  -0.0001729969  -0.0000077983   0.0000885456   0.0003656065
 6219   0.0000349638  -0.0003709571   0.0000532223  -0.0000001077  -0.0000063259
 6220  -0.0000168028   0.0000002629  -0.0000071409  -0.0000058564  -0.0000072986
 6221   0.0000360730   0.0000132493  -0.0000017796  -0.0000078111  -0.0000259126
 6222  -0.0000245291  -0.0000086428   0.0000841656   0.0000242126  -0.0000020774
 6223   0.0000812883  -0.0000191021  -0.0000057010   0.0000169050  -0.0000571833
 6224   0.0000189159   0.0000470120   0.0000188377   0.0000211094  -0.0000212260
 6225   0.0000182183  -0.0000033516   0.0000147690  -0.0000158723   0.0000168352
 6226  -0.0000244026   0.0000457588   0.0000294320   0.0000342875  -0.0000076980
 6227   0.0000729079   0.0000950075  -0.0000057686   0.0000773699  -0.0002424869
 6228  -0.0000225119   0.0000702641   0.0011253065  -0.0000121558  -0.0000051308
 6229   0.0000070924   0.0000123505  -0.0000074953   0.0000102859   0.0000013739
 6230  -0.0000102226   0.0000143717  -0.0000017961   0.0000165826   0.0000124107
 6231  -0.0000026690   0.0000291796   0.0000109425  -0.0000004395  -0.0000329520
 6232  -0.0000198013   0.0000077002  -0.0001013011   0.0001864715  -0.0000015626
 6233   0.0000199830  -0.0000316463
 63 1   0.0000027863  -0.0000290134   0.0000063921  -0.0000029278   0.0000310261
 63 2   0.0001070984  -0.0000072026   0.0000738993  -0.0000757843   0.0000025684
 63 3  -0.0000324492  -0.0000384517   0.0000054498  -0.0000588753   0.0001567264
 63 4   0.0000048735  -0.0000418178  -0.0001678783  -0.0000068588   0.0000793161
 63 5   0.0001836432  -0.0000030569   0.0000172657   0.0011473217   0.0003455973
 63 6  -0.0038970525   0.0001951199  -0.0010465977   0.0118795362   0.0179195577
 63 7   0.0000147662  -0.0000718681  -0.0052213801  -0.0000334149   0.0003531491
 63 8   0.0016553643   0.0000020311  -0.0000140294   0.0000471217   0.0000004341
 63 9  -0.0000061057  -0.0000861606   0.0000439815  -0.0001066232  -0.0000289992
 6310  -0.0000251700  -0.0001104322  -0.0000273801  -0.0000932320   0.0010079862
 6311   0.0007756604  -0.0147142949   0.1660057659  -0.0571367211  -0.0001169625
 6312   0.0013957572  -0.0019970120   0.0000218305  -0.0002572557   0.0000504699
 6313   0.0154627648  -0.1745614036   0.0428235682   0.0001620958  -0.0018200765
 6314  -0.0001295032  -0.0000078742   0.0000858404   0.0000446613   0.0000118516
 6315  -0.0001384658  -0.0001162884  -0.0000434729   0.0005007565   0.0002406050
 6316   0.0000658015  -0.0008194243  -0.0003810456   0.0000026669  -0.0000168656
 6317   0.0000171754  -0.0000010953   0.0000169268   0.0000065866   0.0000026043
 6318  -0.0000245864   0.0000189686   0.0000004468  -0.0000065006  -0.0000357682
 6319  -0.0000017671   0.0000260333   0.0000096805  -0.0000002004   0.0000019884
 6320   0.0000014561   0.0000003702  -0.0000030381   0.0000038303  -0.0000013647
 6321   0.0000051095   0.0000124771  -0.0000015361   0.0000115726  -0.0000104545
 6322   0.0000017563  -0.0000009442  -0.0000075664  -0.0000023818   0.0000000356
 6323  -0.0000091609  -0.0000064649  -0.0000200236   0.0000107698  -0.0000411756
 6324  -0.0000173081   0.0000147874  -0.0000162840  -0.0000045881  -0.0000076862
 6325   0.0000092909  -0.0000178160   0.0000103019   0.0000170496  -0.0000015879
 6326  -0.0000083253   0.0000436725  -0.0000098587   0.0000143339  -0.0000020951
 6327   0.0000286840   0.0000493377  -0.0000040159   0.0000561691  -0.0001458032
 6328  -0.0000424450   0.0004988483   0.0001333159   0.0000012923   0.0000020443
 6329  -0.0000021465  -0.0000020236  -0.0000005991  -0.0000007023   0.0000000913
 6330   0.0000022045  -0.0000020130   0.0000001918  -0.0000020448  -0.0000022271
 6331   0.0000001674  -0.0000002472   0.0000031611  -0.0000012148   0.0000011898
 6332   0.0000024928  -0.0000019018   0.0000133901  -0.0000284609   0.0000005985
 6333  -0.0000035937   0.0000049340
 64 1   0.0000006480   0.0000031274  -0.0000033661   0.0000000881   0.0000097657
 64 2   0.0000496278  -0.0000005253   0.0000319910  -0.0000380215   0.0000023134
 64 3  -0.0000260301  -0.0000084330   0.0000008667  -0.0000327743   0.0000764415
 64 4   0.0000007569  -0.0000119056  -0.0000737149   0.0000066015   0.0000002562
 64 5   0.0000897843  -0.0006983971   0.0000147421   0.0001137471   0.0000779290
 64 6  -0.0000566167   0.0001925913   0.0008463850  -0.0000661323  -0.0003572942
 64 7   0.0010398116   0.0004837146   0.0014425347   0.0179983297   0.0026700003
 64 8  -0.0026132042  -0.0000024471  -0.0000118886   0.0000259358   0.0000027760
 64 9  -0.0000167530  -0.0000291673  -0.0000209998   0.0000387040   0.0001722380
 6410   0.0000150476  -0.0000745286  -0.0002527981  -0.0005855119   0.0000091645
 6411  -0.0003075369  -0.0002172827   0.0001744593  -0.0000949927  -0.0467284432
 6412   0.0619558612  -0.0476808945   0.0005615805  -0.0005114694  -0.0001708568
 6413   0.0003468591  -0.0000508169   0.0001620958   0.0275035912  -0.0646401003
 6414   0.0494375600  -0.0000098039   0.0001123846   0.0000484575   0.0000246103
 6415  -0.0000041198  -0.0000999109  -0.0000107453   0.0000008483   0.0001174968
 6416  -0.0000825129  -0.0000216157  -0.0001548326  -0.0000058627   0.0000183358
 6417  -0.0000083413  -0.0000006703   0.0000040690   0.0000050911   0.0000020816
 6418  -0.0000060629   0.0000024620   0.0000019657  -0.0000053845  -0.0000138504
 6419   0.0000012797   0.0000199122  -0.0000037694  -0.0000030980   0.0000005000
 6420   0.0000000620  -0.0000020899  -0.0000001429   0.0000008750  -0.0000008128
 6421  -0.0000010242  -0.0000072325  -0.0000019179   0.0000015401  -0.0000014632
 6422   0.0000057818   0.0000113907  -0.0000153329  -0.0000045746   0.0000046646
 6423  -0.0000105919  -0.0000288054  -0.0000252725   0.0000059032   0.0000126495
 6424   0.0000028312  -0.0000023950   0.0000127296   0.0000041514  -0.0000074059
 6425  -0.0000589470   0.0000377532  -0.0000190619   0.0000122130   0.0000018588
 6426   0.0000130834   0.0000209845  -0.0000052949   0.0000125297  -0.0000050115
 6427  -0.0000037172  -0.0000016969  -0.0000150378  -0.0000031098   0.0000081188
 6428  -0.0000133335  -0.0000064924  -0.0000111652   0.0000068549  -0.0000146800
 6429   0.0000078922  -0.0000019533  -0.0000109795   0.0000083854  -0.0000006712
 6430   0.0000001863  -0.0000009263  -0.0000004846  -0.0000008996  -0.0000004087
 6431  -0.0000020992  -0.0000015243   0.0000003554  -0.0000032999  -0.0000033289
 6432   0.0000006419   0.0000036588   0.0000019406  -0.0000100281  -0.0000030551
 6433  -0.0000014879   0.0000047825
 65 1  -0.0000061847   0.0000781163  -0.0000342785   0.0000106585  -0.0001525086
 65 2  -0.0005359116   0.0000281442  -0.0003650450   0.0003621616  -0.0000163107
 65 3   0.0001796016   0.0001834589  -0.0000286469   0.0003466599  -0.0008078330
 65 4  -0.0000034189   0.0001116611   0.0009705383   0.0000050364  -0.0000401705
 65 5  -0.0010082991   0.0000250103  -0.0009009947  -0.0013315305  -0.0000590585
 65 6   0.0007248192  -0.0022229651  -0.0000826921   0.0016987299   0.0042073453
 65 7   0.0005120671  -0.0043633069  -0.0168093360   0.0026299329  -0.0129972676
 65 8   0.0305478405  -0.0000056620   0.0000636096  -0.0001736660  -0.0000082762
 65 9   0.0000820577   0.0003855128   0.0001472962   0.0002257761   0.0004650737
 6510  -0.0001925444   0.0001817487   0.0004331388  -0.0000013884  -0.0007138978
 6511   0.0035439066   0.0001746761  -0.0021585083   0.0010748734   0.0619930794
 6512  -0.7736031521   0.5635285249  -0.0005260970   0.0064676874   0.0020886133
 6513  -0.0000407812   0.0009181050  -0.0018200765  -0.0646401003   0.7853665466
 6514  -0.5841777865   0.0001133218  -0.0013066433  -0.0006210411  -0.0000049431
 6515   0.0001080189   0.0011602518  -0.0000005230  -0.0000269223  -0.0014146766
 6516  -0.0000204067   0.0001818763   0.0017705416  -0.0000054275   0.0000563453
 6517  -0.0000607009   0.0000084599  -0.0000674078  -0.0000465641  -0.0000078058
 6518   0.0001320611  -0.0000786962  -0.0000003041   0.0000369532   0.0001665813
 6519   0.0000185849  -0.0001552676   0.0000168850  -0.0000006928  -0.0000008535
 6520  -0.0000091588  -0.0000002479   0.0000006154  -0.0000042075  -0.0000051227
 6521   0.0000156150   0.0000076887  -0.0000025429   0.0000006791  -0.0000185603
 6522  -0.0000130836  -0.0000046585   0.0000402685   0.0000108452   0.0000014962
 6523   0.0000351753  -0.0001320643  -0.0001197282   0.0000863271   0.0000251689
 6524   0.0000268507  -0.0000504875   0.0000179738  -0.0000066225  -0.0000408750
 6525   0.0001405982  -0.0000868347   0.0000821820  -0.0000146943  -0.0000102923
 6526  -0.0000406637  -0.0000260582   0.0000209664  -0.0000498047  -0.0000021295
 6527   0.0000281533   0.0000247377  -0.0000013118   0.0000150369  -0.0000685317
 6528  -0.0000043765   0.0000572734   0.0001473925  -0.0000081388   0.0000004446
 6529   0.0000024803   0.0000060605  -0.0000058454   0.0000075423   0.0000012165
 6530  -0.0000032272   0.0000076008  -0.0000005809   0.0000080024   0.0000063663
 6531  -0.0000004588   0.0000131208   0.0000034373  -0.0000022439  -0.0000183967
 6532  -0.0000086645  -0.0000032327  -0.0000504891   0.0000962776  -0.0000005801
 6533   0.0000094121  -0.0000184089
 66 1   0.0000090973  -0.0001012039   0.0000290030  -0.0000137483   0.0001649018
 66 2   0.0005523964  -0.0000320044   0.0003707616  -0.0003701229   0.0000152647
 66 3  -0.0001762805  -0.0001728263   0.0000307213  -0.0003581694   0.0007974683
 66 4   0.0000084680  -0.0001001977  -0.0009547328  -0.0000056783   0.0000592789
 66 5   0.0009686925  -0.0000251665   0.0002415149   0.0006633437   0.0000118827
 66 6  -0.0001461883   0.0020219144   0.0001092556  -0.0011894553  -0.0026113052
 66 7   0.0000372993  -0.0006613318   0.0114528518  -0.0017996926   0.0212804786
 66 8  -0.0029405978   0.0000071676  -0.0000662993   0.0001915040   0.0000065941
 66 9  -0.0000731619  -0.0004073667  -0.0001115808  -0.0000901260  -0.0002024938
 6610   0.0001267776  -0.0000676957  -0.0002050346  -0.0000860833   0.0010339776
 6611  -0.0013802436   0.0000592399  -0.0006512748  -0.0011948018  -0.0478265816
 6612   0.5651113825  -0.4635023875   0.0001545485  -0.0016589527  -0.0038109111
 6613  -0.0000242801   0.0002660126  -0.0001295032   0.0494375600  -0.5841777865
 6614   0.4616097216  -0.0001030624   0.0011510468   0.0011125073   0.0000096855
 6615  -0.0001140442  -0.0010905470  -0.0000073631   0.0000880096   0.0013105350
 6616   0.0000201485  -0.0002270858  -0.0015789160   0.0000074377  -0.0000605935
 6617   0.0000618608  -0.0000071556   0.0000770027   0.0000499646   0.0000117881
 6618  -0.0001413638   0.0000827966   0.0000020316  -0.0000387472  -0.0001754297
 6619  -0.0000150721   0.0001591838  -0.0000150490  -0.0000001729   0.0000039118
 6620   0.0000096563   0.0000002197  -0.0000005528   0.0000067270   0.0000012950
 6621  -0.0000156900   0.0000032054  -0.0000002114   0.0000019151   0.0000083155
 6622   0.0000119930   0.0000015372  -0.0000397579  -0.0000122599  -0.0000000845
 6623  -0.0000403295   0.0000644436   0.0000537725  -0.0000432050  -0.0000033718
 6624   0.0000049190   0.0000196309  -0.0000150768  -0.0000081357   0.0000215197
 6625  -0.0000738299   0.0000424805  -0.0000431506   0.0000167364  -0.0000053223
 6626   0.0000215357   0.0000028720   0.0000053798   0.0000195037   0.0000013349
 6627  -0.0000167794  -0.0000054863  -0.0000003560   0.0000028581   0.0000147339
 6628   0.0000010501  -0.0000183844  -0.0000148841   0.0000072029   0.0000032691
 6629  -0.0000049440  -0.0000075276   0.0000010312  -0.0000044281  -0.0000004864
 6630   0.0000065943  -0.0000070843   0.0000007101  -0.0000084027  -0.0000066009
 6631   0.0000009643  -0.0000120389  -0.0000016815  -0.0000016135   0.0000134069
 6632   0.0000090747  -0.0000026733   0.0000518889  -0.0001031232   0.0000012586
 6633  -0.0000111671   0.0000184817
 67 1  -0.0000031882   0.0000092900   0.0000014269   0.0000024280  -0.0000180494
 67 2  -0.0000774487   0.0000095383  -0.0000527778   0.0000576822  -0.0000030378
 67 3   0.0000297589   0.0000191536  -0.0000025252   0.0000538355  -0.0001178185
 67 4   0.0000117370   0.0000196506   0.0001319960  -0.0000138698  -0.0000066323
 67 5  -0.0001444024   0.0000202979  -0.0000460729  -0.0000030241  -0.0003297418
 67 6   0.0000120621  -0.0003666271  -0.0009442165   0.0000229096   0.0004859663
 67 7   0.0004270461   0.0002668687  -0.0016828291   0.0180994045   0.0034557867
 67 8   0.0024469476   0.0000007164   0.0000146199  -0.0000332259  -0.0000002730
 67 9   0.0000126664   0.0000515377   0.0000039973  -0.0000259612  -0.0000231015
 6710  -0.0000437380   0.0000490432   0.0000804001   0.0008904007  -0.0002104113
 6711   0.0002024842  -0.0000280109  -0.0000719607   0.0000241456   0.0004322429
 6712  -0.0004585916   0.0003285117  -0.0483602124   0.0816952856   0.0439724648
 6713   0.0000344802   0.0000374386  -0.0000078742  -0.0000098039   0.0001133218
 6714  -0.0001030624   0.0296025553  -0.0849002458  -0.0455099220  -0.0000349835
 6715   0.0000122745   0.0001657986   0.0000816246   0.0000027903  -0.0001969663
 6716   0.0001555900   0.0000369231   0.0002554545  -0.0000020003  -0.0000045758
 6717   0.0000010617   0.0000021223  -0.0000103657  -0.0000076122  -0.0000029616
 6718   0.0000161795  -0.0000089290  -0.0000017264   0.0000083126   0.0000225673
 6719   0.0000005491  -0.0000266129   0.0000038460   0.0000000899  -0.0000020685
 6720  -0.0000005973  -0.0000036138   0.0000003717  -0.0000015911  -0.0000034096
 6721   0.0000010844   0.0000048177  -0.0000071490  -0.0000028976   0.0000009245
 6722  -0.0000041505  -0.0000096787   0.0000133721   0.0000047668  -0.0000018854
 6723   0.0000099210   0.0000181996   0.0000075068   0.0000115473  -0.0000393083
 6724   0.0000049909  -0.0000182071   0.0000316317  -0.0000256429  -0.0000234955
 6725   0.0000556173  -0.0000314606  -0.0000082867   0.0000275618   0.0000398604
 6726   0.0000233467  -0.0000379728  -0.0000267926   0.0000287212  -0.0000038768
 6727   0.0000011015  -0.0000000184   0.0000020514  -0.0000004508  -0.0000088804
 6728  -0.0000334917  -0.0000030894  -0.0000005471  -0.0000042828   0.0000076064
 6729  -0.0000069348   0.0000028199   0.0000066548  -0.0000031980  -0.0000009993
 6730  -0.0000004552  -0.0000002696  -0.0000001420   0.0000011592   0.0000007841
 6731  -0.0000007888   0.0000016525  -0.0000002249  -0.0000012734   0.0000003806
 6732  -0.0000012092   0.0000049749  -0.0000063704   0.0000160193  -0.0000016960
 6733   0.0000016621  -0.0000045953
 68 1   0.0000170119  -0.0001801694   0.0000541077  -0.0000226861   0.0002419915
 68 2   0.0008462461  -0.0000531006   0.0005821055  -0.0005853296   0.0000238999
 68 3  -0.0002717540  -0.0002777558   0.0000507983  -0.0005761564   0.0012782472
 68 4   0.0000197422  -0.0001602790  -0.0015510777  -0.0000075100   0.0000669699
 68 5   0.0015887661  -0.0000742763   0.0008241941   0.0001866591   0.0000217690
 68 6  -0.0006129752   0.0039971690   0.0000347107  -0.0012238745  -0.0053640646
 68 7   0.0002307969  -0.0025712344   0.0186919774   0.0035055859  -0.0202462912
 68 8  -0.0273154832   0.0000112962  -0.0001024277   0.0002944826   0.0000062821
 68 9  -0.0000843522  -0.0006263924  -0.0002430542  -0.0001872487  -0.0002982463
 6810   0.0002624254  -0.0001354091  -0.0002891314  -0.0002009437   0.0032336434
 6811  -0.0022323540  -0.0000677669   0.0007523562  -0.0002670701  -0.0004548496
 6812   0.0057013240  -0.0035650300   0.0816714720  -0.9428011651  -0.4854517996
 6813   0.0000395903  -0.0003795974   0.0000858404   0.0001123846  -0.0013066433
 6814   0.0011510468  -0.0849002458   0.9594014153   0.5025232511   0.0000133502
 6815  -0.0001693176  -0.0018390235   0.0000044342   0.0000256506   0.0022361915
 6816   0.0000352972  -0.0001792434  -0.0028179891   0.0000110010  -0.0001000740
 6817   0.0000822896  -0.0000086493   0.0001232734   0.0000794577   0.0000224617
 6818  -0.0002188415   0.0001284237   0.0000068945  -0.0000614518  -0.0002696987
 6819  -0.0000192369   0.0002505151  -0.0000232553  -0.0000008380   0.0000078879
 6820   0.0000114990  -0.0000001133   0.0000006915   0.0000114737  -0.0000009271
 6821  -0.0000220498   0.0000118415  -0.0000033085   0.0000103711   0.0000014231
 6822   0.0000155847  -0.0000002678  -0.0000580689  -0.0000181478   0.0000016674
 6823  -0.0000635611   0.0001264815   0.0001160225  -0.0000187634   0.0000042746
 6824   0.0001016726  -0.0000790994  -0.0000062674  -0.0000646885  -0.0000023581
 6825  -0.0001422917   0.0000922343  -0.0000212587   0.0000221542  -0.0000572075
 6826   0.0000002249  -0.0000281911   0.0000954380  -0.0000762965   0.0000012378
 6827  -0.0000133459   0.0000000539  -0.0000013947   0.0000256937  -0.0000208899
 6828  -0.0000034910   0.0000025478  -0.0000007258   0.0000066458   0.0000096643
 6829  -0.0000090940  -0.0000098430   0.0000004461  -0.0000040672  -0.0000001055
 6830   0.0000112794  -0.0000105617   0.0000013731  -0.0000124881  -0.0000091065
 6831   0.0000021760  -0.0000171347  -0.0000028005  -0.0000047876   0.0000161120
 6832   0.0000138289  -0.0000113472   0.0000791992  -0.0001471923   0.0000022415
 6833  -0.0000186783   0.0000230443
 69 1   0.0000074903  -0.0000830625   0.0000265283  -0.0000117077   0.0001368214
 69 2   0.0004704355  -0.0000266966   0.0003175916  -0.0003175943   0.0000144424
 69 3  -0.0001535583  -0.0001537288   0.0000257512  -0.0003035026   0.0006901886
 69 4   0.0000060495  -0.0000941908  -0.0008215027  -0.0000049048   0.0000506409
 69 5   0.0008472489  -0.0000175656   0.0001651340   0.0005893843   0.0000016639
 69 6  -0.0000290959   0.0019368441   0.0001227461  -0.0013767682  -0.0022822166
 69 7  -0.0003694514   0.0039671157   0.0086757797   0.0017175349  -0.0189211862
 69 8   0.0048397882   0.0000044267  -0.0000578888   0.0001624565   0.0000053174
 69 9  -0.0000630099  -0.0003451468  -0.0000826483  -0.0000390357  -0.0001423567
 6910   0.0000892507  -0.0000230768  -0.0001438424  -0.0000171797   0.0002654005
 6911  -0.0017298326  -0.0000344036   0.0003839179  -0.0001373183   0.0000399777
 6912  -0.0002344698  -0.0035768118   0.0439473451  -0.4853495983  -0.2937060772
 6913   0.0000182233  -0.0002062159   0.0000446613   0.0000484575  -0.0006210411
 6914   0.0011125073  -0.0455099220   0.5025232511   0.2852491291   0.0000088844
 6915  -0.0001094825  -0.0009541037  -0.0000059466   0.0000812481   0.0011681993
 6916   0.0000214371  -0.0002452800  -0.0013752420   0.0000033662  -0.0000531268
 6917   0.0000547112  -0.0000059987   0.0000643286   0.0000420098   0.0000104867
 6918  -0.0001181987   0.0000712368   0.0000035677  -0.0000335252  -0.0001479662
 6919  -0.0000124754   0.0001349508  -0.0000100612  -0.0000000686   0.0000021509
 6920   0.0000079125   0.0000000461  -0.0000009379   0.0000052209   0.0000026695
 6921  -0.0000114862  -0.0000008537   0.0000006628   0.0000029296   0.0000093067
 6922   0.0000108824   0.0000028609  -0.0000353189  -0.0000100948  -0.0000008164
 6923  -0.0000331918   0.0000498685   0.0000304807  -0.0000369900  -0.0000115855
 6924  -0.0000060472   0.0000296776  -0.0000090038  -0.0000117664   0.0000133706
 6925  -0.0000535479   0.0000199943  -0.0000362579   0.0000112026  -0.0000099873
 6926   0.0000140812   0.0000117744  -0.0000039196   0.0000299583   0.0000008746
 6927  -0.0000127587  -0.0000073126  -0.0000009441   0.0000036511   0.0000193289
 6928   0.0000006587  -0.0000176711  -0.0000286358   0.0000065622   0.0000007133
 6929  -0.0000030868  -0.0000060718   0.0000027065  -0.0000050316  -0.0000007013
 6930   0.0000041642  -0.0000067192   0.0000007622  -0.0000073907  -0.0000054322
 6931   0.0000007242  -0.0000100077  -0.0000011191   0.0000004027   0.0000126188
 6932   0.0000071969  -0.0000030850   0.0000453333  -0.0000901767   0.0000004934
 6933  -0.0000099007   0.0000167652
 70 1  -0.0002974204   0.0000857937  -0.0000048063   0.0001661142  -0.0001133826
 70 2  -0.0002683603  -0.0000831175  -0.0001113546   0.0001603134  -0.0003822213
 70 3  -0.0000019998   0.0001600399   0.0052582795   0.0009716631  -0.0001559550
 70 4   0.0085219575  -0.0003689701   0.0023116575  -0.0588101266   0.0079266381
 70 5  -0.0097526195  -0.0001383894   0.0000408290  -0.0000654015   0.0090244533
 70 6   0.0007481826  -0.0008669145  -0.0006493888  -0.0001761034   0.0002605532
 70 7  -0.0009999056  -0.0001524538  -0.0001610074   0.0000404554   0.0000053393
 70 8   0.0000769169  -0.0000416723   0.0000199033  -0.0000793294   0.0000025976
 70 9   0.0000037541   0.0001689155   0.0000135360  -0.0001785568  -0.0000350408
 7010  -0.0000425355   0.0001823618   0.0000040894  -0.0000772752  -0.0000076222
 7011   0.0000475205   0.0003363778   0.0000963302  -0.0000042288  -0.0001114167
 7012   0.0000133736  -0.0000128179   0.0002082908  -0.0000094729  -0.0000162410
 7013  -0.0000098748  -0.0000256398   0.0000118516   0.0000246103  -0.0000049431
 7014   0.0000096855  -0.0000349835   0.0000133502   0.0000088844   0.1293066351
 7015  -0.0474002874   0.0023097987  -0.0603833822   0.0129764169   0.0095619975
 7016   0.0081322804  -0.0004974678   0.0006504245  -0.0000160632   0.0000308285
 7017  -0.0000166419   0.0000372000  -0.0000577950  -0.0000275534   0.0000077301
 7018   0.0000837824  -0.0000485976   0.0000208828   0.0000292472   0.0000936744
 7019   0.0001225811  -0.0000931575   0.0000140787  -0.0000025045  -0.0000014540
 7020  -0.0000013352  -0.0002006556  -0.0000966560   0.0000178014  -0.0032974805
 7021  -0.0003858475   0.0001704676   0.0056923644   0.0013182568  -0.0025259376
 7022  -0.0000021622   0.0000009737   0.0000223078   0.0000061623   0.0000028812
 7023   0.0000071075  -0.0000166430   0.0000728968  -0.0000433017  -0.0000002197
 7024  -0.0000007196  -0.0000564249  -0.0000025854   0.0000077350   0.0000506714
 7025   0.0000361107  -0.0000773415   0.0000858565  -0.0000057140  -0.0000047329
 7026  -0.0000243300   0.0000017840   0.0000029471   0.0000780044  -0.0408572817
 7027   0.0237621503  -0.0040489164   0.0046535171   0.0019350157   0.0020421330
 7028  -0.0051174739  -0.0005435394  -0.0001510685   0.0000047166  -0.0000075821
 7029   0.0000035457   0.0000037337  -0.0000021724   0.0000029053  -0.0000092817
 7030  -0.0000015504   0.0000049532  -0.0000091202   0.0000027835   0.0000008975
 7031  -0.0000097835   0.0000057632   0.0000040650  -0.0000178666   0.0000005115
 7032  -0.0000001482   0.0000106904  -0.0000219915   0.0000291231  -0.0000065156
 7033   0.0000030853  -0.0000032632
 71 1   0.0000927535  -0.0012992194   0.0000424343  -0.0001159706   0.0014633807
 71 2   0.0030968984  -0.0001048431   0.0011683018  -0.0018083456   0.0000049589
 71 3  -0.0004234615  -0.0018785193   0.0009758686  -0.0059408534   0.0017705627
 71 4  -0.0003800635   0.0128052171  -0.0268585288   0.0079000537  -0.1499665496
 71 5   0.1128591138   0.0000411958  -0.0006800796   0.0007100107   0.0007270742
 71 6   0.0005694686   0.0101918451  -0.0001769984   0.0014066061  -0.0030025855
 71 7  -0.0001525205   0.0007381784   0.0018694099   0.0000054431  -0.0000001903
 71 8  -0.0008899428   0.0000220836  -0.0003031357   0.0009548587   0.0000006042
 71 9  -0.0000685223  -0.0019369340  -0.0001254411  -0.0000658644   0.0001617422
 7110   0.0001284957  -0.0000107153   0.0001647313  -0.0000063829   0.0000030647
 7111  -0.0005468741   0.0000953807  -0.0007227083   0.0000391701   0.0000156869
 7112  -0.0002676389   0.0001518423  -0.0000114511   0.0003291990   0.0001851971
 7113  -0.0000231384   0.0002826027  -0.0001384658  -0.0000041198   0.0001080189
 7114  -0.0001140442   0.0000122745  -0.0001693176  -0.0001094825  -0.0474002874
 7115   0.6795610623  -0.0264297904   0.0130053499  -0.2115848051  -0.1116650897
 7116  -0.0005140509   0.0140156477  -0.0075764777   0.0000239936  -0.0003122174
 7117   0.0001514251  -0.0000594754   0.0006914549   0.0003171118   0.0000871030
 7118  -0.0009473708   0.0005519393   0.0000326480  -0.0003312318  -0.0010782775
 7119  -0.0000994720   0.0012378789  -0.0001711446  -0.0000017950   0.0000175616
 7120   0.0000126199  -0.0001005320   0.0009011219  -0.0002052841  -0.0003785074
 7121   0.0010370091  -0.0019294684   0.0013673478  -0.0097460586   0.0299487478
 7122   0.0000631085   0.0000099299  -0.0002001480  -0.0000637003  -0.0000015776
 7123  -0.0002012180   0.0002360104   0.0000837477  -0.0002474227   0.0000086801
 7124  -0.0000155439  -0.0001249281  -0.0000131715  -0.0000138123  -0.0001482545
 7125  -0.0002464093   0.0000302295  -0.0002333430   0.0000149750  -0.0000133129
 7126  -0.0001544280  -0.0000054961  -0.0000167753  -0.0001120648   0.0237260505
 7127  -0.3168745065   0.0469057258   0.0019417647  -0.0178100923  -0.0237505498
 7128  -0.0005310216   0.0010412379   0.0018556351   0.0000072936   0.0000208991
 7129  -0.0000108366  -0.0000107409   0.0000199870  -0.0000111580  -0.0000012248
 7130   0.0000046526  -0.0000568399   0.0000034971  -0.0000430466  -0.0000096128
 7131   0.0000063533  -0.0000789616  -0.0000454711   0.0000032511  -0.0000366657
 7132   0.0000076048  -0.0000254573   0.0002421397  -0.0003519392   0.0000029710
 7133  -0.0000443631   0.0000488432
 72 1   0.0001798319  -0.0020147654   0.0029339645  -0.0001189330   0.0013987809
 72 2   0.0112774520  -0.0009513346   0.0110010387  -0.0096814126   0.0005812367
 72 3  -0.0066118883  -0.0089009674   0.0011910814  -0.0138210253   0.0361386698
 72 4   0.0009929913  -0.0117725193  -0.0883977753  -0.0098349989   0.1137420762
 72 5  -0.3337049829  -0.0000617456   0.0006873702  -0.0010186677  -0.0012057349
 72 6   0.0136342423   0.0329608152  -0.0000541170   0.0008772173  -0.0219733586
 72 7  -0.0009849472   0.0110991197   0.0093785941   0.0001744318  -0.0019364759
 72 8  -0.0059823881   0.0001102348  -0.0011996533   0.0029284124   0.0000195579
 72 9  -0.0003348126  -0.0072764779   0.0009234524  -0.0001221359  -0.0008460297
 7210  -0.0008865399  -0.0002838534  -0.0008469642   0.0003893526  -0.0044659515
 7211   0.0003821897   0.0005736217  -0.0064718621   0.0009357446   0.0001949484
 7212  -0.0022367188   0.0014685924  -0.0002412541   0.0026913774   0.0010888718
 7213  -0.0003165080   0.0035525079  -0.0001162884  -0.0000999109   0.0011602518
 7214  -0.0010905470   0.0001657986  -0.0018390235  -0.0009541037   0.0023097987
 7215  -0.0264297904   0.7220537854   0.0095565221  -0.1112768940  -0.1930594399
 7216   0.0020957194  -0.0239180924  -0.0868735467   0.0000989384  -0.0010839878
 7217   0.0006549375  -0.0000451974   0.0005216965   0.0006469294   0.0001460465
 7218  -0.0016348386   0.0015586888   0.0000928360  -0.0010584486  -0.0030862330
 7219  -0.0004204605   0.0047200824  -0.0004532009  -0.0000098210   0.0001161688
 7220   0.0001082014  -0.0000447222   0.0005221592  -0.0001816498  -0.0001466581
 7221   0.0019864991   0.0008643778  -0.0000624591   0.0008337678  -0.0022616446
 7222   0.0001643665   0.0001472013  -0.0007056527  -0.0001877450   0.0001154267
 7223  -0.0007050896  -0.0002267522  -0.0001482163   0.0004455781  -0.0002700600
 7224  -0.0003713997   0.0002192576   0.0001882256   0.0001661236   0.0000507175
 7225   0.0002444754  -0.0001008562   0.0004437282  -0.0002160129   0.0001297766
 7226   0.0000505172   0.0003323360  -0.0003186958   0.0002184667  -0.0040207583
 7227   0.0470267070  -0.0649038012  -0.0004533322   0.0051165022   0.0068101447
 7228   0.0001876497  -0.0024444357   0.0007596318   0.0000568959   0.0000676100
 7229  -0.0000525623  -0.0000676737   0.0000566472  -0.0000531638  -0.0000062635
 7230   0.0000707607  -0.0001299539   0.0000136571  -0.0001405688  -0.0000967411
 7231   0.0000173340  -0.0001964683  -0.0000708854  -0.0000061546   0.0000970347
 7232   0.0002018167  -0.0000755987   0.0008585540  -0.0013620349   0.0000143525
 7233  -0.0001633220   0.0002054784
 73 1  -0.0001823429  -0.0000892132   0.0000417824  -0.0002621533   0.0000462971
 73 2   0.0002983561   0.0001653560   0.0002601407  -0.0002234331  -0.0009381486
 73 3  -0.0002182994  -0.0001731210   0.0011718241  -0.0002575970   0.0006500431
 73 4   0.0088416563   0.0007073199  -0.0012549581   0.0013970339  -0.0007511688
 73 5   0.0009412271  -0.0029045633  -0.0003308725   0.0001224112   0.0000251882
 73 6  -0.0011843342   0.0017237267   0.0051595740   0.0007300208   0.0002581196
 73 7   0.0013764438  -0.0000255154   0.0001594216  -0.0003277308   0.0000099902
 73 8  -0.0000248470   0.0000724724  -0.0000264551   0.0000893796   0.0000718186
 73 9  -0.0000066907  -0.0002052783  -0.0001416542  -0.0010994704   0.0004700169
 7310  -0.0002799805   0.0010947930  -0.0004134691  -0.0000685717   0.0000534862
 7311  -0.0001208273  -0.0003733235   0.0000416381  -0.0000047380   0.0001151855
 7312   0.0000023389  -0.0000000821  -0.0002956725  -0.0000187234   0.0000155155
 7313   0.0000338828  -0.0000541610  -0.0000434729  -0.0000107453  -0.0000005230
 7314  -0.0000073631   0.0000816246   0.0000044342  -0.0000059466  -0.0603833822
 7315   0.0130053499   0.0095565221   0.1460802376  -0.0458736351   0.0029570639
 7316  -0.0573600431   0.0081874755  -0.0094243722  -0.0000016109  -0.0000285524
 7317   0.0000165911   0.0001020253   0.0000454797   0.0000262323  -0.0000043842
 7318  -0.0000676453   0.0000426940   0.0000578949  -0.0000207338  -0.0000918418
 7319   0.0000222140   0.0001183418  -0.0000167772  -0.0000165268   0.0000006573
 7320   0.0000019643   0.0001562698   0.0000217332  -0.0000052478  -0.0004302282
 7321  -0.0000870412  -0.0000073543  -0.0052951448  -0.0005474039  -0.0001646396
 7322   0.0000027269   0.0000067084  -0.0000293557  -0.0000080439  -0.0000025097
 7323  -0.0000118959  -0.0000062003  -0.0002517428  -0.0008562540  -0.0000965081
 7324  -0.0000528960  -0.0002224011   0.0000463305   0.0000204776  -0.0001338168
 7325  -0.0001907640   0.0003549719   0.0009305772   0.0000569542  -0.0000065795
 7326   0.0001079160  -0.0001152685   0.0000158651   0.0001688226   0.0033893467
 7327   0.0017166800   0.0020942839  -0.0432902940   0.0234829960  -0.0046130403
 7328   0.0046432747   0.0010656200  -0.0025802107   0.0000022695   0.0000011922
 7329  -0.0000011679  -0.0000010914   0.0000009033  -0.0000003459  -0.0000335781
 7330  -0.0000009258  -0.0000039224  -0.0000088057  -0.0000046740  -0.0000019715
 7331   0.0000080464  -0.0000056730  -0.0000028176  -0.0000507319  -0.0000024048
 7332   0.0000037282  -0.0000006040   0.0000253941  -0.0000368834  -0.0000015543
 7333  -0.0000048639   0.0000054574
 74 1  -0.0000935645   0.0008690745  -0.0004991411   0.0000486524  -0.0008058720
 74 2  -0.0034901155   0.0002607767  -0.0028348475   0.0026068072  -0.0002203538
 74 3   0.0015614374   0.0020062672  -0.0002610262   0.0042056828  -0.0076303703
 74 4   0.0007031861   0.0007830754   0.0147134860  -0.0007460302   0.0100303107
 74 5  -0.0111422519  -0.0003190401   0.0009747953  -0.0012198884  -0.0011632392
 74 6   0.0129831785  -0.0196500829   0.0007317281  -0.0031351435  -0.0028642152
 74 7  -0.0000201649   0.0016162603  -0.0018888795   0.0000109943  -0.0004506211
 74 8   0.0003188016  -0.0000288578   0.0003924439  -0.0010409975  -0.0000027817
 74 9   0.0001483293   0.0024092332   0.0003574314  -0.0002318269  -0.0002849927
 7410  -0.0003549643  -0.0001239360  -0.0003751832   0.0000512412  -0.0006727497
 7411   0.0014024080   0.0000485495  -0.0009076437   0.0000572316   0.0000013760
 7412   0.0000855718  -0.0000025785  -0.0000179229  -0.0001099664  -0.0001891321
 7413  -0.0000544862   0.0006522854   0.0005007565   0.0000008483  -0.0000269223
 7414   0.0000880096   0.0000027903   0.0000256506   0.0000812481   0.0129764169
 7415  -0.2115848051  -0.1112768940  -0.0458736351   0.6775709339  -0.0330433749
 7416   0.0081467116  -0.1511833170   0.1095065059  -0.0000321615   0.0003619658
 7417  -0.0002013903   0.0000474423  -0.0004138304  -0.0003146784  -0.0000710008
 7418   0.0008023944  -0.0005128121  -0.0000210187   0.0003123349   0.0010741563
 7419   0.0001251495  -0.0013455670   0.0001864639   0.0000004810  -0.0000242064
 7420  -0.0000232048   0.0000211218  -0.0000897022   0.0000581205  -0.0000905972
 7421   0.0005494814   0.0000964667  -0.0005460118   0.0010196477   0.0020130617
 7422  -0.0000631382  -0.0000261848   0.0002345538   0.0000660967  -0.0000145754
 7423   0.0002349759  -0.0008135404  -0.0010582275  -0.0004891884  -0.0000979467
 7424   0.0001044085   0.0002947930   0.0000577290   0.0000057584   0.0001709526
 7425   0.0009490419  -0.0008096895  -0.0003121771  -0.0000497617  -0.0000068992
 7426   0.0001923421   0.0000559033   0.0001203863   0.0003291976   0.0017251103
 7427  -0.0165499932  -0.0244130783   0.0234533781  -0.3148483789   0.0515160399
 7428   0.0010904333  -0.0077268736   0.0303119776  -0.0000156301  -0.0000212844
 7429   0.0000147401   0.0000190005  -0.0000194404   0.0000157940  -0.0000005431
 7430  -0.0000237526   0.0000443953  -0.0000051280   0.0000460257   0.0000224853
 7431  -0.0000057473   0.0000750043   0.0000324931  -0.0000035463  -0.0000283831
 7432  -0.0000445423   0.0000251454  -0.0002778529   0.0004369520  -0.0000048973
 7433   0.0000560554  -0.0000615472
 75 1  -0.0001305690   0.0014440250  -0.0018771592   0.0001306187  -0.0014914909
 75 2  -0.0094897231   0.0007312638  -0.0084190632   0.0078167327  -0.0004376766
 75 3   0.0049160587   0.0054251258  -0.0006361252   0.0074453210  -0.0247021668
 75 4  -0.0009762219   0.0114529884   0.0335687413   0.0019034867  -0.0219013900
 75 5  -0.0860241576  -0.0001117246   0.0014053078   0.0021139137   0.0008952699
 75 6  -0.0106377757  -0.0822323048   0.0004995618  -0.0060065479   0.0315701547
 75 7   0.0012501081  -0.0140699636  -0.0137904914  -0.0001870950   0.0020456766
 75 8   0.0080543253  -0.0000954756   0.0010659457  -0.0026877467  -0.0000450565
 75 9   0.0006175679   0.0064154775  -0.0015580643  -0.0002506404   0.0014632734
 7510   0.0016000023   0.0000328532   0.0014672517  -0.0005096187   0.0059079602
 7511  -0.0003391275  -0.0007785559   0.0087680189  -0.0010438087  -0.0002484963
 7512   0.0028275812  -0.0018421872   0.0003092491  -0.0034137373  -0.0015187746
 7513   0.0003908388  -0.0044685489   0.0002406050   0.0001174968  -0.0014146766
 7514   0.0013105350  -0.0001969663   0.0022361915   0.0011681993   0.0095619975
 7515  -0.1116650897  -0.1930594399   0.0029570639  -0.0330433749   0.7185116833
 7516  -0.0095902387   0.1120529527  -0.3370814623  -0.0000820147   0.0009531580
 7517  -0.0006733075   0.0000547168  -0.0006491405  -0.0006787032  -0.0001531557
 7518   0.0016568223  -0.0013287214  -0.0000748937   0.0007861577   0.0027052715
 7519   0.0003032086  -0.0034505752   0.0003412512   0.0000071806  -0.0000837455
 7520  -0.0001035023   0.0000046142  -0.0000709930   0.0000063058  -0.0000020549
 7521  -0.0001641398  -0.0000129541   0.0002170735  -0.0027322691   0.0012897102
 7522  -0.0001550865  -0.0001030900   0.0006239552   0.0001707921  -0.0000731378
 7523   0.0006230657   0.0002186859  -0.0003618784  -0.0010941227   0.0003087672
 7524   0.0004655832  -0.0003669365  -0.0002534283  -0.0002834589  -0.0002962775
 7525  -0.0001962901  -0.0003513507  -0.0010742239   0.0003031814  -0.0002352525
 7526  -0.0002966005  -0.0003882094   0.0004050500  -0.0003610904  -0.0004092215
 7527   0.0048608217   0.0061194922  -0.0046486529   0.0528513685  -0.0672615204
 7528  -0.0001349402   0.0018373935  -0.0028743906  -0.0000630726  -0.0000549633
 7529   0.0000514733   0.0000724087  -0.0000438797   0.0000524243   0.0000073477
 7530  -0.0000840687   0.0001023580  -0.0000124148   0.0001226634   0.0000931414
 7531  -0.0000157706   0.0001718829   0.0000492878   0.0000130696  -0.0001755550
 7532  -0.0001704116   0.0000761990  -0.0007859149   0.0013020230  -0.0000131122
 7533   0.0001563622  -0.0002044659
 76 1   0.0000444398   0.0000553058  -0.0000110164   0.0000204202  -0.0000641007
 76 2  -0.0001965557  -0.0000030695  -0.0001334186   0.0001345260   0.0000763048
 76 3   0.0000643414   0.0000704103  -0.0004545526   0.0001279080  -0.0002709640
 76 4  -0.0005768576  -0.0001194000   0.0004432208   0.0054936478   0.0007957010
 76 5  -0.0001275531   0.0013807453   0.0011171802   0.0018872482  -0.0627094863
 76 6   0.0109362233   0.0091930447   0.0099668341  -0.0006858051   0.0002144922
 76 7   0.0060352557   0.0006979025  -0.0007441837  -0.0003201577  -0.0001283989
 76 8   0.0001844222  -0.0000116592   0.0000185454  -0.0000632795  -0.0000047768
 76 9   0.0000111557   0.0001450622   0.0000189418   0.0002909832   0.0002033072
 7610   0.0002511258  -0.0002018318  -0.0000623522   0.0022444702   0.0005875277
 7611   0.0004794034  -0.0034314082  -0.0000539156  -0.0002336612   0.0005745721
 7612   0.0000949863  -0.0000162561  -0.0009558841  -0.0001327980  -0.0000677415
 7613   0.0005746222  -0.0000790607   0.0000658015  -0.0000825129  -0.0000204067
 7614   0.0000201485   0.0001555900   0.0000352972   0.0000214371   0.0081322804
 7615  -0.0005140509   0.0020957194  -0.0573600431   0.0081467116  -0.0095902387
 7616   0.1280899986  -0.0460220915   0.0024397329  -0.0000088240   0.0000253217
 7617  -0.0000190051  -0.0000086426  -0.0000368184  -0.0000201977  -0.0000007515
 7618   0.0000561291  -0.0000304046  -0.0000073076   0.0000124993   0.0000670481
 7619   0.0000120948  -0.0000619225   0.0000093379   0.0000030780  -0.0000007900
 7620  -0.0000015783  -0.0000406839  -0.0000066896   0.0000004200   0.0000288627
 7621   0.0000088901  -0.0000098081   0.0001512175  -0.0000314944   0.0000274888
 7622  -0.0000019170   0.0000008545   0.0000107685   0.0000038155   0.0000025456
 7623   0.0000124126  -0.0001031728   0.0000731776  -0.0000466821   0.0002617452
 7624   0.0000092708  -0.0000284987   0.0001613255   0.0000791013   0.0001071653
 7625  -0.0000594018  -0.0000941072   0.0000092017   0.0001386723  -0.0000653676
 7626  -0.0001067881   0.0002047266   0.0000571461   0.0000133544  -0.0027744141
 7627  -0.0003310889   0.0001393453   0.0052061392   0.0010171147  -0.0026454249
 7628  -0.0403135280   0.0244897299  -0.0037366767   0.0000021377  -0.0000061490
 7629   0.0000029019   0.0000028499  -0.0000032588   0.0000037672   0.0000016136
 7630  -0.0000018963   0.0000026136  -0.0000007372   0.0000024813   0.0000017654
 7631  -0.0000066081   0.0000039598   0.0000020237  -0.0000067017  -0.0000050074
 7632  -0.0000029191   0.0000092626  -0.0000211163   0.0000277159  -0.0000036915
 7633   0.0000029939  -0.0000035212
 77 1   0.0000529853  -0.0005714541   0.0001024753  -0.0000629433   0.0007239020
 77 2   0.0022382675  -0.0001298514   0.0014727023  -0.0015332538   0.0000654400
 77 3  -0.0006937504  -0.0007460344   0.0001243012  -0.0019062706   0.0030375640
 77 4  -0.0001217534   0.0008173038  -0.0049149210   0.0007913715  -0.0036475718
 77 5   0.0012527314   0.0010296645  -0.0106251743  -0.0212270296   0.0111984070
 77 6  -0.1910731025  -0.1070055053  -0.0006951684   0.0175946084  -0.0014985190
 77 7   0.0007005605  -0.0020097085   0.0084080631  -0.0001289663   0.0011870854
 77 8  -0.0020414343   0.0000230266  -0.0002668891   0.0007530310   0.0000124564
 77 9  -0.0001879250  -0.0016353812   0.0010252391   0.0004912555  -0.0004860799
 7710  -0.0010660279   0.0001769402  -0.0005492253   0.0005995605  -0.0043304065
 7711  -0.0054178292  -0.0000515157  -0.0026596900   0.0025479779   0.0000919257
 7712  -0.0004526946   0.0002093931  -0.0001269650   0.0005269517   0.0007208903
 7713  -0.0000786951   0.0014062781  -0.0008194243  -0.0000216157   0.0001818763
 7714  -0.0002270858   0.0000369231  -0.0001792434  -0.0002452800  -0.0004974678
 7715   0.0140156477  -0.0239180924   0.0081874755  -0.1511833170   0.1120529527
 7716  -0.0460220915   0.6580570475  -0.0310415204   0.0000233678  -0.0002476385
 7717   0.0001662474  -0.0000391509   0.0003805329   0.0002444367   0.0000527867
 7718  -0.0006476239   0.0003449243   0.0000083430  -0.0001758279  -0.0007465101
 7719  -0.0000676680   0.0007123018  -0.0001005184  -0.0000004728   0.0000123110
 7720   0.0000154998  -0.0000060784   0.0000332941  -0.0000030364   0.0000094830
 7721  -0.0000708446   0.0000954122  -0.0000294123   0.0004970606  -0.0003177096
 7722   0.0000467109   0.0000069559  -0.0001617172  -0.0000479297  -0.0000002441
 7723  -0.0001626077   0.0000429849  -0.0001219041   0.0002855057  -0.0002582537
 7724  -0.0001446071   0.0000796498  -0.0002102599   0.0000217100  -0.0000774669
 7725  -0.0000732148  -0.0000764619   0.0002664852   0.0002292150   0.0000548880
 7726  -0.0000860197   0.0003239170  -0.0000871708   0.0000863530  -0.0003397414
 7727   0.0010544241  -0.0014774269   0.0010209167  -0.0067077018   0.0307343686
 7728   0.0243930681  -0.3215047299   0.0431338993   0.0000158745   0.0000144262
 7729  -0.0000120991  -0.0000178474   0.0000096939  -0.0000110692  -0.0000018350
 7730   0.0000206047  -0.0000294253   0.0000024223  -0.0000314233  -0.0000179919
 7731   0.0000036661  -0.0000538140  -0.0000195836  -0.0000042184   0.0000337463
 7732   0.0000339185  -0.0000166082   0.0001949511  -0.0003293588   0.0000036594
 7733  -0.0000413097   0.0000491098
 78 1   0.0001399057  -0.0015542553   0.0013887392  -0.0001469520   0.0017184945
 78 2   0.0088786050  -0.0006274674   0.0072535313  -0.0069337868   0.0003464144
 78 3  -0.0039089768  -0.0046426166   0.0006428807  -0.0075011987   0.0195816670
 78 4   0.0004272353  -0.0050975921  -0.0276026234   0.0001418340  -0.0018544676
 78 5   0.0372058241   0.0007049184  -0.0081698536   0.0045511265   0.0082613817
 78 6  -0.0935698454  -0.2026096464   0.0009625350  -0.0104127869  -0.0778788217
 78 7  -0.0021700344   0.0245323028   0.0139435461   0.0003511219  -0.0038626176
 78 8  -0.0107211843   0.0000962537  -0.0010269051   0.0026516521   0.0000530453
 78 9  -0.0006692127  -0.0061336264   0.0015789919   0.0001798123  -0.0010294723
 7810  -0.0016087508  -0.0000600436  -0.0010170046   0.0003755466  -0.0044518226
 7811   0.0052504488   0.0013980524  -0.0157446614   0.0009830247   0.0003171063
 7812  -0.0036763155   0.0025395518  -0.0003942832   0.0044049023   0.0015002154
 7813  -0.0005729281   0.0064303898  -0.0003810456  -0.0001548326   0.0017705416
 7814  -0.0015789160   0.0002554545  -0.0028179891  -0.0013752420   0.0006504245
 7815  -0.0075764777  -0.0868735467  -0.0094243722   0.1095065059  -0.3370814623
 7816   0.0024397329  -0.0310415204   0.7325965985   0.0000883995  -0.0009317192
 7817   0.0006628897  -0.0000727214   0.0008136768   0.0006821008   0.0001572223
 7818  -0.0017755414   0.0012716107   0.0000611663  -0.0007235003  -0.0026059680
 7819  -0.0002758484   0.0030679258  -0.0003260975  -0.0000056473   0.0000753459
 7820   0.0000874066  -0.0000059697   0.0000812650   0.0000118618   0.0000257479
 7821  -0.0001594365  -0.0000328404  -0.0000299533   0.0003871418  -0.0000929185
 7822   0.0001549055   0.0000823396  -0.0006030434  -0.0001664796   0.0000533450
 7823  -0.0006024002  -0.0000887301   0.0000944450   0.0003102112  -0.0003191315
 7824  -0.0000739838  -0.0000276321   0.0000972489   0.0001269687  -0.0001564885
 7825   0.0000776191   0.0000870192   0.0003093667  -0.0001243991   0.0001174738
 7826  -0.0001480407   0.0003277982  -0.0000142926  -0.0000293500  -0.0001669236
 7827   0.0019156272   0.0011376317  -0.0000556447   0.0005440884  -0.0012305989
 7828  -0.0036730367   0.0427818934  -0.0625494281   0.0000649893   0.0000524466
 7829  -0.0000499224  -0.0000723232   0.0000405359  -0.0000506393  -0.0000065946
 7830   0.0000746856  -0.0001079695   0.0000114946  -0.0001202694  -0.0000872627
 7831   0.0000152665  -0.0001766241  -0.0000523355  -0.0000145183   0.0001813751
 7832   0.0001480228  -0.0000611158   0.0007524311  -0.0012808555   0.0000139646
 7833  -0.0001546006   0.0002006848
 79 1   0.0002027281   0.0002469903   0.0002768499  -0.0013976682  -0.0004887030
 79 2  -0.0003428198  -0.0002788765  -0.0000201924   0.0001871679   0.0004751585
 79 3  -0.0000136217   0.0000611757   0.0004458046   0.0000875491  -0.0001629145
 79 4  -0.0000405140   0.0000297655   0.0001375413   0.0000115496  -0.0000412801
 79 5  -0.0001120652   0.0000163234   0.0000020910   0.0000053767   0.0000074210
 79 6  -0.0000261397  -0.0000834837   0.0000000153   0.0000011127   0.0000581258
 79 7   0.0000061427  -0.0000364925  -0.0000350924   0.0000018621   0.0000094235
 79 8   0.0000213002  -0.0831558245   0.0111507645  -0.0001645363  -0.0034476806
 79 9  -0.0005799022  -0.0000983973  -0.0000029379   0.0000073724  -0.0000015495
 7910   0.0000058000   0.0000003994   0.0000043355  -0.0000155700   0.0000190339
 7911  -0.0000025141  -0.0000001775   0.0000198284   0.0000002837  -0.0000023381
 7912   0.0000168307  -0.0000089494   0.0000028420  -0.0000068565  -0.0000041573
 7913  -0.0000117774  -0.0000096288   0.0000026669  -0.0000058627  -0.0000054275
 7914   0.0000074377  -0.0000020003   0.0000110010   0.0000033662  -0.0000160632
 7915   0.0000239936   0.0000989384  -0.0000016109  -0.0000321615  -0.0000820147
 7916  -0.0000088240   0.0000233678   0.0000883995   0.5897378046   0.0059633918
 7917  -0.0036128299   0.0004572890  -0.0000253127  -0.0000478554   0.0002223739
 7918   0.0000507793  -0.0000127582  -0.0000463642  -0.0000092251   0.0000266562
 7919  -0.0000586961  -0.0000215846   0.0000399803   0.0023968344   0.0002610079
 7920   0.0000109687  -0.0002438568  -0.0000258748   0.0000202820  -0.0000350463
 7921  -0.0000017853   0.0000062282   0.0000159087   0.0000031725   0.0000028263
 7922  -0.0013720241   0.0302245535  -0.0023763805   0.0036256497  -0.0270822314
 7923   0.0023719556   0.0000063108  -0.0000017107   0.0000001631  -0.0000025245
 7924  -0.0000021157   0.0000000886  -0.0000030122   0.0000002090  -0.0000026816
 7925   0.0000098779  -0.0000050072  -0.0000019294   0.0000035233  -0.0000042220
 7926   0.0000039459  -0.0000085769   0.0000066884  -0.0000009555   0.0000075993
 7927   0.0000025884   0.0000000201   0.0000098197   0.0000039683  -0.0000065059
 7928   0.0000039926   0.0000022859  -0.0000012176  -0.2336814489   0.0681259623
 7929   0.0732667749  -0.2047821401  -0.0905455344  -0.0662443884  -0.0003382467
 7930   0.0000131321  -0.0000098707   0.0000210617  -0.0000017740  -0.0000019116
 7931  -0.0000313682  -0.0000052133   0.0000018885  -0.0000225265  -0.0000073800
 7932   0.0000032283  -0.0664622589   0.0027077341   0.0006306337  -0.0022178768
 7933  -0.0000156203  -0.0039208271
 80 1   0.0002707611  -0.0027748419  -0.0029698906  -0.0005284304   0.0040609813
 80 2   0.0040141070  -0.0000246166  -0.0001207579  -0.0019747221  -0.0000169796
 80 3   0.0007370523  -0.0007646024   0.0000863168  -0.0005203591   0.0017390774
 80 4   0.0000277090  -0.0003466293  -0.0016358064  -0.0000429027   0.0005066234
 80 5   0.0012044378  -0.0000180539   0.0000936916  -0.0000381823  -0.0000210262
 80 6   0.0002926582   0.0008795078   0.0000125323  -0.0000476216  -0.0006482211
 80 7  -0.0000379668   0.0004380447   0.0003650720   0.0000115569  -0.0000974194
 80 8  -0.0002370122   0.0110862917  -0.2061711021   0.0004828633  -0.0005883645
 80 9   0.0026945042   0.0011106793   0.0000118954  -0.0000158080  -0.0000091208
 8010  -0.0000319214  -0.0000390994  -0.0000065349   0.0000063355  -0.0001903257
 8011   0.0000030352   0.0000369018  -0.0001964910   0.0000381549   0.0000214963
 8012  -0.0000966520   0.0000647207  -0.0000157033   0.0001286567   0.0000523487
 8013   0.0000197040   0.0001239837  -0.0000168656   0.0000183358   0.0000563453
 8014  -0.0000605935  -0.0000045758  -0.0001000740  -0.0000531268   0.0000308285
 8015  -0.0003122174  -0.0010839878  -0.0000285524   0.0003619658   0.0009531580
 8016   0.0000253217  -0.0002476385  -0.0009317192   0.0059633918   0.5284192977
 8017   0.0369515421  -0.0000125903   0.0006745562   0.0005693461   0.0000753200
 8018  -0.0004446073   0.0002033823   0.0000130861   0.0000621534  -0.0002788544
 8019   0.0000038847   0.0000688882  -0.0004037680   0.0002822898  -0.0005968788
 8020   0.0000107414  -0.0000271189   0.0000457785  -0.0002347961   0.0000031511
 8021  -0.0000208406   0.0000153220   0.0000062596  -0.0000429331   0.0000027444
 8022   0.0004801426  -0.0137352867  -0.0002090070   0.0026435490  -0.0187330464
 8023   0.0002489541   0.0000019813   0.0000231596   0.0000016921  -0.0000092482
 8024  -0.0000200949  -0.0000090491   0.0000083580   0.0000111186  -0.0000020131
 8025  -0.0000047800   0.0000177029   0.0000029529  -0.0000115556   0.0000062748
 8026   0.0000003611   0.0000073481  -0.0000189865  -0.0000082956   0.0000026163
 8027  -0.0000119883  -0.0000037817   0.0000015718  -0.0000255370   0.0000247749
 8028   0.0000022159  -0.0000163594  -0.0000056873   0.0712370967  -0.0822251856
 8029  -0.0299159442  -0.0936541671  -0.1123466770  -0.0414924655   0.0000103016
 8030  -0.0004598710   0.0000967095  -0.0000000481   0.0000396459   0.0000218163
 8031  -0.0000030838   0.0000266912  -0.0000268549  -0.0000075625   0.0001117488
 8032  -0.0000323391   0.0026188881  -0.0969506175  -0.0106817276   0.0000618093
 8033  -0.0020755753   0.0446774684
 81 1   0.0001309960  -0.0014353793  -0.0049598203  -0.0003013949   0.0034081797
 81 2  -0.0033724309   0.0000587389  -0.0005822853   0.0004006482  -0.0001411579
 81 3   0.0015125247   0.0001449767  -0.0000739076   0.0008256262  -0.0005014180
 81 4   0.0000063251  -0.0001096799   0.0006464351   0.0000115342  -0.0001360833
 81 5  -0.0006846072   0.0000095629  -0.0000580985  -0.0000124037   0.0000167662
 81 6  -0.0002007516  -0.0006708872  -0.0000079409   0.0000342454   0.0004971530
 81 7   0.0000249169  -0.0002886206  -0.0003546561  -0.0000080215   0.0000739238
 81 8   0.0002216769  -0.0001350115   0.0021925116  -0.0724418501  -0.0031481001
 81 9   0.0350273254  -0.0090195470  -0.0000085086   0.0000018030  -0.0000015608
 8110   0.0000239930   0.0000153472  -0.0000041021  -0.0000006383   0.0000841826
 8111   0.0000782273  -0.0000242698   0.0001563399  -0.0000337998  -0.0000153796
 8112   0.0000948135  -0.0000640219   0.0000137294  -0.0001152870  -0.0000465603
 8113  -0.0000086029  -0.0001067792   0.0000171754  -0.0000083413  -0.0000607009
 8114   0.0000618608   0.0000010617   0.0000822896   0.0000547112  -0.0000166419
 8115   0.0001514251   0.0006549375   0.0000165911  -0.0002013903  -0.0006733075
 8116  -0.0000190051   0.0001662474   0.0006628897  -0.0036128299   0.0369515421
 8117   0.5149730827   0.0001230011  -0.0013987188  -0.0006757466  -0.0000475730
 8118   0.0004090199   0.0003969529  -0.0000026380  -0.0001128623   0.0002519354
 8119   0.0000209575  -0.0003394002  -0.0004693490  -0.0002247051   0.0020088240
 8120  -0.0044268313   0.0000022859  -0.0000181400  -0.0000713367   0.0000005973
 8121  -0.0000117806   0.0000426367   0.0000024245  -0.0000234154  -0.0000423834
 8122   0.0009823623  -0.0146908962   0.0020700597   0.0016389196  -0.0146029432
 8123   0.0020671209  -0.0000017358  -0.0000070256   0.0000041793   0.0000025618
 8124   0.0000114500   0.0000001308  -0.0000044413  -0.0000102872   0.0000019686
 8125   0.0000048593  -0.0000062663   0.0000042754   0.0000070767  -0.0000077184
 8126   0.0000019549  -0.0000028151   0.0000119479   0.0000000993  -0.0000006119
 8127  -0.0000030631   0.0000129116  -0.0000004304   0.0000073177  -0.0000203888
 8128  -0.0000015539   0.0000105547   0.0000042982   0.0741316290  -0.0316762412
 8129  -0.0792923579  -0.0668134776  -0.0435030482  -0.0793662997   0.0000040689
 8130  -0.0000529746   0.0009915893   0.0000009356  -0.0000205470  -0.0000137356
 8131   0.0000006600  -0.0000243748   0.0000679661  -0.0000117795   0.0001272387
 8132   0.0000022225  -0.0031933884   0.0340754010  -0.2513413150   0.0005983470
 8133  -0.0076353220  -0.0157733593
 82 1  -0.0727251262   0.0100791975   0.0052224180   0.0023979316  -0.0000346140
 82 2  -0.0009338531  -0.0004879619   0.0000539064   0.0004738194   0.0109409998
 82 3  -0.0036809809   0.0033236976   0.0046015353   0.0007704242  -0.0003824190
 82 4   0.0000679513  -0.0000830674  -0.0000272285  -0.0005187986   0.0000218443
 82 5  -0.0000168094   0.0000032456  -0.0000012136  -0.0000184709  -0.0000309801
 82 6   0.0000399905   0.0000829406   0.0000028188  -0.0000063716  -0.0000606815
 82 7  -0.0000012734   0.0000498560   0.0000363985  -0.0000013257  -0.0000106116
 82 8  -0.0000209884  -0.0024786475   0.0000833223   0.0005295086   0.0059810528
 82 9   0.0057115200   0.0025673100   0.0000003932  -0.0000073691  -0.0000013296
 8210  -0.0000084088   0.0000016629  -0.0000043920   0.0000040484  -0.0000229181
 8211   0.0000035862  -0.0000011561  -0.0000191802   0.0000038309   0.0000009801
 8212  -0.0000110056   0.0000076935  -0.0000018378   0.0000127277   0.0000032484
 8213   0.0000012917   0.0000134060  -0.0000010953  -0.0000006703   0.0000084599
 8214  -0.0000071556   0.0000021223  -0.0000086493  -0.0000059987   0.0000372000
 8215  -0.0000594754  -0.0000451974   0.0001020253   0.0000474423   0.0000547168
 8216  -0.0000086426  -0.0000391509  -0.0000727214   0.0004572890  -0.0000125903
 8217   0.0001230011   0.1392677581  -0.0515726451   0.0037739146  -0.0669591080
 8218   0.0265661758  -0.0013277305   0.0104799101   0.0013892716  -0.0073851953
 8219  -0.0062197465   0.0043483396   0.0017921833   0.0008020983   0.0001631405
 8220   0.0001070163  -0.0004214414  -0.0000671853   0.0000039494   0.0001616356
 8221   0.0000079682   0.0000150496   0.0000073139  -0.0000217216  -0.0000177391
 8222   0.0000973727  -0.0007987600  -0.0003309670   0.0000064720   0.0008572124
 8223   0.0002330692   0.0000021981   0.0000054288  -0.0000003696   0.0000024440
 8224  -0.0000003423  -0.0000004050   0.0000019642   0.0000005510   0.0000010970
 8225  -0.0000045802   0.0000065463   0.0000013712  -0.0000032071   0.0000026236
 8226  -0.0000006770   0.0000076945  -0.0000050108  -0.0000002012  -0.0000323428
 8227  -0.0000063359   0.0000050545  -0.0000000220  -0.0000069412   0.0000056411
 8228   0.0000058301  -0.0000019357   0.0000007201  -0.0000149234  -0.0000702934
 8229   0.0000379767  -0.0000362129   0.0000960241  -0.0000456529  -0.0351248859
 8230   0.0040758658  -0.0070273524   0.0043135689   0.0016991961  -0.0006073755
 8231   0.0061270901   0.0004263874  -0.0000724776  -0.0008461819  -0.0000106805
 8232   0.0000584090   0.0000824204   0.0000337581  -0.0000659942  -0.0000391754
 8233  -0.0000131996   0.0000128565
 83 1   0.0100256874  -0.1831531240  -0.0567548361  -0.0000260425   0.0027313808
 83 2   0.0103201560   0.0000549750  -0.0011286856  -0.0052836084  -0.0036337131
 83 3   0.0508619644  -0.0359879890   0.0007656736  -0.0039408219   0.0041949359
 83 4  -0.0000786698   0.0009495084   0.0003872808   0.0000167507  -0.0007453509
 83 5   0.0001686494   0.0000117057  -0.0001542425   0.0001010617   0.0000310192
 83 6  -0.0003642830  -0.0008948523  -0.0000119880   0.0001253450   0.0006729270
 83 7   0.0000483316  -0.0005571113  -0.0003740198  -0.0000126379   0.0001364341
 83 8   0.0002469873   0.0001074055  -0.0036044270  -0.0061116147   0.0057374156
 83 9  -0.0571140295  -0.0287944078  -0.0000320074   0.0000335393   0.0000159600
 8310   0.0000280250   0.0000403428   0.0000135353  -0.0000225459   0.0002783063
 8311  -0.0000430025  -0.0000199192   0.0002172133  -0.0000535406  -0.0000105835
 8312   0.0001123312  -0.0000783653   0.0000136501  -0.0001470982  -0.0000567359
 8313   0.0000111899  -0.0001410172   0.0000169268   0.0000040690  -0.0000674078
 8314   0.0000770027  -0.0000103657   0.0001232734   0.0000643286  -0.0000577950
 8315   0.0006914549   0.0005216965   0.0000454797  -0.0004138304  -0.0006491405
 8316  -0.0000368184   0.0003805329   0.0008136768  -0.0000253127   0.0006745562
 8317  -0.0013987188  -0.0515726451   0.7075725206  -0.0438246950   0.0264830020
 8318  -0.3585905490   0.0140308399   0.0014272667  -0.0053503448   0.0817505385
 8319   0.0043506273  -0.0538928859  -0.0197303113   0.0001630251  -0.0010091314
 8320  -0.0011871718  -0.0000643095   0.0003224115  -0.0000359310   0.0000124282
 8321   0.0000699539  -0.0001963215  -0.0000192585   0.0002537745   0.0001912561
 8322   0.0003410166  -0.0001822553   0.0002918559  -0.0003030548  -0.0000957482
 8323   0.0003672751  -0.0000013578  -0.0000266386  -0.0000063287   0.0000113608
 8324   0.0000271512   0.0000135836  -0.0000139181  -0.0000127573  -0.0000001451
 8325   0.0000079787  -0.0000280931  -0.0000049403   0.0000160089  -0.0000097621
 8326   0.0000007310  -0.0000158389   0.0000246299   0.0000141238  -0.0000065943
 8327   0.0000387878  -0.0000557020  -0.0000061560   0.0000657838   0.0000087968
 8328  -0.0000021881   0.0000276402  -0.0000050984  -0.0000035236  -0.0002118779
 8329   0.0000755226   0.0000362254  -0.0001853124   0.0000642996   0.0041065484
 8330  -0.0808367418   0.0795866651   0.0016825075  -0.0142948583   0.0067192815
 8331   0.0004252767   0.0014086910   0.0008523446  -0.0000023796  -0.0007111260
 8332  -0.0006453901   0.0000382927  -0.0003075192   0.0007178504  -0.0000133196
 8333   0.0001095036  -0.0001272222
 84 1   0.0101471726  -0.1116290434  -0.2406449719  -0.0006258953   0.0069246546
 84 2   0.0014356371   0.0000434578  -0.0005098441  -0.0019435839   0.0002083381
 84 3  -0.0020100078  -0.0404658386  -0.0002379505   0.0025642958  -0.0040489943
 84 4   0.0000584397  -0.0006355003   0.0003898863   0.0000320939  -0.0003518736
 84 5  -0.0007906606   0.0000081813  -0.0000862917   0.0000565356   0.0000222614
 84 6  -0.0002566862  -0.0006816006  -0.0000053658   0.0000620170   0.0005004671
 84 7   0.0000327124  -0.0003669346  -0.0002692519  -0.0000073023   0.0000874518
 84 8   0.0001766800  -0.0001174916   0.0011901000   0.0012036113   0.0008912863
 84 9  -0.0101179711   0.0157645805  -0.0000230640   0.0000205728   0.0000098731
 8410   0.0000174504   0.0000234746   0.0000104619  -0.0000155911   0.0001695849
 8411  -0.0000210805  -0.0000141219   0.0001656151  -0.0000356220  -0.0000065608
 8412   0.0000799548  -0.0000544103   0.0000084197  -0.0000980344  -0.0000385146
 8413   0.0000106956  -0.0001061883   0.0000065866   0.0000050911  -0.0000465641
 8414   0.0000499646  -0.0000076122   0.0000794577   0.0000420098  -0.0000275534
 8415   0.0003171118   0.0006469294   0.0000262323  -0.0003146784  -0.0006787032
 8416  -0.0000201977   0.0002444367   0.0006821008  -0.0000478554   0.0005693461
 8417  -0.0006757466   0.0037739146  -0.0438246950   0.7230210385  -0.0070193811
 8418   0.0785626498  -0.1347151866  -0.0033327923   0.0362508594   0.0079560778
 8419   0.0014193958  -0.0155917988  -0.0084752250  -0.0000459724   0.0005426001
 8420   0.0006875198   0.0000030051  -0.0000309353   0.0000665348  -0.0000061972
 8421   0.0000533940   0.0001285866  -0.0000053496   0.0000581848   0.0000565893
 8422   0.0008196468  -0.0001985959   0.0006858860  -0.0007844226  -0.0002892135
 8423   0.0006205329  -0.0000011479  -0.0000151262  -0.0000037819   0.0000070026
 8424   0.0000160490   0.0000060788  -0.0000085079  -0.0000077866   0.0000009890
 8425   0.0000030857  -0.0000139554  -0.0000040150   0.0000097529  -0.0000062789
 8426   0.0000006311  -0.0000096202   0.0000144059   0.0000059667  -0.0000017732
 8427   0.0000214276   0.0000024142  -0.0000025175   0.0000330015  -0.0000063461
 8428  -0.0000011008   0.0000175342   0.0000049286   0.0001419082  -0.0002034624
 8429  -0.0000559256  -0.0001044764  -0.0002260195  -0.0000548394  -0.0072256652
 8430   0.0811753197  -0.3240806082   0.0021138132  -0.0235113916   0.0080246386
 8431  -0.0001505159   0.0017783975  -0.0051074557   0.0000327875  -0.0003303774
 8432   0.0006238891   0.0000186219  -0.0002258419   0.0000754143   0.0000012352
 8433  -0.0000168007  -0.0000906780
 85 1   0.0055529368   0.0052806811   0.0048879460   0.0008535920   0.0004334590
 85 2   0.0003327965   0.0001602946  -0.0000131920  -0.0003486571  -0.0076120547
 85 3   0.0025168959  -0.0023055094  -0.0000844012  -0.0003413410  -0.0001758042
 85 4  -0.0002735817   0.0000167268   0.0001778552   0.0001123469  -0.0000788403
 85 5  -0.0001289216   0.0000129863  -0.0000429417  -0.0000014456  -0.0000052433
 85 6  -0.0000478071  -0.0001558329  -0.0000049094   0.0000228832   0.0001189081
 85 7   0.0000066073  -0.0000875690  -0.0000627791  -0.0000057096   0.0000236831
 85 8   0.0000453061   0.0002359428   0.0000195091  -0.0001988310   0.0052538987
 85 9  -0.0007059502   0.0001839540  -0.0000116657  -0.0000025326   0.0000002149
 8510  -0.0000081779   0.0000132150  -0.0000016371  -0.0000027358   0.0000408404
 8511  -0.0000017543  -0.0000041374   0.0000398130  -0.0000110490  -0.0000003469
 8512   0.0000169312  -0.0000117250   0.0000020005  -0.0000256642  -0.0000122668
 8513   0.0000082399  -0.0000246253   0.0000026043   0.0000020816  -0.0000078058
 8514   0.0000117881  -0.0000029616   0.0000224617   0.0000104867   0.0000077301
 8515   0.0000871030   0.0001460465  -0.0000043842  -0.0000710008  -0.0001531557
 8516  -0.0000007515   0.0000527867   0.0001572223   0.0002223739   0.0000753200
 8517  -0.0000475730  -0.0669591080   0.0264830020  -0.0070193811   0.1467546983
 8518  -0.0517913491  -0.0030211190  -0.0682724649   0.0073684497  -0.0028342319
 8519   0.0103892428  -0.0042693882  -0.0000236099  -0.0003736206  -0.0000393998
 8520   0.0000034508  -0.0000574654   0.0000004868   0.0000048534  -0.0001393000
 8521   0.0000041119  -0.0000166389  -0.0000324837   0.0000201648   0.0000126835
 8522  -0.0000652271   0.0005240635  -0.0001458414   0.0000531554  -0.0003643659
 8523   0.0001227904   0.0000026886   0.0000006126  -0.0000009951   0.0000076441
 8524   0.0000077982   0.0000026928  -0.0000014726  -0.0000026239   0.0000011167
 8525  -0.0000043351   0.0000027840   0.0000002100  -0.0000017785   0.0000011452
 8526  -0.0000001889   0.0000090668  -0.0000015686   0.0000035366   0.0000125660
 8527   0.0000045262  -0.0000017698  -0.0000033307   0.0000056357   0.0000071855
 8528   0.0000027367   0.0000042489   0.0000015997   0.0000246964  -0.0000995165
 8529   0.0000305962  -0.0000091375   0.0000534637  -0.0000095374   0.0040673555
 8530   0.0008079433   0.0000733770  -0.0405728588   0.0124800191   0.0126245531
 8531   0.0033880580   0.0007318617  -0.0026564449   0.0073754090   0.0008837268
 8532   0.0003557719  -0.0000078446  -0.0000336344   0.0000304796   0.0000031394
 8533   0.0000047628  -0.0000033262
 86 1   0.0053049077  -0.0522028783  -0.0545029616   0.0004317339  -0.0039158888
 86 2  -0.0036562920  -0.0000094778   0.0003022665   0.0038086162   0.0025445238
 86 3  -0.0356997188   0.0253348922  -0.0003223239   0.0035928226   0.0020126321
 86 4   0.0000184248  -0.0005158287  -0.0018946818  -0.0000743861   0.0009639407
 86 5   0.0014662709  -0.0000242476   0.0002319090  -0.0001315512  -0.0000581938
 86 6   0.0006727532   0.0018010172   0.0000173415  -0.0001728222  -0.0013349840
 86 7  -0.0000859833   0.0009667358   0.0007506115   0.0000204563  -0.0002369241
 86 8  -0.0004897557   0.0000190493  -0.0000331511   0.0023197475  -0.0006937108
 86 9   0.0128583120  -0.0018187788   0.0000549708  -0.0000531128  -0.0000189080
 8610  -0.0000507979  -0.0000655587  -0.0000195496   0.0000366761  -0.0004346035
 8611   0.0000219372   0.0000438632  -0.0004403483   0.0000968190   0.0000229056
 8612  -0.0002243382   0.0001518874  -0.0000249032   0.0002696205   0.0001062004
 8613  -0.0000175406   0.0002864334  -0.0000245864  -0.0000060629   0.0001320611
 8614  -0.0001413638   0.0000161795  -0.0002188415  -0.0001181987   0.0000837824
 8615  -0.0009473708  -0.0016348386  -0.0000676453   0.0008023944   0.0016568223
 8616   0.0000561291  -0.0006476239  -0.0017755414   0.0000507793  -0.0004446073
 8617   0.0004090199   0.0265661758  -0.3585905490   0.0785626498  -0.0517913491
 8618   0.7163485354   0.0311388467   0.0073296441  -0.1494967832   0.0321052000
 8619  -0.0043577594   0.0574438490   0.0006917806  -0.0000428198   0.0000863904
 8620  -0.0000356881  -0.0000014652  -0.0000715548  -0.0000485567   0.0000033142
 8621  -0.0001723534   0.0001156121   0.0000185766  -0.0002359775  -0.0001577056
 8622   0.0003278218  -0.0007375164   0.0000199802  -0.0001800669  -0.0008699749
 8623   0.0000467540   0.0000061944   0.0000432214   0.0000062137  -0.0000171889
 8624  -0.0000426004  -0.0000170162   0.0000221854   0.0000225437  -0.0000043811
 8625  -0.0000125872   0.0000389097   0.0000071819  -0.0000266190   0.0000179365
 8626  -0.0000032817   0.0000245546  -0.0000398008  -0.0000164853   0.0000048377
 8627  -0.0000416666   0.0000205464   0.0000057306  -0.0000832345   0.0000290474
 8628   0.0000035424  -0.0000450644  -0.0000078239  -0.0000893761   0.0001428305
 8629  -0.0000404098   0.0000621308   0.0001766212  -0.0000483519   0.0007943466
 8630  -0.0047574115  -0.0007943085   0.0124806877  -0.1773039003  -0.1392768136
 8631   0.0007301668  -0.0046241175   0.0295325778   0.0008893333  -0.0023274491
 8632  -0.0038988964  -0.0000400636   0.0003460788  -0.0003703422   0.0000036021
 8633  -0.0000525948   0.0000691883
 87 1   0.0008211515  -0.0093136291   0.0499434223  -0.0000170305   0.0002127766
 87 2   0.0007148503   0.0000396803  -0.0004959798  -0.0021759379  -0.0031637267
 87 3   0.0349627511  -0.0207779263   0.0002677738  -0.0029828929  -0.0045867090
 87 4   0.0000809080  -0.0008232355   0.0025080387   0.0000803639  -0.0009107924
 87 5  -0.0016653046   0.0000137102  -0.0001208946   0.0000528353   0.0000343655
 87 6  -0.0004020110  -0.0011916535  -0.0000074390   0.0000611783   0.0008758547
 87 7   0.0000517081  -0.0005822955  -0.0004899806  -0.0000117908   0.0001306643
 87 8   0.0003192219  -0.0001334116   0.0015564124  -0.0028644982   0.0006815832
 87 9  -0.0075700904  -0.0054337440  -0.0000329713   0.0000294198   0.0000139313
 8710   0.0000311074   0.0000386092   0.0000139385  -0.0000200609   0.0002449671
 8711  -0.0000018268  -0.0000282709   0.0002764584  -0.0000528944  -0.0000143969
 8712   0.0001359045  -0.0000908455   0.0000158069  -0.0001688703  -0.0000675135
 8713   0.0000094202  -0.0001729969   0.0000189686   0.0000024620  -0.0000786962
 8714   0.0000827966  -0.0000089290   0.0001284237   0.0000712368  -0.0000485976
 8715   0.0005519393   0.0015586888   0.0000426940  -0.0005128121  -0.0013287214
 8716  -0.0000304046   0.0003449243   0.0012716107  -0.0000127582   0.0002033823
 8717   0.0003969529  -0.0013277305   0.0140308399  -0.1347151866  -0.0030211190
 8718   0.0311388467   0.7145231746  -0.0087487315   0.0985043927  -0.3165298133
 8719   0.0042408803  -0.0463610946  -0.0553223221   0.0000375276  -0.0004262905
 8720  -0.0004271165  -0.0000054452   0.0000871280  -0.0000029410   0.0000025670
 8721  -0.0000454835   0.0000215650  -0.0000097409   0.0001068501   0.0000722416
 8722  -0.0006880278   0.0004726327   0.0001318813   0.0005900595   0.0005920225
 8723   0.0001283193  -0.0000022212  -0.0000234712  -0.0000035364   0.0000107734
 8724   0.0000253775   0.0000079744  -0.0000121529  -0.0000130112   0.0000019024
 8725   0.0000058015  -0.0000211074  -0.0000040358   0.0000145952  -0.0000101450
 8726   0.0000012278  -0.0000140784   0.0000232925   0.0000076960  -0.0000021268
 8727   0.0000218155  -0.0000069582  -0.0000025972   0.0000384400  -0.0000192777
 8728  -0.0000015203   0.0000212461   0.0000073935  -0.0000130823   0.0000637939
 8729   0.0000077883   0.0000020930   0.0000614985   0.0000096821  -0.0027054291
 8730   0.0302757901  -0.0016204573   0.0125710225  -0.1385918480  -0.2210118398
 8731   0.0001341676  -0.0014804999  -0.0007038981   0.0002748609  -0.0030206072
 8732  -0.0018606392   0.0000273915  -0.0002331292   0.0001708025  -0.0000006841
 8733   0.0000201062   0.0000215814
 88 1  -0.0071915981  -0.0007870438   0.0011605595   0.0001473184  -0.0001510300
 88 2  -0.0002682583   0.0001130220   0.0000089984   0.0001105552   0.0091464514
 88 3   0.0049253735   0.0015257994   0.0051869847   0.0006945943  -0.0006948416
 88 4   0.0000627775  -0.0000970016   0.0001203844   0.0001250819  -0.0000759240
 88 5  -0.0000808350   0.0000122212  -0.0000292171  -0.0000113203  -0.0000289027
 88 6  -0.0000080807  -0.0000497193  -0.0000014371   0.0000095053   0.0000401121
 88 7   0.0000033872  -0.0000276652  -0.0000166290  -0.0000062166   0.0000070148
 88 8   0.0000157109  -0.0000324946   0.0000053646   0.0000406190  -0.0008008248
 88 9   0.0004515977   0.0000475506  -0.0000088123  -0.0000079663  -0.0000004356
 8810  -0.0000129106   0.0000094673  -0.0000029456   0.0000014180   0.0000113153
 8811   0.0000004963  -0.0000031766   0.0000122047  -0.0000055158   0.0000012545
 8812   0.0000002790  -0.0000014057   0.0000004639  -0.0000105492  -0.0000056054
 8813   0.0000093637  -0.0000077983   0.0000004468   0.0000019657  -0.0000003041
 8814   0.0000020316  -0.0000017264   0.0000068945   0.0000035677   0.0000208828
 8815   0.0000326480   0.0000928360   0.0000578949  -0.0000210187  -0.0000748937
 8816  -0.0000073076   0.0000083430   0.0000611663  -0.0000463642   0.0000130861
 8817  -0.0000026380   0.0104799101   0.0014272667  -0.0033327923  -0.0682724649
 8818   0.0073296441  -0.0087487315   0.1419702183  -0.0552168038   0.0003332981
 8819  -0.0674883769   0.0151980349   0.0139270288   0.0000917596   0.0000096062
 8820  -0.0000069998  -0.0004021721  -0.0000034317  -0.0000078931  -0.0005041069
 8821  -0.0000751832   0.0000445894  -0.0000626541  -0.0000113145  -0.0000120178
 8822  -0.0000505837  -0.0000140762   0.0000328642  -0.0000529119   0.0000370722
 8823  -0.0000732629   0.0000024429   0.0000041010  -0.0000009118   0.0000079321
 8824   0.0000056575   0.0000013881   0.0000003556  -0.0000011158   0.0000015267
 8825  -0.0000065746   0.0000059754   0.0000011020  -0.0000040814   0.0000027105
 8826  -0.0000010969   0.0000128929  -0.0000050277   0.0000027722  -0.0000095480
 8827  -0.0000018446   0.0000038987  -0.0000077457  -0.0000016189   0.0000087257
 8828   0.0000112096   0.0000016090   0.0000021784   0.0000061936  -0.0000027727
 8829   0.0000070713  -0.0000013136  -0.0000202374   0.0000096049   0.0070885184
 8830   0.0011191290  -0.0000862039   0.0046687394  -0.0005317089   0.0019158160
 8831  -0.0400923746   0.0261476381  -0.0050946055   0.0058672093  -0.0003779061
 8832  -0.0009279764   0.0000067555   0.0000022589  -0.0000103012  -0.0000079450
 8833  -0.0000007491   0.0000041361
 89 1  -0.0007753855   0.0012605960  -0.0126448792  -0.0001457125   0.0017606580
 89 2   0.0030202970   0.0000100416   0.0000812296  -0.0013277241   0.0048571784
 89 3  -0.0443668336  -0.0166318991   0.0006921762  -0.0024480717   0.0074662951
 89 4  -0.0000994992   0.0009735302  -0.0012001097  -0.0000748275   0.0009625582
 89 5   0.0009462133  -0.0000041291   0.0000506835  -0.0000267984  -0.0000203528
 89 6   0.0002133353   0.0006335988   0.0000012921  -0.0000198387  -0.0004602354
 89 7  -0.0000258767   0.0002910862   0.0002449097   0.0000050681  -0.0000628651
 89 8  -0.0001591021   0.0000103814  -0.0001555430  -0.0003417932   0.0004612421
 89 9  -0.0058401435  -0.0005033019   0.0000204665  -0.0000164220  -0.0000066588
 8910  -0.0000135955  -0.0000155139  -0.0000083518   0.0000137898  -0.0001200543
 8911   0.0000058084   0.0000113168  -0.0001463286   0.0000252639   0.0000052698
 8912  -0.0000672686   0.0000441718  -0.0000054654   0.0000820110   0.0000331687
 8913  -0.0000105929   0.0000885456  -0.0000065006  -0.0000053845   0.0000369532
 8914  -0.0000387472   0.0000083126  -0.0000614518  -0.0000335252   0.0000292472
 8915  -0.0003312318  -0.0010584486  -0.0000207338   0.0003123349   0.0007861577
 8916   0.0000124993  -0.0001758279  -0.0007235003  -0.0000092251   0.0000621534
 8917  -0.0001128623   0.0013892716  -0.0053503448   0.0362508594   0.0073684497
 8918  -0.1494967832   0.0985043927  -0.0552168038   0.7498435269  -0.0053538483
 8919   0.0152360230  -0.2349416928  -0.1539361148   0.0000088663   0.0000022126
 8920   0.0000696440  -0.0000059750  -0.0003515469   0.0000982796  -0.0000713316
 8921   0.0003432617  -0.0006062486  -0.0000116779   0.0000898311   0.0001135050
 8922   0.0000658345  -0.0000804071   0.0001248488  -0.0000576693  -0.0000894147
 8923   0.0001195169   0.0000020496   0.0000100038   0.0000026058  -0.0000046294
 8924  -0.0000114141  -0.0000021741   0.0000062296   0.0000058284  -0.0000022212
 8925  -0.0000022455   0.0000080791   0.0000035418  -0.0000072896   0.0000053501
 8926  -0.0000016373   0.0000084088  -0.0000108115  -0.0000017107  -0.0000014961
 8927   0.0000046468  -0.0000419443  -0.0000004787  -0.0000090421   0.0000238702
 8928   0.0000011505  -0.0000092343  -0.0000104877  -0.0000057165  -0.0000052183
 8929   0.0000035166   0.0000081751  -0.0000011971   0.0000010820   0.0011188069
 8930  -0.0052362148   0.0010017081  -0.0005181569   0.0104582364  -0.0211686644
 8931   0.0261470893  -0.3276503841   0.0565466589  -0.0003899343   0.0101367269
 8932   0.0102644014   0.0000063589  -0.0000109933   0.0000811108  -0.0000008107
 8933  -0.0000012853  -0.0000059368
 90 1   0.0018277856  -0.0198503276  -0.0581204188   0.0002292198  -0.0025576168
 90 2  -0.0045606840   0.0001498160  -0.0015840831   0.0060798489   0.0056056976
 90 3  -0.0624227412   0.0371675335  -0.0011157919   0.0124687961   0.0079247283
 90 4  -0.0000236754   0.0002596253  -0.0056453809  -0.0001096988   0.0012618830
 90 5   0.0036436711  -0.0000223252   0.0002582629  -0.0001217272  -0.0000768209
 90 6   0.0008568114   0.0024625919   0.0000149055  -0.0001522376  -0.0018011155
 90 7  -0.0001069410   0.0012095428   0.0010113728   0.0000242205  -0.0002808218
 90 8  -0.0006580307   0.0000184884  -0.0001729139   0.0022499051  -0.0007888317
 90 9   0.0087586600   0.0011403462   0.0000725296  -0.0000624039  -0.0000258217
 9010  -0.0000635395  -0.0000749939  -0.0000245397   0.0000432919  -0.0005157422
 9011  -0.0000033016   0.0000513912  -0.0005792608   0.0001168789   0.0000251565
 9012  -0.0002878745   0.0001929253  -0.0000321901   0.0003467519   0.0001381531
 9013  -0.0000316343   0.0003656065  -0.0000357682  -0.0000138504   0.0001665813
 9014  -0.0001754297   0.0000225673  -0.0002696987  -0.0001479662   0.0000936744
 9015  -0.0010782775  -0.0030862330  -0.0000918418   0.0010741563   0.0027052715
 9016   0.0000670481  -0.0007465101  -0.0026059680   0.0000266562  -0.0002788544
 9017   0.0002519354  -0.0073851953   0.0817505385   0.0079560778  -0.0028342319
 9018   0.0321052000  -0.3165298133   0.0003332981  -0.0053538483   0.6828920439
 9019   0.0079712898  -0.0876251171  -0.2619743857  -0.0000119257   0.0001232456
 9020   0.0000474939  -0.0000170872   0.0001691949  -0.0000944286   0.0000375481
 9021  -0.0004795283   0.0004020801   0.0000258610  -0.0003090291  -0.0002317032
 9022   0.0001880916  -0.0007196409   0.0001154357  -0.0000584714  -0.0007394211
 9023   0.0001122606   0.0000058180   0.0000465289   0.0000084883  -0.0000216745
 9024  -0.0000528682  -0.0000179021   0.0000260841   0.0000269870  -0.0000043396
 9025  -0.0000152760   0.0000460516   0.0000076136  -0.0000307452   0.0000218009
 9026  -0.0000049520   0.0000310816  -0.0000484079  -0.0000182752   0.0000044818
 9027  -0.0000477354   0.0000363526   0.0000075417  -0.0000888988   0.0000278873
 9028   0.0000037427  -0.0000481233  -0.0000107270  -0.0000509874   0.0001105632
 9029  -0.0000546116   0.0000300096   0.0001149905  -0.0000531320  -0.0000214267
 9030   0.0002277323   0.0016483813  -0.0008542341   0.0094609221  -0.0151941148
 9031  -0.0050557951   0.0561974514  -0.0699178871   0.0019184421  -0.0212289025
 9032  -0.0169739415  -0.0000263727   0.0002788647  -0.0002943410   0.0000048253
 9033  -0.0000508701   0.0000476630
 91 1   0.0067775130   0.0008859149  -0.0064135387   0.0001907736   0.0000470084
 91 2  -0.0002246063   0.0024983378  -0.0001142813   0.0006977270  -0.0755313601
 91 3   0.0196679286  -0.0019069179   0.0076010906   0.0040223650   0.0019671169
 91 4  -0.0009427509  -0.0000714560  -0.0008360291  -0.0001364603   0.0002718014
 91 5   0.0004624769   0.0000022519   0.0000000505  -0.0000206164  -0.0000224183
 91 6   0.0000897839   0.0002420402   0.0000006804  -0.0000000975  -0.0001702245
 91 7  -0.0000096461   0.0001063921   0.0000938292  -0.0000011570  -0.0000203406
 91 8  -0.0000576898   0.0006338866   0.0000451570   0.0001424949   0.0051316376
 91 9   0.0004264002   0.0000923029   0.0000007667  -0.0000117591  -0.0000045313
 9110  -0.0000170939   0.0000007026  -0.0000062630   0.0000061252  -0.0000421982
 9111   0.0000012648   0.0000023480  -0.0000537643   0.0000075539   0.0000036933
 9112  -0.0000274104   0.0000183980  -0.0000042656   0.0000286909   0.0000093796
 9113   0.0000066830   0.0000349638  -0.0000017671   0.0000012797   0.0000185849
 9114  -0.0000150721   0.0000005491  -0.0000192369  -0.0000124754   0.0001225811
 9115  -0.0000994720  -0.0004204605   0.0000222140   0.0001251495   0.0003032086
 9116   0.0000120948  -0.0000676680  -0.0002758484  -0.0000586961   0.0000038847
 9117   0.0000209575  -0.0062197465   0.0043506273   0.0014193958   0.0103892428
 9118  -0.0043577594   0.0042408803  -0.0674883769   0.0152360230   0.0079712898
 9119   0.1488286157  -0.0469304255  -0.0008898643  -0.0004925544  -0.0000401218
 9120  -0.0000012246  -0.0005538614  -0.0000237334  -0.0000188469   0.0002055234
 9121   0.0001305229  -0.0000532615  -0.0000903732   0.0000014035   0.0000084418
 9122  -0.0000013211   0.0000258838  -0.0000509546  -0.0000072260  -0.0001209443
 9123   0.0000679720   0.0000017716   0.0000072015   0.0000008057   0.0000034609
 9124  -0.0000007839  -0.0000003351   0.0000029091   0.0000018257   0.0000009277
 9125  -0.0000066108   0.0000085013   0.0000017622  -0.0000060627   0.0000041189
 9126  -0.0000015973   0.0000130444  -0.0000085379   0.0000009221  -0.0000110803
 9127  -0.0000039035  -0.0000053099  -0.0000001655  -0.0000079218   0.0000107188
 9128  -0.0000064161  -0.0000044626  -0.0000010751   0.0000145662   0.0000119642
 9129  -0.0000067132   0.0000117133  -0.0000103274   0.0000071825  -0.0007379474
 9130   0.0000295356   0.0000554394   0.0062382692   0.0005316616  -0.0002863791
 9131   0.0035998590   0.0016229887   0.0021761280  -0.0399559626   0.0042941702
 9132  -0.0083211807  -0.0000005892   0.0000117916  -0.0000254509  -0.0000213397
 9133  -0.0000063925   0.0000076166
 92 1   0.0008860756  -0.0033186379   0.0710993422   0.0000393577  -0.0002959456
 92 2   0.0025183869  -0.0001176457   0.0036797019  -0.0077576756   0.0196250689
 92 3  -0.2904705092   0.0202729557   0.0040639113  -0.0372770825  -0.0216782668
 92 4   0.0000327775  -0.0006985194   0.0100256005   0.0002690844  -0.0031718591
 92 5  -0.0052041672   0.0000151709  -0.0002121666   0.0001046057   0.0000790326
 92 6  -0.0008932548  -0.0026526511  -0.0000066362   0.0000799710   0.0018994024
 92 7   0.0001052221  -0.0011917900  -0.0010077431  -0.0000224948   0.0002584334
 92 8   0.0006568674   0.0000488210   0.0000326815  -0.0014895111   0.0004275001
 92 9   0.0003730552  -0.0008839177  -0.0000789818   0.0000594864   0.0000340051
 9210   0.0000595731   0.0000673482   0.0000334685  -0.0000453619   0.0004944646
 9211  -0.0000123293  -0.0000485187   0.0006078195  -0.0001090156  -0.0000207818
 9212   0.0002779739  -0.0001840368   0.0000281151  -0.0003312384  -0.0001337339
 9213   0.0000427756  -0.0003709571   0.0000260333   0.0000199122  -0.0001552676
 9214   0.0001591838  -0.0000266129   0.0002505151   0.0001349508  -0.0000931575
 9215   0.0012378789   0.0047200824   0.0001183418  -0.0013455670  -0.0034505752
 9216  -0.0000619225   0.0007123018   0.0030679258  -0.0000215846   0.0000688882
 9217  -0.0003394002   0.0043483396  -0.0538928859  -0.0155917988  -0.0042693882
 9218   0.0574438490  -0.0463610946   0.0151980349  -0.2349416928  -0.0876251171
 9219  -0.0469304255   0.6680569042   0.0086188235  -0.0000416626  -0.0000272866
 9220   0.0000065683  -0.0000225034  -0.0002988193   0.0001896924   0.0000920215
 9221  -0.0010802423   0.0004768811  -0.0000029312  -0.0000775482  -0.0001029133
 9222  -0.0001169992   0.0005894923  -0.0001824434   0.0000109815   0.0005838253
 9223  -0.0001674156  -0.0000024903  -0.0000366430  -0.0000123058   0.0000228676
 9224   0.0000495692   0.0000121776  -0.0000243229  -0.0000233066   0.0000035348
 9225   0.0000092216  -0.0000374977  -0.0000112534   0.0000275687  -0.0000191646
 9226   0.0000041118  -0.0000314256   0.0000437127   0.0000127627  -0.0000037938
 9227   0.0000281272   0.0000592050  -0.0000061285   0.0000698484  -0.0000277940
 9228  -0.0000032051   0.0000422441   0.0000230652   0.0000169432  -0.0000977858
 9229   0.0000679874   0.0000024370  -0.0000970736   0.0000670875   0.0000334059
 9230  -0.0010425536  -0.0006008185   0.0005333316   0.0003780398   0.0032015163
 9231   0.0016263433  -0.0142282221  -0.0240922590   0.0042196800  -0.0897383394
 9232   0.0919839233   0.0000044528  -0.0001608647   0.0002515689  -0.0000073945
 9233   0.0000465897  -0.0000534795
 93 1  -0.0034911171   0.0377532992   0.0114502562   0.0000322169  -0.0003876636
 93 2   0.0010483634   0.0001215225  -0.0012790140  -0.0070849710  -0.0056294195
 93 3   0.0631946162  -0.1290401216   0.0027214065  -0.0303523019   0.0098315995
 93 4   0.0000937518  -0.0015408501  -0.0015464857  -0.0000268958   0.0003222221
 93 5   0.0008849898   0.0000015289   0.0000070512  -0.0000079667  -0.0000102267
 93 6   0.0001068088   0.0002757895   0.0000003497  -0.0000098456  -0.0001957702
 93 7  -0.0000082319   0.0000969857   0.0000934675   0.0000024271  -0.0000277299
 93 8  -0.0000623768  -0.0001598674   0.0018019539  -0.0004401605   0.0002051651
 93 9  -0.0020476209  -0.0073378154   0.0000083848  -0.0000019140   0.0000007293
 9310  -0.0000057485  -0.0000009358   0.0000010818   0.0000035760  -0.0000315335
 9311  -0.0000078858   0.0000049974  -0.0000816983   0.0000146441   0.0000017267
 9312  -0.0000348019   0.0000213883  -0.0000015671   0.0000235437   0.0000108186
 9313  -0.0000082229   0.0000532223   0.0000096805  -0.0000037694   0.0000168850
 9314  -0.0000150490   0.0000038460  -0.0000232553  -0.0000100612   0.0000140787
 9315  -0.0001711446  -0.0004532009  -0.0000167772   0.0001864639   0.0003412512
 9316   0.0000093379  -0.0001005184  -0.0003260975   0.0000399803  -0.0004037680
 9317  -0.0004693490   0.0017921833  -0.0197303113  -0.0084752250  -0.0000236099
 9318   0.0006917806  -0.0553223221   0.0139270288  -0.1539361148  -0.2619743857
 9319  -0.0008898643   0.0086188235   0.7561988771  -0.0000079041   0.0000926968
 9320   0.0001344722   0.0001263090  -0.0014452089   0.0004882595   0.0003372174
 9321  -0.0030094726  -0.0026297469  -0.0000153445   0.0001807208   0.0001323830
 9322  -0.0001280030   0.0001345706   0.0000739118   0.0001003155   0.0001576469
 9323   0.0000722253   0.0000004246  -0.0000025166   0.0000024919  -0.0000014202
 9324  -0.0000019811   0.0000013211   0.0000016861   0.0000012982  -0.0000018442
 9325  -0.0000006128  -0.0000012197   0.0000019760  -0.0000017313   0.0000012684
 9326  -0.0000024061   0.0000025241  -0.0000015978   0.0000010569  -0.0000031796
 9327   0.0000382769  -0.0000946661  -0.0000017606   0.0000246879   0.0000256938
 9328   0.0000004100  -0.0000057977  -0.0000152581  -0.0000583809   0.0000500004
 9329   0.0000377076   0.0000490847   0.0000563293   0.0000395575   0.0000574702
 9330  -0.0006312137   0.0006624161  -0.0002124517   0.0023426421  -0.0043609181
 9331  -0.0005886244   0.0065568411   0.0081023325  -0.0083433214   0.0924670656
 9332  -0.3099896200  -0.0000198499   0.0002683285  -0.0000435562  -0.0000010476
 9333   0.0000140002  -0.0000514821
 94 1   0.0038958214   0.0001430028   0.0003106181  -0.0382981560   0.0260445706
 94 2  -0.0062618351   0.0066099864   0.0008264377   0.0000121243  -0.0004673794
 94 3  -0.0000623037  -0.0000106105   0.0087290969   0.0006508410  -0.0000189947
 94 4  -0.0001662424   0.0000013299  -0.0000190488   0.0003709720   0.0000359626
 94 5   0.0000128691   0.0000133063   0.0000019136   0.0000004672  -0.0000052652
 94 6   0.0000004196   0.0000044164  -0.0000022069  -0.0000005128  -0.0000034630
 94 7   0.0000007613   0.0000015975   0.0000017701   0.0000000827  -0.0000007193
 94 8  -0.0000011896  -0.0023917790  -0.0000905492  -0.0001557189   0.0013226755
 94 9   0.0019680716  -0.0002826417  -0.0000014080  -0.0000009939  -0.0000027052
 9410  -0.0000014253   0.0000003013   0.0000030447  -0.0000048716  -0.0000011750
 9411  -0.0000001549   0.0000009337  -0.0000011705   0.0000002899   0.0000001524
 9412  -0.0000003837   0.0000000633   0.0000014346   0.0000005114   0.0000004446
 9413  -0.0000050573  -0.0000001077  -0.0000002004  -0.0000030980  -0.0000006928
 9414  -0.0000001729   0.0000000899  -0.0000008380  -0.0000000686  -0.0000025045
 9415  -0.0000017950  -0.0000098210  -0.0000165268   0.0000004810   0.0000071806
 9416   0.0000030780  -0.0000004728  -0.0000056473   0.0023968344   0.0002822898
 9417  -0.0002247051   0.0008020983   0.0001630251  -0.0000459724  -0.0003736206
 9418  -0.0000428198   0.0000375276   0.0000917596   0.0000088663  -0.0000119257
 9419  -0.0004925544  -0.0000416626  -0.0000079041   0.0255096177  -0.0289709428
 9420   0.0067971774  -0.0052713379  -0.0005508203   0.0000139873  -0.0009731354
 9421  -0.0000854327  -0.0000065651  -0.0000659886  -0.0000063262  -0.0000010614
 9422   0.0001536915   0.0000766443   0.0003385050   0.0001634645  -0.0000498867
 9423  -0.0003071612   0.0000035267   0.0000004425   0.0000009535   0.0000005126
 9424  -0.0000005746  -0.0000000327  -0.0000010300   0.0000003473  -0.0000015846
 9425   0.0000037415  -0.0000002694  -0.0000010290  -0.0000006822  -0.0000006225
 9426   0.0000015702   0.0000002030   0.0000006483  -0.0000000211   0.0000340076
 9427   0.0000028324   0.0000002632   0.0000028329   0.0000002287  -0.0000004726
 9428   0.0000101914   0.0000009236  -0.0000001285  -0.0005164274   0.0003151016
 9429  -0.0008094613  -0.0005198575  -0.0005167252   0.0007196462   0.0001220244
 9430   0.0000101191   0.0000020914  -0.0001114795  -0.0000025778  -0.0000022916
 9431   0.0001036076   0.0000101058  -0.0000008472   0.0000301001   0.0000063024
 9432  -0.0000005004  -0.0008215392  -0.0001215242  -0.0000838625   0.0001369683
 9433  -0.0000014183   0.0000127888
 95 1   0.0001374185   0.0022717450  -0.0035134768   0.0260779215  -0.3290027317
 95 2   0.0704247995   0.0008187066  -0.0025649833   0.0000830384  -0.0000648529
 95 3   0.0002661078   0.0000738965   0.0006459099   0.0015112587   0.0001856877
 95 4  -0.0000003912  -0.0001677070   0.0002114824   0.0000367162  -0.0000381802
 95 5  -0.0001597869   0.0000005501  -0.0000023864  -0.0000014304   0.0000009895
 95 6  -0.0000161075  -0.0000627516  -0.0000000776  -0.0000004068   0.0000461691
 95 7   0.0000018205  -0.0000232539  -0.0000263358  -0.0000008727   0.0000065414
 95 8   0.0000167346  -0.0001294559  -0.0009622955   0.0015224998   0.0020003421
 95 9  -0.0207707833   0.0034234405  -0.0000026336   0.0000027221  -0.0000003537
 9510   0.0000001368   0.0000020136   0.0000001015  -0.0000022489   0.0000099192
 9511   0.0000014161  -0.0000005243   0.0000154492  -0.0000015193  -0.0000005175
 9512   0.0000088241  -0.0000042490  -0.0000000689  -0.0000059291  -0.0000039724
 9513   0.0000015251  -0.0000063259   0.0000019884   0.0000005000  -0.0000008535
 9514   0.0000039118  -0.0000020685   0.0000078879   0.0000021509  -0.0000014540
 9515   0.0000175616   0.0001161688   0.0000006573  -0.0000242064  -0.0000837455
 9516  -0.0000007900   0.0000123110   0.0000753459   0.0002610079  -0.0005968788
 9517   0.0020088240   0.0001631405  -0.0010091314   0.0005426001  -0.0000393998
 9518   0.0000863904  -0.0004262905   0.0000096062   0.0000022126   0.0001232456
 9519  -0.0000401218  -0.0000272866   0.0000926968  -0.0289709428   0.3489121622
 9520  -0.0767188052  -0.0005517471   0.0008921462  -0.0001792296  -0.0000875310
 9521   0.0000081534   0.0000654265  -0.0000065277   0.0000075847   0.0000135120
 9522  -0.0000005084   0.0000124213  -0.0001402761   0.0000273113   0.0000038905
 9523  -0.0001967302  -0.0000004327   0.0000000498   0.0000000237   0.0000003799
 9524   0.0000009908  -0.0000005072  -0.0000006367  -0.0000005640   0.0000003954
 9525   0.0000010429  -0.0000001458  -0.0000000744   0.0000004693  -0.0000007011
 9526   0.0000007607  -0.0000007805   0.0000009289  -0.0000004700   0.0000029468
 9527   0.0000021140  -0.0000044730   0.0000000714   0.0000010828  -0.0000002042
 9528   0.0000009561   0.0000001874   0.0000000509  -0.0003832495   0.0003563095
 9529   0.0007239423   0.0001980956   0.0002312324   0.0009382999   0.0000099400
 9530   0.0000097234  -0.0000254144  -0.0000021165  -0.0000848414   0.0000256854
 9531   0.0000100755  -0.0000077741   0.0000093526   0.0000059461  -0.0000326011
 9532   0.0000072697  -0.0001233059   0.0005366629   0.0009498183  -0.0000009270
 9533   0.0001494900  -0.0001406396
 96 1   0.0001203706  -0.0014190697  -0.0043208188  -0.0069794631   0.0787962422
 96 2  -0.0774220516  -0.0025002222   0.0280368854  -0.0026871800   0.0000176367
 96 3  -0.0001854626  -0.0001920043   0.0000100613  -0.0001519044  -0.0051050716
 96 4  -0.0001141464   0.0013179812   0.0006428689   0.0000103731  -0.0001098910
 96 5  -0.0001188416   0.0000003254  -0.0000012544  -0.0000087286   0.0000019718
 96 6  -0.0000226795  -0.0000889642  -0.0000005123   0.0000024133   0.0000643897
 96 7   0.0000021168  -0.0000241055  -0.0000545825  -0.0000009255   0.0000095604
 96 8   0.0000330098   0.0000962444  -0.0012216580   0.0013875046   0.0025728560
 96 9  -0.0287410721   0.0073765150  -0.0000012964  -0.0000022382  -0.0000033708
 9610   0.0000025285  -0.0000013309  -0.0000034800   0.0000005544  -0.0000024142
 9611   0.0000230207  -0.0000027033   0.0000244197  -0.0000048426  -0.0000018153
 9612   0.0000163871  -0.0000102452   0.0000014814  -0.0000146789  -0.0000066945
 9613   0.0000005425  -0.0000168028   0.0000014561   0.0000000620  -0.0000091588
 9614   0.0000096563  -0.0000005973   0.0000114990   0.0000079125  -0.0000013352
 9615   0.0000126199   0.0001082014   0.0000019643  -0.0000232048  -0.0001035023
 9616  -0.0000015783   0.0000154998   0.0000874066   0.0000109687   0.0000107414
 9617  -0.0044268313   0.0001070163  -0.0011871718   0.0006875198   0.0000034508
 9618  -0.0000356881  -0.0004271165  -0.0000069998   0.0000696440   0.0000474939
 9619  -0.0000012246   0.0000065683   0.0001344722   0.0067971774  -0.0767188052
 9620   0.0859748840  -0.0000236932   0.0002798368   0.0005177906  -0.0000115371
 9621   0.0001358654  -0.0004046137   0.0000004176  -0.0000058823  -0.0000265826
 9622  -0.0000704699   0.0001274517  -0.0000074512   0.0000469652   0.0001380131
 9623  -0.0000078182  -0.0000008385   0.0000030316   0.0000011831  -0.0000006201
 9624   0.0000000989  -0.0000024639  -0.0000002062  -0.0000017220   0.0000015796
 9625   0.0000004214   0.0000031049   0.0000011787   0.0000005589  -0.0000015695
 9626   0.0000015914   0.0000006785   0.0000002651  -0.0000024641   0.0000003311
 9627  -0.0000051675   0.0000168006   0.0000002507  -0.0000028254  -0.0000064916
 9628  -0.0000000620   0.0000002771   0.0000034884  -0.0004785721   0.0004927494
 9629  -0.0010853494   0.0003764884   0.0005407082  -0.0011012469  -0.0000001630
 9630   0.0000002840  -0.0000411789   0.0000090157  -0.0001010695   0.0000271563
 9631  -0.0000004966   0.0000040885   0.0000132346   0.0000029593  -0.0000316602
 9632  -0.0000100045   0.0000154865  -0.0001470436   0.0005662109  -0.0000117974
 9633   0.0001292947  -0.0000565343
 97 1  -0.0002584075   0.0000537185  -0.0000562681   0.0007245448  -0.0006432878
 97 2  -0.0007081340  -0.0337537868   0.0159057176   0.0129677465   0.0044337344
 97 3   0.0007341506  -0.0002959686   0.0031454528   0.0015817007   0.0019088204
 97 4  -0.0019208107  -0.0002554468   0.0000557412  -0.0000214568   0.0001119411
 97 5   0.0000797446   0.0000294579   0.0000032088  -0.0000009965  -0.0000195077
 97 6   0.0000002701   0.0000028917   0.0000100018   0.0000011660  -0.0000019951
 97 7   0.0000043764   0.0000022457  -0.0000008952  -0.0000005647  -0.0000001785
 97 8   0.0000003261   0.0017069660   0.0001160171  -0.0000104948   0.0073858791
 97 9   0.0005647189  -0.0002950830  -0.0000078248  -0.0000042114  -0.0000110111
 9710  -0.0000084287   0.0000028125   0.0000098583  -0.0000196604  -0.0000026852
 9711   0.0000017914   0.0000014218  -0.0000008290   0.0000002357   0.0000019001
 9712   0.0000006312  -0.0000001727  -0.0000008059  -0.0000000632  -0.0000000578
 9713  -0.0000045347   0.0000002629   0.0000003702  -0.0000020899  -0.0000002479
 9714   0.0000002197  -0.0000036138  -0.0000001133   0.0000000461  -0.0002006556
 9715  -0.0001005320  -0.0000447222   0.0001562698   0.0000211218   0.0000046142
 9716  -0.0000406839  -0.0000060784  -0.0000059697  -0.0002438568  -0.0000271189
 9717   0.0000022859  -0.0004214414  -0.0000643095   0.0000030051  -0.0000574654
 9718  -0.0000014652  -0.0000054452  -0.0004021721  -0.0000059750  -0.0000170872
 9719  -0.0005538614  -0.0000225034   0.0001263090  -0.0052713379  -0.0005517471
 9720  -0.0000236932   0.0243064261  -0.0174381096  -0.0135735298  -0.0002383292
 9721  -0.0000263221  -0.0000074684   0.0010143037  -0.0000073393  -0.0001122685
 9722   0.0000129704   0.0001354267  -0.0004384512   0.0000322307  -0.0001262318
 9723   0.0004207098   0.0000095050   0.0000010825  -0.0000012013  -0.0000003286
 9724  -0.0000003194   0.0000022780  -0.0000032565   0.0000000066  -0.0000044497
 9725   0.0000098195  -0.0000009292   0.0000015509  -0.0000031052  -0.0000006503
 9726   0.0000043395  -0.0000003526   0.0000005894  -0.0000014263  -0.0001039583
 9727  -0.0000153254   0.0000210177   0.0000085523  -0.0000015517  -0.0000027343
 9728   0.0000080317   0.0000005014   0.0000002159   0.0000409018   0.0000237855
 9729  -0.0000827469   0.0000480219  -0.0000124134   0.0000800774   0.0000401478
 9730   0.0000079451   0.0000045546   0.0000800450   0.0000067267   0.0000014260
 9731   0.0001491885   0.0000209797   0.0000095160   0.0001618469   0.0000122647
 9732  -0.0000055960   0.0000325618   0.0000061846  -0.0000012544   0.0000077400
 9733   0.0000008087  -0.0000005705
 98 1   0.0000648911  -0.0009701405   0.0006414566  -0.0006426045   0.0079270936
 98 2   0.0078594196   0.0159417123  -0.2116638152  -0.1462923667   0.0007308208
 98 3  -0.0037663358   0.0033863933   0.0015657040  -0.0143708018  -0.0215019172
 98 4  -0.0002552699   0.0008921307  -0.0006821614   0.0001231493  -0.0012075671
 98 5  -0.0007845304   0.0000027916   0.0000004554   0.0000119261   0.0000008720
 98 6  -0.0000275588  -0.0000463257   0.0000014912  -0.0000053356   0.0000307802
 98 7   0.0000026044  -0.0000223738   0.0000028003  -0.0000000231   0.0000032225
 98 8  -0.0000002937   0.0001161003   0.0004176541   0.0000905854   0.0005495524
 98 9   0.0012654586   0.0033062887  -0.0000013355  -0.0000009358   0.0000051001
 9810   0.0000008694   0.0000001809   0.0000068895  -0.0000022447   0.0000128231
 9811  -0.0000195596  -0.0000012398   0.0000147431  -0.0000011505   0.0000002567
 9812   0.0000012855  -0.0000006424   0.0000003299   0.0000013538   0.0000002025
 9813   0.0000000101  -0.0000071409  -0.0000030381  -0.0000001429   0.0000006154
 9814  -0.0000005528   0.0000003717   0.0000006915  -0.0000009379  -0.0000966560
 9815   0.0009011219   0.0005221592   0.0000217332  -0.0000897022  -0.0000709930
 9816  -0.0000066896   0.0000332941   0.0000812650  -0.0000258748   0.0000457785
 9817  -0.0000181400  -0.0000671853   0.0003224115  -0.0000309353   0.0000004868
 9818  -0.0000715548   0.0000871280  -0.0000034317  -0.0003515469   0.0001691949
 9819  -0.0000237334  -0.0002988193  -0.0014452089  -0.0005508203   0.0008921462
 9820   0.0002798368  -0.0174381096   0.2190081929   0.1534819394  -0.0000274038
 9821   0.0000592378   0.0000896221  -0.0000396206   0.0011721228   0.0009132462
 9822  -0.0000222408  -0.0000272596   0.0000698793   0.0000329600  -0.0000459556
 9823   0.0001469243  -0.0000001549   0.0000082301  -0.0000023862   0.0000014433
 9824  -0.0000010016  -0.0000052603  -0.0000009716  -0.0000003936   0.0000005818
 9825   0.0000005071   0.0000080418  -0.0000021137   0.0000005308  -0.0000002661
 9826   0.0000014144  -0.0000012435  -0.0000011185  -0.0000055557  -0.0000147000
 9827   0.0000679159  -0.0002239952  -0.0000015622   0.0000254821   0.0000283990
 9828   0.0000006262   0.0000015771  -0.0000018144   0.0000235588  -0.0000063777
 9829  -0.0000000234  -0.0000139144  -0.0000130098   0.0000145418   0.0000080140
 9830  -0.0000477682  -0.0000509217   0.0000064726   0.0000058769  -0.0000152983
 9831   0.0000210075  -0.0000835164  -0.0001090405   0.0000107114   0.0000351667
 9832   0.0000649869   0.0000067597  -0.0000424751   0.0000186703   0.0000008339
 9833  -0.0000015336   0.0000035312
 99 1  -0.0000617068   0.0006863838   0.0000653076   0.0020985138  -0.0236361527
 99 2  -0.0168951589   0.0126911369  -0.1431033860  -0.1894010649  -0.0001966783
 99 3   0.0021940277  -0.0002980996  -0.0005053187   0.0056108737   0.0110087568
 99 4   0.0000736249  -0.0008146871  -0.0010843691  -0.0001645332   0.0020220286
 99 5  -0.0011954657   0.0000002962  -0.0000078573  -0.0000049784   0.0000006176
 99 6  -0.0000065921  -0.0000429588  -0.0000009232   0.0000114580   0.0000352792
 99 7   0.0000020799  -0.0000242380  -0.0000354810  -0.0000008306   0.0000090870
 99 8   0.0000220764   0.0000924159  -0.0010372671   0.0000159405  -0.0003312842
 99 9   0.0036853694  -0.0038927534  -0.0000006769   0.0000018564  -0.0000083627
 9910  -0.0000005142   0.0000013623  -0.0000083038  -0.0000012108   0.0000091591
 9911   0.0000148282  -0.0000003373   0.0000092555  -0.0000026556  -0.0000006449
 9912   0.0000099927  -0.0000059148   0.0000008083  -0.0000121842  -0.0000056637
 9913   0.0000013476  -0.0000058564   0.0000038303   0.0000008750  -0.0000042075
 9914   0.0000067270  -0.0000015911   0.0000114737   0.0000052209   0.0000178014
 9915  -0.0002052841  -0.0001816498  -0.0000052478   0.0000581205   0.0000063058
 9916   0.0000004200  -0.0000030364   0.0000118618   0.0000202820  -0.0002347961
 9917  -0.0000713367   0.0000039494  -0.0000359310   0.0000665348   0.0000048534
 9918  -0.0000485567  -0.0000029410  -0.0000078931   0.0000982796  -0.0000944286
 9919  -0.0000188469   0.0001896924   0.0004882595   0.0000139873  -0.0001792296
 9920   0.0005177906  -0.0135735298   0.1534819394   0.2037913042   0.0000086317
 9921  -0.0001065468   0.0001015163  -0.0001301287   0.0010485803  -0.0024975345
 9922  -0.0000334712   0.0000444298  -0.0002305323   0.0000249044   0.0000496632
 9923  -0.0002306363  -0.0000040931  -0.0000059475  -0.0000001423  -0.0000008088
 9924   0.0000024378   0.0000043476  -0.0000008186  -0.0000012551   0.0000028022
 9925   0.0000050354  -0.0000052953  -0.0000002183   0.0000009974  -0.0000011896
 9926   0.0000028016   0.0000002436   0.0000024739   0.0000043566   0.0000012340
 9927  -0.0000082875   0.0000062446   0.0000017795  -0.0000202902  -0.0000328943
 9928   0.0000003061  -0.0000035943   0.0000074269  -0.0000484406   0.0000452738
 9929   0.0000083699   0.0000397355   0.0000526986   0.0000087682  -0.0000031877
 9930   0.0000347626   0.0000175919   0.0000011621  -0.0000130593   0.0000021628
 9931  -0.0000025871   0.0000311542   0.0000320542   0.0000005076  -0.0000040769
 9932  -0.0000366615  -0.0000117544   0.0001237813   0.0000205348  -0.0000004890
 9933   0.0000031896  -0.0000187954
100 1   0.0000951529   0.0000253240  -0.0000261437   0.0008934343   0.0001186830
100 2  -0.0000201714   0.0068211576   0.0004543821  -0.0000267066  -0.0041139939
100 3  -0.0001666424   0.0000806270   0.0028570713   0.0007890684  -0.0002715363
100 4  -0.0376536288   0.0247921731  -0.0052936686   0.0039891708   0.0019714909
100 5  -0.0004199606   0.0000027508  -0.0000038401   0.0000009799   0.0001434823
100 6   0.0000027315  -0.0000216919  -0.0000307762  -0.0000012354   0.0000156684
100 7  -0.0000104206  -0.0000125728  -0.0000085952   0.0000026511   0.0000008809
100 8   0.0000063097  -0.0000392975  -0.0000005566  -0.0000043127   0.0001662465
100 9  -0.0000027245   0.0000194557   0.0000009150  -0.0000037589  -0.0000083010
10010   0.0000011213   0.0000021499   0.0000085179  -0.0000134218  -0.0000000490
10011   0.0000022917   0.0000129331   0.0000057156  -0.0000021481   0.0000015149
10012   0.0000003086  -0.0000019613   0.0000044491  -0.0000052775  -0.0000005432
10013  -0.0000096351  -0.0000072986  -0.0000013647  -0.0000008128  -0.0000051227
10014   0.0000012950  -0.0000034096  -0.0000009271   0.0000026695  -0.0032974805
10015  -0.0003785074  -0.0001466581  -0.0004302282  -0.0000905972  -0.0000020549
10016   0.0000288627   0.0000094830   0.0000257479  -0.0000350463   0.0000031511
10017   0.0000005973   0.0001616356   0.0000124282  -0.0000061972  -0.0001393000
10018   0.0000033142   0.0000025670  -0.0005041069  -0.0000713316   0.0000375481
10019   0.0002055234   0.0000920215   0.0003372174  -0.0009731354  -0.0000875310
10020  -0.0000115371  -0.0002383292  -0.0000274038   0.0000086317   0.0244972783
10021  -0.0281385609   0.0051451029   0.0054293676   0.0005238601   0.0002189707
10022   0.0000013758   0.0000130684   0.0000081768   0.0000036441  -0.0000108548
10023  -0.0000082341   0.0000042916  -0.0000022101   0.0000019343  -0.0000022987
10024  -0.0000002218   0.0000020156  -0.0000026602  -0.0000011906  -0.0000033994
10025   0.0000046834   0.0000031623  -0.0000023828  -0.0000025612   0.0000002312
10026   0.0000043604  -0.0000022781  -0.0000000210  -0.0000014574   0.0003555290
10027  -0.0000216338   0.0000844169   0.0002213995   0.0000087563  -0.0000205887
10028  -0.0000703267  -0.0000050376   0.0000027914   0.0000096233  -0.0000017656
10029  -0.0000101291   0.0000070862   0.0000011959   0.0000108854  -0.0000425657
10030  -0.0000053176  -0.0000016251   0.0000989841   0.0000083389   0.0000036095
10031   0.0001490831   0.0000145877  -0.0000011618   0.0014437842   0.0001927059
10032   0.0002899458  -0.0000015958   0.0000024180  -0.0000002559   0.0000031068
10033   0.0000005600   0.0000004531
101 1   0.0000247679  -0.0001685674   0.0002405986   0.0001155978  -0.0004260392
101 2   0.0000464812   0.0004473918   0.0016146584   0.0004346457  -0.0001768502
101 3  -0.0020214057  -0.0008512413   0.0008049917  -0.0062723903   0.0026437595
101 4   0.0246967690  -0.3198651615   0.0577856496   0.0019952773  -0.0188517720
101 5   0.0043747679  -0.0000014149   0.0000140501  -0.0000093110   0.0000061054
101 6   0.0000721447   0.0001502842   0.0000004831  -0.0000351720  -0.0001064611
101 7  -0.0000070515   0.0000674340   0.0000698379   0.0000024017  -0.0000263437
101 8  -0.0000441640  -0.0000043108   0.0000070666   0.0000344881  -0.0000086007
101 9   0.0002501137  -0.0001390148   0.0000028429   0.0000006085   0.0000085901
10110  -0.0000035770   0.0000000248   0.0000099726   0.0000004820  -0.0000230840
10111  -0.0000167985   0.0000059270  -0.0000490162   0.0000145646   0.0000027064
10112  -0.0000272037   0.0000179322  -0.0000018672   0.0000216061   0.0000093468
10113  -0.0000033831   0.0000360730   0.0000051095  -0.0000010242   0.0000156150
10114  -0.0000156900   0.0000010844  -0.0000220498  -0.0000114862  -0.0003858475
10115   0.0010370091   0.0019864991  -0.0000870412   0.0005494814  -0.0001641398
10116   0.0000088901  -0.0000708446  -0.0001594365  -0.0000017853  -0.0000208406
10117  -0.0000117806   0.0000079682   0.0000699539   0.0000533940   0.0000041119
10118  -0.0001723534  -0.0000454835  -0.0000751832   0.0003432617  -0.0004795283
10119   0.0001305229  -0.0010802423  -0.0030094726  -0.0000854327   0.0000081534
10120   0.0001358654  -0.0000263221   0.0000592378  -0.0001065468  -0.0281385609
10121   0.3456216670  -0.0564181443   0.0005324986  -0.0006690792  -0.0025486890
10122   0.0000017982  -0.0000037197   0.0000026401  -0.0000004352  -0.0000061244
10123   0.0000013644   0.0000076903   0.0000012598   0.0000031776  -0.0000003054
10124  -0.0000014173  -0.0000007496   0.0000015210   0.0000021975  -0.0000051139
10125  -0.0000070607   0.0000003032   0.0000028383  -0.0000024070   0.0000018701
10126  -0.0000044497   0.0000000349  -0.0000014044  -0.0000010413  -0.0000038021
10127   0.0005816551  -0.0009664095   0.0000093341   0.0001205418   0.0002448884
10128  -0.0000049440  -0.0000133778  -0.0000307133  -0.0000114339   0.0000054117
10129   0.0000009898   0.0000116333   0.0000079143   0.0000026899  -0.0000055715
10130   0.0000177756   0.0000174793   0.0000076182   0.0000128229  -0.0000466008
10131   0.0000140574  -0.0000079130   0.0000154951   0.0002015209  -0.0007174852
10132  -0.0031386158  -0.0000019405   0.0000124173   0.0000214844   0.0000001243
10133   0.0000006788  -0.0000037520
102 1  -0.0000533081   0.0005465829  -0.0000054022  -0.0001584379   0.0018313450
102 2   0.0009564544   0.0000716794  -0.0006966007  -0.0054571567   0.0000010366
102 3  -0.0000523996   0.0009841038  -0.0026632381   0.0299846304  -0.0022594381
102 4  -0.0051537770   0.0568385177  -0.0668036470   0.0021814838  -0.0250923328
102 5   0.0058403742   0.0000044976  -0.0000131530   0.0000068879  -0.0000016705
102 6   0.0000178632   0.0000348524  -0.0000026524   0.0000056544   0.0000050954
102 7   0.0000015770  -0.0000139929  -0.0000096544  -0.0000007780   0.0000083045
102 8   0.0000051049   0.0000154899  -0.0001263264   0.0000841384   0.0000731506
102 9  -0.0007855649  -0.0002369733   0.0000037092   0.0000057477   0.0000052235
10210   0.0000047503   0.0000119035   0.0000042376   0.0000024259   0.0000227153
10211  -0.0000082157  -0.0000047147  -0.0000081782   0.0000006392  -0.0000037150
10212   0.0000062467  -0.0000002862   0.0000026998   0.0000007586  -0.0000035696
10213  -0.0000107930   0.0000132493   0.0000124771  -0.0000072325   0.0000076887
10214   0.0000032054   0.0000048177   0.0000118415  -0.0000008537   0.0001704676
10215  -0.0019294684   0.0008643778  -0.0000073543   0.0000964667  -0.0000129541
10216  -0.0000098081   0.0000954122  -0.0000328404   0.0000062282   0.0000153220
10217   0.0000426367   0.0000150496  -0.0001963215   0.0001285866  -0.0000166389
10218   0.0001156121   0.0000215650   0.0000445894  -0.0006062486   0.0004020801
10219  -0.0000532615   0.0004768811  -0.0026297469  -0.0000065651   0.0000654265
10220  -0.0004046137  -0.0000074684   0.0000896221   0.0001015163   0.0051451029
10221  -0.0564181443   0.0737398271   0.0002097764  -0.0024343794  -0.0032692041
10222   0.0000176094   0.0000201747  -0.0000483473  -0.0000205075   0.0000171483
10223  -0.0000484996   0.0000022960  -0.0000020640   0.0000029248   0.0000020806
10224   0.0000025228  -0.0000002251  -0.0000002746  -0.0000007266  -0.0000021181
10225  -0.0000012095  -0.0000017456   0.0000028686   0.0000009770   0.0000002193
10226  -0.0000023239  -0.0000012533   0.0000027286  -0.0000003208  -0.0000716022
10227   0.0007150830  -0.0003106458  -0.0000216229   0.0002480391  -0.0000213601
10228  -0.0000011043   0.0000066855  -0.0000599355   0.0000293617  -0.0000115596
10229  -0.0000048972  -0.0000254124  -0.0000169244  -0.0000047260  -0.0000008215
10230   0.0000047895   0.0000121251   0.0000019906  -0.0000289854   0.0000752860
10231   0.0000001024  -0.0000122517  -0.0000197078   0.0002784412  -0.0028171006
10232  -0.0016142487   0.0000122667  -0.0000132734  -0.0000771640   0.0000015644
10233  -0.0000074410   0.0000124874
103 1   0.0001096656   0.0000626523  -0.0000073622  -0.0002354063  -0.0000825348
103 2  -0.0000153127   0.0002091347   0.0000301731  -0.0000665519  -0.0001259317
103 3   0.0000055216   0.0000314378  -0.0028375946  -0.0001981525  -0.0002017656
103 4   0.0044792015   0.0017813645  -0.0002977705  -0.0442990842   0.0234102690
103 5  -0.0032452047   0.0001239354   0.0000133258  -0.0000022572   0.0001660591
103 6   0.0000187478   0.0000130283  -0.0000517376  -0.0000038603  -0.0000125493
103 7  -0.0000783611   0.0000018100   0.0000025134  -0.0000003785  -0.0000022556
103 8  -0.0000020190   0.0000865560   0.0000065776  -0.0000093166   0.0000160172
103 9  -0.0000302403  -0.0000060734  -0.0000211526  -0.0000068546  -0.0000327247
10310  -0.0000222279  -0.0000015264   0.0000285891  -0.0000167495  -0.0000092822
10311   0.0000054215   0.0000236940  -0.0000008067  -0.0000002816  -0.0000071422
10312  -0.0000022357  -0.0000000025   0.0000212660   0.0000015423   0.0000009777
10313  -0.0000081987  -0.0000017796  -0.0000015361  -0.0000019179  -0.0000025429
10314  -0.0000002114  -0.0000071490  -0.0000033085   0.0000006628   0.0056923644
10315   0.0013673478  -0.0000624591  -0.0052951448  -0.0005460118   0.0002170735
10316   0.0001512175  -0.0000294123  -0.0000299533   0.0000159087   0.0000062596
10317   0.0000024245   0.0000073139  -0.0000192585  -0.0000053496  -0.0000324837
10318   0.0000185766  -0.0000097409  -0.0000626541  -0.0000116779   0.0000258610
10319  -0.0000903732  -0.0000029312  -0.0000153445  -0.0000659886  -0.0000065277
10320   0.0000004176   0.0010143037  -0.0000396206  -0.0001301287   0.0054293676
10321   0.0005324986   0.0002097764   0.0275186087  -0.0268670827   0.0037788729
10322  -0.0000047790   0.0000079877  -0.0000143116  -0.0000025719  -0.0000071508
10323   0.0000157100   0.0000208260  -0.0000013794  -0.0000094224  -0.0000014558
10324   0.0000009123   0.0000025661  -0.0000095919  -0.0000029827  -0.0000036712
10325   0.0000201922   0.0000032255   0.0000096872  -0.0000102255   0.0000011681
10326   0.0000037134   0.0000000921  -0.0000019525  -0.0000013266   0.0074855468
10327   0.0006000388  -0.0001113526   0.0002864244  -0.0000167883  -0.0000836212
10328   0.0003058452   0.0000321664   0.0000199777  -0.0000042999   0.0000025164
10329  -0.0000017116  -0.0000050534  -0.0000037769   0.0000010605   0.0000034303
10330   0.0000006845   0.0000009772   0.0000173974   0.0000015210   0.0000012339
10331   0.0000226405   0.0000022769  -0.0000005688   0.0000767851  -0.0000072073
10332   0.0000073889  -0.0000125255  -0.0000008887   0.0000002986   0.0000063850
10333   0.0000008648   0.0000002313
104 1   0.0000631592  -0.0005906890   0.0000624142  -0.0000872156   0.0007338607
104 2   0.0001994686   0.0000308501  -0.0001540780   0.0008757745   0.0000022886
104 3  -0.0001436877  -0.0003083789  -0.0001814199  -0.0006310831   0.0021387159
104 4   0.0017529768  -0.0158460152   0.0039433640   0.0234686485  -0.3168873673
104 5   0.0385429138   0.0000134858  -0.0000406282   0.0000296807   0.0000215002
104 6  -0.0000733547  -0.0002038624  -0.0000023750  -0.0000221445   0.0001735933
104 7   0.0000052162  -0.0001346570  -0.0000424321  -0.0000010664   0.0000117836
104 8   0.0000349691   0.0000034818   0.0000355625   0.0001019941  -0.0000336918
104 9   0.0003734878   0.0000764811  -0.0000108051   0.0000157304   0.0000266646
10410   0.0000017417   0.0000155766   0.0000320353  -0.0000097194   0.0000826377
10411  -0.0000588853   0.0000007145   0.0000316458  -0.0000022002  -0.0000000787
10412   0.0000044146  -0.0000037357   0.0000029739  -0.0000188796  -0.0000065068
10413   0.0000025015  -0.0000078111   0.0000115726   0.0000015401   0.0000006791
10414   0.0000019151  -0.0000028976   0.0000103711   0.0000029296   0.0013182568
10415  -0.0097460586   0.0008337678  -0.0005474039   0.0010196477  -0.0027322691
10416  -0.0000314944   0.0004970606   0.0003871418   0.0000031725  -0.0000429331
10417  -0.0000234154  -0.0000217216   0.0002537745   0.0000581848   0.0000201648
10418  -0.0002359775   0.0001068501  -0.0000113145   0.0000898311  -0.0003090291
10419   0.0000014035  -0.0000775482   0.0001807208  -0.0000063262   0.0000075847
10420  -0.0000058823  -0.0000073393   0.0011721228   0.0010485803   0.0005238601
10421  -0.0006690792  -0.0024343794  -0.0268670827   0.3396278564  -0.0444394744
10422   0.0000038294  -0.0000085777  -0.0000054661  -0.0000028432  -0.0000106978
10423  -0.0000026389   0.0000008142   0.0000056341  -0.0000054066   0.0000077116
10424   0.0000065526  -0.0000065546  -0.0000034676  -0.0000011758  -0.0000010805
10425   0.0000015430   0.0000057883  -0.0000036994   0.0000017851  -0.0000006001
10426  -0.0000004989  -0.0000091160   0.0000046519  -0.0000069357   0.0006021118
10427   0.0005155926   0.0013034990  -0.0000362813   0.0006737619   0.0007746290
10428   0.0000315807  -0.0000594181  -0.0002316430  -0.0000103325   0.0000068051
10429   0.0000021580   0.0000078546   0.0000080816   0.0000023064   0.0000005013
10430  -0.0000021729  -0.0000111270   0.0000013682   0.0000028950  -0.0000155710
10431   0.0000021179  -0.0000005292   0.0000061142  -0.0000092528   0.0001673476
10432  -0.0001007045  -0.0000063004   0.0000255292   0.0000072893   0.0000003914
10433  -0.0000011040  -0.0000039510
105 1   0.0000329181  -0.0003632389   0.0000582772  -0.0000247860   0.0003332921
105 2   0.0000725741   0.0000383405  -0.0005597240  -0.0020908256   0.0000125627
105 3  -0.0001402433  -0.0000418015  -0.0000449765   0.0006557177   0.0011286494
105 4   0.0019943363  -0.0233514872   0.0084558815  -0.0031919537   0.0374538867
105 5  -0.0629333548  -0.0000029021   0.0000432250  -0.0001004194   0.0000051603
105 6  -0.0000540011   0.0000105741  -0.0000020481   0.0000102635   0.0000093836
105 7  -0.0000073495   0.0000796830  -0.0000536207  -0.0000000031  -0.0000071185
105 8   0.0000342266  -0.0000031103   0.0000487133  -0.0000086749  -0.0000313046
105 9   0.0003558930   0.0001583739   0.0000146070  -0.0000076588  -0.0000515926
10510  -0.0000103274  -0.0000074605  -0.0000511948   0.0000090430  -0.0000952582
10511   0.0001005856  -0.0000034912   0.0000163013   0.0000041087  -0.0000030033
10512   0.0000144343  -0.0000100204   0.0000013905  -0.0000133287  -0.0000046208
10513  -0.0000014545  -0.0000259126  -0.0000104545  -0.0000014632  -0.0000185603
10514   0.0000083155   0.0000009245   0.0000014231   0.0000093067  -0.0025259376
10515   0.0299487478  -0.0022616446  -0.0001646396   0.0020130617   0.0012897102
10516   0.0000274888  -0.0003177096  -0.0000929185   0.0000028263   0.0000027444
10517  -0.0000423834  -0.0000177391   0.0001912561   0.0000565893   0.0000126835
10518  -0.0001577056   0.0000722416  -0.0000120178   0.0001135050  -0.0002317032
10519   0.0000084418  -0.0001029133   0.0001323830  -0.0000010614   0.0000135120
10520  -0.0000265826  -0.0001122685   0.0009132462  -0.0024975345   0.0002189707
10521  -0.0025486890  -0.0032692041   0.0037788729  -0.0444394744   0.0666975169
10522  -0.0000001847  -0.0000070222   0.0000145878   0.0000017386  -0.0000066945
10523   0.0000143406  -0.0000258509  -0.0000274585   0.0000008596  -0.0000072277
10524  -0.0000015076   0.0000186441   0.0000030700  -0.0000004814   0.0000158662
10525   0.0000309583  -0.0000213580   0.0000017613  -0.0000028537  -0.0000006853
10526   0.0000159482   0.0000077059  -0.0000000120   0.0000185086  -0.0000947580
10527   0.0010880444  -0.0043923238   0.0000888128  -0.0010342234  -0.0003552403
10528   0.0000172490  -0.0002019346   0.0001521144  -0.0000085892   0.0000042368
10529   0.0000036941   0.0000083230   0.0000056140   0.0000037338  -0.0000004234
10530   0.0000044767   0.0000018435  -0.0000009336   0.0000075172  -0.0000123751
10531  -0.0000007865   0.0000059830   0.0000059193  -0.0000176541   0.0001809355
10532  -0.0000666545   0.0000048400   0.0000001774   0.0000477981  -0.0000001650
10533   0.0000059705  -0.0000091728
106 1   0.0006214556   0.0011863056   0.0002581787  -0.0005581968  -0.0006009853
106 2  -0.0016780102  -0.0003510383  -0.0002979844   0.0002101882  -0.0001791339
106 3  -0.0001491952   0.0000430246  -0.0000171593   0.0002584633  -0.0001613545
106 4   0.0000256001  -0.0000430112   0.0001914442   0.0000135175  -0.0000843939
106 5  -0.0001828574  -0.0000015549  -0.0000169373   0.0000056850   0.0000060501
106 6  -0.0000526293  -0.0001517699   0.0000004119   0.0000099804   0.0001113676
106 7   0.0000062603  -0.0000736514  -0.0000672831  -0.0000009010   0.0000168513
106 8   0.0000435049  -0.2390640016   0.0663678079   0.0955279203   0.0095455630
106 9  -0.0029982989   0.0010487724  -0.0000071599   0.0000045414   0.0000013291
10610   0.0000015434   0.0000010874   0.0000013696  -0.0000041768   0.0000272970
10611   0.0000056273   0.0000000861   0.0000361868  -0.0000079976   0.0000003784
10612   0.0000185840  -0.0000132874   0.0000007450  -0.0000240853  -0.0000086525
10613   0.0000086005  -0.0000245291   0.0000017563   0.0000057818  -0.0000130836
10614   0.0000119930  -0.0000041505   0.0000155847   0.0000108824  -0.0000021622
10615   0.0000631085   0.0001643665   0.0000027269  -0.0000631382  -0.0001550865
10616  -0.0000019170   0.0000467109   0.0001549055  -0.0013720241   0.0004801426
10617   0.0009823623   0.0000973727   0.0003410166   0.0008196468  -0.0000652271
10618   0.0003278218  -0.0006880278  -0.0000505837   0.0000658345   0.0001880916
10619  -0.0000013211  -0.0001169992  -0.0001280030   0.0001536915  -0.0000005084
10620  -0.0000704699   0.0000129704  -0.0000222408  -0.0000334712   0.0000013758
10621   0.0000017982   0.0000176094  -0.0000047790   0.0000038294  -0.0000001847
10622   0.2478060349  -0.0723188427  -0.1047551657  -0.0199964023   0.0082274630
10623   0.0100986216  -0.0000008383  -0.0000024399  -0.0000002195   0.0000005006
10624   0.0000030513   0.0000008529  -0.0000015655  -0.0000016718   0.0000005590
10625   0.0000003696  -0.0000026807   0.0000000744   0.0000019137  -0.0000018233
10626   0.0000001859  -0.0000022096   0.0000026571   0.0000008695   0.0000003688
10627   0.0000016455   0.0000017782  -0.0000009051   0.0000043384  -0.0000031146
10628  -0.0000005470   0.0000031961   0.0000008762   0.0014321954   0.0002267488
10629   0.0000476116   0.0011787330   0.0001492771  -0.0004338285   0.0000312334
10630  -0.0002207257  -0.0006825208   0.0000069277  -0.0000089750   0.0000122229
10631   0.0000160778   0.0000242363  -0.0000596559   0.0000025690   0.0000037282
10632  -0.0000084967   0.0004906262  -0.0005231574  -0.0003680296   0.0002162735
10633  -0.0002573058  -0.0003061908
107 1  -0.0004494442   0.0014948970   0.0000868282  -0.0004397370  -0.0012223079
107 2  -0.0004489426   0.0001241265  -0.0000328338   0.0005893210   0.0001840925
107 3  -0.0002477520   0.0004340253  -0.0001141542   0.0003685643  -0.0003380017
107 4  -0.0000246861   0.0000316727   0.0003436141  -0.0000025276  -0.0000726506
107 5  -0.0002073947  -0.0000027160  -0.0000021183  -0.0000010863   0.0000012864
107 6  -0.0000170875  -0.0000626002   0.0000041773  -0.0000065068   0.0000456396
107 7   0.0000021216  -0.0000233943  -0.0000200572   0.0000000947   0.0000006311
107 8   0.0000146515   0.0664421365  -0.0710547226  -0.0352137359  -0.0078778140
107 9   0.0033558024   0.0069854608  -0.0000104958   0.0000038008   0.0000002171
10710  -0.0000070407  -0.0000052810   0.0000025828  -0.0000086035   0.0000039264
10711   0.0000004800   0.0000084288   0.0000136939  -0.0000015923   0.0000056313
10712   0.0000031084  -0.0000030386  -0.0000031974  -0.0000085514  -0.0000017795
10713   0.0000165909  -0.0000086428  -0.0000009442   0.0000113907  -0.0000046585
10714   0.0000015372  -0.0000096787  -0.0000002678   0.0000028609   0.0000009737
10715   0.0000099299   0.0001472013   0.0000067084  -0.0000261848  -0.0001030900
10716   0.0000008545   0.0000069559   0.0000823396   0.0302245535  -0.0137352867
10717  -0.0146908962  -0.0007987600  -0.0001822553  -0.0001985959   0.0005240635
10718  -0.0007375164   0.0004726327  -0.0000140762  -0.0000804071  -0.0007196409
10719   0.0000258838   0.0005894923   0.0001345706   0.0000766443   0.0000124213
10720   0.0001274517   0.0001354267  -0.0000272596   0.0000444298   0.0000130684
10721  -0.0000037197   0.0000201747   0.0000079877  -0.0000085777  -0.0000070222
10722  -0.0723188427   0.0805446949   0.0361306351  -0.0125784136   0.0042557492
10723   0.0055388822   0.0000001680   0.0000002417  -0.0000003326  -0.0000002066
10724   0.0000010915   0.0000001340  -0.0000010536   0.0000005788  -0.0000004490
10725  -0.0000001364  -0.0000010689  -0.0000003231  -0.0000004354  -0.0000010075
10726   0.0000006000  -0.0000013098   0.0000000907   0.0000003838  -0.0000017989
10727  -0.0000022182   0.0000038550   0.0000005946  -0.0000017691  -0.0000006291
10728   0.0000011240  -0.0000003938   0.0000013824   0.0003130211  -0.0059259763
10729   0.0019119865  -0.0002036479   0.0015246343  -0.0004772764  -0.0011456826
10730  -0.0017800117   0.0006140473  -0.0000147282   0.0000029159   0.0000117461
10731  -0.0000615582  -0.0000014851  -0.0000216225   0.0000077461   0.0000099913
10732  -0.0000000368  -0.0017043720   0.0027294048  -0.0010066893  -0.0003437783
10733   0.0002576237  -0.0002238942
108 1   0.0003129618  -0.0037055859   0.0007229111   0.0029283705   0.0045486747
108 2   0.0007967360  -0.0006422490  -0.0000057946  -0.0019169428  -0.0003977275
108 3   0.0000375781  -0.0008631302   0.0003273988  -0.0009554209   0.0009587030
108 4   0.0000161793   0.0000155630  -0.0010519378  -0.0000613576   0.0003248808
108 5   0.0007985811   0.0000016673   0.0000577304  -0.0000225154  -0.0000189567
108 6   0.0001920158   0.0005671624  -0.0000010139  -0.0000292260  -0.0004163713
108 7  -0.0000240467   0.0002735180   0.0002366389   0.0000044102  -0.0000604964
108 8  -0.0001543681   0.0922436765  -0.0345930379  -0.0928299113   0.0239351192
108 9  -0.0076946387  -0.0305411580   0.0000241664  -0.0000169096  -0.0000039554
10810  -0.0000069532  -0.0000096033  -0.0000049683   0.0000151599  -0.0001093946
10811  -0.0000076366   0.0000027499  -0.0001323507   0.0000264339  -0.0000000062
10812  -0.0000644693   0.0000441786  -0.0000035895   0.0000832772   0.0000316417
10813  -0.0000242262   0.0000841656  -0.0000075664  -0.0000153329   0.0000402685
10814  -0.0000397579   0.0000133721  -0.0000580689  -0.0000353189   0.0000223078
10815  -0.0002001480  -0.0007056527  -0.0000293557   0.0002345538   0.0006239552
10816   0.0000107685  -0.0001617172  -0.0006030434  -0.0023763805  -0.0002090070
10817   0.0020700597  -0.0003309670   0.0002918559   0.0006858860  -0.0001458414
10818   0.0000199802   0.0001318813   0.0000328642   0.0001248488   0.0001154357
10819  -0.0000509546  -0.0001824434   0.0000739118   0.0003385050  -0.0001402761
10820  -0.0000074512  -0.0004384512   0.0000698793  -0.0002305323   0.0000081768
10821   0.0000026401  -0.0000483473  -0.0000143116  -0.0000054661   0.0000145878
10822  -0.1047551657   0.0361306351   0.1136209813  -0.0109206734   0.0036554935
10823   0.0073681540   0.0000030482   0.0000103076   0.0000015985  -0.0000033918
10824  -0.0000121480  -0.0000040482   0.0000061337   0.0000057655  -0.0000018167
10825  -0.0000026061   0.0000106617   0.0000011703  -0.0000065989   0.0000058987
10826  -0.0000014515   0.0000074639  -0.0000102774  -0.0000042229   0.0000169311
10827  -0.0000011784  -0.0000089704   0.0000034106  -0.0000145726   0.0000121391
10828   0.0000017347  -0.0000099057  -0.0000038888  -0.0001419476   0.0011733949
10829  -0.0004074824   0.0003198957  -0.0001354900   0.0001043698   0.0003505183
10830   0.0005134833   0.0004451332  -0.0000103267   0.0000151428   0.0000030012
10831   0.0000124535  -0.0000052350   0.0000252939   0.0000150241  -0.0000295512
10832  -0.0000068641  -0.0004232573   0.0007563993   0.0004401920  -0.0001287792
10833  -0.0001261996   0.0000085727
109 1   0.0007857222  -0.0013077741  -0.0002700975  -0.0007539091   0.0006863948
109 2   0.0017300153  -0.0003670452   0.0002372169  -0.0003090806  -0.0001794718
109 3   0.0001629580  -0.0001222115   0.0000197199  -0.0003183207   0.0002159471
109 4   0.0000101311   0.0000399238  -0.0002501404  -0.0000048276   0.0000970814
109 5   0.0002160556  -0.0000004837   0.0000151353  -0.0000053596  -0.0000042771
109 6   0.0000544881   0.0001601564  -0.0000002870  -0.0000100948  -0.0001175883
109 7  -0.0000068413   0.0000747692   0.0000700368   0.0000015792  -0.0000187677
109 8  -0.0000449076  -0.2107672957  -0.0915617258  -0.0880706901   0.0074846467
109 9   0.0037737028  -0.0022512707   0.0000074811  -0.0000046710  -0.0000003150
10910  -0.0000012548  -0.0000025008  -0.0000013031   0.0000051071  -0.0000293095
10911  -0.0000049472   0.0000002359  -0.0000393182   0.0000079512  -0.0000002982
10912  -0.0000206340   0.0000133256  -0.0000008292   0.0000229591   0.0000094657
10913  -0.0000072997   0.0000242126  -0.0000023818  -0.0000045746   0.0000108452
10914  -0.0000122599   0.0000047668  -0.0000181478  -0.0000100948   0.0000061623
10915  -0.0000637003  -0.0001877450  -0.0000080439   0.0000660967   0.0001707921
10916   0.0000038155  -0.0000479297  -0.0001664796   0.0036256497   0.0026435490
10917   0.0016389196   0.0000064720  -0.0003030548  -0.0007844226   0.0000531554
10918  -0.0001800669   0.0005900595  -0.0000529119  -0.0000576693  -0.0000584714
10919  -0.0000072260   0.0000109815   0.0001003155   0.0001634645   0.0000273113
10920   0.0000469652   0.0000322307   0.0000329600   0.0000249044   0.0000036441
10921  -0.0000004352  -0.0000205075  -0.0000025719  -0.0000028432   0.0000017386
10922  -0.0199964023  -0.0125784136  -0.0109206734   0.2173865671   0.0969654752
10923   0.0969492740   0.0000005732   0.0000025197   0.0000000712  -0.0000009004
10924  -0.0000033471  -0.0000007851   0.0000017929   0.0000015018  -0.0000000451
10925  -0.0000007746   0.0000026505   0.0000001860  -0.0000014923   0.0000017084
10926  -0.0000004539   0.0000017842  -0.0000026854  -0.0000008714  -0.0000002292
10927  -0.0000011647  -0.0000025241   0.0000001382  -0.0000040317   0.0000033324
10928  -0.0000004413  -0.0000031609  -0.0000012941   0.0011785273  -0.0002083864
10929   0.0005072531   0.0012934629   0.0010778361  -0.0003916093  -0.0002103242
10930   0.0004908490   0.0006122718   0.0000016169   0.0000093324  -0.0000141985
10931   0.0000076716  -0.0000222766   0.0000622020   0.0000038908  -0.0000042308
10932   0.0000081798   0.0001733265   0.0000511922   0.0005402808   0.0001166770
10933   0.0002310098   0.0003430289
110 1   0.0002959318   0.0013453828   0.0000007840   0.0005135015  -0.0010245679
110 2  -0.0001385197  -0.0001914277  -0.0000132625   0.0005435244  -0.0001648114
110 3  -0.0002520392   0.0004179995   0.0000534308   0.0003297782  -0.0003024094
110 4   0.0000253959   0.0000425359   0.0003033070   0.0000156910  -0.0000547794
110 5  -0.0001708478  -0.0000046740   0.0000031745  -0.0000025281   0.0000025073
110 6  -0.0000058629  -0.0000345921   0.0000018922  -0.0000065889   0.0000248007
110 7   0.0000004854  -0.0000071720  -0.0000081695   0.0000008254   0.0000006071
110 8   0.0000060685  -0.0915188074  -0.1000502264  -0.0511900832   0.0085547251
110 9   0.0053925141   0.0066603099  -0.0000024046   0.0000027480   0.0000003699
11010  -0.0000007077  -0.0000012995  -0.0000000676  -0.0000004199   0.0000025330
11011  -0.0000018144   0.0000023632   0.0000086702   0.0000006607   0.0000018573
11012   0.0000031124  -0.0000007037  -0.0000008746  -0.0000003439  -0.0000010758
11013   0.0000064542  -0.0000020774   0.0000000356   0.0000046646   0.0000014962
11014  -0.0000000845  -0.0000018854   0.0000016674  -0.0000008164   0.0000028812
11015  -0.0000015776   0.0001154267  -0.0000025097  -0.0000145754  -0.0000731378
11016   0.0000025456  -0.0000002441   0.0000533450  -0.0270822314  -0.0187330464
11017  -0.0146029432   0.0008572124  -0.0000957482  -0.0002892135  -0.0003643659
11018  -0.0008699749   0.0005920225   0.0000370722  -0.0000894147  -0.0007394211
11019  -0.0001209443   0.0005838253   0.0001576469  -0.0000498867   0.0000038905
11020   0.0001380131  -0.0001262318  -0.0000459556   0.0000496632  -0.0000108548
11021  -0.0000061244   0.0000171483  -0.0000071508  -0.0000106978  -0.0000066945
11022   0.0082274630   0.0042557492   0.0036554935   0.0969654752   0.1116599262
11023   0.0537926861  -0.0000005926   0.0000000737  -0.0000006441  -0.0000003279
11024   0.0000003494  -0.0000001219   0.0000000754   0.0000003705   0.0000002316
11025  -0.0000009085  -0.0000003577  -0.0000002035   0.0000001834   0.0000001144
11026  -0.0000003310  -0.0000012110   0.0000001261  -0.0000000874   0.0000029448
11027  -0.0000020234   0.0000035180  -0.0000008320  -0.0000025640  -0.0000004624
11028  -0.0000002666  -0.0000009784   0.0000011707   0.0001410270   0.0015202162
11029  -0.0003933966   0.0009910954  -0.0057845473   0.0018713179   0.0013585584
11030  -0.0014718799   0.0006433868   0.0000159783   0.0000064147   0.0000096771
11031   0.0000649206   0.0000055291  -0.0000102683  -0.0000070114   0.0000079573
11032   0.0000014931   0.0011977344   0.0030097587  -0.0009249815   0.0003164453
11033   0.0003594089  -0.0001664813
111 1   0.0003984480  -0.0037180725   0.0007865788  -0.0036777072   0.0039638938
111 2   0.0007869736   0.0006411871   0.0001072463  -0.0019155055   0.0003790501
111 3   0.0001084151  -0.0008636285  -0.0001539388  -0.0009942970   0.0009555963
111 4  -0.0000267013   0.0000137598  -0.0010511502   0.0000022385   0.0003304202
111 5   0.0007972680  -0.0000043960   0.0000551310  -0.0000213861  -0.0000166106
111 6   0.0001898657   0.0005665522   0.0000005843  -0.0000316709  -0.0004157916
111 7  -0.0000247376   0.0002698757   0.0002368422   0.0000044716  -0.0000642687
111 8  -0.0001535914  -0.0850270663  -0.0501922287  -0.0935945150  -0.0220983200
111 9  -0.0116977198  -0.0304842848   0.0000212375  -0.0000166967  -0.0000021754
11110  -0.0000094650  -0.0000137324  -0.0000040176   0.0000138450  -0.0001130436
11111  -0.0000061041   0.0000056072  -0.0001347372   0.0000256015   0.0000015382
11112  -0.0000686012   0.0000440979  -0.0000058802   0.0000787091   0.0000328331
11113  -0.0000168151   0.0000812883  -0.0000091609  -0.0000105919   0.0000351753
11114  -0.0000403295   0.0000099210  -0.0000635611  -0.0000331918   0.0000071075
11115  -0.0002012180  -0.0007050896  -0.0000118959   0.0002349759   0.0006230657
11116   0.0000124126  -0.0001626077  -0.0006024002   0.0023719556   0.0002489541
11117   0.0020671209   0.0002330692   0.0003672751   0.0006205329   0.0001227904
11118   0.0000467540   0.0001283193  -0.0000732629   0.0001195169   0.0001122606
11119   0.0000679720  -0.0001674156   0.0000722253  -0.0003071612  -0.0001967302
11120  -0.0000078182   0.0004207098   0.0001469243  -0.0002306363  -0.0000082341
11121   0.0000013644  -0.0000484996   0.0000157100  -0.0000026389   0.0000143406
11122   0.0100986216   0.0055388822   0.0073681540   0.0969492740   0.0537926861
11123   0.1143157971   0.0000017829   0.0000102381   0.0000014634  -0.0000039094
11124  -0.0000120954  -0.0000039073   0.0000062447   0.0000057615  -0.0000011576
11125  -0.0000038128   0.0000102646   0.0000015276  -0.0000064692   0.0000055935
11126  -0.0000019395   0.0000069875  -0.0000107000  -0.0000040207  -0.0000173007
11127  -0.0000040967  -0.0000090530  -0.0000005782  -0.0000149219   0.0000121692
11128  -0.0000013797  -0.0000102836  -0.0000039397  -0.0002933401  -0.0001964900
11129   0.0001117802  -0.0000707139   0.0011811475  -0.0004066245  -0.0003776097
11130   0.0004102524   0.0004811835   0.0000058991   0.0000170400   0.0000030063
11131  -0.0000133499  -0.0000072501   0.0000248886  -0.0000110664  -0.0000317600
11132  -0.0000068502   0.0003221127   0.0008515551   0.0004288168   0.0001515359
11133  -0.0000961284   0.0000077732
112 1   0.0000034043   0.0000019704   0.0000023538  -0.0000004720  -0.0000068343
112 2  -0.0000199433  -0.0000054552  -0.0000153467   0.0000098049   0.0000014020
112 3   0.0000049133   0.0000030165   0.0000011714   0.0000107798  -0.0000098023
112 4  -0.0000094336   0.0000093114   0.0000063340  -0.0000160738  -0.0000476552
112 5   0.0000203648   0.0007931875   0.0050928975   0.0219531683   0.0004959711
112 6   0.0005961663  -0.0002794264  -0.0000199198   0.0000210785  -0.0000901566
112 7  -0.0011243660   0.0018396720   0.0000765731   0.0001904608  -0.0004049133
112 8   0.0006680221   0.0000030920   0.0000039860  -0.0000083292   0.0000000573
112 9   0.0000087609   0.0000172882  -0.0476008471   0.0002630974   0.0127792462
11210   0.0009078862   0.0005701645  -0.0002747603  -0.0027906719  -0.0045167387
11211   0.0053636837  -0.0000168907  -0.0000126024  -0.0000692031   0.0001858150
11212   0.0002050053  -0.0000125923  -0.0001133341  -0.0002247529  -0.0001367977
11213   0.0000011067  -0.0000191021  -0.0000064649  -0.0000288054  -0.0001320643
11214   0.0000644436   0.0000181996   0.0001264815   0.0000498685  -0.0000166430
11215   0.0002360104  -0.0002267522  -0.0000062003  -0.0008135404   0.0002186859
11216  -0.0001031728   0.0000429849  -0.0000887301   0.0000063108   0.0000019813
11217  -0.0000017358   0.0000021981  -0.0000013578  -0.0000011479   0.0000026886
11218   0.0000061944  -0.0000022212   0.0000024429   0.0000020496   0.0000058180
11219   0.0000017716  -0.0000024903   0.0000004246   0.0000035267  -0.0000004327
11220  -0.0000008385   0.0000095050  -0.0000001549  -0.0000040931   0.0000042916
11221   0.0000076903   0.0000022960   0.0000208260   0.0000008142  -0.0000258509
11222  -0.0000008383   0.0000001680   0.0000030482   0.0000005732  -0.0000005926
11223   0.0000017829   0.0478510835   0.0013145436  -0.0158324612  -0.0013144463
11224  -0.0000595253   0.0024147465   0.0034408030  -0.0034423698  -0.0257768617
11225  -0.0006476173  -0.0001409102  -0.0000937612   0.0002917988  -0.0000792406
11226  -0.0001697977  -0.0001187653   0.0000075664   0.0000525205   0.0000210749
11227   0.0000722437   0.0000648792  -0.0003235659  -0.0005287185  -0.0005537997
11228  -0.0000059570   0.0000014643  -0.0000959953  -0.0000026045   0.0000010101
11229  -0.0000000484  -0.0000004279  -0.0000000743  -0.0000006755   0.0000010339
11230   0.0000000054   0.0000003519   0.0000009475   0.0000005003   0.0000003849
11231   0.0000012428   0.0000008942   0.0000000520   0.0000026992  -0.0000011694
11232  -0.0000005661  -0.0000025437  -0.0000003039   0.0000046756   0.0000024802
11233   0.0000004848  -0.0000010214
113 1  -0.0000022624   0.0000472997  -0.0000056083   0.0000035599  -0.0000410627
113 2  -0.0001391569   0.0000062433  -0.0000949874   0.0001031541  -0.0000005809
113 3   0.0000399190   0.0000429117  -0.0000089059   0.0000981594  -0.0001877742
113 4   0.0000042433   0.0000075814   0.0002038874  -0.0000130670  -0.0000261962
113 5  -0.0001740581   0.0015392508   0.0003381308   0.0144845485   0.0006621621
113 6   0.0008930777   0.0002076643  -0.0001403820   0.0001841860  -0.0001018243
113 7  -0.0004400093   0.0014529906  -0.0002444657   0.0002291518  -0.0002732859
113 8   0.0006135124  -0.0000016840   0.0000199638  -0.0000522815   0.0000003720
113 9   0.0000042465   0.0001075236   0.0005610105  -0.0474687487  -0.0252312841
11310   0.0006774450   0.0002972260  -0.0000442292  -0.0030603034  -0.0017544174
11311   0.0032460084  -0.0001097917   0.0000019768  -0.0000497184   0.0001502465
11312   0.0001868658  -0.0000454401  -0.0000800984  -0.0002147656  -0.0001214198
11313   0.0000228237  -0.0000057010  -0.0000200236  -0.0000252725  -0.0001197282
11314   0.0000537725   0.0000075068   0.0001160225   0.0000304807   0.0000728968
11315   0.0000837477  -0.0001482163  -0.0002517428  -0.0010582275  -0.0003618784
11316   0.0000731776  -0.0001219041   0.0000944450  -0.0000017107   0.0000231596
11317  -0.0000070256   0.0000054288  -0.0000266386  -0.0000151262   0.0000006126
11318   0.0000432214  -0.0000234712   0.0000041010   0.0000100038   0.0000465289
11319   0.0000072015  -0.0000366430  -0.0000025166   0.0000004425   0.0000000498
11320   0.0000030316   0.0000010825   0.0000082301  -0.0000059475  -0.0000022101
11321   0.0000012598  -0.0000020640  -0.0000013794   0.0000056341  -0.0000274585
11322  -0.0000024399   0.0000002417   0.0000103076   0.0000025197   0.0000000737
11323   0.0000102381   0.0013145436   0.0467113452   0.0268922164   0.0014271391
11324   0.0004601430  -0.0295436182  -0.0017638864   0.0003539712   0.0113296571
11325  -0.0000282015   0.0002695410  -0.0000587862   0.0000942785  -0.0001524517
11326   0.0000083430  -0.0000386097   0.0000563793  -0.0001685614   0.0000056354
11327   0.0000373401   0.0000373945  -0.0008935614  -0.0003524147  -0.0007050310
11328  -0.0000054922   0.0000073801  -0.0000605917   0.0000002413  -0.0000014124
11329   0.0000008457  -0.0000010146  -0.0000015049   0.0000007491   0.0000003580
11330  -0.0000005281   0.0000026033   0.0000001862   0.0000021251   0.0000012425
11331   0.0000001241   0.0000023644  -0.0000000342  -0.0000000958  -0.0000042958
11332  -0.0000020056  -0.0000013559  -0.0000130944   0.0000201029   0.0000000727
11333   0.0000041513  -0.0000015522
114 1  -0.0000007503   0.0000105971  -0.0000052268  -0.0000009140  -0.0000037490
114 2  -0.0000212909   0.0000021620  -0.0000224650   0.0000216562  -0.0000018863
114 3   0.0000128438   0.0000139283  -0.0000035525   0.0000280862  -0.0000636780
114 4   0.0000007161   0.0000169757   0.0000914469  -0.0000146283   0.0000320176
114 5  -0.0001104469  -0.0026999056  -0.0023723778  -0.0089636743   0.0003256019
114 6  -0.0004558640  -0.0005735892  -0.0002534993   0.0001725747   0.0005309720
114 7   0.0007378473  -0.0021690647   0.0006380456  -0.0000756387   0.0003178248
114 8  -0.0003166069  -0.0000005676   0.0000015253  -0.0000050254  -0.0000002181
114 9  -0.0000080145   0.0000145108   0.0155438591  -0.0229553999  -0.3170182029
11410  -0.0007728095  -0.0002288714   0.0000259161   0.0021350526   0.0031080598
11411  -0.0015991131  -0.0000315013   0.0000393176   0.0000270149  -0.0000542909
11412  -0.0001268062   0.0000204167   0.0000197636   0.0000712708   0.0000851734
11413   0.0000058360   0.0000169050   0.0000107698   0.0000059032   0.0000863271
11414  -0.0000432050   0.0000115473  -0.0000187634  -0.0000369900  -0.0000433017
11415  -0.0002474227   0.0004455781  -0.0008562540  -0.0004891884  -0.0010941227
11416  -0.0000466821   0.0002855057   0.0003102112   0.0000001631   0.0000016921
11417   0.0000041793  -0.0000003696  -0.0000063287  -0.0000037819  -0.0000009951
11418   0.0000062137  -0.0000035364  -0.0000009118   0.0000026058   0.0000084883
11419   0.0000008057  -0.0000123058   0.0000024919   0.0000009535   0.0000000237
11420   0.0000011831  -0.0000012013  -0.0000023862  -0.0000001423   0.0000019343
11421   0.0000031776   0.0000029248  -0.0000094224  -0.0000054066   0.0000008596
11422  -0.0000002195  -0.0000003326   0.0000015985   0.0000000712  -0.0000006441
11423   0.0000014634  -0.0158324612   0.0268922164   0.3412537133  -0.0000117211
11424   0.0006770922  -0.0046048118   0.0019011615  -0.0016056095  -0.0099067697
11425   0.0000869017  -0.0000526339   0.0005614462   0.0000403095   0.0000958660
11426   0.0002420103   0.0000569795   0.0000912587   0.0000027913   0.0000588576
11427  -0.0000617717  -0.0000725830  -0.0002443315  -0.0011323852   0.0000747293
11428   0.0000225814   0.0000099645   0.0000517552   0.0000004536  -0.0000003473
11429  -0.0000002728  -0.0000011309  -0.0000006002  -0.0000006541   0.0000001453
11430  -0.0000001022   0.0000002035   0.0000001444   0.0000000697  -0.0000003217
11431   0.0000002263   0.0000002190   0.0000005170   0.0000007394   0.0000016127
11432  -0.0000000397  -0.0000020549  -0.0000031924  -0.0000032518   0.0000005025
11433   0.0000001901   0.0000013421
115 1   0.0000035772  -0.0000191036   0.0000087777  -0.0000039521   0.0000158045
115 2   0.0000623941  -0.0000071488   0.0000484991  -0.0000523839   0.0000059613
115 3  -0.0000240332  -0.0000302961   0.0000060177  -0.0000545796   0.0001238646
115 4   0.0000011064  -0.0000154129  -0.0001694629   0.0000158978  -0.0000205415
115 5   0.0001742524   0.0003137587  -0.0273868105  -0.0064000482  -0.0036730579
115 6  -0.0002725329   0.0027963939   0.0003753392  -0.0008555216  -0.0000539722
115 7  -0.0000520695  -0.0006280603   0.0001193068  -0.0000068884   0.0001349458
115 8  -0.0000690102  -0.0000010027  -0.0000068312   0.0000183052  -0.0000017871
115 9   0.0000021173  -0.0000448513  -0.0491003073   0.0265357585   0.0062830828
11510   0.0015973324  -0.0006784186  -0.0004358054   0.0008484944   0.0014159840
11511  -0.0019665211   0.0003657814  -0.0000850420   0.0002814405  -0.0000500547
11512  -0.0000388139  -0.0000045593   0.0000441583   0.0000089913   0.0000338750
11513  -0.0000403072  -0.0000571833  -0.0000411756   0.0000126495   0.0000251689
11514  -0.0000033718  -0.0000393083   0.0000042746  -0.0000115855  -0.0000002197
11515   0.0000086801  -0.0002700600  -0.0000965081  -0.0000979467   0.0003087672
11516   0.0002617452  -0.0002582537  -0.0003191315  -0.0000025245  -0.0000092482
11517   0.0000025618   0.0000024440   0.0000113608   0.0000070026   0.0000076441
11518  -0.0000171889   0.0000107734   0.0000079321  -0.0000046294  -0.0000216745
11519   0.0000034609   0.0000228676  -0.0000014202   0.0000005126   0.0000003799
11520  -0.0000006201  -0.0000003286   0.0000014433  -0.0000008088  -0.0000022987
11521  -0.0000003054   0.0000020806  -0.0000014558   0.0000077116  -0.0000072277
11522   0.0000005006  -0.0000002066  -0.0000033918  -0.0000009004  -0.0000003279
11523  -0.0000039094  -0.0013144463   0.0014271391  -0.0000117211   0.0516757939
11524  -0.0240378553  -0.0080777904  -0.0007255303   0.0243540437   0.0077187399
11525  -0.0001145740   0.0000059259  -0.0000733874   0.0002110051   0.0002843111
11526   0.0001082260  -0.0006240281   0.0002527198   0.0001159066  -0.0000149670
11527   0.0000025957   0.0000094181  -0.0000026206   0.0000352247  -0.0000403579
11528   0.0001240078  -0.0000434911  -0.0000628651  -0.0000015549   0.0000015263
11529  -0.0000007267  -0.0000006906   0.0000014587  -0.0000008885   0.0000002984
11530   0.0000005627  -0.0000008730   0.0000007816  -0.0000007172  -0.0000003669
11531   0.0000008841  -0.0000011388  -0.0000005282   0.0000000693   0.0000008379
11532   0.0000011317  -0.0000090509   0.0000047627  -0.0000056743   0.0000004287
11533  -0.0000009011   0.0000001662
116 1   0.0000047653  -0.0000407272   0.0000115513  -0.0000057694   0.0000446730
116 2   0.0001612650  -0.0000111792   0.0001137992  -0.0001191129   0.0000067017
116 3  -0.0000529767  -0.0000577728   0.0000102851  -0.0001158560   0.0002551425
116 4   0.0000021274  -0.0000291464  -0.0003088109   0.0000104635   0.0000014523
116 5   0.0003129704   0.0008423613  -0.0168021469  -0.0033640580  -0.0025902920
116 6   0.0006767100   0.0015116468  -0.0001989125  -0.0001836044  -0.0002820148
116 7   0.0002728769  -0.0009072602   0.0001760474   0.0000000870   0.0001538500
116 8   0.0000339827   0.0000002054  -0.0000202823   0.0000567787  -0.0000002962
116 9  -0.0000084263  -0.0001193080   0.0243094233  -0.3006079213  -0.0641210293
11610   0.0013950378   0.0006247107  -0.0000837826   0.0006598243   0.0020542454
11611  -0.0012341637   0.0001695695  -0.0000879244   0.0001967188  -0.0000060021
11612  -0.0000186691  -0.0000019432   0.0000098281  -0.0001050814  -0.0000090889
11613  -0.0000141813   0.0000189159  -0.0000173081   0.0000028312   0.0000268507
11614   0.0000049190   0.0000049909   0.0001016726  -0.0000060472  -0.0000007196
11615  -0.0000155439  -0.0003713997  -0.0000528960   0.0001044085   0.0004655832
11616   0.0000092708  -0.0001446071  -0.0000739838  -0.0000021157  -0.0000200949
11617   0.0000114500  -0.0000003423   0.0000271512   0.0000160490   0.0000077982
11618  -0.0000426004   0.0000253775   0.0000056575  -0.0000114141  -0.0000528682
11619  -0.0000007839   0.0000495692  -0.0000019811  -0.0000005746   0.0000009908
11620   0.0000000989  -0.0000003194  -0.0000010016   0.0000024378  -0.0000002218
11621  -0.0000014173   0.0000025228   0.0000009123   0.0000065526  -0.0000015076
11622   0.0000030513   0.0000010915  -0.0000121480  -0.0000033471   0.0000003494
11623  -0.0000120954  -0.0000595253   0.0004601430   0.0006770922  -0.0240378553
11624   0.3220525907   0.0689423052  -0.0003712337  -0.0082502352  -0.0026754112
11625  -0.0000378879   0.0000583168   0.0000810671   0.0000351959   0.0003037754
11626   0.0001650539  -0.0005066397   0.0006327838  -0.0000818378  -0.0000101263
11627   0.0000033354   0.0000061509   0.0000239574  -0.0000339805  -0.0000231102
11628   0.0001299529  -0.0000301572  -0.0000610502   0.0000005283   0.0000007844
11629  -0.0000006399  -0.0000011257   0.0000007696  -0.0000005010   0.0000000034
11630   0.0000014398  -0.0000023994   0.0000005853  -0.0000022897  -0.0000015005
11631   0.0000007404  -0.0000028628  -0.0000003586   0.0000000263   0.0000030493
11632   0.0000024401  -0.0000063720   0.0000160807  -0.0000248463  -0.0000003393
11633  -0.0000038348   0.0000034283
117 1   0.0000024191  -0.0000212370  -0.0000012820  -0.0000023915   0.0000174444
117 2   0.0000506644  -0.0000038163   0.0000327526  -0.0000357788   0.0000015601
117 3  -0.0000102723  -0.0000101030   0.0000039986  -0.0000337206   0.0000486523
117 4   0.0000010139   0.0000056277  -0.0000385615  -0.0000046648   0.0000232512
117 5   0.0000158622   0.0007949934   0.0126753918   0.0008942209   0.0020129040
117 6   0.0002359094  -0.0008692612   0.0000410147   0.0002058146  -0.0001224222
117 7   0.0000229633   0.0010728910  -0.0001792954   0.0000648443  -0.0001425292
117 8   0.0000664864   0.0000009794  -0.0000070596   0.0000209399   0.0000002148
117 9   0.0000013218  -0.0000411041   0.0049463411  -0.0658271921  -0.0615750568
11710  -0.0005578006  -0.0001465899  -0.0000123857  -0.0008694131  -0.0001537328
11711   0.0018105890  -0.0003878104  -0.0000000367  -0.0001135579   0.0000147769
11712   0.0000535492  -0.0000194076  -0.0000282506   0.0000747820  -0.0000196089
11713   0.0000690051   0.0000470120   0.0000147874  -0.0000023950  -0.0000504875
11714   0.0000196309  -0.0000182071  -0.0000790994   0.0000296776  -0.0000564249
11715  -0.0001249281   0.0002192576  -0.0002224011   0.0002947930  -0.0003669365
11716  -0.0000284987   0.0000796498  -0.0000276321   0.0000000886  -0.0000090491
11717   0.0000001308  -0.0000004050   0.0000135836   0.0000060788   0.0000026928
11718  -0.0000170162   0.0000079744   0.0000013881  -0.0000021741  -0.0000179021
11719  -0.0000003351   0.0000121776   0.0000013211  -0.0000000327  -0.0000005072
11720  -0.0000024639   0.0000022780  -0.0000052603   0.0000043476   0.0000020156
11721  -0.0000007496  -0.0000002251   0.0000025661  -0.0000065546   0.0000186441
11722   0.0000008529   0.0000001340  -0.0000040482  -0.0000007851  -0.0000001219
11723  -0.0000039073   0.0024147465  -0.0295436182  -0.0046048118  -0.0080777904
11724   0.0689423052   0.0614542085  -0.0001799322   0.0129453785   0.0029694055
11725  -0.0000190142  -0.0001799187  -0.0000012921  -0.0000617700   0.0001176463
11726  -0.0000995364  -0.0000971407  -0.0001104913   0.0003304684   0.0000122853
11727  -0.0000466926  -0.0000424361   0.0002203683  -0.0003347754   0.0001784273
11728  -0.0000173279  -0.0000044095   0.0000538583  -0.0000009388   0.0000004518
11729   0.0000000811   0.0000009373   0.0000008166  -0.0000000250   0.0000000881
11730  -0.0000000638  -0.0000012060   0.0000002493  -0.0000006060  -0.0000003446
11731   0.0000003342  -0.0000006660  -0.0000000776   0.0000005382   0.0000018724
11732   0.0000005034  -0.0000008649   0.0000069421  -0.0000051602  -0.0000000472
11733  -0.0000019390  -0.0000003875
118 1  -0.0000022634   0.0000201683  -0.0000039792   0.0000024420  -0.0000237324
118 2  -0.0000780778   0.0000072312  -0.0000535881   0.0000560997  -0.0000018477
118 3   0.0000260320   0.0000249359  -0.0000046764   0.0000568375  -0.0001169931
118 4   0.0000042451   0.0000112005   0.0001425657   0.0000093104   0.0000037350
118 5  -0.0001432086  -0.0211772888   0.0086463617  -0.0107725800   0.0003468231
118 6   0.0016102194  -0.0004809867   0.0004641214  -0.0002085766   0.0003060822
118 7  -0.0002877358  -0.0003768955   0.0005751984  -0.0000955058  -0.0000321195
118 8   0.0000157570  -0.0000013728   0.0000097670  -0.0000274595   0.0000000475
118 9   0.0000047394   0.0000576662  -0.2380600513   0.0830693702  -0.0920904439
11810  -0.0030630804  -0.0035220625   0.0028446732   0.0025325412   0.0004460517
11811  -0.0010212646  -0.0001604483  -0.0000744172   0.0000937858  -0.0000291965
11812  -0.0000307590   0.0000253283  -0.0000156245   0.0000141787   0.0000112356
11813   0.0000411799   0.0000188377  -0.0000162840   0.0000127296   0.0000179738
11814  -0.0000150768   0.0000316317  -0.0000062674  -0.0000090038  -0.0000025854
11815  -0.0000131715   0.0001882256   0.0000463305   0.0000577290  -0.0002534283
11816   0.0001613255  -0.0002102599   0.0000972489  -0.0000030122   0.0000083580
11817  -0.0000044413   0.0000019642  -0.0000139181  -0.0000085079  -0.0000014726
11818   0.0000221854  -0.0000121529   0.0000003556   0.0000062296   0.0000260841
11819   0.0000029091  -0.0000243229   0.0000016861  -0.0000010300  -0.0000006367
11820  -0.0000002062  -0.0000032565  -0.0000009716  -0.0000008186  -0.0000026602
11821   0.0000015210  -0.0000002746  -0.0000095919  -0.0000034676   0.0000030700
11822  -0.0000015655  -0.0000010536   0.0000061337   0.0000017929   0.0000000754
11823   0.0000062447   0.0034408030  -0.0017638864   0.0019011615  -0.0007255303
11824  -0.0003712337  -0.0001799322   0.2573271503  -0.0877219032   0.0994691501
11825   0.0002813082  -0.0000169331  -0.0000563735  -0.0012215714   0.0005742620
11826  -0.0005914808   0.0002681207  -0.0000409690   0.0000399338  -0.0000202111
11827  -0.0000060832  -0.0000060768  -0.0000528220  -0.0000608651   0.0000330621
11828  -0.0000398208  -0.0000427082  -0.0000465767  -0.0000000690  -0.0000002147
11829  -0.0000003122   0.0000010030   0.0000001655   0.0000001754  -0.0000002580
11830  -0.0000006884   0.0000010638  -0.0000003043   0.0000010911   0.0000006114
11831  -0.0000005014   0.0000015080   0.0000003188  -0.0000008677  -0.0000011068
11832  -0.0000012047   0.0000019604  -0.0000073291   0.0000112190  -0.0000011048
11833   0.0000015432  -0.0000015724
119 1  -0.0000016814   0.0000172798  -0.0000036613   0.0000023632  -0.0000267960
119 2  -0.0000835584   0.0000042796  -0.0000555997   0.0000542145  -0.0000027992
119 3   0.0000259712   0.0000252438  -0.0000043212   0.0000536438  -0.0001148027
119 4   0.0000004248   0.0000142506   0.0001359262  -0.0000016802  -0.0000105905
119 5  -0.0001370367  -0.0153527036   0.0050201068  -0.0081069078  -0.0009532529
119 6   0.0008452122  -0.0008202388   0.0002158503   0.0000245174  -0.0000551567
119 7   0.0000478170   0.0005131956   0.0001728403  -0.0000528843  -0.0000691917
119 8  -0.0000636885  -0.0000009021   0.0000099703  -0.0000294597  -0.0000012018
119 9   0.0000105136   0.0000631108   0.0854649532  -0.0839877213   0.0421224237
11910  -0.0024316865  -0.0015212054   0.0016929939   0.0008989038   0.0000678822
11911  -0.0009301713  -0.0000291548  -0.0000289984  -0.0000073496  -0.0000243619
11912  -0.0000073645   0.0000033212   0.0000237994   0.0000770435   0.0000232657
11913   0.0000115407   0.0000211094  -0.0000045881   0.0000041514  -0.0000066225
11914  -0.0000081357  -0.0000256429  -0.0000646885  -0.0000117664   0.0000077350
11915  -0.0000138123   0.0001661236   0.0000204776   0.0000057584  -0.0002834589
11916   0.0000791013   0.0000217100   0.0001269687   0.0000002090   0.0000111186
11917  -0.0000102872   0.0000005510  -0.0000127573  -0.0000077866  -0.0000026239
11918   0.0000225437  -0.0000130112  -0.0000011158   0.0000058284   0.0000269870
11919   0.0000018257  -0.0000233066   0.0000012982   0.0000003473  -0.0000005640
11920  -0.0000017220   0.0000000066  -0.0000003936  -0.0000012551  -0.0000011906
11921   0.0000021975  -0.0000007266  -0.0000029827  -0.0000011758  -0.0000004814
11922  -0.0000016718   0.0000005788   0.0000057655   0.0000015018   0.0000003705
11923   0.0000057615  -0.0034423698   0.0003539712  -0.0016056095   0.0243540437
11924  -0.0082502352   0.0129453785  -0.0877219032   0.0860973396  -0.0453936077
11925   0.0001580373  -0.0001425094   0.0000867691  -0.0009316893   0.0007710173
11926  -0.0001567880  -0.0002909297   0.0002439686   0.0001268491  -0.0000003481
11927  -0.0000069276  -0.0000092705  -0.0000086243   0.0000192192   0.0000711637
11928  -0.0000098681  -0.0000172114  -0.0000124205  -0.0000011631  -0.0000011105
11929   0.0000012077   0.0000009195  -0.0000011438   0.0000010211   0.0000001974
11930  -0.0000008442   0.0000012625  -0.0000001404   0.0000013410   0.0000009431
11931  -0.0000002442   0.0000017003   0.0000001419  -0.0000003123  -0.0000021952
11932  -0.0000013008  -0.0000000282  -0.0000082139   0.0000159758   0.0000004419
11933   0.0000018200  -0.0000027093
120 1  -0.0000006002   0.0000018936   0.0000004194   0.0000011730   0.0000041239
120 2   0.0000182432   0.0000029024   0.0000156872  -0.0000079043   0.0000012148
120 3  -0.0000056129  -0.0000055398  -0.0000006218  -0.0000092852   0.0000214281
120 4   0.0000060539  -0.0000137196  -0.0000252754  -0.0000063010   0.0000359746
120 5   0.0000152363   0.0110166135  -0.0045937413   0.0028504008  -0.0000402590
120 6  -0.0003871490   0.0006108729  -0.0000432019  -0.0000541663  -0.0000228995
120 7   0.0001017650   0.0006764493  -0.0001723900   0.0000369290  -0.0000816923
120 8   0.0000581705  -0.0000007264  -0.0000027972   0.0000048041   0.0000017722
120 9  -0.0000086436  -0.0000142126  -0.0948407462   0.0409337424  -0.0917042240
12010   0.0019014276   0.0012091489  -0.0006906066  -0.0002625515  -0.0010523035
12011   0.0018654003  -0.0000199604   0.0000031712  -0.0000177336   0.0000218910
12012   0.0000604269  -0.0000221936   0.0000153159  -0.0000184638  -0.0000224749
12013   0.0000142170  -0.0000212260  -0.0000076862  -0.0000074059  -0.0000408750
12014   0.0000215197  -0.0000234955  -0.0000023581   0.0000133706   0.0000506714
12015  -0.0001482545   0.0000507175  -0.0001338168   0.0001709526  -0.0002962775
12016   0.0001071653  -0.0000774669  -0.0001564885  -0.0000026816  -0.0000020131
12017   0.0000019686   0.0000010970  -0.0000001451   0.0000009890   0.0000011167
12018  -0.0000043811   0.0000019024   0.0000015267  -0.0000022212  -0.0000043396
12019   0.0000009277   0.0000035348  -0.0000018442  -0.0000015846   0.0000003954
12020   0.0000015796  -0.0000044497   0.0000005818   0.0000028022  -0.0000033994
12021  -0.0000051139  -0.0000021181  -0.0000036712  -0.0000010805   0.0000158662
12022   0.0000005590  -0.0000004490  -0.0000018167  -0.0000000451   0.0000002316
12023  -0.0000011576  -0.0257768617   0.0113296571  -0.0099067697   0.0077187399
12024  -0.0026754112   0.0029694055   0.0994691501  -0.0453936077   0.0936844689
12025   0.0001685284   0.0000363910   0.0002410979   0.0006095396  -0.0000491568
12026   0.0005597490  -0.0001361066   0.0001425547  -0.0000996625   0.0000096755
12027  -0.0000365725  -0.0000369362   0.0000613611   0.0000703930   0.0001667690
12028  -0.0000124649  -0.0000072712   0.0000463517   0.0000016968  -0.0000000865
12029  -0.0000003598   0.0000000374   0.0000006672   0.0000001147  -0.0000005965
12030   0.0000000572  -0.0000001886  -0.0000004623  -0.0000003978  -0.0000002138
12031  -0.0000007994  -0.0000009322  -0.0000003932  -0.0000020532   0.0000007438
12032   0.0000006088   0.0000032845  -0.0000000537  -0.0000031249  -0.0000014897
12033  -0.0000001297   0.0000005747
121 1   0.0000006307  -0.0000094546  -0.0000008394  -0.0000014080   0.0000158873
121 2   0.0000442994  -0.0000093527   0.0000317781  -0.0000270531  -0.0000016383
121 3  -0.0000096824  -0.0000119253   0.0000017754  -0.0000266663   0.0000423286
121 4  -0.0000099278  -0.0000114057  -0.0000441531  -0.0000275559   0.0000487302
121 5   0.0000100283   0.0016977736  -0.0045646875  -0.0241402455   0.0007275777
121 6  -0.0006275579   0.0002309188  -0.0000334525  -0.0000622848   0.0001054109
121 7  -0.0008065358  -0.0022442415  -0.0000247648   0.0001523785   0.0004767106
121 8  -0.0007699598   0.0000034330  -0.0000040727   0.0000164909   0.0000001665
121 9  -0.0000064500  -0.0000367470   0.0011220161  -0.0004388638   0.0002835436
12110  -0.0474736420  -0.0002753081  -0.0080796912  -0.0040596144   0.0040955427
12111  -0.0058550818  -0.0000395749   0.0000032561   0.0000768821   0.0002491546
12112  -0.0001974950   0.0000227161  -0.0001632588   0.0002332531   0.0001566917
12113  -0.0000041451   0.0000182183   0.0000092909  -0.0000589470   0.0001405982
12114  -0.0000738299   0.0000556173  -0.0001422917  -0.0000535479   0.0000361107
12115  -0.0002464093   0.0002444754  -0.0001907640   0.0009490419  -0.0001962901
12116  -0.0000594018  -0.0000732148   0.0000776191   0.0000098779  -0.0000047800
12117   0.0000048593  -0.0000045802   0.0000079787   0.0000030857  -0.0000043351
12118  -0.0000125872   0.0000058015  -0.0000065746  -0.0000022455  -0.0000152760
12119  -0.0000066108   0.0000092216  -0.0000006128   0.0000037415   0.0000010429
12120   0.0000004214   0.0000098195   0.0000005071   0.0000050354   0.0000046834
12121  -0.0000070607  -0.0000012095   0.0000201922   0.0000015430   0.0000309583
12122   0.0000003696  -0.0000001364  -0.0000026061  -0.0000007746  -0.0000009085
12123  -0.0000038128  -0.0006476173  -0.0000282015   0.0000869017  -0.0001145740
12124  -0.0000378879  -0.0000190142   0.0002813082   0.0001580373   0.0001685284
12125   0.0482626486  -0.0011000130   0.0109144613   0.0024573999   0.0038059842
12126   0.0233279129  -0.0009978799  -0.0002081558   0.0028008574   0.0000342725
12127  -0.0000730481  -0.0000703779  -0.0004060524   0.0004135278   0.0006607590
12128  -0.0000063755  -0.0000049172   0.0001051959  -0.0000008472   0.0000018216
12129  -0.0000002784  -0.0000017227   0.0000001843  -0.0000009662   0.0000005386
12130   0.0000004776  -0.0000009470   0.0000001669  -0.0000005829  -0.0000007104
12131   0.0000003869  -0.0000010071  -0.0000002329   0.0000015112   0.0000027547
12132   0.0000008446   0.0000005783   0.0000060048  -0.0000071295   0.0000030342
12133  -0.0000004844   0.0000009839
122 1  -0.0000012256   0.0000433309  -0.0000048334   0.0000016271  -0.0000408744
122 2  -0.0001340814   0.0000075558  -0.0000922478   0.0001001360  -0.0000009213
122 3   0.0000376031   0.0000416412  -0.0000047619   0.0000939744  -0.0001832275
122 4  -0.0000029828   0.0000046968   0.0001992610   0.0000135592  -0.0000147172
122 5  -0.0001750175  -0.0010599891  -0.0009979228   0.0103379874  -0.0007000847
122 6   0.0006403999   0.0002192168   0.0001077379   0.0001992832  -0.0000813528
122 7   0.0000356253   0.0011342040  -0.0002624716  -0.0001601268  -0.0002261012
122 8   0.0004863920  -0.0000014449   0.0000169362  -0.0000510274   0.0000002243
122 9   0.0000009773   0.0001024040  -0.0005320854   0.0000901358   0.0000055335
12210  -0.0005915552  -0.0476016092  -0.0269651988   0.0026332467  -0.0004738964
12211   0.0022506412   0.0001059979   0.0000243484  -0.0000362212  -0.0001395172
12212   0.0001292843  -0.0000437185   0.0000810985  -0.0001569922  -0.0000958814
12213  -0.0000142332  -0.0000033516  -0.0000178160   0.0000377532  -0.0000868347
12214   0.0000424805  -0.0000314606   0.0000922343   0.0000199943  -0.0000773415
12215   0.0000302295  -0.0001008562   0.0003549719  -0.0008096895  -0.0003513507
12216  -0.0000941072  -0.0000764619   0.0000870192  -0.0000050072   0.0000177029
12217  -0.0000062663   0.0000065463  -0.0000280931  -0.0000139554   0.0000027840
12218   0.0000389097  -0.0000211074   0.0000059754   0.0000080791   0.0000460516
12219   0.0000085013  -0.0000374977  -0.0000012197  -0.0000002694  -0.0000001458
12220   0.0000031049  -0.0000009292   0.0000080418  -0.0000052953   0.0000031623
12221   0.0000003032  -0.0000017456   0.0000032255   0.0000057883  -0.0000213580
12222  -0.0000026807  -0.0000010689   0.0000106617   0.0000026505  -0.0000003577
12223   0.0000102646  -0.0001409102   0.0002695410  -0.0000526339   0.0000059259
12224   0.0000583168  -0.0001799187  -0.0000169331  -0.0001425094   0.0000363910
12225  -0.0011000130   0.0464406902   0.0291962219   0.0021504820   0.0013358161
12226   0.0156561691  -0.0016740851   0.0001475570  -0.0295152469  -0.0000056514
12227   0.0000239011   0.0000252723   0.0007861895  -0.0000957641  -0.0005307778
12228   0.0000035930   0.0000090060  -0.0000431232   0.0000002539  -0.0000005851
12229  -0.0000000153  -0.0000006796  -0.0000008539   0.0000002006   0.0000004565
12230  -0.0000006967   0.0000025051   0.0000006186   0.0000018505   0.0000012768
12231   0.0000009129   0.0000021342   0.0000000523   0.0000018879  -0.0000035914
12232  -0.0000017579  -0.0000027096  -0.0000171230   0.0000183327  -0.0000008575
12233   0.0000037096  -0.0000017357
123 1  -0.0000013552   0.0000113092  -0.0000054983   0.0000007782  -0.0000026175
123 2  -0.0000205047   0.0000012285  -0.0000215525   0.0000210486  -0.0000002612
123 3   0.0000133440   0.0000135390  -0.0000013259   0.0000281732  -0.0000628426
123 4  -0.0000037630   0.0000170058   0.0000902786   0.0000089160   0.0000337569
123 5  -0.0001104061   0.0030437111  -0.0018655007  -0.0089076008  -0.0002340904
123 6  -0.0005210590  -0.0005914308   0.0002220042   0.0002128960   0.0005339360
123 7  -0.0003474178  -0.0022666772   0.0006402071   0.0000194546   0.0003246687
123 8  -0.0003140654  -0.0000006759   0.0000025288  -0.0000045874   0.0000009900
123 9  -0.0000068762   0.0000140522   0.0007899118  -0.0000984741   0.0000161271
12310  -0.0112521591  -0.0252912401  -0.3169263409  -0.0026431870   0.0026783283
12311  -0.0015986032   0.0000258325   0.0000434116   0.0000273410   0.0000752126
12312  -0.0001159319   0.0000207206  -0.0000308954   0.0000643846   0.0000849641
12313  -0.0000073786   0.0000147690   0.0000103019  -0.0000190619   0.0000821820
12314  -0.0000431506  -0.0000082867  -0.0000212587  -0.0000362579   0.0000858565
12315  -0.0002333430   0.0004437282   0.0009305772  -0.0003121771  -0.0010742239
12316   0.0000092017   0.0002664852   0.0003093667  -0.0000019294   0.0000029529
12317   0.0000042754   0.0000013712  -0.0000049403  -0.0000040150   0.0000002100
12318   0.0000071819  -0.0000040358   0.0000011020   0.0000035418   0.0000076136
12319   0.0000017622  -0.0000112534   0.0000019760  -0.0000010290  -0.0000000744
12320   0.0000011787   0.0000015509  -0.0000021137  -0.0000002183  -0.0000023828
12321   0.0000028383   0.0000028686   0.0000096872  -0.0000036994   0.0000017613
12322   0.0000000744  -0.0000003231   0.0000011703   0.0000001860  -0.0000002035
12323   0.0000015276  -0.0000937612  -0.0000587862   0.0005614462  -0.0000733874
12324   0.0000810671  -0.0000012921  -0.0000563735   0.0000867691   0.0002410979
12325   0.0109144613   0.0291962219   0.3410017611  -0.0016038358  -0.0018835288
12326  -0.0098465541  -0.0001064497   0.0006625841  -0.0046202306  -0.0000479114
12327  -0.0000699745  -0.0000718953   0.0004170531  -0.0010511220   0.0001421456
12328  -0.0000235705   0.0000063742   0.0000513017   0.0000012049  -0.0000006518
12329  -0.0000004074  -0.0000005071  -0.0000003338  -0.0000002362  -0.0000001771
12330  -0.0000000219   0.0000001574  -0.0000001119   0.0000001323  -0.0000003763
12331  -0.0000001984   0.0000002334   0.0000004566  -0.0000008254   0.0000014461
12332  -0.0000000832   0.0000006772  -0.0000010360  -0.0000029123  -0.0000007065
12333   0.0000001845   0.0000014200
124 1   0.0000006232  -0.0000238174   0.0000051700   0.0000001860   0.0000288355
124 2   0.0000919774  -0.0000015227   0.0000634387  -0.0000646539   0.0000010711
124 3  -0.0000299441  -0.0000297335   0.0000051458  -0.0000656073   0.0001359186
124 4   0.0000047926  -0.0000124378  -0.0001659652   0.0000084140  -0.0000003529
124 5   0.0001662484  -0.0215487168  -0.0134065278   0.0120239803   0.0004562153
124 6  -0.0016522868   0.0006210750   0.0004796335   0.0002703967  -0.0002788043
124 7  -0.0003176193   0.0002489010  -0.0006011036  -0.0001090686   0.0000250119
124 8  -0.0000044254   0.0000025917  -0.0000108368   0.0000317343   0.0000020799
124 9  -0.0000058680  -0.0000687017  -0.0040402043   0.0030662050  -0.0030954589
12410  -0.2039159617  -0.1043699174   0.0833565019   0.0026707685   0.0000518268
12411   0.0011289000  -0.0001745345   0.0000468837  -0.0000901774  -0.0000390054
12412   0.0000254814  -0.0000251208  -0.0000041523  -0.0000279218  -0.0000147224
12413   0.0000399288  -0.0000158723   0.0000170496   0.0000122130  -0.0000146943
12414   0.0000167364   0.0000275618   0.0000221542   0.0000112026  -0.0000057140
12415   0.0000149750  -0.0002160129   0.0000569542  -0.0000497617   0.0003031814
12416   0.0001386723   0.0002292150  -0.0001243991   0.0000035233  -0.0000115556
12417   0.0000070767  -0.0000032071   0.0000160089   0.0000097529  -0.0000017785
12418  -0.0000266190   0.0000145952  -0.0000040814  -0.0000072896  -0.0000307452
12419  -0.0000060627   0.0000275687  -0.0000017313  -0.0000006822   0.0000004693
12420   0.0000005589  -0.0000031052   0.0000005308   0.0000009974  -0.0000025612
12421  -0.0000024070   0.0000009770  -0.0000102255   0.0000017851  -0.0000028537
12422   0.0000019137  -0.0000004354  -0.0000065989  -0.0000014923   0.0000001834
12423  -0.0000064692   0.0002917988   0.0000942785   0.0000403095   0.0002110051
12424   0.0000351959  -0.0000617700  -0.0012215714  -0.0009316893   0.0006095396
12425   0.0024573999   0.0021504820  -0.0016038358   0.2214806086   0.1117430327
12426  -0.0899978288   0.0031853073   0.0024057250  -0.0020955176  -0.0000212228
12427   0.0000039484   0.0000078178  -0.0000618252   0.0000469873  -0.0000477422
12428  -0.0000490286   0.0000374276   0.0000474566   0.0000012269   0.0000011210
12429  -0.0000009005   0.0000002910   0.0000011041  -0.0000004784  -0.0000005077
12430   0.0000008174  -0.0000013658  -0.0000005262  -0.0000013887  -0.0000007773
12431  -0.0000008222  -0.0000019026  -0.0000003889  -0.0000015294   0.0000014865
12432   0.0000014252   0.0000069388   0.0000095910  -0.0000136993  -0.0000001362
12433  -0.0000019349   0.0000017991
125 1  -0.0000006629   0.0000123065  -0.0000019559   0.0000007179  -0.0000217903
125 2  -0.0000688019   0.0000040048  -0.0000452373   0.0000442642  -0.0000006742
125 3   0.0000222514   0.0000194116  -0.0000035993   0.0000430671  -0.0000929919
125 4  -0.0000006639   0.0000123733   0.0001070940   0.0000056204  -0.0000099305
125 5  -0.0001101045   0.0105770332   0.0053724872  -0.0060756377   0.0009177336
125 6   0.0006812137  -0.0007328421  -0.0001793110   0.0000688476  -0.0001230157
125 7  -0.0001845203   0.0005317288   0.0000762982   0.0000451619  -0.0000563429
125 8  -0.0000669954  -0.0000018887   0.0000087933  -0.0000254593  -0.0000012572
125 9   0.0000105245   0.0000512597   0.0019765597  -0.0005352073   0.0011615954
12510  -0.1067245275  -0.1178218902   0.0576169766  -0.0004120320  -0.0000914267
12511  -0.0007123241   0.0000041696  -0.0000147031  -0.0000236367   0.0000200718
12512   0.0000022549  -0.0000018019  -0.0000403055   0.0000683690   0.0000206853
12513  -0.0000042665   0.0000168352  -0.0000015879   0.0000018588  -0.0000102923
12514  -0.0000053223   0.0000398604  -0.0000572075  -0.0000099873  -0.0000047329
12515  -0.0000133129   0.0001297766  -0.0000065795  -0.0000068992  -0.0002352525
12516  -0.0000653676   0.0000548880   0.0001174738  -0.0000042220   0.0000062748
12517  -0.0000077184   0.0000026236  -0.0000097621  -0.0000062789   0.0000011452
12518   0.0000179365  -0.0000101450   0.0000027105   0.0000053501   0.0000218009
12519   0.0000041189  -0.0000191646   0.0000012684  -0.0000006225  -0.0000007011
12520  -0.0000015695  -0.0000006503  -0.0000002661  -0.0000011896   0.0000002312
12521   0.0000018701   0.0000002193   0.0000011681  -0.0000006001  -0.0000006853
12522  -0.0000018233  -0.0000010075   0.0000058987   0.0000017084   0.0000001144
12523   0.0000055935  -0.0000792406  -0.0001524517   0.0000958660   0.0002843111
12524   0.0003037754   0.0001176463   0.0005742620   0.0007710173  -0.0000491568
12525   0.0038059842   0.0013358161  -0.0018835288   0.1117430327   0.1216986668
12526  -0.0622049828  -0.0222915939  -0.0121866113   0.0127969505  -0.0000018120
12527  -0.0000063944  -0.0000083835  -0.0000071544   0.0000274808   0.0000633034
12528   0.0000058374  -0.0000090616  -0.0000041266  -0.0000014083   0.0000003807
12529  -0.0000002250   0.0000013678   0.0000005056   0.0000003430  -0.0000000094
12530  -0.0000006800   0.0000009790   0.0000000683   0.0000011523   0.0000008071
12531   0.0000002091   0.0000014614  -0.0000000003   0.0000004077  -0.0000014363
12532  -0.0000010589  -0.0000019543  -0.0000067696   0.0000140621  -0.0000010985
12533   0.0000014038  -0.0000028071
126 1   0.0000006592   0.0000031724   0.0000000875  -0.0000011421   0.0000046513
126 2   0.0000183713  -0.0000049949   0.0000155717  -0.0000079775   0.0000000981
126 3  -0.0000051521  -0.0000056709   0.0000024263  -0.0000084814   0.0000213634
126 4  -0.0000037112  -0.0000143380  -0.0000252932   0.0000003324   0.0000367567
126 5   0.0000147536  -0.0100430943  -0.0064809617   0.0028271851   0.0000824890
126 6  -0.0003539414   0.0006225287   0.0000820950  -0.0000698852  -0.0000070137
126 7  -0.0002143034   0.0006732368  -0.0001622019  -0.0000214590  -0.0000878971
126 8   0.0000580999   0.0000020193  -0.0000014631   0.0000050718   0.0000005534
126 9  -0.0000078107  -0.0000141027  -0.0020835880   0.0008516191  -0.0006922403
12610   0.0862864478   0.0569998659  -0.0918776259   0.0004139749  -0.0009602567
12611   0.0018267514   0.0000195033   0.0000038274  -0.0000182806  -0.0000325494
12612   0.0000538674  -0.0000217078  -0.0000125760  -0.0000211990  -0.0000216630
12613  -0.0000114014  -0.0000244026  -0.0000083253   0.0000130834  -0.0000406637
12614   0.0000215357   0.0000233467   0.0000002249   0.0000140812  -0.0000243300
12615  -0.0001544280   0.0000505172   0.0001079160   0.0001923421  -0.0002966005
12616  -0.0001067881  -0.0000860197  -0.0001480407   0.0000039459   0.0000003611
12617   0.0000019549  -0.0000006770   0.0000007310   0.0000006311  -0.0000001889
12618  -0.0000032817   0.0000012278  -0.0000010969  -0.0000016373  -0.0000049520
12619  -0.0000015973   0.0000041118  -0.0000024061   0.0000015702   0.0000007607
12620   0.0000015914   0.0000043395   0.0000014144   0.0000028016   0.0000043604
12621  -0.0000044497  -0.0000023239   0.0000037134  -0.0000004989   0.0000159482
12622   0.0000001859   0.0000006000  -0.0000014515  -0.0000004539  -0.0000003310
12623  -0.0000019395  -0.0001697977   0.0000083430   0.0002420103   0.0001082260
12624   0.0001650539  -0.0000995364  -0.0005914808  -0.0001567880   0.0005597490
12625   0.0233279129   0.0156561691  -0.0098465541  -0.0899978288  -0.0622049828
12626   0.0938087659  -0.0071046035  -0.0039962887   0.0029766848  -0.0000033551
12627  -0.0000379333  -0.0000370416  -0.0000752325   0.0000540302   0.0001670093
12628   0.0000143346  -0.0000055703   0.0000464572   0.0000000903   0.0000003444
12629   0.0000004114  -0.0000015892  -0.0000004540  -0.0000002167   0.0000005908
12630   0.0000002741  -0.0000002323   0.0000005439  -0.0000002096  -0.0000002680
12631   0.0000009165  -0.0000007087  -0.0000004458   0.0000020148   0.0000010445
12632   0.0000005609  -0.0000014279   0.0000014040  -0.0000027149   0.0000015772
12633   0.0000002566   0.0000006765
127 1   0.0000010744   0.0000243197  -0.0000092815  -0.0000027573  -0.0000242212
127 2  -0.0000908873   0.0000015975  -0.0000694319   0.0000739852   0.0000030738
127 3   0.0000348885   0.0000391230  -0.0000042124   0.0000747661  -0.0001683208
127 4  -0.0000003437   0.0000209478   0.0002205270   0.0000143661   0.0000228452
127 5  -0.0002277493  -0.0047924773   0.0294512534   0.0068572827  -0.0040346092
127 6  -0.0005655196  -0.0030156349   0.0001767290   0.0009183334   0.0001048540
127 7  -0.0001396262   0.0007684334  -0.0001510834   0.0000208796  -0.0001584779
127 8   0.0000617465  -0.0000044645   0.0000100176  -0.0000298930  -0.0000024660
127 9  -0.0000005376   0.0000646905   0.0016737478   0.0008791881   0.0004517037
12710  -0.0481916232   0.0188179425   0.0050573048   0.0012336551  -0.0015456211
12711   0.0021344294   0.0003710974   0.0001676690  -0.0003104919  -0.0000558013
12712   0.0000340153   0.0000041328   0.0000404990   0.0000186450  -0.0000314120
12713  -0.0000457459   0.0000457588   0.0000436725   0.0000209845  -0.0000260582
12714   0.0000028720  -0.0000379728  -0.0000281911   0.0000117744   0.0000017840
12715  -0.0000054961   0.0003323360  -0.0001152685   0.0000559033  -0.0003882094
12716   0.0002047266   0.0003239170   0.0003277982  -0.0000085769   0.0000073481
12717  -0.0000028151   0.0000076945  -0.0000158389  -0.0000096202   0.0000090668
12718   0.0000245546  -0.0000140784   0.0000128929   0.0000084088   0.0000310816
12719   0.0000130444  -0.0000314256   0.0000025241   0.0000002030  -0.0000007805
12720   0.0000006785  -0.0000003526  -0.0000012435   0.0000002436  -0.0000022781
12721   0.0000000349  -0.0000012533   0.0000000921  -0.0000091160   0.0000077059
12722  -0.0000022096  -0.0000013098   0.0000074639   0.0000017842  -0.0000012110
12723   0.0000069875  -0.0001187653  -0.0000386097   0.0000569795  -0.0006240281
12724  -0.0005066397  -0.0000971407   0.0002681207  -0.0002909297  -0.0001361066
12725  -0.0009978799  -0.0016740851  -0.0001064497   0.0031853073  -0.0222915939
12726  -0.0071046035   0.0518048871  -0.0244547375  -0.0041205675  -0.0000154935
12727  -0.0000057191  -0.0000103230   0.0000080690  -0.0000265308   0.0000427225
12728   0.0001352229   0.0000721977   0.0000724655  -0.0000017131  -0.0000001184
12729  -0.0000003560  -0.0000010775   0.0000000622  -0.0000005151   0.0000005880
12730  -0.0000007314   0.0000011721   0.0000011091   0.0000012330   0.0000006629
12731   0.0000012882   0.0000018205   0.0000005298   0.0000006517  -0.0000007789
12732  -0.0000015054  -0.0000141076  -0.0000110657   0.0000102042  -0.0000003861
12733   0.0000015160  -0.0000013565
128 1   0.0000018551  -0.0000375309   0.0000104187  -0.0000016395   0.0000419638
128 2   0.0001473894  -0.0000079714   0.0001035843  -0.0001073135   0.0000017732
128 3  -0.0000473070  -0.0000522131   0.0000083724  -0.0001040747   0.0002286921
128 4   0.0000017712  -0.0000256571  -0.0002749761  -0.0000087768   0.0000038262
128 5   0.0002771796   0.0012871652  -0.0116184639  -0.0021742101   0.0017425393
128 6   0.0010391074   0.0009964481   0.0002644602   0.0000191650  -0.0002677252
128 7  -0.0001379862  -0.0008225937   0.0001515172  -0.0000229331   0.0001251485
128 8   0.0000452398   0.0000035370  -0.0000176605   0.0000517337   0.0000012663
128 9  -0.0000075988  -0.0001098665  -0.0011852420   0.0005271917   0.0000049412
12810   0.0210378969  -0.3016689377  -0.0641360188  -0.0007960905   0.0016447150
12811  -0.0008562145  -0.0000894294  -0.0000891908   0.0001448554  -0.0000012829
12812  -0.0000120553  -0.0000012099   0.0000182658  -0.0001038026  -0.0000143256
12813  -0.0000005067   0.0000294320  -0.0000098587  -0.0000052949   0.0000209664
12814   0.0000053798  -0.0000267926   0.0000954380  -0.0000039196   0.0000029471
12815  -0.0000167753  -0.0003186958   0.0000158651   0.0001203863   0.0004050500
12816   0.0000571461  -0.0000871708  -0.0000142926   0.0000066884  -0.0000189865
12817   0.0000119479  -0.0000050108   0.0000246299   0.0000144059  -0.0000015686
12818  -0.0000398008   0.0000232925  -0.0000050277  -0.0000108115  -0.0000484079
12819  -0.0000085379   0.0000437127  -0.0000015978   0.0000006483   0.0000009289
12820   0.0000002651   0.0000005894  -0.0000011185   0.0000024739  -0.0000000210
12821  -0.0000014044   0.0000027286  -0.0000019525   0.0000046519  -0.0000000120
12822   0.0000026571   0.0000000907  -0.0000102774  -0.0000026854   0.0000001261
12823  -0.0000107000   0.0000075664   0.0000563793   0.0000912587   0.0002527198
12824   0.0006327838  -0.0001104913  -0.0000409690   0.0002439686   0.0001425547
12825  -0.0002081558   0.0001475570   0.0006625841   0.0024057250  -0.0121866113
12826  -0.0039962887  -0.0244547375   0.3220537260   0.0691844748   0.0000067049
12827   0.0000041147   0.0000043969  -0.0000176674  -0.0000421192  -0.0000173083
12828  -0.0001013114  -0.0000395219  -0.0000491858   0.0000005502   0.0000019529
12829  -0.0000011608  -0.0000005244   0.0000011731  -0.0000010772  -0.0000002304
12830   0.0000013567  -0.0000022633  -0.0000002628  -0.0000021599  -0.0000014298
12831  -0.0000003698  -0.0000026698  -0.0000003298  -0.0000009027   0.0000030989
12832   0.0000021982   0.0000039041   0.0000162599  -0.0000231187   0.0000012665
12833  -0.0000034132   0.0000030629
129 1   0.0000024414  -0.0000207575  -0.0000014566  -0.0000017861   0.0000179346
129 2   0.0000510100  -0.0000024963   0.0000332754  -0.0000359634   0.0000019390
129 3  -0.0000101405  -0.0000101730   0.0000024995  -0.0000338012   0.0000489074
129 4  -0.0000012158   0.0000055847  -0.0000388040   0.0000007709   0.0000236406
129 5   0.0000159592  -0.0030076636   0.0122885899   0.0008876788  -0.0020178093
129 6  -0.0001373591  -0.0008732905  -0.0000766963   0.0001941380  -0.0001228500
129 7  -0.0002101827   0.0010530675  -0.0001784696  -0.0000399018  -0.0001519055
129 8   0.0000655923  -0.0000005953  -0.0000067632   0.0000211973  -0.0000008726
129 9   0.0000015818  -0.0000412425   0.0005782254  -0.0000522248  -0.0000084602
12910   0.0066557291  -0.0655441538  -0.0614020008   0.0008704474   0.0000137081
12911   0.0017923607   0.0003840636   0.0000678298  -0.0001130856  -0.0000231956
12912   0.0000495549  -0.0000195684   0.0000123948   0.0000788635  -0.0000193502
12913  -0.0000731288   0.0000342875   0.0000143339   0.0000125297  -0.0000498047
12914   0.0000195037   0.0000287212  -0.0000762965   0.0000299583   0.0000780044
12915  -0.0001120648   0.0002184667   0.0001688226   0.0003291976  -0.0003610904
12916   0.0000133544   0.0000863530  -0.0000293500  -0.0000009555  -0.0000082956
12917   0.0000000993  -0.0000002012   0.0000141238   0.0000059667   0.0000035366
12918  -0.0000164853   0.0000076960   0.0000027722  -0.0000017107  -0.0000182752
12919   0.0000009221   0.0000127627   0.0000010569  -0.0000000211  -0.0000004700
12920  -0.0000024641  -0.0000014263  -0.0000055557   0.0000043566  -0.0000014574
12921  -0.0000010413  -0.0000003208  -0.0000013266  -0.0000069357   0.0000185086
12922   0.0000008695   0.0000003838  -0.0000042229  -0.0000008714  -0.0000000874
12923  -0.0000040207   0.0000525205  -0.0001685614   0.0000027913   0.0001159066
12924  -0.0000818378   0.0003304684   0.0000399338   0.0001268491  -0.0000996625
12925   0.0028008574  -0.0295152469  -0.0046202306  -0.0020955176   0.0127969505
12926   0.0029766848  -0.0041205675   0.0691844748   0.0613117760  -0.0000041851
12927  -0.0000477402  -0.0000421079  -0.0001590317  -0.0003703332   0.0001746508
12928   0.0000177414  -0.0000007095   0.0000536963  -0.0000011305   0.0000001805
12929   0.0000002592   0.0000006298   0.0000007803   0.0000000430   0.0000000024
12930  -0.0000000189  -0.0000012307   0.0000001983  -0.0000005716  -0.0000003691
12931   0.0000001553  -0.0000006606  -0.0000001023  -0.0000003523   0.0000017498
12932   0.0000004832  -0.0000034527   0.0000075558  -0.0000050171   0.0000000517
12933  -0.0000018844  -0.0000003264
130 1   0.0000549624   0.0000118419  -0.0000015502   0.0002452993   0.0000120400
130 2  -0.0000055305   0.0000543159   0.0000030269   0.0000230791   0.0002467449
130 3   0.0000294190   0.0000010373  -0.0003848389  -0.0000528286  -0.0000311157
130 4  -0.0046524974  -0.0004833196   0.0001892845   0.0045543657   0.0010795234
130 5  -0.0000413046   0.0001770529   0.0000164548  -0.0000231354  -0.0004068550
130 6  -0.0000757982   0.0000152862   0.0000654959   0.0000135055   0.0000039895
130 7   0.0000515198   0.0000090661  -0.0000033566  -0.0000113784   0.0000008320
130 8   0.0000028723  -0.0000740390  -0.0000069329  -0.0000020644  -0.0000702296
130 9  -0.0000104217   0.0000038513   0.0000312195   0.0000123165  -0.0001158859
13010   0.0000250025  -0.0000041026   0.0000988730  -0.0000325810  -0.0000118774
13011   0.0000072225  -0.0000062852   0.0000066794  -0.0000017587   0.0000083086
13012   0.0000033788  -0.0000016849  -0.0000069420  -0.0000015867  -0.0000006069
13013  -0.0000228317  -0.0000076980  -0.0000020951  -0.0000050115  -0.0000021295
13014   0.0000013349  -0.0000038768   0.0000012378   0.0000008746  -0.0408572817
13015   0.0237260505  -0.0040207583   0.0033893467   0.0017251103  -0.0004092215
13016  -0.0027744141  -0.0003397414  -0.0001669236   0.0000075993   0.0000026163
13017  -0.0000006119  -0.0000323428  -0.0000065943  -0.0000017732   0.0000125660
13018   0.0000048377  -0.0000021268  -0.0000095480  -0.0000014961   0.0000044818
13019  -0.0000110803  -0.0000037938  -0.0000031796   0.0000340076   0.0000029468
13020   0.0000003311  -0.0001039583  -0.0000147000   0.0000012340   0.0003555290
13021  -0.0000038021  -0.0000716022   0.0074855468   0.0006021118  -0.0000947580
13022   0.0000003688  -0.0000017989   0.0000169311  -0.0000002292   0.0000029448
13023  -0.0000173007   0.0000210749   0.0000056354   0.0000588576  -0.0000149670
13024  -0.0000101263   0.0000122853  -0.0000202111  -0.0000003481   0.0000096755
13025   0.0000342725  -0.0000056514  -0.0000479114  -0.0000212228  -0.0000018120
13026  -0.0000033551  -0.0000154935   0.0000067049  -0.0000041851   0.0271312956
13027  -0.0267306289   0.0043398767   0.0052170111   0.0005168880   0.0001992567
13028   0.0003048992  -0.0000164369   0.0000822674  -0.0000023022  -0.0000001387
13029   0.0000012693  -0.0000029199  -0.0000018894  -0.0000003813   0.0000085151
13030   0.0000005813   0.0000000593   0.0000007143   0.0000000691   0.0000000720
13031   0.0000030595   0.0000001474  -0.0000000746   0.0000297258   0.0000013146
13032  -0.0000003332  -0.0000099817  -0.0000020368   0.0000000854   0.0000034995
13033   0.0000004090   0.0000001970
131 1   0.0000127153  -0.0000879881   0.0000158848   0.0000119439   0.0001080640
131 2   0.0000376086   0.0000048438  -0.0000004680  -0.0002558488   0.0000287133
131 3  -0.0000861796  -0.0000011440  -0.0000520292   0.0002178237   0.0003328783
131 4  -0.0004781367   0.0008741006  -0.0022612644   0.0010550839  -0.0077733698
131 5   0.0004289063   0.0000158005  -0.0000146984   0.0002561694  -0.0000763136
131 6   0.0004745314  -0.0001263829   0.0000122550  -0.0000798869  -0.0000635238
131 7   0.0000083654  -0.0000451175   0.0000476613   0.0000001737  -0.0000169310
131 8  -0.0000389348  -0.0000056152  -0.0000019208   0.0000276758  -0.0000109755
131 9   0.0000578535  -0.0000269123  -0.0000412523  -0.0000170938   0.0000919337
13110   0.0000490367  -0.0000090686   0.0001095065  -0.0000120581   0.0001098213
13111  -0.0000844451   0.0000066827  -0.0000880719   0.0000201299   0.0000030429
13112  -0.0000320475   0.0000231231  -0.0000019554   0.0000157078   0.0000052003
13113  -0.0000094929   0.0000729079   0.0000286840  -0.0000037172   0.0000281533
13114  -0.0000167794   0.0000011015  -0.0000133459  -0.0000127587   0.0237621503
13115  -0.3168745065   0.0470267070   0.0017166800  -0.0165499932   0.0048608217
13116  -0.0003310889   0.0010544241   0.0019156272   0.0000025884  -0.0000119883
13117  -0.0000030631  -0.0000063359   0.0000387878   0.0000214276   0.0000045262
13118  -0.0000416666   0.0000218155  -0.0000018446   0.0000046468  -0.0000477354
13119  -0.0000039035   0.0000281272   0.0000382769   0.0000028324   0.0000021140
13120  -0.0000051675  -0.0000153254   0.0000679159  -0.0000082875  -0.0000216338
13121   0.0005816551   0.0007150830   0.0006000388   0.0005155926   0.0010880444
13122   0.0000016455  -0.0000022182  -0.0000011784  -0.0000011647  -0.0000020234
13123  -0.0000040967   0.0000722437   0.0000373401  -0.0000617717   0.0000025957
13124   0.0000033354  -0.0000466926  -0.0000060832  -0.0000069276  -0.0000365725
13125  -0.0000730481   0.0000239011  -0.0000699745   0.0000039484  -0.0000063944
13126  -0.0000379333  -0.0000057191   0.0000041147  -0.0000477402  -0.0267306289
13127   0.3376859801  -0.0506209169   0.0005149327  -0.0007765016  -0.0023261726
13128  -0.0000076196   0.0005091966  -0.0009110393  -0.0000026013   0.0000010490
13129   0.0000001914   0.0000021074   0.0000012853   0.0000000634   0.0000006035
13130   0.0000014807  -0.0000005623   0.0000000480  -0.0000002037  -0.0000007996
13131   0.0000000516   0.0000015972   0.0000022199   0.0000013636   0.0000123197
13132   0.0000051707  -0.0000001071   0.0000063796  -0.0000025193   0.0000005354
13133  -0.0000015952  -0.0000005929
132 1  -0.0000116325   0.0001275390   0.0000062881   0.0000152077  -0.0001716080
132 2   0.0000772752  -0.0000263798   0.0002966305  -0.0000565505   0.0000010379
132 3  -0.0000051308  -0.0000225206   0.0000293896  -0.0003490781   0.0002826717
132 4  -0.0001451850   0.0016991698   0.0012188533  -0.0025068273   0.0294989746
132 5  -0.0024397406   0.0000042826  -0.0000658351   0.0001870403  -0.0000314312
132 6   0.0003764343   0.0002727420  -0.0000027212   0.0000268621  -0.0001490711
132 7   0.0000040433  -0.0000439492   0.0000620212  -0.0000005694   0.0000075900
132 8  -0.0000435971   0.0000024694  -0.0000296347   0.0000095219   0.0000102451
132 9  -0.0001167444  -0.0001147145  -0.0000526375  -0.0000182978   0.0000659297
13210   0.0000545310  -0.0000074340   0.0000662739  -0.0000110477   0.0001262740
13211  -0.0000711067   0.0000132318  -0.0001437068   0.0000046819   0.0000022371
13212  -0.0000226635   0.0000167533  -0.0000010633   0.0000128133   0.0000058517
13213  -0.0000078894   0.0000950075   0.0000493377  -0.0000016969   0.0000247377
13214  -0.0000054863  -0.0000000184   0.0000000539  -0.0000073126  -0.0040489164
13215   0.0469057258  -0.0649038012   0.0020942839  -0.0244130783   0.0061194922
13216   0.0001393453  -0.0014774269   0.0011376317   0.0000000201  -0.0000037817
13217   0.0000129116   0.0000050545  -0.0000557020   0.0000024142  -0.0000017698
13218   0.0000205464  -0.0000069582   0.0000038987  -0.0000419443   0.0000363526
13219  -0.0000053099   0.0000592050  -0.0000946661   0.0000002632  -0.0000044730
13220   0.0000168006   0.0000210177  -0.0002239952   0.0000062446   0.0000844169
13221  -0.0009664095  -0.0003106458  -0.0001113526   0.0013034990  -0.0043923238
13222   0.0000017782   0.0000038550  -0.0000089704  -0.0000025241   0.0000035180
13223  -0.0000090530   0.0000648792   0.0000373945  -0.0000725830   0.0000094181
13224   0.0000061509  -0.0000424361  -0.0000060768  -0.0000092705  -0.0000369362
13225  -0.0000703779   0.0000252723  -0.0000718953   0.0000078178  -0.0000083835
13226  -0.0000370416  -0.0000103230   0.0000043969  -0.0000421079   0.0043398767
13227  -0.0506209169   0.0668263036   0.0002162456  -0.0025269857  -0.0031797595
13228  -0.0000739245   0.0007195986  -0.0003243635   0.0000036077  -0.0000014611
13229  -0.0000009099  -0.0000034069  -0.0000022112  -0.0000008333  -0.0000000968
13230   0.0000012096   0.0000021547   0.0000002822  -0.0000027173   0.0000045061
13231   0.0000004207  -0.0000041192  -0.0000046989   0.0000041408  -0.0000402425
13232  -0.0000251694  -0.0000003699  -0.0000037823  -0.0000180425   0.0000001054
13233  -0.0000014752   0.0000032418
133 1  -0.0000046743   0.0000081100   0.0000006817   0.0000191232  -0.0000081317
133 2  -0.0000152963   0.0000438529  -0.0000045420   0.0000130581  -0.0000413011
133 3   0.0000024942   0.0000038964  -0.0000059862   0.0000139193  -0.0000175340
133 4   0.0000309060  -0.0000369062   0.0000500598  -0.0032898038  -0.0004026390
133 5  -0.0002003059   0.0011257964   0.0001387764   0.0000487094  -0.0049082114
133 6  -0.0004404579   0.0001058865   0.0000469461  -0.0000024919  -0.0000341151
133 7   0.0001631176   0.0000456617   0.0000056833   0.0000307238  -0.0000007110
133 8  -0.0000055748  -0.0000016842   0.0000008065  -0.0000066148  -0.0000024443
133 9  -0.0000031918   0.0000119235  -0.0001377616   0.0001511230  -0.0006004444
13310  -0.0002089481  -0.0000256947   0.0006458030  -0.0000902563  -0.0000332822
13311   0.0000050752  -0.0000440040  -0.0000036552   0.0000015579   0.0000490748
13312   0.0000051390   0.0000001774  -0.0000605272  -0.0000008766   0.0000005921
13313  -0.0000150892  -0.0000057686  -0.0000040159  -0.0000150378  -0.0000013118
13314  -0.0000003560   0.0000020514  -0.0000013947  -0.0000009441   0.0046535171
13315   0.0019417647  -0.0004533322  -0.0432902940   0.0234533781  -0.0046486529
13316   0.0052061392   0.0010209167  -0.0000556447   0.0000098197   0.0000015718
13317  -0.0000004304  -0.0000000220  -0.0000061560  -0.0000025175  -0.0000033307
13318   0.0000057306  -0.0000025972  -0.0000077457  -0.0000004787   0.0000075417
13319  -0.0000001655  -0.0000061285  -0.0000017606   0.0000028329   0.0000000714
13320   0.0000002507   0.0000085523  -0.0000015622   0.0000017795   0.0002213995
13321   0.0000093341  -0.0000216229   0.0002864244  -0.0000362813   0.0000888128
13322  -0.0000009051   0.0000005946   0.0000034106   0.0000001382  -0.0000008320
13323  -0.0000005782  -0.0003235659  -0.0008935614  -0.0002443315  -0.0000026206
13324   0.0000239574   0.0002203683  -0.0000528220  -0.0000086243   0.0000613611
13325  -0.0004060524   0.0007861895   0.0004170531  -0.0000618252  -0.0000071544
13326  -0.0000752325   0.0000080690  -0.0000176674  -0.0001590317   0.0052170111
13327   0.0005149327   0.0002162456   0.0281622979  -0.0267648654   0.0047263153
13328   0.0076758513   0.0005916164  -0.0000855992  -0.0000024389   0.0000008694
13329   0.0000003166  -0.0000021228  -0.0000011954  -0.0000007185   0.0000003480
13330  -0.0000001835   0.0000002659   0.0000013843   0.0000002658   0.0000001256
13331   0.0000036226   0.0000004632  -0.0000001125   0.0000120182   0.0000008554
13332  -0.0000008962  -0.0000052612  -0.0000033693   0.0000016000   0.0000038832
13333   0.0000005732  -0.0000002911
134 1   0.0000094899  -0.0001163253  -0.0000025622  -0.0000082384   0.0001143378
134 2   0.0001911748  -0.0000048864   0.0001036753  -0.0001642642   0.0000030470
134 3  -0.0000809430  -0.0000511455   0.0000139427  -0.0001787353   0.0002341989
134 4  -0.0000356110   0.0004430138  -0.0006209433  -0.0003995496   0.0012667164
134 5   0.0024567471   0.0001253786   0.0000347616   0.0007279634  -0.0004499370
134 6   0.0002744100  -0.0011565904  -0.0000020490   0.0000674647   0.0003335805
134 7   0.0000440529  -0.0003355651  -0.0000390743  -0.0000007174   0.0000429275
134 8   0.0000468454   0.0000018358  -0.0000196642   0.0000788524  -0.0000031424
134 9   0.0000293002  -0.0001508010  -0.0004684140  -0.0009763849  -0.0004279777
13410   0.0005904684  -0.0008523520  -0.0002929245  -0.0000339141   0.0003028273
13411  -0.0000821017  -0.0000017070  -0.0000333421  -0.0000130687   0.0000048062
13412  -0.0000057191   0.0000035069  -0.0000008145  -0.0000370652  -0.0000089262
13413  -0.0000093639   0.0000773699   0.0000561691  -0.0000031098   0.0000150369
13414   0.0000028581  -0.0000004508   0.0000256937   0.0000036511   0.0019350157
13415  -0.0178100923   0.0051165022   0.0234829960  -0.3148483789   0.0528513685
13416   0.0010171147  -0.0067077018   0.0005440884   0.0000039683  -0.0000255370
13417   0.0000073177  -0.0000069412   0.0000657838   0.0000330015   0.0000056357
13418  -0.0000832345   0.0000384400  -0.0000016189  -0.0000090421  -0.0000888988
13419  -0.0000079218   0.0000698484   0.0000246879   0.0000002287   0.0000010828
13420  -0.0000028254  -0.0000015517   0.0000254821  -0.0000202902   0.0000087563
13421   0.0001205418   0.0002480391  -0.0000167883   0.0006737619  -0.0010342234
13422   0.0000043384  -0.0000017691  -0.0000145726  -0.0000040317  -0.0000025640
13423  -0.0000149219  -0.0005287185  -0.0003524147  -0.0011323852   0.0000352247
13424  -0.0000339805  -0.0003347754  -0.0000608651   0.0000192192   0.0000703930
13425   0.0004135278  -0.0000957641  -0.0010511220   0.0000469873   0.0000274808
13426   0.0000540302  -0.0000265308  -0.0000421192  -0.0003703332   0.0005168880
13427  -0.0007765016  -0.0025269857  -0.0267648654   0.3386838602  -0.0545446469
13428   0.0005784230   0.0009174532   0.0010361606  -0.0000006974   0.0000025426
13429  -0.0000003458   0.0000000351   0.0000023218  -0.0000004207  -0.0000002060
13430   0.0000018842  -0.0000034739   0.0000002038  -0.0000025275  -0.0000012446
13431   0.0000003078  -0.0000022358   0.0000016432   0.0000004155   0.0000039027
13432   0.0000112491  -0.0000012274   0.0000211054  -0.0000229001   0.0000007811
13433  -0.0000038467   0.0000022762
135 1   0.0000047848  -0.0000106643  -0.0000067868  -0.0000020725   0.0000034460
135 2  -0.0001621091   0.0000120339  -0.0001505221   0.0000658497   0.0000015409
135 3   0.0000412248   0.0000621009  -0.0000122303   0.0001596955  -0.0002120568
135 4  -0.0000046074   0.0001122701   0.0001696208   0.0001649564  -0.0017812403
135 5   0.0010305420   0.0001472053  -0.0000996019  -0.0015095627  -0.0000095781
135 6   0.0001359675   0.0017862688   0.0000166834  -0.0001748928   0.0000672292
135 7  -0.0000668729   0.0007254423  -0.0001919083   0.0000055692  -0.0001002297
135 8   0.0001103199  -0.0000033129   0.0000313849  -0.0000504969  -0.0000056755
135 9   0.0000716072   0.0001264196   0.0000042332  -0.0003457997  -0.0006334881
13510   0.0000464867  -0.0003665813  -0.0006752030   0.0000501137  -0.0006894103
13511   0.0006878028  -0.0000181190   0.0002557728  -0.0000514424  -0.0000055285
13512   0.0000598890  -0.0000303709  -0.0000050304  -0.0000169317  -0.0000146720
13513   0.0000285118  -0.0002424869  -0.0001458032   0.0000081188  -0.0000685317
13514   0.0000147339  -0.0000088804  -0.0000208899   0.0000193289   0.0020421330
13515  -0.0237505498   0.0068101447  -0.0046130403   0.0515160399  -0.0672615204
13516  -0.0026454249   0.0307343686  -0.0012305989  -0.0000065059   0.0000247749
13517  -0.0000203888   0.0000056411   0.0000087968  -0.0000063461   0.0000071855
13518   0.0000290474  -0.0000192777   0.0000087257   0.0000238702   0.0000278873
13519   0.0000107188  -0.0000277940   0.0000256938  -0.0000004726  -0.0000002042
13520  -0.0000064916  -0.0000027343   0.0000283990  -0.0000328943  -0.0000205887
13521   0.0002448884  -0.0000213601  -0.0000836212   0.0007746290  -0.0003552403
13522  -0.0000031146  -0.0000006291   0.0000121391   0.0000033324  -0.0000004624
13523   0.0000121692  -0.0005537997  -0.0007050310   0.0000747293  -0.0000403579
13524  -0.0000231102   0.0001784273   0.0000330621   0.0000711637   0.0001667690
13525   0.0006607590  -0.0005307778   0.0001421456  -0.0000477422   0.0000633034
13526   0.0001670093   0.0000427225  -0.0000173083   0.0001746508   0.0001992567
13527  -0.0023261726  -0.0031797595   0.0047263153  -0.0545446469   0.0682907484
13528  -0.0000657057   0.0008674558  -0.0044460825  -0.0000037190   0.0000002172
13529   0.0000017697   0.0000026929   0.0000012220   0.0000017586   0.0000004919
13530  -0.0000002846   0.0000020456   0.0000006595   0.0000034560   0.0000014742
13531   0.0000006770   0.0000052040   0.0000013225   0.0000009884  -0.0000028709
13532   0.0000015477  -0.0000058633  -0.0000007396   0.0000370664  -0.0000010016
13533   0.0000048276  -0.0000058546
136 1  -0.0000164692   0.0000019013   0.0000003013   0.0000006383  -0.0000050281
136 2  -0.0000092424  -0.0000295682  -0.0000078035   0.0000051056  -0.0000396377
136 3  -0.0000012012   0.0000009798   0.0001450751   0.0000178756  -0.0000083030
136 4   0.0001185108   0.0000110779   0.0000064872  -0.0003074342  -0.0000614146
136 5  -0.0000104805   0.0045221738   0.0002166563   0.0001060553   0.0029339754
136 6   0.0017792093  -0.0000157552  -0.0026821992  -0.0002670276  -0.0001863500
136 7  -0.0005058723   0.0000385080  -0.0000160764   0.0001224930   0.0000030451
136 8  -0.0000025407   0.0000000630   0.0000003214  -0.0000030572  -0.0000032280
136 9  -0.0000001250   0.0000075375  -0.0000048520   0.0008795812   0.0000429461
13610   0.0001615539  -0.0008647993  -0.0000489837   0.0002754685   0.0000518810
13611   0.0000859192   0.0002186921  -0.0000136815   0.0000155696  -0.0000117053
13612   0.0000027467  -0.0000008256   0.0000946910   0.0000102812  -0.0000006473
13613  -0.0002507022  -0.0000225119  -0.0000424450  -0.0000133335  -0.0000043765
13614   0.0000010501  -0.0000334917  -0.0000034910   0.0000006587  -0.0051174739
13615  -0.0005310216   0.0001876497   0.0046432747   0.0010904333  -0.0001349402
13616  -0.0403135280   0.0243930681  -0.0036730367   0.0000039926   0.0000022159
13617  -0.0000015539   0.0000058301  -0.0000021881  -0.0000011008   0.0000027367
13618   0.0000035424  -0.0000015203   0.0000112096   0.0000011505   0.0000037427
13619  -0.0000064161  -0.0000032051   0.0000004100   0.0000101914   0.0000009561
13620  -0.0000000620   0.0000080317   0.0000006262   0.0000003061  -0.0000703267
13621  -0.0000049440  -0.0000011043   0.0003058452   0.0000315807   0.0000172490
13622  -0.0000005470   0.0000011240   0.0000017347  -0.0000004413  -0.0000002666
13623  -0.0000013797  -0.0000059570  -0.0000054922   0.0000225814   0.0001240078
13624   0.0001299529  -0.0000173279  -0.0000398208  -0.0000098681  -0.0000124649
13625  -0.0000063755   0.0000035930  -0.0000235705  -0.0000490286   0.0000058374
13626   0.0000143346   0.0001352229  -0.0001013114   0.0000177414   0.0003048992
13627  -0.0000076196  -0.0000739245   0.0076758513   0.0005784230  -0.0000657057
13628   0.0276912891  -0.0273341922   0.0038115574  -0.0000012093  -0.0000002826
13629   0.0000010263  -0.0000013869  -0.0000014697  -0.0000000307  -0.0000013042
13630  -0.0000002744   0.0000001335  -0.0000014305  -0.0000000455   0.0000000879
13631   0.0000012194   0.0000002831   0.0000001350  -0.0000004205  -0.0000004618
13632  -0.0000000143  -0.0000048401  -0.0000020999   0.0000011922   0.0000020635
13633   0.0000003312  -0.0000000490
137 1   0.0000026435  -0.0000442637  -0.0000004177  -0.0000048649   0.0000575321
137 2   0.0001375122  -0.0000097409   0.0000831671  -0.0000882771   0.0000010051
137 3  -0.0000502518  -0.0000266924   0.0000212259  -0.0000986618   0.0001747830
137 4   0.0000127110  -0.0000262614  -0.0001861131  -0.0000639624   0.0004120626
137 5   0.0002398933   0.0001997775   0.0021772576  -0.0012091589   0.0017553366
137 6  -0.0170470121   0.0009067077  -0.0002795319   0.0005215346   0.0018132762
137 7   0.0000308748  -0.0008458056   0.0002582087   0.0000025764   0.0000870800
137 8  -0.0000221141   0.0000018179  -0.0000165463   0.0000509766   0.0000008462
137 9  -0.0000120327  -0.0001055271   0.0000691980   0.0000714510   0.0000292335
13710  -0.0000544420  -0.0000908228   0.0000206247   0.0000538533  -0.0003161498
13711  -0.0009867409  -0.0000146819   0.0003284159  -0.0001457915   0.0000039720
13712  -0.0000592431   0.0000248950   0.0000077494   0.0000039890   0.0000174107
13713  -0.0000289982   0.0000702641   0.0004988483  -0.0000064924   0.0000572734
13714  -0.0000183844  -0.0000030894   0.0000025478  -0.0000176711  -0.0005435394
13715   0.0010412379  -0.0024444357   0.0010656200  -0.0077268736   0.0018373935
13716   0.0244897299  -0.3215047299   0.0427818934   0.0000022859  -0.0000163594
13717   0.0000105547  -0.0000019357   0.0000276402   0.0000175342   0.0000042489
13718  -0.0000450644   0.0000212461   0.0000016090  -0.0000092343  -0.0000481233
13719  -0.0000044626   0.0000422441  -0.0000057977   0.0000009236   0.0000001874
13720   0.0000002771   0.0000005014   0.0000015771  -0.0000035943  -0.0000050376
13721  -0.0000133778   0.0000066855   0.0000321664  -0.0000594181  -0.0002019346
13722   0.0000031961  -0.0000003938  -0.0000099057  -0.0000031609  -0.0000009784
13723  -0.0000102836   0.0000014643   0.0000073801   0.0000099645  -0.0000434911
13724  -0.0000301572  -0.0000044095  -0.0000427082  -0.0000172114  -0.0000072712
13725  -0.0000049172   0.0000090060   0.0000063742   0.0000374276  -0.0000090616
13726  -0.0000055703   0.0000721977  -0.0000395219  -0.0000007095  -0.0000164369
13727   0.0005091966   0.0007195986   0.0005916164   0.0009174532   0.0008674558
13728  -0.0273341922   0.3416421050  -0.0448805124   0.0000006957   0.0000008442
13729  -0.0000007768  -0.0000010175   0.0000004152  -0.0000007700  -0.0000002071
13730   0.0000013531  -0.0000017896   0.0000000538  -0.0000019224  -0.0000009901
13731   0.0000003554  -0.0000029340  -0.0000008808  -0.0000002742   0.0000020785
13732   0.0000017672  -0.0000010034   0.0000120345  -0.0000215567   0.0000005078
13733  -0.0000030393   0.0000030856
138 1  -0.0000009046   0.0000092297   0.0000157594  -0.0000002859  -0.0000076379
138 2   0.0000670270  -0.0000059467   0.0000610183  -0.0000327060   0.0000025199
138 3  -0.0000255329  -0.0000333846   0.0000042396  -0.0000477954   0.0001730432
138 4   0.0000117997  -0.0001253729  -0.0001856672   0.0000253655  -0.0002919560
138 5   0.0001894382  -0.0000679498   0.0007554049  -0.0030172608   0.0024316792
138 6  -0.0279903861   0.0056165273   0.0000337807  -0.0003641566  -0.0004999563
138 7   0.0000553290  -0.0006572511   0.0007992962  -0.0000068581   0.0000859970
138 8  -0.0002306144  -0.0000001733  -0.0000097144   0.0000108446   0.0000006895
138 9  -0.0000177255  -0.0000386994   0.0001679791   0.0000973566  -0.0001486638
13810  -0.0001835046   0.0000634700  -0.0001487062   0.0000951605  -0.0010428702
13811  -0.0017795084   0.0001489285  -0.0016566261  -0.0013222802   0.0000165877
13812  -0.0001806822   0.0000900680  -0.0000028026   0.0000284117   0.0000631149
13813  -0.0000958917   0.0011253065   0.0001333159  -0.0000111652   0.0001473925
13814  -0.0000148841  -0.0000005471  -0.0000007258  -0.0000286358  -0.0001510685
13815   0.0018556351   0.0007596318  -0.0025802107   0.0303119776  -0.0028743906
13816  -0.0037366767   0.0431338993  -0.0625494281  -0.0000012176  -0.0000056873
13817   0.0000042982   0.0000007201  -0.0000050984   0.0000049286   0.0000015997
13818  -0.0000078239   0.0000073935   0.0000021784  -0.0000104877  -0.0000107270
13819  -0.0000010751   0.0000230652  -0.0000152581  -0.0000001285   0.0000000509
13820   0.0000034884   0.0000002159  -0.0000018144   0.0000074269   0.0000027914
13821  -0.0000307133  -0.0000599355   0.0000199777  -0.0002316430   0.0001521144
13822   0.0000008762   0.0000013824  -0.0000038888  -0.0000012941   0.0000011707
13823  -0.0000039397  -0.0000959953  -0.0000605917   0.0000517552  -0.0000628651
13824  -0.0000610502   0.0000538583  -0.0000465767  -0.0000124205   0.0000463517
13825   0.0001051959  -0.0000431232   0.0000513017   0.0000474566  -0.0000041266
13826   0.0000464572   0.0000724655  -0.0000491858   0.0000536963   0.0000822674
13827  -0.0009110393  -0.0003243635  -0.0000855992   0.0010361606  -0.0044460825
13828   0.0038115574  -0.0448805124   0.0693779574   0.0000007331  -0.0000000863
13829  -0.0000003025  -0.0000010594  -0.0000002752  -0.0000002640  -0.0000000383
13830   0.0000005027   0.0000001007   0.0000001832  -0.0000009481   0.0000001626
13831   0.0000003608  -0.0000023199  -0.0000021052   0.0000000466   0.0000007296
13832  -0.0000014043  -0.0000027222  -0.0000000611  -0.0000075108  -0.0000001277
13833  -0.0000007201   0.0000012102
139 1  -0.0000646749  -0.0001688942  -0.0003014911   0.0005009227   0.0011574161
139 2   0.0006904792   0.0001021915  -0.0005663515  -0.0000913806  -0.0000037685
139 3   0.0000408618  -0.0000052052  -0.0001352700   0.0001449584   0.0001097543
139 4   0.0000188747  -0.0000957179   0.0000101461  -0.0000009252   0.0000037819
139 5  -0.0000517442  -0.0000087471  -0.0000045295  -0.0000041795   0.0000036533
139 6  -0.0000186788  -0.0000670593   0.0000017486   0.0000021549   0.0000498178
139 7   0.0000011685  -0.0000238676  -0.0000400575   0.0000000734   0.0000064939
139 8   0.0000246779  -0.0017760482  -0.0001518613   0.0009181699   0.0002833000
139 9   0.0002779993  -0.0001320490  -0.0000041933   0.0000030499  -0.0000000762
13910  -0.0000002145  -0.0000038203  -0.0000017646  -0.0000007960   0.0000014284
13911   0.0000143070   0.0000020046   0.0000171018  -0.0000035991   0.0000008057
13912   0.0000113364  -0.0000079131  -0.0000016913  -0.0000126219  -0.0000044163
13913   0.0000100211  -0.0000121558   0.0000012923   0.0000068549  -0.0000081388
13914   0.0000072029  -0.0000042828   0.0000066458   0.0000065622   0.0000047166
13915   0.0000072936   0.0000568959   0.0000022695  -0.0000156301  -0.0000630726
13916   0.0000021377   0.0000158745   0.0000649893  -0.2336814489   0.0712370967
13917   0.0741316290  -0.0000149234  -0.0000035236   0.0001419082   0.0000246964
13918  -0.0000893761  -0.0000130823   0.0000061936  -0.0000057165  -0.0000509874
13919   0.0000145662   0.0000169432  -0.0000583809  -0.0005164274  -0.0003832495
13920  -0.0004785721   0.0000409018   0.0000235588  -0.0000484406   0.0000096233
13921  -0.0000114339   0.0000293617  -0.0000042999  -0.0000103325  -0.0000085892
13922   0.0014321954   0.0003130211  -0.0001419476   0.0011785273   0.0001410270
13923  -0.0002933401  -0.0000026045   0.0000002413   0.0000004536  -0.0000015549
13924   0.0000005283  -0.0000009388  -0.0000000690  -0.0000011631   0.0000016968
13925  -0.0000008472   0.0000002539   0.0000012049   0.0000012269  -0.0000014083
13926   0.0000000903  -0.0000017131   0.0000005502  -0.0000011305  -0.0000023022
13927  -0.0000026013   0.0000036077  -0.0000024389  -0.0000006974  -0.0000037190
13928  -0.0000012093   0.0000006957   0.0000007331   0.2427647500  -0.0778405042
13929  -0.0877043201  -0.0202527056   0.0091453160   0.0078006888  -0.0000003980
13930  -0.0000492732  -0.0000640089  -0.0000026612  -0.0000088436   0.0000015694
13931  -0.0000015118   0.0000000993  -0.0000084723  -0.0000030186   0.0000139272
13932   0.0000010414   0.0095681273  -0.0031276096   0.0047639150   0.0005091948
13933   0.0000283451   0.0008177434
140 1  -0.0001878340  -0.0002207921   0.0001054527  -0.0000407928  -0.0004071400
140 2   0.0000957940  -0.0000017362   0.0001203601   0.0003342493  -0.0000279923
140 3   0.0000626891  -0.0000398784   0.0000230295   0.0000280444  -0.0001337670
140 4  -0.0000119516   0.0000494626   0.0001310418   0.0000007495  -0.0000356705
140 5  -0.0000763410   0.0000066122  -0.0000027922   0.0000029746   0.0000000742
140 6  -0.0000154033  -0.0000474318  -0.0000050789   0.0000037378   0.0000345223
140 7   0.0000015854  -0.0000224619  -0.0000174885  -0.0000023021   0.0000078545
140 8   0.0000109399   0.0292954010  -0.0114057934  -0.0128536787  -0.0004569061
140 9   0.0010137112  -0.0004656930   0.0000073326  -0.0000016840   0.0000007011
14010   0.0000091977   0.0000095040  -0.0000011042   0.0000044695   0.0000155512
14011  -0.0000039271  -0.0000117779   0.0000116535  -0.0000011867  -0.0000079922
14012   0.0000073962  -0.0000030995   0.0000038544  -0.0000025028  -0.0000033616
14013  -0.0000194238  -0.0000051308   0.0000020443  -0.0000146800   0.0000004446
14014   0.0000032691   0.0000076064   0.0000096643   0.0000007133  -0.0000075821
14015   0.0000208991   0.0000676100   0.0000011922  -0.0000212844  -0.0000549633
14016  -0.0000061490   0.0000144262   0.0000524466   0.0681259623  -0.0822251856
14017  -0.0316762412  -0.0000702934  -0.0002118779  -0.0002034624  -0.0000995165
14018   0.0001428305   0.0000637939  -0.0000027727  -0.0000052183   0.0001105632
14019   0.0000119642  -0.0000977858   0.0000500004   0.0003151016   0.0003563095
14020   0.0004927494   0.0000237855  -0.0000063777   0.0000452738  -0.0000017656
14021   0.0000054117  -0.0000115596   0.0000025164   0.0000068051   0.0000042368
14022   0.0002267488  -0.0059259763   0.0011733949  -0.0002083864   0.0015202162
14023  -0.0001964900   0.0000010101  -0.0000014124  -0.0000003473   0.0000015263
14024   0.0000007844   0.0000004518  -0.0000002147  -0.0000011105  -0.0000000865
14025   0.0000018216  -0.0000005851  -0.0000006518   0.0000011210   0.0000003807
14026   0.0000003444  -0.0000001184   0.0000019529   0.0000001805  -0.0000001387
14027   0.0000010490  -0.0000014611   0.0000008694   0.0000025426   0.0000002172
14028  -0.0000002826   0.0000008442  -0.0000000863  -0.0778405042   0.0836067661
14029   0.0350524919  -0.0140498564   0.0068629407   0.0046315853   0.0001035412
14030   0.0001210382   0.0001887970   0.0000018222  -0.0000005846  -0.0000040961
14031   0.0000104695  -0.0000071399   0.0000208416   0.0000057231  -0.0000086942
14032   0.0000024504  -0.0039907540   0.0058687840   0.0030422277  -0.0011282849
14033   0.0007585492   0.0000750443
141 1   0.0001130674   0.0002227888   0.0001032646  -0.0011551922   0.0001459807
141 2  -0.0007497622   0.0000002650   0.0001803945  -0.0000818863  -0.0000090302
141 3  -0.0000947799   0.0000646121   0.0001272580  -0.0000900349   0.0000391229
141 4  -0.0000039408   0.0000121502  -0.0000591827   0.0000030472   0.0000106864
141 5   0.0000595651  -0.0000025962   0.0000027228   0.0000021550  -0.0000009890
141 6   0.0000132063   0.0000495992   0.0000028270  -0.0000030790  -0.0000365641
141 7  -0.0000017023   0.0000184969   0.0000270211   0.0000006603  -0.0000071235
141 8  -0.0000162733  -0.0055050587   0.0007965957   0.0035717527   0.0002851684
141 9  -0.0006578801   0.0003916222  -0.0000056829   0.0000018558  -0.0000001499
14110  -0.0000073474  -0.0000058107   0.0000015119  -0.0000058736  -0.0000074081
14111  -0.0000057240   0.0000084506  -0.0000122737   0.0000020532   0.0000051655
14112  -0.0000089532   0.0000047967  -0.0000037021   0.0000060932   0.0000040404
14113   0.0000111429   0.0000070924  -0.0000021465   0.0000078922   0.0000024803
14114  -0.0000049440  -0.0000069348  -0.0000090940  -0.0000030868   0.0000035457
14115  -0.0000108366  -0.0000525623  -0.0000011679   0.0000147401   0.0000514733
14116   0.0000029019  -0.0000120991  -0.0000499224   0.0732667749  -0.0299159442
14117  -0.0792923579   0.0000379767   0.0000755226  -0.0000559256   0.0000305962
14118  -0.0000404098   0.0000077883   0.0000070713   0.0000035166  -0.0000546116
14119  -0.0000067132   0.0000679874   0.0000377076  -0.0008094613   0.0007239423
14120  -0.0010853494  -0.0000827469  -0.0000000234   0.0000083699  -0.0000101291
14121   0.0000009898  -0.0000048972  -0.0000017116   0.0000021580   0.0000036941
14122   0.0000476116   0.0019119865  -0.0004074824   0.0005072531  -0.0003933966
14123   0.0001117802  -0.0000000484   0.0000008457  -0.0000002728  -0.0000007267
14124  -0.0000006399   0.0000000811  -0.0000003122   0.0000012077  -0.0000003598
14125  -0.0000002784  -0.0000000153  -0.0000004074  -0.0000009005  -0.0000002250
14126   0.0000004114  -0.0000003560  -0.0000011608   0.0000002592   0.0000012693
14127   0.0000001914  -0.0000009099   0.0000003166  -0.0000003458   0.0000017697
14128   0.0000010263  -0.0000007768  -0.0000003025  -0.0877043201   0.0350524919
14129   0.1043509204  -0.0084641189   0.0031526449   0.0067849988  -0.0000157468
14130   0.0000032506  -0.0000286968   0.0000034634   0.0000046437   0.0000004733
14131  -0.0000038279   0.0000003346  -0.0000023221   0.0000035946  -0.0000040106
14132   0.0000001431   0.0293277720  -0.0093692813  -0.0348006681   0.0000044980
14133  -0.0017913957   0.0011157806
142 1  -0.0001326806   0.0001849390   0.0002792022   0.0006720964  -0.0009555725
142 2  -0.0007109077   0.0000072650   0.0005454693   0.0000324953  -0.0000013653
142 3  -0.0000501781   0.0000102995  -0.0001018720  -0.0001665747  -0.0000858361
142 4  -0.0000005124   0.0000876383  -0.0000350391  -0.0000019228   0.0000029964
142 5   0.0000635081  -0.0000060277   0.0000050761   0.0000046418  -0.0000003708
142 6   0.0000202564   0.0000734486   0.0000000063  -0.0000043785  -0.0000550962
142 7  -0.0000032353   0.0000265315   0.0000422573   0.0000009898  -0.0000091211
142 8  -0.0000260592   0.0030610424   0.0028387754   0.0014139028   0.0002660360
142 9  -0.0004197801   0.0002207202   0.0000043746  -0.0000000201   0.0000029655
14210   0.0000014652  -0.0000010047   0.0000002829   0.0000038729  -0.0000045377
14211  -0.0000132926  -0.0000007257  -0.0000196645   0.0000041715  -0.0000008256
14212  -0.0000126801   0.0000077409  -0.0000013363   0.0000119494   0.0000055395
14213  -0.0000028863   0.0000123505  -0.0000020236  -0.0000019533   0.0000060605
14214  -0.0000075276   0.0000028199  -0.0000098430  -0.0000060718   0.0000037337
14215  -0.0000107409  -0.0000676737  -0.0000010914   0.0000190005   0.0000724087
14216   0.0000028499  -0.0000178474  -0.0000723232  -0.2047821401  -0.0936541671
14217  -0.0668134776  -0.0000362129   0.0000362254  -0.0001044764  -0.0000091375
14218   0.0000621308   0.0000020930  -0.0000013136   0.0000081751   0.0000300096
14219   0.0000117133   0.0000024370   0.0000490847  -0.0005198575   0.0001980956
14220   0.0003764884   0.0000480219  -0.0000139144   0.0000397355   0.0000070862
14221   0.0000116333  -0.0000254124  -0.0000050534   0.0000078546   0.0000083230
14222   0.0011787330  -0.0002036479   0.0003198957   0.0012934629   0.0009910954
14223  -0.0000707139  -0.0000004279  -0.0000010146  -0.0000011309  -0.0000006906
14224  -0.0000011257   0.0000009373   0.0000010030   0.0000009195   0.0000000374
14225  -0.0000017227  -0.0000006796  -0.0000005071   0.0000002910   0.0000013678
14226  -0.0000015892  -0.0000010775  -0.0000005244   0.0000006298  -0.0000029199
14227   0.0000021074  -0.0000034069  -0.0000021228   0.0000000351   0.0000026929
14228  -0.0000013869  -0.0000010175  -0.0000010594  -0.0202527056  -0.0140498564
14229  -0.0084641189   0.2108446942   0.1010777723   0.0796167184   0.0000125596
14230   0.0000300648   0.0000296362  -0.0000043415   0.0000083178  -0.0000008910
14231  -0.0000004974   0.0000012352   0.0000044709  -0.0000002872  -0.0000114474
14232  -0.0000014746   0.0081038190   0.0035255013  -0.0053380621   0.0003507643
14233  -0.0001066732  -0.0008061661
143 1   0.0002027729  -0.0001391906   0.0001569611   0.0003249572  -0.0004847102
143 2  -0.0000847811  -0.0000065461   0.0002224219   0.0003340053   0.0000104045
143 3   0.0000640400  -0.0000398346  -0.0000467351  -0.0000031908  -0.0001535978
143 4  -0.0000033728   0.0000685197   0.0001268668   0.0000039281  -0.0000349961
143 5  -0.0000672783   0.0000017028  -0.0000063138   0.0000048810   0.0000003585
143 6  -0.0000146493  -0.0000350896  -0.0000041109  -0.0000003041   0.0000256468
143 7   0.0000006610  -0.0000231075  -0.0000094843  -0.0000018165   0.0000009594
143 8   0.0000074975  -0.0267084413  -0.0162414586  -0.0125780486   0.0003962882
143 9   0.0011207501  -0.0004545632   0.0000062608  -0.0000032165   0.0000034896
14310   0.0000075864   0.0000056372   0.0000003935   0.0000056263   0.0000098012
14311  -0.0000040884  -0.0000100312   0.0000045323  -0.0000018079  -0.0000066582
14312  -0.0000011444  -0.0000016958   0.0000025733  -0.0000068944  -0.0000007956
14313  -0.0000139047  -0.0000074953  -0.0000005991  -0.0000109795  -0.0000058454
14314   0.0000010312   0.0000066548   0.0000004461   0.0000027065  -0.0000021724
14315   0.0000199870   0.0000566472   0.0000009033  -0.0000194404  -0.0000438797
14316  -0.0000032588   0.0000096939   0.0000405359  -0.0905455344  -0.1123466770
14317  -0.0435030482   0.0000960241  -0.0001853124  -0.0002260195   0.0000534637
14318   0.0001766212   0.0000614985  -0.0000202374  -0.0000011971   0.0001149905
14319  -0.0000103274  -0.0000970736   0.0000563293  -0.0005167252   0.0002312324
14320   0.0005407082  -0.0000124134  -0.0000130098   0.0000526986   0.0000011959
14321   0.0000079143  -0.0000169244  -0.0000037769   0.0000080816   0.0000056140
14322   0.0001492771   0.0015246343  -0.0001354900   0.0010778361  -0.0057845473
14323   0.0011811475  -0.0000000743  -0.0000015049  -0.0000006002   0.0000014587
14324   0.0000007696   0.0000008166   0.0000001655  -0.0000011438   0.0000006672
14325   0.0000001843  -0.0000008539  -0.0000003338   0.0000011041   0.0000005056
14326  -0.0000004540   0.0000000622   0.0000011731   0.0000007803  -0.0000018894
14327   0.0000012853  -0.0000022112  -0.0000011954   0.0000023218   0.0000012220
14328  -0.0000014697   0.0000004152  -0.0000002752   0.0091453160   0.0068629407
14329   0.0031526449   0.1010777723   0.1168131069   0.0491510001  -0.0001242115
14330   0.0001091122   0.0001965564  -0.0000044008   0.0000008636  -0.0000045948
14331  -0.0000120815  -0.0000087119   0.0000216139  -0.0000055964  -0.0000119494
14332   0.0000020035   0.0044553690   0.0072154633   0.0021593843   0.0010480539
14333   0.0009607087  -0.0000948430
144 1  -0.0001497884   0.0001883617   0.0001040679   0.0010514975   0.0003112641
144 2  -0.0007069808  -0.0000393278   0.0001748334  -0.0000746029   0.0000308739
144 3  -0.0000955104   0.0000654434  -0.0001089134  -0.0001130868   0.0000415488
144 4   0.0000057016   0.0000115274  -0.0000596724  -0.0000039963   0.0000099873
144 5   0.0000609473  -0.0000048469   0.0000044167   0.0000011387   0.0000001328
144 6   0.0000154706   0.0000502827   0.0000031870  -0.0000006883  -0.0000372086
144 7  -0.0000014592   0.0000218548   0.0000269230   0.0000019018  -0.0000035967
144 8  -0.0000170348   0.0052882819   0.0017644886   0.0034607740  -0.0002079248
144 9  -0.0007738358   0.0003988599  -0.0000031414   0.0000031265  -0.0000009998
14410  -0.0000049200  -0.0000035164  -0.0000001191  -0.0000017507  -0.0000038454
14411  -0.0000071341   0.0000071314  -0.0000100146   0.0000028200   0.0000049935
14412  -0.0000050981   0.0000048802  -0.0000023524   0.0000102206   0.0000029670
14413   0.0000106905   0.0000102859  -0.0000007023   0.0000083854   0.0000075423
14414  -0.0000044281  -0.0000031980  -0.0000040672  -0.0000050316   0.0000029053
14415  -0.0000111580  -0.0000531638  -0.0000003459   0.0000157940   0.0000524243
14416   0.0000037672  -0.0000110692  -0.0000506393  -0.0662443884  -0.0414924655
14417  -0.0793662997  -0.0000456529   0.0000642996  -0.0000548394  -0.0000095374
14418  -0.0000483519   0.0000096821   0.0000096049   0.0000010820  -0.0000531320
14419   0.0000071825   0.0000670875   0.0000395575   0.0007196462   0.0009382999
14420  -0.0011012469   0.0000800774   0.0000145418   0.0000087682   0.0000108854
14421   0.0000026899  -0.0000047260   0.0000010605   0.0000023064   0.0000037338
14422  -0.0004338285  -0.0004772764   0.0001043698  -0.0003916093   0.0018713179
14423  -0.0004066245  -0.0000006755   0.0000007491  -0.0000006541  -0.0000008885
14424  -0.0000005010  -0.0000000250   0.0000001754   0.0000010211   0.0000001147
14425  -0.0000009662   0.0000002006  -0.0000002362  -0.0000004784   0.0000003430
14426  -0.0000002167  -0.0000005151  -0.0000010772   0.0000000430  -0.0000003813
14427   0.0000000634  -0.0000008333  -0.0000007185  -0.0000004207   0.0000017586
14428  -0.0000000307  -0.0000007700  -0.0000002640   0.0078006888   0.0046315853
14429   0.0067849988   0.0796167184   0.0491510001   0.1043633995   0.0000148864
14430   0.0000049454  -0.0000287131  -0.0000028951   0.0000037610   0.0000006722
14431   0.0000056152   0.0000009748  -0.0000021310  -0.0000013387  -0.0000045267
14432   0.0000002782  -0.0273632055  -0.0144653179  -0.0347264328   0.0003430844
14433  -0.0017792486   0.0011736386
145 1   0.0035196541  -0.0006375624   0.0017470792  -0.0003404165  -0.0000059916
145 2   0.0000623577  -0.0000902295   0.0000022680  -0.0000311237   0.0051337111
145 3   0.0007106280   0.0002270317  -0.0000450939  -0.0000845799   0.0000911891
145 4  -0.0000047611   0.0000326816  -0.0000025323   0.0001450990   0.0000108987
145 5   0.0000147305   0.0000038556   0.0000000127  -0.0000010155   0.0000076529
145 6   0.0000038503   0.0000068557  -0.0000014374   0.0000001186  -0.0000049175
145 7  -0.0000011303   0.0000032938   0.0000032088  -0.0000002520  -0.0000002434
145 8  -0.0000019190   0.0003967140   0.0004189536   0.0001463336  -0.0026595815
145 9  -0.0003344106  -0.0001648701  -0.0000007943  -0.0000003353  -0.0000006602
14510  -0.0000014012   0.0000003822   0.0000000697  -0.0000021721  -0.0000007435
14511  -0.0000005366   0.0000015628  -0.0000011659   0.0000003748   0.0000005051
14512  -0.0000004060   0.0000006175   0.0000005762   0.0000014863   0.0000001328
14513  -0.0000012679   0.0000013739   0.0000000913  -0.0000006712   0.0000012165
14514  -0.0000004864  -0.0000009993  -0.0000001055  -0.0000007013  -0.0000092817
14515  -0.0000012248  -0.0000062635  -0.0000335781  -0.0000005431   0.0000073477
14516   0.0000016136  -0.0000018350  -0.0000065946  -0.0003382467   0.0000103016
14517   0.0000040689  -0.0351248859   0.0041065484  -0.0072256652   0.0040673555
14518   0.0007943466  -0.0027054291   0.0070885184   0.0011188069  -0.0000214267
14519  -0.0007379474   0.0000334059   0.0000574702   0.0001220244   0.0000099400
14520  -0.0000001630   0.0000401478   0.0000080140  -0.0000031877  -0.0000425657
14521  -0.0000055715  -0.0000008215   0.0000034303   0.0000005013  -0.0000004234
14522   0.0000312334  -0.0011456826   0.0003505183  -0.0002103242   0.0013585584
14523  -0.0003776097   0.0000010339   0.0000003580   0.0000001453   0.0000002984
14524   0.0000000034   0.0000000881  -0.0000002580   0.0000001974  -0.0000005965
14525   0.0000005386   0.0000004565  -0.0000001771  -0.0000005077  -0.0000000094
14526   0.0000005908   0.0000005880  -0.0000002304   0.0000000024   0.0000085151
14527   0.0000006035  -0.0000000968   0.0000003480  -0.0000002060   0.0000004919
14528  -0.0000013042  -0.0000002071  -0.0000000383  -0.0000003980   0.0001035412
14529  -0.0000157468   0.0000125596  -0.0001242115   0.0000148864   0.0242564698
14530  -0.0058305797   0.0079392802  -0.0046489629  -0.0005172942   0.0000100011
14531   0.0003147181   0.0000555675  -0.0001158860  -0.0007591818  -0.0000756126
14532  -0.0000029608  -0.0000890356  -0.0000190089   0.0000121800  -0.0000120377
14533  -0.0000005540  -0.0000052942
146 1  -0.0006389252   0.0106740152  -0.0191999586  -0.0000053721  -0.0002871759
146 2  -0.0006890714   0.0000019549  -0.0001131937   0.0003390904   0.0007129887
146 3  -0.0027221574  -0.0024889812  -0.0000880117   0.0009147870  -0.0010008855
146 4   0.0000314330  -0.0003586330   0.0000188704   0.0000119261   0.0000174842
146 5  -0.0001610081   0.0000009429  -0.0000060651   0.0000010710   0.0000030181
146 6  -0.0000230241  -0.0000751670  -0.0000006304   0.0000055742   0.0000549957
146 7   0.0000029648  -0.0000328034  -0.0000350508  -0.0000007482   0.0000106255
146 8   0.0000219473   0.0003666820  -0.0036472148  -0.0013000832  -0.0003242939
146 9   0.0009497193   0.0018599552  -0.0000019121   0.0000020838  -0.0000002390
14610   0.0000022272   0.0000028100  -0.0000003053  -0.0000008744   0.0000142910
14611   0.0000032162  -0.0000016748   0.0000198499  -0.0000033885  -0.0000009275
14612   0.0000123552  -0.0000067536   0.0000013297  -0.0000090515  -0.0000051742
14613   0.0000005263  -0.0000102226   0.0000022045   0.0000001863  -0.0000032272
14614   0.0000065943  -0.0000004552   0.0000112794   0.0000041642  -0.0000015504
14615   0.0000046526   0.0000707607  -0.0000009258  -0.0000237526  -0.0000840687
14616  -0.0000018963   0.0000206047   0.0000746856   0.0000131321  -0.0004598710
14617  -0.0000529746   0.0040758658  -0.0808367418   0.0811753197   0.0008079433
14618  -0.0047574115   0.0302757901   0.0011191290  -0.0052362148   0.0002277323
14619   0.0000295356  -0.0010425536  -0.0006312137   0.0000101191   0.0000097234
14620   0.0000002840   0.0000079451  -0.0000477682   0.0000347626  -0.0000053176
14621   0.0000177756   0.0000047895   0.0000006845  -0.0000021729   0.0000044767
14622  -0.0002207257  -0.0017800117   0.0005134833   0.0004908490  -0.0014718799
14623   0.0004102524   0.0000000054  -0.0000005281  -0.0000001022   0.0000005627
14624   0.0000014398  -0.0000000638  -0.0000006884  -0.0000008442   0.0000000572
14625   0.0000004776  -0.0000006967  -0.0000000219   0.0000008174  -0.0000006800
14626   0.0000002741  -0.0000007314   0.0000013567  -0.0000000189   0.0000005813
14627   0.0000014807   0.0000012096  -0.0000001835   0.0000018842  -0.0000002846
14628  -0.0000002744   0.0000013531   0.0000005027  -0.0000492732   0.0001210382
14629   0.0000032506   0.0000300648   0.0001091122   0.0000049454  -0.0058305797
14630   0.0890644967  -0.0904914504  -0.0005109066   0.0010120868  -0.0001292530
14631   0.0000551722  -0.0002962019   0.0012914469  -0.0000746874   0.0000693440
14632   0.0000308312  -0.0000169768   0.0001065166  -0.0001361887  -0.0000005222
14633  -0.0000076423   0.0000547432
147 1  -0.0008258178   0.0092736160  -0.0158929682   0.0000348007  -0.0003865463
147 2  -0.0005982438   0.0000072662  -0.0000797469   0.0002330008   0.0003507949
147 3  -0.0038077357  -0.0009922575  -0.0000913674   0.0010188001  -0.0004568842
147 4   0.0000387493  -0.0004328913  -0.0002221022  -0.0000087136   0.0001059882
147 5   0.0000562160  -0.0000015219   0.0000115421  -0.0000042318  -0.0000033038
147 6   0.0000342593   0.0001009986   0.0000003116  -0.0000054125  -0.0000746563
147 7  -0.0000049992   0.0000512016   0.0000431782   0.0000003683  -0.0000104811
147 8  -0.0000281488  -0.0002037864   0.0023985399  -0.0005248421  -0.0001582238
147 9   0.0017610208   0.0000402580   0.0000022489  -0.0000022239  -0.0000008887
14710  -0.0000031035  -0.0000031598  -0.0000009585   0.0000009568  -0.0000212944
14711  -0.0000011957   0.0000019224  -0.0000217228   0.0000046141   0.0000005427
14712  -0.0000105292   0.0000076285  -0.0000022675   0.0000160387   0.0000058500
14713  -0.0000010255   0.0000143717  -0.0000020130  -0.0000009263   0.0000076008
14714  -0.0000070843  -0.0000002696  -0.0000105617  -0.0000067192   0.0000049532
14715  -0.0000568399  -0.0001299539  -0.0000039224   0.0000443953   0.0001023580
14716   0.0000026136  -0.0000294253  -0.0001079695  -0.0000098707   0.0000967095
14717   0.0009915893  -0.0070273524   0.0795866651  -0.3240806082   0.0000733770
14718  -0.0007943085  -0.0016204573  -0.0000862039   0.0010017081   0.0016483813
14719   0.0000554394  -0.0006008185   0.0006624161   0.0000020914  -0.0000254144
14720  -0.0000411789   0.0000045546  -0.0000509217   0.0000175919  -0.0000016251
14721   0.0000174793   0.0000121251   0.0000009772  -0.0000111270   0.0000018435
14722  -0.0006825208   0.0006140473   0.0004451332   0.0006122718   0.0006433868
14723   0.0004811835   0.0000003519   0.0000026033   0.0000002035  -0.0000008730
14724  -0.0000023994  -0.0000012060   0.0000010638   0.0000012625  -0.0000001886
14725  -0.0000009470   0.0000025051   0.0000001574  -0.0000013658   0.0000009790
14726  -0.0000002323   0.0000011721  -0.0000022633  -0.0000012307   0.0000000593
14727  -0.0000005623   0.0000021547   0.0000002659  -0.0000034739   0.0000020456
14728   0.0000001335  -0.0000017896   0.0000001007  -0.0000640089   0.0001887970
14729  -0.0000286968   0.0000296362   0.0001965564  -0.0000287131   0.0079392802
14730  -0.0904914504   0.3394152515   0.0000014338  -0.0000504228   0.0008391113
14731   0.0000110365  -0.0001141044  -0.0001497120  -0.0000046839   0.0000464051
14732  -0.0000635031   0.0000077635  -0.0000830061  -0.0001028691   0.0000022637
14733  -0.0000258459   0.0000563230
148 1   0.0073798318   0.0010166775  -0.0002222803  -0.0003179972  -0.0000089580
148 2  -0.0000542692   0.0000830259  -0.0000067827   0.0000085719  -0.0008134652
148 3  -0.0000274202  -0.0000610613  -0.0007905226  -0.0000697025  -0.0000162726
148 4   0.0000274155   0.0000060876   0.0000189169  -0.0000319974  -0.0000108439
148 5  -0.0000133552   0.0000042068  -0.0000030473  -0.0000009734   0.0000035742
148 6  -0.0000020615  -0.0000105008  -0.0000009158   0.0000011677   0.0000080899
148 7   0.0000009069  -0.0000053483  -0.0000044040  -0.0000003381   0.0000013616
148 8   0.0000032793   0.0001414615   0.0000098738   0.0000240375   0.0003191907
148 9   0.0001036304   0.0001398460  -0.0000007835  -0.0000009065  -0.0000004365
14810  -0.0000008810   0.0000013779   0.0000001562  -0.0000012815   0.0000020100
14811   0.0000003773   0.0000007965   0.0000026171  -0.0000007653   0.0000007950
14812   0.0000009445  -0.0000006904   0.0000012425  -0.0000018235  -0.0000009011
14813  -0.0000012584  -0.0000017961   0.0000001918  -0.0000004846  -0.0000005809
14814   0.0000007101  -0.0000001420   0.0000013731   0.0000007622  -0.0000091202
14815   0.0000034971   0.0000136571  -0.0000088057  -0.0000051280  -0.0000124148
14816  -0.0000007372   0.0000024223   0.0000114946   0.0000210617  -0.0000000481
14817   0.0000009356   0.0043135689   0.0016825075   0.0021138132  -0.0405728588
14818   0.0124806877   0.0125710225   0.0046687394  -0.0005181569  -0.0008542341
14819   0.0062382692   0.0005333316  -0.0002124517  -0.0001114795  -0.0000021165
14820   0.0000090157   0.0000800450   0.0000064726   0.0000011621   0.0000989841
14821   0.0000076182   0.0000019906   0.0000173974   0.0000013682  -0.0000009336
14822   0.0000069277  -0.0000147282  -0.0000103267   0.0000016169   0.0000159783
14823   0.0000058991   0.0000009475   0.0000001862   0.0000001444   0.0000007816
14824   0.0000005853   0.0000002493  -0.0000003043  -0.0000001404  -0.0000004623
14825   0.0000001669   0.0000006186  -0.0000001119  -0.0000005262   0.0000000683
14826   0.0000005439   0.0000011091  -0.0000002628   0.0000001983   0.0000007143
14827   0.0000000480   0.0000002822   0.0000013843   0.0000002038   0.0000006595
14828  -0.0000014305   0.0000000538   0.0000001832  -0.0000026612   0.0000018222
14829   0.0000034634  -0.0000043415  -0.0000044008  -0.0000028951  -0.0046489629
14830  -0.0005109066   0.0000014338   0.0276253606  -0.0142733455  -0.0134554175
14831  -0.0036190311  -0.0003817700   0.0000449758  -0.0000894043  -0.0000362369
14832  -0.0000442325  -0.0000187205   0.0000012075  -0.0000070097   0.0000089290
14833   0.0000007136   0.0000003365
149 1   0.0010272501  -0.0038887982   0.0025320849  -0.0000083016  -0.0002242697
149 2   0.0006131326  -0.0000061197   0.0001572590  -0.0000966566  -0.0000323110
149 3  -0.0004622462   0.0006976350  -0.0000714046  -0.0000094731   0.0001938198
149 4   0.0000036689  -0.0000201830  -0.0001928017  -0.0000100873   0.0000799081
149 5   0.0001372401  -0.0000008263   0.0000109278  -0.0000032835  -0.0000028647
149 6   0.0000372392   0.0001137077   0.0000004052  -0.0000055594  -0.0000838142
149 7  -0.0000048201   0.0000537566   0.0000498838   0.0000009878  -0.0000122774
149 8  -0.0000320461   0.0000106051   0.0000233862  -0.0002549317   0.0001022813
149 9  -0.0008193421  -0.0015661333   0.0000033186  -0.0000026364  -0.0000006607
14910  -0.0000026813  -0.0000028936  -0.0000007703   0.0000018794  -0.0000209795
14911  -0.0000030894   0.0000023737  -0.0000262137   0.0000050861   0.0000012002
14912  -0.0000134945   0.0000090429  -0.0000013752   0.0000170606   0.0000067992
14913  -0.0000017554   0.0000165826  -0.0000020448  -0.0000008996   0.0000080024
14914  -0.0000084027   0.0000011592  -0.0000124881  -0.0000073907   0.0000027835
14915  -0.0000430466  -0.0001405688  -0.0000046740   0.0000460257   0.0001226634
14916   0.0000024813  -0.0000314233  -0.0001202694  -0.0000017740   0.0000396459
14917  -0.0000205470   0.0016991961  -0.0142948583  -0.0235113916   0.0124800191
14918  -0.1773039003  -0.1385918480  -0.0005317089   0.0104582364   0.0094609221
14919   0.0005316616   0.0003780398   0.0023426421  -0.0000025778  -0.0000848414
14920  -0.0001010695   0.0000067267   0.0000058769  -0.0000130593   0.0000083389
14921   0.0000128229  -0.0000289854   0.0000015210   0.0000028950   0.0000075172
14922  -0.0000089750   0.0000029159   0.0000151428   0.0000093324   0.0000064147
14923   0.0000170400   0.0000005003   0.0000021251   0.0000000697  -0.0000007172
14924  -0.0000022897  -0.0000006060   0.0000010911   0.0000013410  -0.0000003978
14925  -0.0000005829   0.0000018505   0.0000001323  -0.0000013887   0.0000011523
14926  -0.0000002096   0.0000012330  -0.0000021599  -0.0000005716   0.0000000691
14927  -0.0000002037  -0.0000027173   0.0000002658  -0.0000025275   0.0000034560
14928  -0.0000000455  -0.0000019224  -0.0000009481  -0.0000088436  -0.0000005846
14929   0.0000046437   0.0000083178   0.0000008636   0.0000037610  -0.0005172942
14930   0.0010120868  -0.0000504228  -0.0142733455   0.1840606352   0.1484290433
14931  -0.0003804923   0.0005778417  -0.0004846387  -0.0000349525   0.0003042265
14932   0.0004816647   0.0000013530  -0.0000311055   0.0000736396   0.0000007985
14933   0.0000005997  -0.0000004936
150 1  -0.0001871552   0.0021196220   0.0007643412  -0.0000136387   0.0001485444
150 2   0.0000726560  -0.0000013731   0.0000142685  -0.0001120607  -0.0000916918
150 3   0.0009977990   0.0000219018   0.0000154935  -0.0001762160   0.0000850670
150 4  -0.0000033354   0.0000411356  -0.0001682713   0.0000027531  -0.0000296028
150 5   0.0001529664  -0.0000004632   0.0000062871   0.0000016053  -0.0000021645
150 6   0.0000238127   0.0000834604   0.0000003179  -0.0000023067  -0.0000616137
150 7  -0.0000029967   0.0000343787   0.0000400811   0.0000007928  -0.0000084325
150 8  -0.0000255664   0.0000023769  -0.0000257163  -0.0000399762  -0.0000013108
150 9   0.0000125632   0.0004062621   0.0000020008  -0.0000014908   0.0000002238
15010  -0.0000019041  -0.0000018881   0.0000003363   0.0000008659  -0.0000107937
15011  -0.0000072057   0.0000017929  -0.0000196135   0.0000036874   0.0000010582
15012  -0.0000113223   0.0000072792  -0.0000011132   0.0000122080   0.0000050697
15013  -0.0000009693   0.0000124107  -0.0000022271  -0.0000004087   0.0000063663
15014  -0.0000066009   0.0000007841  -0.0000091065  -0.0000054322   0.0000008975
15015  -0.0000096128  -0.0000967411  -0.0000019715   0.0000224853   0.0000931414
15016   0.0000017654  -0.0000179919  -0.0000872627  -0.0000019116   0.0000218163
15017  -0.0000137356  -0.0006073755   0.0067192815   0.0080246386   0.0126245531
15018  -0.1392768136  -0.2210118398   0.0019158160  -0.0211686644  -0.0151941148
15019  -0.0002863791   0.0032015163  -0.0043609181  -0.0000022916   0.0000256854
15020   0.0000271563   0.0000014260  -0.0000152983   0.0000021628   0.0000036095
15021  -0.0000466008   0.0000752860   0.0000012339  -0.0000155710  -0.0000123751
15022   0.0000122229   0.0000117461   0.0000030012  -0.0000141985   0.0000096771
15023   0.0000030063   0.0000003849   0.0000012425  -0.0000003217  -0.0000003669
15024  -0.0000015005  -0.0000003446   0.0000006114   0.0000009431  -0.0000002138
15025  -0.0000007104   0.0000012768  -0.0000003763  -0.0000007773   0.0000008071
15026  -0.0000002680   0.0000006629  -0.0000014298  -0.0000003691   0.0000000720
15027  -0.0000007996   0.0000045061   0.0000001256  -0.0000012446   0.0000014742
15028   0.0000000879  -0.0000009901   0.0000001626   0.0000015694  -0.0000040961
15029   0.0000004733  -0.0000008910  -0.0000045948   0.0000006722   0.0000100011
15030  -0.0001292530   0.0008391113  -0.0134554175   0.1484290433   0.2300871699
15031  -0.0000087590   0.0000713509   0.0011874281   0.0000855436  -0.0009449017
15032  -0.0007974950   0.0000009885  -0.0000133124   0.0000164762  -0.0000002336
15033   0.0000028970  -0.0000054743
151 1  -0.0002900788  -0.0000661084   0.0000269167  -0.0000271739  -0.0000033523
151 2   0.0000052036  -0.0004731930  -0.0000316817   0.0000273260   0.0075659591
151 3   0.0006905391   0.0002994044   0.0000812479   0.0000590570  -0.0000721401
151 4   0.0000922407   0.0000171691   0.0000213298  -0.0000922805  -0.0000162549
151 5  -0.0000169843   0.0000057478  -0.0000032415  -0.0000010744  -0.0000007179
151 6  -0.0000037088  -0.0000141045  -0.0000006776   0.0000018803   0.0000109037
151 7   0.0000018352  -0.0000064500  -0.0000056649  -0.0000012385   0.0000021807
151 8   0.0000041392  -0.0001129672  -0.0000075937  -0.0000003567  -0.0008319087
151 9  -0.0000917917  -0.0000022688  -0.0000008689  -0.0000012512  -0.0000007457
15110  -0.0000009988   0.0000021476   0.0000000203  -0.0000023078   0.0000026625
15111   0.0000004216   0.0000006205   0.0000041810  -0.0000010476   0.0000005063
15112   0.0000017513  -0.0000009667   0.0000010184  -0.0000018322  -0.0000011879
15113  -0.0000038250  -0.0000026690   0.0000001674  -0.0000020992  -0.0000004588
15114   0.0000009643  -0.0000007888   0.0000021760   0.0000007242  -0.0000097835
15115   0.0000063533   0.0000173340   0.0000080464  -0.0000057473  -0.0000157706
15116  -0.0000066081   0.0000036661   0.0000152665  -0.0000313682  -0.0000030838
15117   0.0000006600   0.0061270901   0.0004252767  -0.0001505159   0.0033880580
15118   0.0007301668   0.0001341676  -0.0400923746   0.0261470893  -0.0050557951
15119   0.0035998590   0.0016263433  -0.0005886244   0.0001036076   0.0000100755
15120  -0.0000004966   0.0001491885   0.0000210075  -0.0000025871   0.0001490831
15121   0.0000140574   0.0000001024   0.0000226405   0.0000021179  -0.0000007865
15122   0.0000160778  -0.0000615582   0.0000124535   0.0000076716   0.0000649206
15123  -0.0000133499   0.0000012428   0.0000001241   0.0000002263   0.0000008841
15124   0.0000007404   0.0000003342  -0.0000005014  -0.0000002442  -0.0000007994
15125   0.0000003869   0.0000009129  -0.0000001984  -0.0000008222   0.0000002091
15126   0.0000009165   0.0000012882  -0.0000003698   0.0000001553   0.0000030595
15127   0.0000000516   0.0000004207   0.0000036226   0.0000003078   0.0000006770
15128   0.0000012194   0.0000003554   0.0000003608  -0.0000015118   0.0000104695
15129  -0.0000038279  -0.0000004974  -0.0000120815   0.0000056152   0.0003147181
15130   0.0000551722   0.0000110365  -0.0036190311  -0.0003804923  -0.0000087590
15131   0.0286322893  -0.0287009303   0.0053724587  -0.0046780068  -0.0005030617
15132  -0.0000095111  -0.0000027925   0.0000006273  -0.0000029767   0.0000052125
15133   0.0000001739   0.0000008342
152 1  -0.0000760886   0.0005442473  -0.0003418550  -0.0000022117  -0.0000002738
152 2  -0.0000490855  -0.0000323151  -0.0001152827  -0.0003174296   0.0006986279
152 3  -0.0001335510  -0.0033333727   0.0000587511  -0.0005646585   0.0008539723
152 4   0.0000176618  -0.0001091639  -0.0002279923  -0.0000163515   0.0000902601
152 5   0.0001964677  -0.0000008843   0.0000147059  -0.0000052122  -0.0000051930
152 6   0.0000588786   0.0001675038   0.0000007940  -0.0000093253  -0.0001240318
152 7  -0.0000066481   0.0000759692   0.0000693159   0.0000015073  -0.0000186211
152 8  -0.0000456400  -0.0000065080  -0.0000422310   0.0000165831  -0.0000913165
152 9   0.0001734700   0.0000283945   0.0000049011  -0.0000035633  -0.0000003882
15210  -0.0000039922  -0.0000038710  -0.0000004348   0.0000024502  -0.0000278270
15211  -0.0000050784   0.0000038318  -0.0000434739   0.0000085483   0.0000018570
15212  -0.0000213017   0.0000142237  -0.0000018291   0.0000226525   0.0000088110
15213  -0.0000032312   0.0000291796  -0.0000002472  -0.0000015243   0.0000131208
15214  -0.0000120389   0.0000016525  -0.0000171347  -0.0000100077   0.0000057632
15215  -0.0000789616  -0.0001964683  -0.0000056730   0.0000750043   0.0001718829
15216   0.0000039598  -0.0000538140  -0.0001766241  -0.0000052133   0.0000266912
15217  -0.0000243748   0.0004263874   0.0014086910   0.0017783975   0.0007318617
15218  -0.0046241175  -0.0014804999   0.0261476381  -0.3276503841   0.0561974514
15219   0.0016229887  -0.0142282221   0.0065568411   0.0000101058  -0.0000077741
15220   0.0000040885   0.0000209797  -0.0000835164   0.0000311542   0.0000145877
15221  -0.0000079130  -0.0000122517   0.0000022769  -0.0000005292   0.0000059830
15222   0.0000242363  -0.0000014851  -0.0000052350  -0.0000222766   0.0000055291
15223  -0.0000072501   0.0000008942   0.0000023644   0.0000002190  -0.0000011388
15224  -0.0000028628  -0.0000006660   0.0000015080   0.0000017003  -0.0000009322
15225  -0.0000010071   0.0000021342   0.0000002334  -0.0000019026   0.0000014614
15226  -0.0000007087   0.0000018205  -0.0000026698  -0.0000006606   0.0000001474
15227   0.0000015972  -0.0000041192   0.0000004632  -0.0000022358   0.0000052040
15228   0.0000002831  -0.0000029340  -0.0000023199   0.0000000993  -0.0000071399
15229   0.0000003346   0.0000012352  -0.0000087119   0.0000009748   0.0000555675
15230  -0.0002962019  -0.0001141044  -0.0003817700   0.0005778417   0.0000713509
15231  -0.0287009303   0.3442449336  -0.0598134327  -0.0004987145   0.0008135145
15232   0.0001017230   0.0000016404  -0.0000167886   0.0000279549   0.0000002408
15233   0.0000025940  -0.0000051518
153 1   0.0000467198  -0.0005203546  -0.0011252097   0.0000016449  -0.0000225268
153 2  -0.0001710362   0.0000161267  -0.0001872580  -0.0002202530   0.0002416968
153 3  -0.0026511479  -0.0032540770   0.0000722483  -0.0007888139   0.0007852225
153 4   0.0000033413  -0.0000410923  -0.0000629028  -0.0000051854   0.0000586323
153 5   0.0000574052  -0.0000002805   0.0000019081  -0.0000029564  -0.0000017843
153 6   0.0000197598   0.0000445275   0.0000004096  -0.0000018425  -0.0000330395
153 7  -0.0000015417   0.0000181134   0.0000106317   0.0000004491  -0.0000044238
153 8  -0.0000085259  -0.0000032718   0.0000370058  -0.0000885855  -0.0000159923
153 9   0.0001717026   0.0002633092   0.0000007373  -0.0000003169  -0.0000001606
15310  -0.0000016017  -0.0000010435   0.0000000424   0.0000001242  -0.0000064991
15311   0.0000018741   0.0000017902  -0.0000148654   0.0000025084   0.0000007496
15312  -0.0000049856   0.0000032935  -0.0000005141   0.0000030938   0.0000010317
15313  -0.0000000954   0.0000109425   0.0000031611   0.0000003554   0.0000034373
15314  -0.0000016815  -0.0000002249  -0.0000028005  -0.0000011191   0.0000040650
15315  -0.0000454711  -0.0000708854  -0.0000028176   0.0000324931   0.0000492878
15316   0.0000020237  -0.0000195836  -0.0000523355   0.0000018885  -0.0000268549
15317   0.0000679661  -0.0000724776   0.0008523446  -0.0051074557  -0.0026564449
15318   0.0295325778  -0.0007038981  -0.0050946055   0.0565466589  -0.0699178871
15319   0.0021761280  -0.0240922590   0.0081023325  -0.0000008472   0.0000093526
15320   0.0000132346   0.0000095160  -0.0001090405   0.0000320542  -0.0000011618
15321   0.0000154951  -0.0000197078  -0.0000005688   0.0000061142   0.0000059193
15322  -0.0000596559  -0.0000216225   0.0000252939   0.0000622020  -0.0000102683
15323   0.0000248886   0.0000000520  -0.0000000342   0.0000005170  -0.0000005282
15324  -0.0000003586  -0.0000000776   0.0000003188   0.0000001419  -0.0000003932
15325  -0.0000002329   0.0000000523   0.0000004566  -0.0000003889  -0.0000000003
15326  -0.0000004458   0.0000005298  -0.0000003298  -0.0000001023  -0.0000000746
15327   0.0000022199  -0.0000046989  -0.0000001125   0.0000016432   0.0000013225
15328   0.0000001350  -0.0000008808  -0.0000021052  -0.0000084723   0.0000208416
15329  -0.0000023221   0.0000044709   0.0000216139  -0.0000021310  -0.0001158860
15330   0.0012914469  -0.0001497120   0.0000449758  -0.0004846387   0.0011874281
15331   0.0053724587  -0.0598134327   0.0692626395  -0.0000185791   0.0002079435
15332   0.0010630221  -0.0000020202   0.0000099889  -0.0000139458   0.0000002089
15333  -0.0000027784   0.0000082807
154 1   0.0055683305   0.0009440399   0.0000717905  -0.0002123611  -0.0000874094
154 2  -0.0001060476   0.0000366498  -0.0000442117   0.0000606560   0.0040735137
154 3   0.0008207819  -0.0025632783  -0.0036621471  -0.0004105001  -0.0000859367
154 4   0.0000991923   0.0002565724  -0.0000325824  -0.0002614530  -0.0000974977
154 5   0.0000600876   0.0000090450  -0.0000013323   0.0000004344   0.0000115575
154 6   0.0000045072   0.0000147398  -0.0000022340  -0.0000015375  -0.0000107973
154 7  -0.0000008874   0.0000032186   0.0000076026  -0.0000006179  -0.0000036737
154 8  -0.0000040630   0.0000709724   0.0000542484   0.0000134899   0.0004540727
154 9   0.0001113659  -0.0001119987  -0.0000003379  -0.0000027307  -0.0000002831
15410  -0.0000015295  -0.0000001430   0.0000021557  -0.0000046384  -0.0000039957
15411  -0.0000007287   0.0000029850  -0.0000051120  -0.0000001208   0.0000008304
15412  -0.0000051027   0.0000014589   0.0000008557  -0.0000006899   0.0000014297
15413  -0.0000079423  -0.0000004395  -0.0000012148  -0.0000032999  -0.0000022439
15414  -0.0000016135  -0.0000012734  -0.0000047876   0.0000004027  -0.0000178666
15415   0.0000032511  -0.0000061546  -0.0000507319  -0.0000035463   0.0000130696
15416  -0.0000067017  -0.0000042184  -0.0000145183  -0.0000225265  -0.0000075625
15417  -0.0000117795  -0.0008461819  -0.0000023796   0.0000327875   0.0073754090
15418   0.0008893333   0.0002748609   0.0058672093  -0.0003899343   0.0019184421
15419  -0.0399559626   0.0042196800  -0.0083433214   0.0000301001   0.0000059461
15420   0.0000029593   0.0001618469   0.0000107114   0.0000005076   0.0014437842
15421   0.0002015209   0.0002784412   0.0000767851  -0.0000092528  -0.0000176541
15422   0.0000025690   0.0000077461   0.0000150241   0.0000038908  -0.0000070114
15423  -0.0000110664   0.0000026992  -0.0000000958   0.0000007394   0.0000000693
15424   0.0000000263   0.0000005382  -0.0000008677  -0.0000003123  -0.0000020532
15425   0.0000015112   0.0000018879  -0.0000008254  -0.0000015294   0.0000004077
15426   0.0000020148   0.0000006517  -0.0000009027  -0.0000003523   0.0000297258
15427   0.0000013636   0.0000041408   0.0000120182   0.0000004155   0.0000009884
15428  -0.0000004205  -0.0000002742   0.0000000466  -0.0000030186   0.0000057231
15429   0.0000035946  -0.0000002872  -0.0000055964  -0.0000013387  -0.0007591818
15430  -0.0000746874  -0.0000046839  -0.0000894043  -0.0000349525   0.0000855436
15431  -0.0046780068  -0.0004987145  -0.0000185791   0.0252617562  -0.0058434102
15432   0.0084862420  -0.0000107758   0.0000107842  -0.0000022691   0.0000041543
15433   0.0000007273  -0.0000009274
155 1   0.0009545975  -0.0049033243  -0.0008681445  -0.0000839982   0.0007537124
155 2   0.0011561512  -0.0000410266   0.0005082159  -0.0006566744   0.0008145183
155 3  -0.0050510428   0.0281496271  -0.0004183599   0.0009761568   0.0010882530
155 4   0.0001647964  -0.0018212143  -0.0000097191  -0.0000916913   0.0007593171
155 5  -0.0006867675   0.0000032431  -0.0000137384  -0.0000071791   0.0000050930
155 6  -0.0000515229  -0.0001779185  -0.0000022099   0.0000027966   0.0001349474
155 7   0.0000058182  -0.0000716938  -0.0000846020  -0.0000022891   0.0000153204
155 8   0.0000560480   0.0000548498  -0.0005014526  -0.0001372340   0.0001068558
155 9  -0.0007344153   0.0012374244  -0.0000013953   0.0000008530  -0.0000015350
15510   0.0000053453   0.0000048785  -0.0000021539  -0.0000002998   0.0000164708
15511   0.0000201287  -0.0000070278   0.0000431551  -0.0000084977  -0.0000044915
15512   0.0000224716  -0.0000160459   0.0000031730  -0.0000282879  -0.0000098341
15513  -0.0000035484  -0.0000329520   0.0000011898  -0.0000033289  -0.0000183967
15514   0.0000134069   0.0000003806   0.0000161120   0.0000126188   0.0000005115
15515  -0.0000366657   0.0000970347  -0.0000024048  -0.0000283831  -0.0001755550
15516  -0.0000050074   0.0000337463   0.0001813751  -0.0000073800   0.0001117488
15517   0.0001272387  -0.0000106805  -0.0007111260  -0.0003303774   0.0008837268
15518  -0.0023274491  -0.0030206072  -0.0003779061   0.0101367269  -0.0212289025
15519   0.0042941702  -0.0897383394   0.0924670656   0.0000063024  -0.0000326011
15520  -0.0000316602   0.0000122647   0.0000351667  -0.0000040769   0.0001927059
15521  -0.0007174852  -0.0028171006  -0.0000072073   0.0001673476   0.0001809355
15522   0.0000037282   0.0000099913  -0.0000295512  -0.0000042308   0.0000079573
15523  -0.0000317600  -0.0000011694  -0.0000042958   0.0000016127   0.0000008379
15524   0.0000030493   0.0000018724  -0.0000011068  -0.0000021952   0.0000007438
15525   0.0000027547  -0.0000035914   0.0000014461   0.0000014865  -0.0000014363
15526   0.0000010445  -0.0000007789   0.0000030989   0.0000017498   0.0000013146
15527   0.0000123197  -0.0000402425   0.0000008554   0.0000039027  -0.0000028709
15528  -0.0000004618   0.0000020785   0.0000007296   0.0000139272  -0.0000086942
15529  -0.0000040106  -0.0000114474  -0.0000119494  -0.0000045267  -0.0000756126
15530   0.0000693440   0.0000464051  -0.0000362369   0.0003042265  -0.0009449017
15531  -0.0005030617   0.0008135145   0.0002079435  -0.0058434102   0.0920987192
15532  -0.0939033741   0.0000134090  -0.0000794009   0.0000344750   0.0000011031
15533  -0.0000007446   0.0000143558
156 1  -0.0000340051   0.0003402976   0.0013394007   0.0000023071  -0.0000356978
156 2  -0.0001890796  -0.0000041800   0.0000460343   0.0001919013  -0.0001673177
156 3   0.0018166684  -0.0010065659   0.0000178051  -0.0001951652  -0.0023451138
156 4   0.0002771323  -0.0029893278  -0.0008783265   0.0000205079  -0.0002315315
156 5  -0.0000715725   0.0000011619  -0.0000112695   0.0000029263   0.0000035028
156 6  -0.0000418418  -0.0001355702  -0.0000004991   0.0000045865   0.0000982630
156 7   0.0000052470  -0.0000589479  -0.0000554124  -0.0000012490   0.0000141173
156 8   0.0000360267  -0.0000020954   0.0000356799   0.0000738927  -0.0000002024
156 9   0.0000076691   0.0000208905  -0.0000038004   0.0000034253   0.0000006852
15610   0.0000031440   0.0000040974   0.0000007224  -0.0000020403   0.0000230051
15611   0.0000031830  -0.0000029570   0.0000321818  -0.0000059651  -0.0000015206
15612   0.0000165051  -0.0000105441   0.0000015062  -0.0000171022  -0.0000071776
15613   0.0000016177  -0.0000198013   0.0000024928   0.0000006419  -0.0000086645
15614   0.0000090747  -0.0000012092   0.0000138289   0.0000071969  -0.0000001482
15615   0.0000076048   0.0002018167   0.0000037282  -0.0000445423  -0.0001704116
15616  -0.0000029191   0.0000339185   0.0001480228   0.0000032283  -0.0000323391
15617   0.0000022225   0.0000584090  -0.0006453901   0.0006238891   0.0003557719
15618  -0.0038988964  -0.0018606392  -0.0009279764   0.0102644014  -0.0169739415
15619  -0.0083211807   0.0919839233  -0.3099896200  -0.0000005004   0.0000072697
15620  -0.0000100045  -0.0000055960   0.0000649869  -0.0000366615   0.0002899458
15621  -0.0031386158  -0.0016142487   0.0000073889  -0.0001007045  -0.0000666545
15622  -0.0000084967  -0.0000000368  -0.0000068641   0.0000081798   0.0000014931
15623  -0.0000068502  -0.0000005661  -0.0000020056  -0.0000000397   0.0000011317
15624   0.0000024401   0.0000005034  -0.0000012047  -0.0000013008   0.0000006088
15625   0.0000008446  -0.0000017579  -0.0000000832   0.0000014252  -0.0000010589
15626   0.0000005609  -0.0000015054   0.0000021982   0.0000004832  -0.0000003332
15627   0.0000051707  -0.0000251694  -0.0000008962   0.0000112491   0.0000015477
15628  -0.0000000143   0.0000017672  -0.0000014043   0.0000010414   0.0000024504
15629   0.0000001431  -0.0000014746   0.0000020035   0.0000002782  -0.0000029608
15630   0.0000308312  -0.0000635031  -0.0000442325   0.0004816647  -0.0007974950
15631  -0.0000095111   0.0001017230   0.0010630221   0.0084862420  -0.0939033741
15632   0.3325203406  -0.0000016543   0.0000197777  -0.0000234451   0.0000003365
15633  -0.0000035984   0.0000022683
157 1   0.0001070990  -0.0002145808  -0.0001934487   0.0006181424   0.0003046537
157 2   0.0002469862   0.0001362473   0.0000290709  -0.0000899224  -0.0000142881
157 3   0.0000632229  -0.0000407685  -0.0001202102  -0.0000481491   0.0001020812
157 4   0.0000198435  -0.0000124433  -0.0001245830  -0.0000031143   0.0000388963
157 5   0.0000787516  -0.0000274636   0.0000139038   0.0000016056   0.0000133098
157 6   0.0000198846   0.0000584246   0.0000046202  -0.0000115927  -0.0000477741
157 7  -0.0000047137   0.0000307250   0.0000256420   0.0000075603  -0.0000115520
157 8  -0.0000173237   0.0026540302   0.0010721146  -0.0042650558   0.0007629524
157 9   0.0009849073  -0.0003382137   0.0000081436   0.0000103681   0.0000069936
15710   0.0000124183  -0.0000125274  -0.0000018220   0.0000050505  -0.0000134271
15711  -0.0000023635  -0.0000002539  -0.0000161113   0.0000072615  -0.0000037624
15712  -0.0000021362   0.0000003277  -0.0000036097   0.0000100184   0.0000064204
15713   0.0000001396   0.0000077002  -0.0000019018   0.0000036588  -0.0000032327
15714  -0.0000026733   0.0000049749  -0.0000113472  -0.0000030850   0.0000106904
15715  -0.0000254573  -0.0000755987  -0.0000006040   0.0000251454   0.0000761990
15716   0.0000092626  -0.0000166082  -0.0000611158  -0.0664622589   0.0026188881
15717  -0.0031933884   0.0000824204   0.0000382927   0.0000186219  -0.0000078446
15718  -0.0000400636   0.0000273915   0.0000067555   0.0000063589  -0.0000263727
15719  -0.0000005892   0.0000044528  -0.0000198499  -0.0008215392  -0.0001233059
15720   0.0000154865   0.0000325618   0.0000067597  -0.0000117544  -0.0000015958
15721  -0.0000019405   0.0000122667  -0.0000125255  -0.0000063004   0.0000048400
15722   0.0004906262  -0.0017043720  -0.0004232573   0.0001733265   0.0011977344
15723   0.0003221127  -0.0000025437  -0.0000013559  -0.0000020549  -0.0000090509
15724  -0.0000063720  -0.0000008649   0.0000019604  -0.0000000282   0.0000032845
15725   0.0000005783  -0.0000027096   0.0000006772   0.0000069388  -0.0000019543
15726  -0.0000014279  -0.0000141076   0.0000039041  -0.0000034527  -0.0000099817
15727  -0.0000001071  -0.0000003699  -0.0000052612  -0.0000012274  -0.0000058633
15728  -0.0000048401  -0.0000010034  -0.0000027222   0.0095681273  -0.0039907540
15729   0.0293277720   0.0081038190   0.0044553690  -0.0273632055  -0.0000890356
15730  -0.0000169768   0.0000077635  -0.0000187205   0.0000013530   0.0000009885
15731  -0.0000027925   0.0000016404  -0.0000020202  -0.0000107758   0.0000134090
15732  -0.0000016543   0.0503426013  -0.0475293175   0.0119796348  -0.0055363764
15733   0.0428681803  -0.0060076248
158 1  -0.0002011085   0.0023082263   0.0023197243   0.0002964277  -0.0027010924
158 2  -0.0028455481   0.0000320595  -0.0001793395   0.0011367520   0.0000502188
158 3  -0.0005382951   0.0003113746  -0.0000529229   0.0004700785  -0.0012686475
158 4  -0.0000217611   0.0002096303   0.0012156297   0.0000322906  -0.0003692648
158 5  -0.0009428397  -0.0000000086  -0.0000727854   0.0000278978   0.0000247638
158 6  -0.0002388814  -0.0007163542  -0.0000046929   0.0000368432   0.0005252168
158 7   0.0000292416  -0.0003534876  -0.0003076815  -0.0000074024   0.0000766814
158 8   0.0002005073   0.0011152621  -0.0089957715   0.0475178758   0.0009897991
158 9  -0.0100948691   0.0037449843  -0.0000184731   0.0000156482   0.0000075254
15810   0.0000223591   0.0000178152   0.0000032828  -0.0000102524   0.0001482239
15811   0.0000117700  -0.0000147484   0.0001604564  -0.0000318236  -0.0000085346
15812   0.0000813137  -0.0000556514   0.0000101471  -0.0001081526  -0.0000421689
15813   0.0000068835  -0.0001013011   0.0000133901   0.0000019406  -0.0000504891
15814   0.0000518889  -0.0000063704   0.0000791992   0.0000453333  -0.0000219915
15815   0.0002421397   0.0008585540   0.0000253941  -0.0002778529  -0.0007859149
15816  -0.0000211163   0.0001949511   0.0007524311   0.0027077341  -0.0969506175
15817   0.0340754010   0.0000337581  -0.0003075192  -0.0002258419  -0.0000336344
15818   0.0003460788  -0.0002331292   0.0000022589  -0.0000109933   0.0002788647
15819   0.0000117916  -0.0001608647   0.0002683285  -0.0001215242   0.0005366629
15820  -0.0001470436   0.0000061846  -0.0000424751   0.0001237813   0.0000024180
15821   0.0000124173  -0.0000132734  -0.0000008887   0.0000255292   0.0000001774
15822  -0.0005231574   0.0027294048   0.0007563993   0.0000511922   0.0030097587
15823   0.0008515551  -0.0000003039  -0.0000130944  -0.0000031924   0.0000047627
15824   0.0000160807   0.0000069421  -0.0000073291  -0.0000082139  -0.0000000537
15825   0.0000060048  -0.0000171230  -0.0000010360   0.0000095910  -0.0000067696
15826   0.0000014040  -0.0000110657   0.0000162599   0.0000075558  -0.0000020368
15827   0.0000063796  -0.0000037823  -0.0000033693   0.0000211054  -0.0000007396
15828  -0.0000020999   0.0000120345  -0.0000000611  -0.0031276096   0.0058687840
15829  -0.0093692813   0.0035255013   0.0072154633  -0.0144653179  -0.0000190089
15830   0.0001065166  -0.0000830061   0.0000012075  -0.0000311055  -0.0000133124
15831   0.0000006273  -0.0000167886   0.0000099889   0.0000107842  -0.0000794009
15832   0.0000197777  -0.0475293175   0.5952590171  -0.1311383495   0.0427601245
15833  -0.4974961520   0.0675497364
159 1   0.0001945867  -0.0021512394  -0.0007740366   0.0001065807  -0.0011773781
159 2   0.0023178725  -0.0001644071   0.0018778172  -0.0008339932  -0.0000130991
159 3   0.0001357862  -0.0003985645   0.0001042562  -0.0011969905   0.0014260483
159 4  -0.0000031217  -0.0000115832  -0.0016590585  -0.0000395767   0.0004420913
159 5   0.0014823713  -0.0000101686   0.0001182970  -0.0000093673  -0.0000338993
159 6   0.0003924624   0.0012539022   0.0000060430  -0.0000660753  -0.0009266973
159 7  -0.0000505630   0.0005722594   0.0006011897   0.0000124987  -0.0001389389
159 8  -0.0003810857  -0.0010364958   0.0112359290  -0.0249914882  -0.0003909993
159 9   0.0043072586  -0.0004361781   0.0000364537  -0.0000226701  -0.0000008668
15910  -0.0000273073  -0.0000261455  -0.0000015863   0.0000204239  -0.0002030307
15911  -0.0000825167   0.0000244116  -0.0002905781   0.0000593022   0.0000138452
15912  -0.0001631064   0.0001083242  -0.0000161108   0.0002005627   0.0000813642
15913  -0.0000195899   0.0001864715  -0.0000284609  -0.0000100281   0.0000962776
15914  -0.0001031232   0.0000160193  -0.0001471923  -0.0000901767   0.0000291231
15915  -0.0003519392  -0.0013620349  -0.0000368834   0.0004369520   0.0013020230
15916   0.0000277159  -0.0003293588  -0.0012808555   0.0006306337  -0.0106817276
15917  -0.2513413150  -0.0000659942   0.0007178504   0.0000754143   0.0000304796
15918  -0.0003703422   0.0001708025  -0.0000103012   0.0000811108  -0.0002943410
15919  -0.0000254509   0.0002515689  -0.0000435562  -0.0000838625   0.0009498183
15920   0.0005662109  -0.0000012544   0.0000186703   0.0000205348  -0.0000002559
15921   0.0000214844  -0.0000771640   0.0000002986   0.0000072893   0.0000477981
15922  -0.0003680296  -0.0010066893   0.0004401920   0.0005402808  -0.0009249815
15923   0.0004288168   0.0000046756   0.0000201029  -0.0000032518  -0.0000056743
15924  -0.0000248463  -0.0000051602   0.0000112190   0.0000159758  -0.0000031249
15925  -0.0000071295   0.0000183327  -0.0000029123  -0.0000136993   0.0000140621
15926  -0.0000027149   0.0000102042  -0.0000231187  -0.0000050171   0.0000000854
15927  -0.0000025193  -0.0000180425   0.0000016000  -0.0000229001   0.0000370664
15928   0.0000011922  -0.0000215567  -0.0000075108   0.0047639150   0.0030422277
15929  -0.0348006681  -0.0053380621   0.0021593843  -0.0347264328   0.0000121800
15930  -0.0001361887  -0.0001028691  -0.0000070097   0.0000736396   0.0000164762
15931  -0.0000029767   0.0000279549  -0.0000139458  -0.0000022691   0.0000344750
15932  -0.0000234451   0.0119796348  -0.1311383495   0.4046851855  -0.0107941377
15933   0.1231733339  -0.0602893331
160 1   0.0001591568   0.0000156907  -0.0000072887  -0.0002076747  -0.0000047446
160 2  -0.0000136004  -0.0000126823  -0.0000237672   0.0000060939  -0.0000296861
160 3   0.0000035455   0.0000055669   0.0000237486   0.0000126065  -0.0000136827
160 4  -0.0000080307  -0.0000001262   0.0000154975  -0.0000026900  -0.0000047814
160 5  -0.0000156988   0.0000096228   0.0000008546   0.0000007274  -0.0000001700
160 6  -0.0000043045  -0.0000136530  -0.0000006195   0.0000006368   0.0000096647
160 7   0.0000020133  -0.0000059018  -0.0000061659  -0.0000003973   0.0000019096
160 8   0.0000036601  -0.0005605502  -0.0001001734  -0.0001783727   0.0008923718
160 9   0.0000946384   0.0000502587  -0.0000015049   0.0000001236  -0.0000014066
16010  -0.0000004119   0.0000009977   0.0000014202  -0.0000059635   0.0000030877
16011  -0.0000002097   0.0000006103   0.0000034231  -0.0000000685   0.0000001395
16012   0.0000028982  -0.0000013464   0.0000013510  -0.0000010475  -0.0000008979
16013  -0.0000047306  -0.0000015626   0.0000005985  -0.0000030551  -0.0000005801
16014   0.0000012586  -0.0000016960   0.0000022415   0.0000004934  -0.0000065156
16015   0.0000029710   0.0000143525  -0.0000015543  -0.0000048973  -0.0000131122
16016  -0.0000036915   0.0000036594   0.0000139646  -0.0022178768   0.0000618093
16017   0.0005983470  -0.0000391754  -0.0000133196   0.0000012352   0.0000031394
16018   0.0000036021  -0.0000006841  -0.0000079450  -0.0000008107   0.0000048253
16019  -0.0000213397  -0.0000073945  -0.0000010476   0.0001369683  -0.0000009270
16020  -0.0000117974   0.0000077400   0.0000008339  -0.0000004890   0.0000031068
16021   0.0000001243   0.0000015644   0.0000063850   0.0000003914  -0.0000001650
16022   0.0002162735  -0.0003437783  -0.0001287792   0.0001166770   0.0003164453
16023   0.0001515359   0.0000024802   0.0000000727   0.0000005025   0.0000004287
16024  -0.0000003393  -0.0000000472  -0.0000011048   0.0000004419  -0.0000014897
16025   0.0000030342  -0.0000008575  -0.0000007065  -0.0000001362  -0.0000010985
16026   0.0000015772  -0.0000003861   0.0000012665   0.0000000517   0.0000034995
16027   0.0000005354   0.0000001054   0.0000038832   0.0000007811  -0.0000010016
16028   0.0000020635   0.0000005078  -0.0000001277   0.0005091948  -0.0011282849
16029   0.0000044980   0.0003507643   0.0010480539   0.0003430844  -0.0000120377
16030  -0.0000005222   0.0000022637   0.0000089290   0.0000007985  -0.0000002336
16031   0.0000052125   0.0000002408   0.0000002089   0.0000041543   0.0000011031
16032   0.0000003365  -0.0055363764   0.0427601245  -0.0107941377   0.0062150537
16033  -0.0426971978   0.0099725169
161 1   0.0000186819  -0.0000497973   0.0000529099  -0.0000046736  -0.0001458574
161 2   0.0001644919  -0.0000227880   0.0002481563  -0.0000653801   0.0000017008
161 3  -0.0000472620  -0.0000698734   0.0000128038  -0.0001222639   0.0001502918
161 4  -0.0000009009  -0.0000049839  -0.0001924757  -0.0000052856   0.0000564415
161 5   0.0001765366  -0.0000008548   0.0000167451  -0.0000056454  -0.0000042953
161 6   0.0000494646   0.0001509055   0.0000007395  -0.0000099151  -0.0001112768
161 7  -0.0000067831   0.0000764116   0.0000667155   0.0000013765  -0.0000174334
161 8  -0.0000428662  -0.0001132825   0.0006681161   0.0016151787   0.0000803645
161 9   0.0000114737  -0.0006031321   0.0000044958  -0.0000035363  -0.0000005448
16110  -0.0000034448  -0.0000039619  -0.0000005312   0.0000026360  -0.0000331370
16111  -0.0000022352   0.0000027986  -0.0000329533   0.0000066736   0.0000013568
16112  -0.0000172699   0.0000113440  -0.0000019632   0.0000240752   0.0000099075
16113  -0.0000026444   0.0000199830  -0.0000035937  -0.0000014879   0.0000094121
16114  -0.0000111671   0.0000016621  -0.0000186783  -0.0000099007   0.0000030853
16115  -0.0000443631  -0.0001633220  -0.0000048639   0.0000560554   0.0001563622
16116   0.0000029939  -0.0000413097  -0.0001546006  -0.0000156203  -0.0020755753
16117  -0.0076353220  -0.0000131996   0.0001095036  -0.0000168007   0.0000047628
16118  -0.0000525948   0.0000201062  -0.0000007491  -0.0000012853  -0.0000508701
16119  -0.0000063925   0.0000465897   0.0000140002  -0.0000014183   0.0001494900
16120   0.0001292947   0.0000008087  -0.0000015336   0.0000031896   0.0000005600
16121   0.0000006788  -0.0000074410   0.0000008648  -0.0000011040   0.0000059705
16122  -0.0002573058   0.0002576237  -0.0001261996   0.0002310098   0.0003594089
16123  -0.0000961284   0.0000004848   0.0000041513   0.0000001901  -0.0000009011
16124  -0.0000038348  -0.0000019390   0.0000015432   0.0000018200  -0.0000001297
16125  -0.0000004844   0.0000037096   0.0000001845  -0.0000019349   0.0000014038
16126   0.0000002566   0.0000015160  -0.0000034132  -0.0000018844   0.0000004090
16127  -0.0000015952  -0.0000014752   0.0000005732  -0.0000038467   0.0000048276
16128   0.0000003312  -0.0000030393  -0.0000007201   0.0000283451   0.0007585492
16129  -0.0017913957  -0.0001066732   0.0009607087  -0.0017792486  -0.0000005540
16130  -0.0000076423  -0.0000258459   0.0000007136   0.0000005997   0.0000028970
16131   0.0000001739   0.0000025940  -0.0000027784   0.0000007273  -0.0000007446
16132  -0.0000035984   0.0428681803  -0.4974961520   0.1231733339  -0.0426971978
16133   0.4963519177  -0.1129372460
162 1  -0.0000010295   0.0000082974  -0.0004793787  -0.0000336833   0.0003581021
162 2   0.0001212348   0.0000272367  -0.0003231959   0.0001032288  -0.0000144027
162 3   0.0001720158   0.0000698774  -0.0000180394   0.0002081756  -0.0001735858
162 4   0.0000021545  -0.0000112968   0.0002363300   0.0000048353  -0.0000517215
162 5  -0.0002228683   0.0000000293  -0.0000173444  -0.0000044988   0.0000055245
162 6  -0.0000594623  -0.0002008628   0.0000000992   0.0000089792   0.0001489719
162 7   0.0000074964  -0.0000851613  -0.0001066900  -0.0000017183   0.0000212349
162 8   0.0000666639   0.0000941914  -0.0010846741  -0.0074247884  -0.0001903104
162 9   0.0020964225   0.0002899730  -0.0000074360   0.0000029369  -0.0000004975
16210   0.0000026529   0.0000009842  -0.0000000879  -0.0000038920   0.0000226762
16211   0.0000243469  -0.0000015462   0.0000470681  -0.0000101128  -0.0000008849
16212   0.0000282598  -0.0000192654   0.0000020046  -0.0000351237  -0.0000137159
16213   0.0000073869  -0.0000316463   0.0000049340   0.0000047825  -0.0000184089
16214   0.0000184817  -0.0000045953   0.0000230443   0.0000167652  -0.0000032632
16215   0.0000488432   0.0002054784   0.0000054574  -0.0000615472  -0.0002044659
16216  -0.0000035212   0.0000491098   0.0002006848  -0.0039208271   0.0446774684
16217  -0.0157733593   0.0000128565  -0.0001272222  -0.0000906780  -0.0000033262
16218   0.0000691883   0.0000215814   0.0000041361  -0.0000059368   0.0000476630
16219   0.0000076166  -0.0000534795  -0.0000514821   0.0000127888  -0.0001406396
16220  -0.0000565343  -0.0000005705   0.0000035312  -0.0000187954   0.0000004531
16221  -0.0000037520   0.0000124874   0.0000002313  -0.0000039510  -0.0000091728
16222  -0.0003061908  -0.0002238942   0.0000085727   0.0003430289  -0.0001664813
16223   0.0000077732  -0.0000010214  -0.0000015522   0.0000013421   0.0000001662
16224   0.0000034283  -0.0000003875  -0.0000015724  -0.0000027093   0.0000005747
16225   0.0000009839  -0.0000017357   0.0000014200   0.0000017991  -0.0000028071
16226   0.0000006765  -0.0000013565   0.0000030629  -0.0000003264   0.0000001970
16227  -0.0000005929   0.0000032418  -0.0000002911   0.0000022762  -0.0000058546
16228  -0.0000000490   0.0000030856   0.0000012102   0.0008177434   0.0000750443
16229   0.0011157806  -0.0008061661  -0.0000948430   0.0011736386  -0.0000052942
16230   0.0000547432   0.0000563230   0.0000003365  -0.0000004936  -0.0000054743
16231   0.0000008342  -0.0000051518   0.0000082807  -0.0000009274   0.0000143558
16232   0.0000022683  -0.0060076248   0.0675497364  -0.0602893331   0.0099725169
16233  -0.1129372460   0.0811924110
$end
