$vibrational normal modes
  1 1   0.0052520004   0.0848571173  -0.0287445752   0.0012904921   0.0835092690
  1 2   0.1627049682   0.0228557544  -0.0665446245   0.0018703071  -0.0588640343
  1 3  -0.0580384588   0.0049425810   0.0019682867   0.0293369543   0.0049269658
  1 4  -0.0001433389   0.0035440902  -0.0136805487   0.0745059217  -0.0065482510
  1 5  -0.0043493973  -0.0292287040  -0.0631464844  -0.0035146002   0.0803365347
  1 6   0.1268856741   0.0002996874  -0.0380451015   0.0616600041   0.0006410863
  1 7  -0.0237384416   0.0093715877  -0.0012738540  -0.0175437123   0.0004571710
  1 8   0.0017902500  -0.0358244411  -0.0010239000  -0.0032204790   0.0076114343
  1 9   0.0031057863  -0.0048892024   0.0872636891   0.0207735661   0.0028384098
  110  -0.0009124678   0.0037061046   0.0029182924   0.0107329365   0.0057370307
  111   0.0085349181   0.0123932679   0.0020776537   0.2497037977   0.0170066628
  112  -0.0015579236   0.0005454719   0.0092566327   0.0799861282  -0.0005026845
  113   0.0008783509  -0.0005491036  -0.0027496354   0.1080572321  -0.0562299595
  114  -0.0030709870   0.1614253856   0.0047726802  -0.0471302942  -0.0029320382
  115   0.0051774444   0.0027236236  -0.0750951384   0.0092571667   0.1210688252
  116   0.0322402244  -0.0015218849  -0.0084777815   0.0047071079   0.0001960119
  117   0.0134819965   0.0091300783   0.0004490002   0.0030735557  -0.0001116223
  118  -0.0002531008   0.0020724124   0.0118754827   0.0016373771   0.0050731676
  119  -0.0000165309   0.0083146057  -0.0037678628   0.0011891566  -0.0045294940
  120  -0.0004138039  -0.0006749404   0.0074533349  -0.0008130290   0.0021614509
  121  -0.0005852120  -0.0040322750   0.0108264822  -0.0055925096  -0.0096412670
  122   0.0077598785   0.0028034848   0.0003033583   0.0006864640   0.0007010677
  123  -0.0085820219   0.0031158908  -0.0038188429   0.0033803816  -0.0066014606
  124  -0.0000372604  -0.0017619872  -0.0052981644   0.0020112450  -0.0000042367
  125  -0.0000014258  -0.0004062763   0.0091812856   0.0014357673   0.0016501205
  126  -0.0020329237   0.0113253558   0.0004866740   0.0010898655   0.0027858061
  127  -0.0060484648   0.0038040100   0.0024437490   0.0012865964  -0.0051250222
  128   0.0150977529  -0.0077586422   0.0000070876  -0.0000099537  -0.0000300354
  129   0.0000186899   0.0000590214   0.0001062622   0.0000000248   0.0000006673
  130  -0.0002242979   0.0000004099  -0.0000003185  -0.0000131571  -0.0000018389
  131   0.0000021153   0.0000069237  -0.0000030773  -0.0000046210  -0.0000079459
  132   0.0000094930  -0.0000042820  -0.0000035928  -0.0000676482   0.0002312390
  133   0.0001277150  -0.0000036693
  2 1  -0.0586227501  -0.0717812812   0.1196912327  -0.0422848944   0.0950612975
  2 2   0.0237639820   0.0062131629  -0.0036696271   0.0252080458  -0.0017929197
  2 3  -0.0033566595   0.0010813389  -0.0536814459   0.0028556060   0.0002112416
  2 4  -0.0054424815  -0.0429760148  -0.0020695503   0.0070624201   0.0657496676
  2 5   0.0551915529  -0.0029708980  -0.0055786545   0.0514175805   0.0073143994
  2 6   0.0114250585   0.0099597981  -0.0033557799   0.0055448681  -0.0013994608
  2 7  -0.0016434501   0.0000699243   0.0138808405  -0.0020572582  -0.0088910828
  2 8  -0.0097250533  -0.0037687933   0.0160180424   0.0417397673  -0.0000495036
  2 9  -0.0373751392   0.0486217856   0.0081793325   0.0019059843  -0.0353573925
  210   0.0181839167   0.0007287888  -0.0343269580   0.0025757181  -0.0380108937
  211  -0.0956006317   0.0014930894  -0.0085201028   0.0229242468  -0.1695539671
  212   0.0020127064  -0.0058595803  -0.1085933310   0.0075674094   0.0116556529
  213   0.0000653852   0.0087514545   0.0212088957   0.0096979226  -0.0049991267
  214   0.0033852983   0.0144645643  -0.0228650994  -0.0055544753   0.0360313898
  215   0.0000036438   0.0000726342  -0.0065776860  -0.0015567838   0.0108506138
  216   0.0029278090  -0.0001712730  -0.0007275861   0.0003310834  -0.0027866875
  217   0.0014572178  -0.1026795568  -0.0000399253   0.0002079425  -0.0002285303
  218   0.0016406068  -0.0210619207  -0.1307266339  -0.0182780353  -0.0570871527
  219  -0.0002820212   0.0018328260   0.0425041478  -0.0132510454   0.0511125172
  220   0.0048505620   0.0080014750  -0.0837543730   0.0095823973  -0.0231108055
  221   0.0116651417   0.0122989076  -0.1251649979   0.0613670370   0.1088286000
  222  -0.0860467883  -0.0306492156  -0.0032538788   0.0093214241  -0.0065113020
  223   0.0918104546  -0.0334669862   0.0412461393  -0.0366436447   0.0736265752
  224   0.0003530565   0.0197984550   0.0595279104  -0.0225912619   0.0000194930
  225   0.0000239370   0.0045165289  -0.1020500922  -0.0155061068  -0.0183939886
  226   0.0231438932  -0.1265118649  -0.0053344289  -0.0115844214  -0.0307329519
  227   0.0671735888  -0.0409952907  -0.0262108356  -0.0139799031   0.0568889834
  228  -0.1671214156   0.0867883744  -0.0000726755   0.0001129326   0.0003328858
  229  -0.0002069862   0.0000104056  -0.0011886401   0.0000004823  -0.0000072661
  230   0.0000020869   0.0000012904   0.0000048231   0.0001454785   0.0000189139
  231  -0.0000226959  -0.0000767357   0.0000364093   0.0000538184   0.0000877051
  232  -0.0001114672   0.0000433308   0.0000384736   0.0007559676  -0.0025509572
  233  -0.0014231479   0.0000400574
  3 1  -0.1084694465  -0.0126327488  -0.0565617670   0.0560258589  -0.0118055829
  3 2   0.0063459416  -0.0010214615  -0.0000056375  -0.0033084081   0.0002347378
  3 3   0.0002043439  -0.0000915922   0.0068786942  -0.0003620835   0.0001966112
  3 4   0.0951438379  -0.0815224121  -0.0016442946  -0.0000885218   0.0309419785
  3 5  -0.0008327312  -0.0002827709  -0.0000199882   0.0928727315   0.0000808746
  3 6  -0.0001186681  -0.0188041163   0.0000206707   0.0002929598   0.0001159811
  3 7   0.0005704449  -0.0000822483   0.0018842555  -0.0006482407   0.0032500912
  3 8   0.0084451916  -0.0002051789  -0.0369031994   0.0604697934  -0.0000474221
  3 9  -0.1242910209  -0.0412926759  -0.0000669744   0.0003214943   0.1003595001
  310  -0.1001736368   0.0015949953   0.0867329406  -0.0024819167  -0.1147599198
  311  -0.0395325638   0.0000455739  -0.0238771511   0.0004181946   0.1049909946
  312  -0.0012139638   0.0039240236  -0.1010153075   0.0001356609   0.0084956813
  313  -0.0002107531   0.0669125995   0.0806553123   0.0000821243  -0.0003284242
  314  -0.0060584934   0.0006989580   0.0502202693   0.0023989331  -0.0872067633
  315   0.0013807347   0.0000808139  -0.0000259894   0.0026975430  -0.0001277424
  316  -0.0000551424   0.0000283628  -0.0000038069   0.0000199924   0.0016369063
  317  -0.0005779347   0.0498888686   0.0000409941   0.0001282936  -0.0000039676
  318   0.0001257965  -0.0467471897   0.0808922015  -0.0183059622   0.0319600213
  319   0.0039150032  -0.0007816722   0.0365298067   0.0254282932  -0.0054342556
  320  -0.0002769643  -0.0069670209   0.0160832345  -0.0266346940  -0.0362278794
  321   0.0098784365   0.0064665913  -0.0902886219   0.0663544255   0.0111277935
  322  -0.0099972203   0.0715450956   0.0099363123   0.0019755863  -0.0237598126
  323  -0.0277315317  -0.1236631144   0.0677118864  -0.0097957102  -0.2178055021
  324  -0.0008156992  -0.0053124138  -0.0105813967   0.0320877361  -0.0001292410
  325   0.0001101267   0.0046486156  -0.0466501037  -0.0116444010  -0.0017328262
  326  -0.0524236146   0.0578017811  -0.0199952847  -0.0688638990  -0.0435775449
  327   0.0552704726  -0.1612686630  -0.1578007473  -0.0643518682   0.0060283746
  328  -0.1360100251  -0.1329734607   0.0000371041  -0.0001237223  -0.0002496482
  329  -0.0002669485   0.0000017921  -0.0003038430  -0.0000004200   0.0000053127
  330   0.0000036748  -0.0000005122  -0.0000041288  -0.0000067564  -0.0000017195
  331   0.0000022768   0.0000080021  -0.0000018913  -0.0000083001  -0.0000729938
  332  -0.0002727715  -0.0001248066  -0.0006869543  -0.0001458439  -0.0023488723
  333  -0.0001096291  -0.0000087220
  4 1   0.0045964672   0.1270536121   0.0566087616   0.0959544391   0.0409520110
  4 2   0.1102424824   0.0333939511   0.0710700378   0.0115005514  -0.2743466917
  4 3  -0.0481385867  -0.0179936775  -0.0031658421  -0.0876440149  -0.0298823798
  4 4  -0.0013676872   0.0001298659   0.0839443258  -0.0320383234  -0.0027643493
  4 5   0.0001157011   0.0563303046  -0.0162522535  -0.0034367912  -0.0798602582
  4 6  -0.0208111622  -0.0017625030  -0.0274580323   0.0310949274   0.0009457756
  4 7   0.0165558280  -0.0292637029  -0.0013940139   0.1396002870  -0.0004133927
  4 8   0.0009404979   0.0549923498  -0.0044423435   0.0003806711  -0.0055939675
  4 9   0.0034239022   0.0007889411  -0.1570177995  -0.0339420995  -0.0080815069
  410   0.0089165948  -0.0082805206  -0.0116777784  -0.1619944438  -0.0117671952
  411   0.0180235089  -0.0004398584   0.0045693988   0.0348571530   0.0113475322
  412   0.0034199753   0.0001869502  -0.0017008457  -0.1416925630   0.0005607180
  413  -0.0144164203   0.0065403319   0.0088122416  -0.0259872882  -0.0363815902
  414   0.0013328539   0.1121190012  -0.0405728152   0.0668103912   0.0010811401
  415  -0.0082409050   0.0108828021  -0.0093020431   0.0006800880   0.0064020444
  416  -0.0051526389  -0.0023403758   0.0948204109  -0.0659577830   0.0006367183
  417  -0.0019594304  -0.0172086889   0.0016264489   0.0023927393  -0.0029295246
  418  -0.0012723487  -0.0000790881  -0.0094340732  -0.0005648057   0.0008886757
  419   0.0003745227   0.0019205910   0.0051199139   0.0007183924  -0.0002365507
  420   0.0001084838  -0.0015848971  -0.0004504897  -0.0008141028  -0.0015021661
  421  -0.0013618275   0.0024252038  -0.0039137240   0.0028201675   0.0013185514
  422  -0.0013953604   0.0038416436   0.0001666259  -0.0018999136  -0.0005363367
  423  -0.0062197654  -0.0018278550   0.0012926695  -0.0009523386   0.0010162261
  424   0.0000176638  -0.0007270906  -0.0045620277   0.0060075935  -0.0000191140
  425   0.0000151110   0.0005842709  -0.0064268308  -0.0015274569  -0.0004556049
  426  -0.0009510393   0.0004519305   0.0011688084   0.0053866293   0.0045026964
  427  -0.0091036911   0.0016954808   0.0017601248  -0.0000220532   0.0000472651
  428  -0.0011538394  -0.0021482514  -0.0000058782   0.0000089547   0.0000280481
  429   0.0000641900  -0.0004878922  -0.0000164684   0.0000001325  -0.0000008161
  430   0.0004567599  -0.0000007145   0.0000023450  -0.0000214149  -0.0000058196
  431   0.0000062412   0.0000124675  -0.0000043856  -0.0000035732  -0.0000022180
  432   0.0000060313  -0.0000018363  -0.0000604247   0.0018281440  -0.0000320210
  433  -0.0072496870  -0.0000050361
  5 1  -0.0514832040  -0.0701565103   0.1177121906  -0.0243129554   0.0892545997
  5 2   0.0201521740   0.0002097179   0.0066073960  -0.0037499809  -0.0229023062
  5 3  -0.0023496076  -0.0002205054  -0.0812960462  -0.0069982754  -0.0028394758
  5 4   0.0101384773  -0.0607446501   0.0061073014  -0.0027436984   0.0548601504
  5 5   0.0294967988   0.0045643789  -0.0013484409   0.0471562659  -0.0070231220
  5 6  -0.0016748453   0.0203360506  -0.0023685764   0.0028749861  -0.0015182683
  5 7   0.0019224254  -0.0034222073   0.0175222558   0.0115482980   0.0302863234
  5 8  -0.0279732562   0.0041908972   0.0350212505   0.0123435070  -0.0009489568
  5 9  -0.0552162621   0.0088559077  -0.0137044163  -0.0027025932   0.0920834546
  510  -0.1182630623   0.0021164338   0.0137352580  -0.0158624597   0.1181725559
  511  -0.1992773960   0.0004994489  -0.0474305011   0.0029963378  -0.1279150680
  512   0.0018043844  -0.0019733963   0.0131891662  -0.0125987291  -0.0169741622
  513  -0.0011690510  -0.0741207790  -0.1008819934  -0.0014247390  -0.0043314803
  514  -0.0399349060   0.0121790400   0.2940596671   0.0204476219  -0.0124254516
  515  -0.0004061026   0.0010117833  -0.0012050300  -0.0006415226   0.0008522341
  516  -0.0005236523  -0.0001816005   0.0083000657  -0.0057409660   0.0041146002
  517  -0.0005600970   0.1947409105   0.0003145434   0.0000341279  -0.0003827782
  518  -0.0000683044  -0.0014290058   0.1049039641   0.0064658955  -0.0101724725
  519  -0.0042776172   0.0003286838  -0.0574592274  -0.0081371684   0.0026927536
  520  -0.0010764848   0.0179777919   0.0052081740   0.0088966062   0.0164126474
  521   0.0126912941  -0.0007308309   0.0486494366  -0.0316722800  -0.0168586638
  522   0.0165186766  -0.0426950850  -0.0017936516   0.0032474198   0.0044677109
  523   0.0737662289   0.0192853972  -0.0133547377   0.0097042721  -0.0096992371
  524  -0.0001115346   0.0079604208   0.0504479559  -0.0670550935   0.0002209983
  525  -0.0001632648  -0.0065115268   0.0715602801   0.0176939828   0.0050202031
  526   0.0107809533  -0.0055156252  -0.0133051899  -0.0601719194  -0.0505241676
  527   0.1022974786  -0.0183651381  -0.0196640379  -0.0000427754  -0.0005231437
  528   0.0126144249   0.0230655168   0.0000504825  -0.0001002294  -0.0003307452
  529  -0.0007726436  -0.0000088661   0.0002475837  -0.0000007334   0.0000098257
  530   0.0000476898  -0.0000021432  -0.0000273720   0.0002457765   0.0000671766
  531  -0.0000686095  -0.0001424983   0.0000494029   0.0000379191   0.0000268771
  532  -0.0000629307   0.0000199979   0.0006826634  -0.0205631930   0.0003592155
  533   0.0814683027   0.0000546768
  6 1  -0.1303423158  -0.0061129273  -0.0273733183   0.0271173951  -0.0057157694
  6 2   0.0030767387   0.0191094686   0.0060673452   0.0848886227   0.0059107824
  6 3  -0.0000445102  -0.0022423586   0.0846797297  -0.0022250987   0.0000198992
  6 4   0.0659955280  -0.0481570369  -0.0001876309   0.0009384456   0.0704457016
  6 5   0.0703782816   0.0001450552   0.0000569791   0.1519921955   0.0004064780
  6 6  -0.0003831239  -0.0624908459  -0.0000317392   0.0005487255   0.0007068090
  6 7   0.0004261096  -0.0012338462   0.0243531678  -0.0000257453  -0.0576282998
  6 8   0.0228507940   0.0005681313  -0.0116475704  -0.0149578089   0.0000400733
  6 9  -0.1016400877   0.0271182727   0.0005634408   0.0002303021  -0.0365870034
  610   0.0156074066   0.0006633640  -0.1030121417   0.0035726541   0.1815367753
  611   0.0622983563  -0.0001456877   0.0306065129  -0.0010814223  -0.0477526159
  612   0.0005469267  -0.0027097871   0.0260086952   0.0000227304   0.0088033081
  613   0.0000330590   0.0009328926  -0.0501134404  -0.0000611566   0.0007518541
  614   0.0381001847  -0.0010338566  -0.1347945365  -0.0062409664  -0.1370123737
  615   0.0027113261  -0.0002775225   0.0005050256   0.0038445553  -0.0002272910
  616   0.0001498550   0.0000078617   0.0000944571  -0.0000107109  -0.0000008367
  617   0.0000160875  -0.0059091336  -0.0000029308  -0.0000972772   0.0003040858
  618  -0.0023915716  -0.0267053080   0.0070512069   0.0073119903  -0.0150742534
  619   0.0031544110   0.0003128042   0.0044302920   0.0008573020  -0.0277446767
  620  -0.0024441797  -0.0055598870   0.0420700514  -0.0053598532   0.0050695434
  621   0.0330397737   0.0031361591  -0.0082292262   0.0247644225  -0.0211456142
  622  -0.0046744283  -0.0376630328   0.0017854731   0.0034060924  -0.0195544831
  623   0.0498708569  -0.0006998990  -0.0160005755   0.0115154329   0.0476570256
  624   0.0002234285   0.0043141910   0.0051944822   0.0028997740   0.0000107528
  625  -0.0000245727  -0.0024330629   0.0481469362   0.0029892684   0.0062289558
  626   0.0115290914  -0.0621499517   0.0053385313   0.0525025257  -0.0391067390
  627   0.1044453532   0.2200592854  -0.0266524003  -0.1201977074  -0.0417389630
  628  -0.0421509885  -0.4061307260   0.0002954748  -0.0007084845  -0.0019083617
  629   0.0009037628  -0.0000180272   0.0016981178  -0.0000026339   0.0000360575
  630  -0.0000303236  -0.0000056777  -0.0000484735   0.0000287755   0.0000605845
  631  -0.0000529232  -0.0000297356  -0.0000113304  -0.0000724465   0.0001537361
  632  -0.0002341709   0.0000351624   0.0001250917   0.0026263868  -0.0000624588
  633  -0.0241155180  -0.0000725253
  7 1   0.0034713143   0.1141271297   0.0336612034   0.0711370403   0.0590014871
  7 2   0.0891716236   0.0768308151   0.1087960379   0.0013702017  -0.2607810094
  7 3   0.0431918849  -0.0350837578   0.0012018481  -0.1268501042  -0.0336970378
  7 4  -0.0025907921   0.0033588372   0.0488659950  -0.0366047685   0.0004196179
  7 5   0.0042766946   0.1446894738  -0.0414066891   0.0002331408  -0.0758914577
  7 6  -0.0712594818  -0.0060312581   0.0255087213  -0.0623900514  -0.0006731468
  7 7  -0.0189021659   0.0053323269  -0.0016964283  -0.1373608164  -0.0099684729
  7 8   0.0066645441  -0.0862969278  -0.0032257094  -0.0030332987   0.0026278277
  7 9  -0.0026950504   0.0017783148   0.1137928362   0.0287010440  -0.0114893980
  710   0.0119638877   0.0073204198   0.0016947339   0.1594863275  -0.0147187264
  711   0.0043358812   0.0014590410   0.0043810940  -0.0170420918  -0.0140519851
  712  -0.0024622782  -0.0006586645   0.0024291995   0.0961311011   0.0021628125
  713   0.0094776449   0.0052617200   0.0156969478  -0.0222387544  -0.0058070876
  714  -0.0012607873   0.0434692781  -0.0076207223   0.1099522499  -0.0089201679
  715  -0.0202656949  -0.0001278609   0.0077906242  -0.0025272728  -0.0331202666
  716  -0.0070639036   0.0041730531  -0.0980181884   0.0600837066  -0.0014856275
  717   0.0075135886  -0.0080105827  -0.0003579034  -0.0034188697  -0.0014318827
  718  -0.0008772783  -0.0142475826   0.0029082196   0.0013393670  -0.0001155040
  719   0.0003301564  -0.0009667849  -0.0042492411   0.0002336486  -0.0025659420
  720  -0.0002825044   0.0002562031   0.0013255658   0.0010857798   0.0015488608
  721   0.0004371257  -0.0008302935   0.0007638673   0.0010556874  -0.0005736755
  722  -0.0029708767  -0.0042995900  -0.0011973162  -0.0003108866   0.0014841076
  723  -0.0009767512   0.0034941675   0.0018992045  -0.0031659718  -0.0022252554
  724  -0.0000036264  -0.0019593342  -0.0036490714  -0.0032184707   0.0000226729
  725  -0.0000228595  -0.0007428241   0.0097866076  -0.0005337273   0.0010437195
  726   0.0000647599  -0.0013835096  -0.0015387612  -0.0058930875  -0.0061884365
  727   0.0139245651  -0.0038026045  -0.0038469686   0.0010442350   0.0001285463
  728   0.0010200018   0.0133273386  -0.0000171370   0.0000420349   0.0001035052
  729   0.0000139023  -0.0000215635  -0.0000288449   0.0000005702  -0.0000025904
  730   0.0000978840  -0.0000014701  -0.0000172495   0.0003513725   0.0000790796
  731  -0.0000852536  -0.0001971375   0.0000669464   0.0000687065   0.0000290394
  732   0.0000757714  -0.0000113013   0.0001897406  -0.0053306704   0.0000395730
  733  -0.0013166043   0.0000057602
  8 1  -0.0388682793  -0.0751058368   0.0986853388  -0.0097339904   0.0873315317
  8 2   0.0201733019  -0.0075454503   0.0063763075  -0.0562377499  -0.0252656115
  8 3   0.0056921859  -0.0004564436  -0.1260598091  -0.0092620243  -0.0030385198
  8 4   0.0310244058  -0.0802789056   0.0020418572  -0.0038937021   0.0211713655
  8 5  -0.0266664372   0.0123860760  -0.0036936711   0.0002409985  -0.0069007510
  8 6  -0.0059432761   0.0564869618   0.0024143373  -0.0056859439  -0.0022525118
  8 7  -0.0014298776   0.0003216495   0.0053708131  -0.0135301081   0.0872930834
  8 8  -0.0511493380  -0.0089649423   0.0468877828   0.0204421184  -0.0002179258
  8 9   0.0411839658  -0.0307131981   0.0099581002   0.0026067898   0.1262287305
  810  -0.1175006974   0.0020268742   0.0928788793   0.0089413317   0.1836997159
  811  -0.0546171116  -0.0000053508  -0.0524916121  -0.0025289930   0.1597377507
  812  -0.0021628536   0.0075220009  -0.0235228577   0.0083502220  -0.0178206582
  813   0.0008183088  -0.0582235307  -0.1761416030  -0.0026896867  -0.0001354790
  814   0.0035951645   0.0024922834  -0.1335139987   0.0031182399   0.0902419847
  815  -0.0028756898   0.0007293504   0.0002105141   0.0020838278  -0.0033448939
  816  -0.0011297834   0.0004187320  -0.0086441886   0.0057151592   0.0064592683
  817   0.0004096954   0.0881714620  -0.0001019174  -0.0001458598  -0.0003477276
  818   0.0036834296   0.1626686090  -0.0337665749  -0.0159882409   0.0013851224
  819  -0.0038421325  -0.0007720129   0.0482869825  -0.0023005843   0.0294702764
  820   0.0026435721  -0.0036190234  -0.0145659231  -0.0128797785  -0.0178647361
  821  -0.0030535991   0.0006691858  -0.0104305227  -0.0122629103   0.0075830741
  822   0.0333254300   0.0485085375   0.0133417796   0.0027295310  -0.0170960883
  823   0.0114893300  -0.0387877901  -0.0219922219   0.0361567227   0.0239910885
  824   0.0003128596   0.0220237419   0.0413816967   0.0356061787  -0.0001851510
  825   0.0001702511   0.0083365432  -0.1100247278   0.0060762299  -0.0117653153
  826  -0.0006861050   0.0157017500   0.0173157091   0.0659168057   0.0697845436
  827  -0.1572943974   0.0421171211   0.0436904198  -0.0113060838  -0.0012888457
  828  -0.0112866337  -0.1498335752   0.0001842253  -0.0004774017  -0.0011860844
  829  -0.0001661760  -0.0000057079   0.0003504471  -0.0000023133   0.0000303509
  830   0.0000015057   0.0000034414   0.0001940022  -0.0039590394  -0.0008963132
  831   0.0009550342   0.0022226010  -0.0007553158  -0.0007779206  -0.0003138372
  832  -0.0008256392   0.0001217717  -0.0021405105   0.0600334422  -0.0004462891
  833   0.0148490296  -0.0000659887
  9 1  -0.1268263035  -0.0071600433  -0.0320637402   0.0317655016  -0.0066962446
  9 2   0.0036064431   0.0157314936   0.0050669899   0.0703099000   0.0049724142
  9 3  -0.0000079096  -0.0018304445   0.0686481646  -0.0018561336   0.0000393643
  9 4   0.0674474701  -0.0545759417  -0.0004280377   0.0007793483   0.0669949403
  9 5   0.0608427527   0.0000645302   0.0000689366   0.1342241459   0.0003215471
  9 6  -0.0002826660  -0.0428262378  -0.0000110850   0.0004301795   0.0000165138
  9 7   0.0004407886  -0.0010773519   0.0200676060   0.0000876275  -0.0543253794
  9 8   0.0198193632   0.0004062482  -0.0139989409   0.0087647461  -0.0001187959
  9 9  -0.0670340810   0.0232308697   0.0003987097   0.0000815431  -0.0382773748
  910   0.0299545778  -0.0001083655  -0.0753109185   0.0021908769   0.1985843771
  911   0.1043927569  -0.0003614503   0.0248425910  -0.0013726679   0.0299032796
  912  -0.0003067466   0.0000408378  -0.0324183019  -0.0000168078   0.0088133512
  913  -0.0000247112  -0.0135313481  -0.1384862646  -0.0006002529   0.0011160433
  914   0.0505018570  -0.0018616473  -0.2446392477  -0.0115485312  -0.1013046556
  915   0.0024457592   0.0000673107   0.0002995204   0.0046307193  -0.0005263650
  916  -0.0001509876   0.0000287059   0.0001743099   0.0001395178   0.0021196112
  917  -0.0001923451   0.0334016377  -0.0000432686   0.0000196975  -0.0000496019
  918   0.0012703560   0.0667221648  -0.0153051313  -0.0074421838   0.0111884077
  919  -0.0016575932   0.0001166734  -0.0002334929  -0.0068617532   0.0331413684
  920   0.0028775742   0.0107439795  -0.0549141712   0.0166868108   0.0051059077
  921  -0.0063080910  -0.0004708945   0.0256864750  -0.0469543569   0.0170082002
  922   0.0413564021   0.0301742165   0.0136494378   0.0017591686   0.0238406059
  923   0.0298850039  -0.0079003925  -0.0217765909   0.0366023930  -0.0958652230
  924  -0.0005201844  -0.0136428241  -0.0161511312  -0.0344240856   0.0001366965
  925  -0.0001141743  -0.0053903746   0.0565932736  -0.0021666883   0.0057478781
  926  -0.0050209425   0.0430852273  -0.0153429756  -0.0716875704  -0.0096454070
  927   0.0977917071  -0.1507493722  -0.0439736314   0.0767908545   0.0088512866
  928   0.0205148702   0.3387485737  -0.0002431508   0.0006237006   0.0015502080
  929  -0.0001572192   0.0000036926  -0.0004365642   0.0000021354  -0.0000293653
  930   0.0000066849   0.0000118755   0.0002656737  -0.0040097177  -0.0009575229
  931   0.0010049992   0.0022187537  -0.0007284917  -0.0006523776   0.0000193569
  932   0.0002481456  -0.0000900678  -0.0025536933   0.0572308930  -0.0004249510
  933   0.0199088437   0.0000327818
 10 1   0.0040869689   0.0701044672  -0.0552213450  -0.0274084967   0.1036585217
 10 2   0.1419928290   0.0655667787  -0.0259821580  -0.0084171152  -0.0315870940
 10 3   0.0733689411  -0.0206864390   0.0079001370  -0.0594925230  -0.0111178971
 10 4  -0.0013964886   0.0089415471  -0.0560674181  -0.0014335598  -0.0033508577
 10 5  -0.0009937302  -0.0678690622  -0.0701662885   0.0003690708   0.0789105769
 10 6   0.1168206235  -0.0041670507  -0.0241393509   0.0268578822   0.0002121929
 10 7  -0.0344523586   0.0074181913  -0.0021425799  -0.0959866213  -0.0037948787
 10 8   0.0048724671  -0.0663626282  -0.0042732333  -0.0049465171  -0.0299743008
 10 9  -0.0074325156  -0.0055427891   0.0786284355   0.0029643544   0.0074547442
 1010  -0.0094803807  -0.0055318426  -0.0142494998  -0.2766212005  -0.0100623071
 1011  -0.0061362834   0.0022909986   0.0000283389   0.0556754679  -0.0024988680
 1012  -0.0068949130  -0.0000802253   0.0141175149   0.0005121674  -0.0012983524
 1013  -0.0038697829  -0.0045996240  -0.0054975589   0.0365086084   0.0466418814
 1014   0.0032951477  -0.1430363583  -0.0093247136   0.0853186030  -0.0037853518
 1015  -0.0227900964   0.0357107025   0.0636427571  -0.0105121153  -0.1531425449
 1016  -0.0512840045   0.0021327089   0.0095953230   0.0040323057   0.0001115626
 1017   0.0434027819   0.0053168182  -0.0006305368  -0.0110797045  -0.0012896971
 1018  -0.0006038269   0.0088460724  -0.0006481847   0.0017991570   0.0018008724
 1019  -0.0002991207  -0.0004605241   0.0070570282   0.0005609304  -0.0013781488
 1020   0.0000250819  -0.0038620967   0.0049843775  -0.0006387256   0.0028814946
 1021   0.0028567374   0.0001131407   0.0100815224  -0.0109922800   0.0041238687
 1022  -0.0009499303   0.0115207077  -0.0009963018  -0.0001804057   0.0079702325
 1023  -0.0003225892   0.0033581901   0.0020328870  -0.0036606506   0.0104029843
 1024   0.0000237313  -0.0007355062  -0.0019830736   0.0000045103   0.0000003280
 1025   0.0000024914   0.0004316183  -0.0086566806  -0.0024979748  -0.0012487877
 1026  -0.0025982860  -0.0028384510  -0.0021830231  -0.0078582034  -0.0040471693
 1027   0.0089702403   0.0106021771   0.0070328178  -0.0000008823   0.0061057776
 1028  -0.0172758425   0.0050385018   0.0000062157  -0.0000155693  -0.0000361431
 1029  -0.0000050005  -0.0000034691  -0.0000135720   0.0000005884   0.0000010615
 1030   0.0000625216   0.0000003147  -0.0000012005   0.0000051740   0.0000019319
 1031  -0.0000018198  -0.0000023306   0.0000007042  -0.0000012741  -0.0000538366
 1032  -0.0001174076   0.0000135873  -0.0002156757   0.0000312422  -0.0000185787
 1033   0.0000084145  -0.0000006726
 11 1  -0.0455549398  -0.0770209449   0.0997575851  -0.0274299579   0.0931892854
 11 2   0.0238781044  -0.0021101186  -0.0037581136  -0.0291074180  -0.0031389367
 11 3   0.0081401758   0.0001642286  -0.1010916309  -0.0037248947  -0.0010734474
 11 4   0.0171618732  -0.0656045991  -0.0067985051  -0.0004147807   0.0326749906
 11 5  -0.0038521810  -0.0064670918  -0.0062821486   0.0034237594   0.0068688860
 11 6   0.0107812318   0.0605184125  -0.0020240178   0.0021750560  -0.0031657438
 11 7  -0.0028882594  -0.0001541058   0.0133742946  -0.0090022370   0.0250157013
 11 8  -0.0349308840  -0.0069861978   0.0463879889   0.0447126388  -0.0037100048
 11 9   0.0840143525   0.0553401176   0.0070396919  -0.0001038583  -0.0810342926
 1110   0.0909776809  -0.0024236088  -0.0272754092  -0.0242780923   0.0779845375
 1111   0.0727197411  -0.0000899516   0.0043906100   0.0042527269   0.0346907397
 1112  -0.0008635771   0.0005258135  -0.1713508591   0.0002430495   0.0158337836
 1113  -0.0005599598   0.0550347502   0.0637918800   0.0031492950   0.0041291602
 1114  -0.0013325164  -0.0128472508  -0.0185539129   0.0066303785   0.0283635941
 1115  -0.0025201572   0.0033041727   0.0057195594  -0.0027271481  -0.0138422628
 1116  -0.0046524797   0.0001622306   0.0008360338   0.0004125624  -0.0024113101
 1117   0.0041291917  -0.0569538753  -0.0000871327  -0.0010852501  -0.0004897318
 1118   0.0023648442  -0.0989018731   0.0076136879  -0.0236555983  -0.0197865523
 1119   0.0031425669   0.0008760798  -0.0798512003  -0.0049718791   0.0143519892
 1120  -0.0006934513   0.0429006430  -0.0540833587   0.0071388536  -0.0314123755
 1121  -0.0317124253   0.0009698097  -0.1104790806   0.1214543767  -0.0457412099
 1122   0.0099370905  -0.1273675062   0.0108793313  -0.0005819527  -0.0878994468
 1123   0.0040036658  -0.0376218318  -0.0217952921   0.0401911699  -0.1169987817
 1124  -0.0003254948   0.0081314718   0.0223068641  -0.0003032756   0.0000286332
 1125  -0.0000476767  -0.0047884825   0.0963446726   0.0277616035   0.0139090541
 1126   0.0286131332   0.0321466412   0.0241768388   0.0867993107   0.0446845941
 1127  -0.1000941286  -0.1184810842  -0.0783990537  -0.0002673298  -0.0676534734
 1128   0.1915236802  -0.0568725777  -0.0000560836   0.0001734261   0.0004012142
 1129   0.0000605571  -0.0000014876   0.0001582712   0.0000009264  -0.0000114726
 1130   0.0000027162   0.0000015834   0.0000154083  -0.0000570582  -0.0000218367
 1131   0.0000206241   0.0000249211  -0.0000050168   0.0000179766   0.0006017807
 1132   0.0013091081  -0.0001467139   0.0023990309  -0.0003480268   0.0002005626
 1133  -0.0000884967   0.0000082063
 12 1  -0.1041711256  -0.0139150656  -0.0622995065   0.0617054461  -0.0130005097
 12 2   0.0069835131  -0.0047833047  -0.0012208470  -0.0204033661  -0.0009870013
 12 3   0.0001545834   0.0003146512  -0.0069964366   0.0000343452   0.0002397778
 12 4   0.0979105336  -0.0826017604  -0.0018766611  -0.0004136616   0.0156950927
 12 5  -0.0202467824  -0.0003342746  -0.0000678428   0.0630330306  -0.0000251156
 12 6  -0.0000179762  -0.0034628433   0.0000180556   0.0001306914  -0.0001052503
 12 7   0.0003670277   0.0002988996  -0.0073416405  -0.0002360669  -0.0053639760
 12 8   0.0170309125  -0.0000171314  -0.0509057773   0.0561734745   0.0001924653
 12 9  -0.0679521192  -0.0592100079  -0.0002788515   0.0001252883   0.0787951216
 1210  -0.0598970294   0.0002108452   0.0976486493  -0.0032200634  -0.1116806786
 1211   0.0437671337  -0.0002403340  -0.0117812886   0.0000954634   0.1485709428
 1212  -0.0017026293   0.0045383280  -0.0711965558   0.0000491645   0.0038515739
 1213  -0.0001111275  -0.0017291534  -0.0724586610   0.0001344702  -0.0003082017
 1214  -0.0011294416   0.0009620462   0.1063281742   0.0052520890  -0.0674325687
 1215   0.0009737548  -0.0003086619   0.0002713104  -0.0028866576   0.0000710717
 1216   0.0001643310  -0.0000468792  -0.0001346190  -0.0001401762  -0.0037872163
 1217   0.0001289360  -0.0825026472   0.0000271424  -0.0001550971  -0.0005155628
 1218   0.0018890788  -0.1679125790   0.0913095249   0.0423878413   0.0212765365
 1219   0.0027373439  -0.0000242748  -0.0053843969  -0.0183489312   0.0515416077
 1220   0.0026621377   0.0268929485  -0.0386232009  -0.0303556957  -0.0583349736
 1221  -0.0173223967   0.0022412252  -0.0704635610   0.0100972186   0.0124615212
 1222   0.0803528302   0.0978478504   0.0361794619   0.0053014607   0.0093944999
 1223   0.0562971887   0.0090882282  -0.1077072629   0.0981989376   0.1409629182
 1224   0.0006752057   0.0058076038  -0.0128333662   0.0203009992  -0.0000442405
 1225   0.0000079847  -0.0009578626   0.0021835304  -0.0019173654  -0.0014420151
 1226   0.0495506526  -0.0851827965   0.0221298213   0.1038132040   0.0489185256
 1227   0.0322327195   0.1350218343   0.0635525660   0.0278885230  -0.0128564244
 1228   0.0590729726   0.1344714231  -0.0001031248   0.0003100995   0.0006745752
 1229  -0.0000044378   0.0000008198  -0.0001445860   0.0000011075  -0.0000145641
 1230   0.0000034457   0.0000014646   0.0000026383   0.0002294287   0.0000432936
 1231  -0.0000489050  -0.0001336761   0.0000472070   0.0000701514   0.0000100958
 1232  -0.0002408458   0.0001452328  -0.0002612668  -0.0003556388  -0.0003882480
 1233  -0.0001687010   0.0000196481
 13 1   0.0031287463   0.0848241427  -0.0236865688   0.0079146622   0.0915708662
 13 2   0.1032563316   0.0748126903   0.0700197498  -0.0078532174  -0.1000278054
 13 3   0.1053130859  -0.0365145533   0.0109293949  -0.0411022283  -0.0045519704
 13 4  -0.0033214956   0.0114286042  -0.0914077561   0.0170024813  -0.0001931063
 13 5   0.0031509431   0.0106052577  -0.0648087462   0.0024417881   0.0492422884
 13 6   0.0156084436  -0.0060124233   0.0313958142  -0.0626904861  -0.0009882836
 13 7  -0.0152751515   0.0089635201  -0.0003930567  -0.1141054769  -0.0098427607
 13 8   0.0041736932   0.0080450166  -0.0037136387  -0.0036310015  -0.0573314969
 13 9  -0.0050263507   0.0029226162   0.1391375191   0.0099518699  -0.0088063204
 1310   0.0070550410  -0.0011534624  -0.0088188369  -0.0216688057  -0.0113814567
 1311  -0.0007278597  -0.0067968556   0.0020528955  -0.1265414106  -0.0130626280
 1312   0.0078178610  -0.0004527560   0.0016003505  -0.2489148050  -0.0010729242
 1313  -0.0158998325   0.0011498211   0.0048989012  -0.0162747924   0.0036859019
 1314  -0.0010107586  -0.0219902676   0.0323117628  -0.1297159829  -0.0004311311
 1315   0.0173484847  -0.0626162728   0.0005887956   0.0078381685   0.1298187352
 1316   0.0650543412  -0.0054806180   0.0196558574  -0.0116526116   0.0006342127
 1317  -0.0271067732   0.0107513143  -0.0005361077   0.0081223265   0.0047125487
 1318   0.0021056749   0.0098426963   0.0003725037  -0.0016898497   0.0010852340
 1319  -0.0006422982  -0.0007155142   0.0037776735  -0.0004725557   0.0041644248
 1320   0.0002816882   0.0004271925  -0.0005422595  -0.0026313433  -0.0034140387
 1321   0.0013264977   0.0001982623  -0.0045896468   0.0001967615   0.0037090103
 1322   0.0020821408   0.0018161063   0.0013768635   0.0007171670  -0.0006980806
 1323   0.0129170648  -0.0005327196  -0.0110644297   0.0128874657  -0.0098772110
 1324  -0.0000437854   0.0013114830   0.0045892918  -0.0005978105  -0.0000075189
 1325   0.0000064345   0.0002398471  -0.0033561312   0.0019197442  -0.0003418653
 1326   0.0007937257   0.0053501358   0.0018317093   0.0050933236   0.0074370658
 1327  -0.0162947262  -0.0048399413   0.0027534217   0.0017501559   0.0001790234
 1328   0.0037999193  -0.0051390655   0.0000155286  -0.0000407488  -0.0000961564
 1329  -0.0000079681   0.0000689923   0.0000223830   0.0000001847   0.0000023086
 1330   0.0000207703  -0.0000000000   0.0000010538  -0.0000699801  -0.0000047101
 1331   0.0000065983   0.0000218403  -0.0000116896  -0.0000129799   0.0000115697
 1332   0.0000150845  -0.0000026579   0.0000211887   0.0001696401   0.0000061020
 1333   0.0001076735  -0.0000033404
 14 1  -0.0349203130  -0.0788919500   0.0882878862  -0.0100849784   0.0891146736
 14 2   0.0220116321  -0.0112338220   0.0018280240  -0.0728611894  -0.0121721207
 14 3   0.0110970130  -0.0002055266  -0.1376917147  -0.0012401582  -0.0004012771
 14 4   0.0349854092  -0.0807053136  -0.0106095113   0.0006191804   0.0070143886
 14 5  -0.0448028725   0.0004692035  -0.0058264890  -0.0222487603   0.0040868205
 14 6   0.0017819729   0.0628399723   0.0029308231  -0.0058282685  -0.0020341410
 14 7  -0.0011937224   0.0011090606  -0.0045258871  -0.0113251364   0.0916475728
 14 8  -0.0457259219  -0.0004961087   0.0322745556   0.0223420035  -0.0053599170
 14 9   0.0652744490  -0.0442831880   0.0120615246   0.0008428960   0.0989328281
 1410  -0.0798009998   0.0002989247   0.0910571112  -0.0065853358   0.1073256741
 1411   0.0088372657  -0.0008594981  -0.0313592088  -0.0118221955   0.1390208301
 1412  -0.0009333590   0.0054094680  -0.0266992130  -0.0221646086  -0.0063501120
 1413  -0.0014439585  -0.0149019297  -0.0527197969  -0.0019340934   0.0007292109
 1414   0.0133668008  -0.0028118880  -0.1066429963  -0.0167994243   0.0140800520
 1415   0.0012804281  -0.0056097790   0.0002563473   0.0003762789   0.0115960480
 1416   0.0060224216  -0.0005226263   0.0016170925  -0.0010089566  -0.0046275792
 1417  -0.0021748846  -0.1175213317  -0.0000920001   0.0006974401   0.0006853452
 1418  -0.0023309958  -0.1080751828  -0.0041131816   0.0199102574  -0.0118531886
 1419   0.0072816573   0.0004165777  -0.0424232182   0.0046704533  -0.0458783248
 1420  -0.0030915369  -0.0040284145   0.0048806716   0.0293159372   0.0374506454
 1421  -0.0151774511  -0.0057850120   0.0491098195  -0.0003523656  -0.0427033476
 1422  -0.0224903212  -0.0205416738  -0.0151518181  -0.0096372832   0.0067622667
 1423  -0.1463929944   0.0055527711   0.1240486776  -0.1445266735   0.1119948560
 1424   0.0003680586  -0.0147628265  -0.0522211554   0.0075811922   0.0000391770
 1425  -0.0000537785  -0.0027099642   0.0384747934  -0.0217911485   0.0040065123
 1426  -0.0089808645  -0.0599237730  -0.0204764803  -0.0567132402  -0.0834722144
 1427   0.1846839853   0.0545885839  -0.0321113761  -0.0197159291  -0.0026393381
 1428  -0.0427876237   0.0593123450  -0.0001761016   0.0004770208   0.0011177573
 1429   0.0000905920   0.0000070436  -0.0002425194   0.0000020138  -0.0000265082
 1430   0.0000055949   0.0000027842  -0.0000095939   0.0007860633   0.0000533749
 1431  -0.0000664856  -0.0002444716   0.0001341255   0.0001514410  -0.0001465033
 1432  -0.0002013312   0.0000378270  -0.0002300742  -0.0018870117  -0.0000702836
 1433  -0.0012000728   0.0000382234
 15 1  -0.1135537988  -0.0111203830  -0.0497821960   0.0493022012  -0.0103847175
 15 2   0.0055717487   0.0038885471   0.0014603792   0.0176354357   0.0015369053
 15 3   0.0001263018  -0.0006134723   0.0245914868  -0.0005968042   0.0001753490
 15 4   0.0691603071  -0.0588137709  -0.0011819094   0.0002017929   0.0370629198
 15 5   0.0242516934  -0.0002619467  -0.0001164857   0.0616956334   0.0000747901
 15 6  -0.0001368137  -0.0162660061  -0.0000346546  -0.0000371810   0.0004545401
 15 7   0.0004824282   0.0007552532  -0.0198474229   0.0004741030  -0.0431859628
 15 8   0.0372999741   0.0004153826  -0.0729521359   0.0712825324  -0.0000383264
 15 9   0.0113258605  -0.0327558676  -0.0001600299  -0.0002700469  -0.0301225475
 1510   0.0660383322  -0.0024735230   0.0352761390  -0.0013584930  -0.0148343954
 1511   0.1320338019  -0.0004771210   0.0073926141  -0.0002932901   0.0516519482
 1512  -0.0003213860  -0.0008985196  -0.1974199197   0.0002296753   0.0170492142
 1513  -0.0000652131  -0.0408780160  -0.1375954842  -0.0003843592  -0.0000281663
 1514   0.0015552239   0.0002010101   0.0503204447   0.0023298990   0.1316265605
 1515  -0.0021108605  -0.0002401636  -0.0002607777  -0.0099289220   0.0008416174
 1516   0.0001907633  -0.0000956133  -0.0002039130  -0.0002004695  -0.0033577202
 1517   0.0000984031  -0.0655396395   0.0000415609   0.0000019027  -0.0005097987
 1518   0.0027970579  -0.0868051960   0.0107249434   0.0296699154  -0.0145381806
 1519  -0.0101171354   0.0004838887  -0.0139245118   0.0052920489   0.0208722113
 1520  -0.0008506033   0.0250157076   0.0318525982  -0.0083799713   0.0169676375
 1521   0.0190468437  -0.0020240962   0.0885437787  -0.0766559396   0.0183732836
 1522  -0.0339060627  -0.0098320602  -0.0322946728   0.0018404273   0.0651736343
 1523   0.0619009578   0.0851765077   0.0489697172  -0.0778698341  -0.0832629679
 1524  -0.0006744988  -0.0121612703   0.0275244943  -0.0895819372   0.0002743013
 1525  -0.0001607932  -0.0015161943  -0.0092404861   0.0002595627  -0.0084050921
 1526   0.0045174116  -0.0303155799  -0.0205472372  -0.1341626552  -0.1058039035
 1527  -0.1895661551  -0.0833490302   0.1735031255   0.0132913352   0.1132260715
 1528   0.0389781938  -0.1409698461   0.0004149652  -0.0012821525  -0.0027860979
 1529   0.0000814084  -0.0000010441   0.0002485733  -0.0000048019   0.0000631076
 1530  -0.0000038818  -0.0000070482  -0.0000452645  -0.0003349064  -0.0001849994
 1531   0.0002066811   0.0005446518  -0.0001451950  -0.0003307248   0.0012892769
 1532   0.0024838255  -0.0003798671   0.0003214618   0.0007208558  -0.0000838803
 1533   0.0007442017  -0.0000502186
 16 1   0.0019791535   0.0713305001  -0.0477011199  -0.0180702380   0.1103180482
 16 2   0.0819592116   0.0760766730   0.1152913851  -0.0142909462  -0.0170306631
 16 3   0.1590206494  -0.0468545241   0.0193662434   0.0741093324   0.0282920623
 16 4  -0.0052880556   0.0152380608  -0.2016238171   0.0780106776   0.0045777657
 16 5   0.0063230759  -0.0304237814  -0.0561335837   0.0057162565   0.0393385858
 16 6  -0.0555180056   0.0019678035   0.0627763797  -0.1178344807  -0.0018800661
 16 7   0.0303661684  -0.0315755693   0.0054672039   0.0493713029  -0.0110199004
 16 8  -0.0043423936   0.1472758795   0.0034761793   0.0049250935  -0.0922066014
 16 9  -0.0003177587   0.0170089427  -0.1210545664  -0.0390997510  -0.0109711036
 1610   0.0077011743  -0.0065806627   0.0011444280   0.0699638944  -0.0015186309
 1611  -0.0098895630  -0.0003105960  -0.0038475367   0.0145662439   0.0125269131
 1612   0.0129035240   0.0008750436  -0.0110714797   0.0294508637  -0.0015688259
 1613   0.0127330854  -0.0004908165  -0.0106431099   0.0015226756  -0.0194390519
 1614  -0.0057803272   0.0595732904   0.0115856121  -0.0287788037   0.0116721806
 1615   0.0157096139   0.0920337482  -0.0830993426  -0.0037833774  -0.1111105302
 1616  -0.1134990052   0.0085237619  -0.0071922699   0.0187391145   0.0005230045
 1617   0.0064526413   0.0051951943  -0.0038247660  -0.0036563402   0.0104734020
 1618   0.0050517320   0.0071301112  -0.0011037300  -0.0010280744  -0.0002171693
 1619   0.0006987365  -0.0001399970   0.0020784304  -0.0008481926  -0.0016240481
 1620  -0.0007545475   0.0062995203   0.0004792466   0.0003079170  -0.0013514607
 1621  -0.0034174853  -0.0002715817  -0.0061337003   0.0125759994  -0.0094620502
 1622  -0.0017069896   0.0020870202  -0.0010366787  -0.0003930569   0.0037211565
 1623  -0.0047015008  -0.0022312725   0.0024764132  -0.0020770398   0.0070612741
 1624   0.0000225066   0.0001054614  -0.0016666396   0.0022256875   0.0000261528
 1625  -0.0000052629  -0.0000354429   0.0013892590  -0.0005836515   0.0002944785
 1626   0.0004396256  -0.0025564719  -0.0000494423   0.0011020078  -0.0024635808
 1627   0.0050189996   0.0017654700  -0.0002602869  -0.0024230304   0.0023949789
 1628   0.0003983287   0.0014313829   0.0000054695  -0.0000201692  -0.0000367247
 1629   0.0000072593  -0.0000039485   0.0000000751   0.0000009677   0.0000018408
 1630  -0.0000121452  -0.0000023073  -0.0000339505   0.0004880813   0.0002558251
 1631  -0.0002683673  -0.0005692569   0.0001371843   0.0001938935  -0.0027626911
 1632  -0.0062591134   0.0013139948   0.0015824222   0.0000548727  -0.0000825267
 1633  -0.0000166386  -0.0000000699
 17 1  -0.0220301713  -0.0839534471   0.0688376045   0.0048028452   0.0871541196
 17 2   0.0220366534  -0.0215388767   0.0024083915  -0.1218640958  -0.0086625294
 17 3   0.0153113383  -0.0003574641  -0.1502672512   0.0097154017   0.0026907985
 17 4   0.0488879809  -0.0575779453  -0.0202627179   0.0053018418  -0.0525298482
 17 5  -0.0901187906  -0.0029215074  -0.0051985457  -0.0571066546   0.0033575311
 17 6  -0.0048291387  -0.0346496113   0.0053946798  -0.0102623179   0.0053087342
 17 7   0.0027741406   0.0011719160  -0.0658390335   0.0030334892   0.1400207182
 17 8   0.0074064540   0.0134960332  -0.0769694942  -0.0682866415  -0.0058117715
 17 9  -0.0017803810  -0.1759108059  -0.0109579289  -0.0030907164   0.1221700061
 1710  -0.0958293406   0.0000970877   0.0259539950   0.0048970476   0.0262022515
 1711   0.1136940581  -0.0002605543   0.0442878131   0.0018875318  -0.1433642303
 1712   0.0029415771  -0.0093817496   0.1372590306   0.0023690607   0.0201101283
 1713   0.0012829053   0.0050292414   0.1182292526   0.0003064856  -0.0010055253
 1714   0.0523537472   0.0050119345  -0.0895476830  -0.0066678952  -0.1302026702
 1715   0.0034575051   0.0075447798  -0.0067019196  -0.0041754041  -0.0094875109
 1716  -0.0095299883   0.0006605002  -0.0005768058   0.0014317574  -0.0110067261
 1717   0.0006983739  -0.0699442107  -0.0002778470  -0.0004575632   0.0019017254
 1718  -0.0068628193  -0.0932142491   0.0151690143   0.0166049498   0.0019306897
 1719  -0.0073569300   0.0003686418  -0.0237264537   0.0087124074   0.0148086382
 1720   0.0056215346  -0.0712353122  -0.0045610346   0.0000879899   0.0200205262
 1721   0.0392208150   0.0035094431   0.0743752431  -0.1449712752   0.1089668144
 1722   0.0156815251  -0.0246185703   0.0109327055   0.0041961695  -0.0385191087
 1723   0.0558666800   0.0253848935  -0.0279366487   0.0241472992  -0.0823618941
 1724  -0.0004067259  -0.0010084712   0.0203438989  -0.0260976359   0.0000555175
 1725  -0.0000234590   0.0004659176  -0.0172559862   0.0069027177  -0.0035372657
 1726  -0.0052588318   0.0303606157   0.0009283986  -0.0109822525   0.0315237133
 1727  -0.0562057153  -0.0188357207   0.0009688690   0.0285184817  -0.0298607398
 1728  -0.0058916349  -0.0165134976  -0.0000563879   0.0002434589   0.0004468475
 1729  -0.0000776328  -0.0000005070  -0.0000140604   0.0000017710  -0.0000208327
 1730  -0.0000008389   0.0000192332   0.0003939712  -0.0056255439  -0.0029458248
 1731   0.0030773637   0.0065431623  -0.0015774542  -0.0022256045   0.0317322632
 1732   0.0719193375  -0.0151126251  -0.0182366154  -0.0006275764   0.0009503327
 1733   0.0001911611   0.0000020223
 18 1  -0.1098245629  -0.0122358507  -0.0547651606   0.0542262441  -0.0114165564
 18 2   0.0061117318   0.0010734997   0.0005365227   0.0045060123   0.0005301787
 18 3  -0.0000020206  -0.0004174162   0.0208881875  -0.0003448979   0.0002153325
 18 4   0.0624212161  -0.0437833616  -0.0009902715   0.0000792220   0.0217900152
 18 5   0.0197924224  -0.0002785495  -0.0002035100   0.0339756868   0.0000689902
 18 6  -0.0002024158  -0.0421947414  -0.0001789749   0.0000019529   0.0026959832
 18 7   0.0004781053   0.0022401507  -0.0481690504   0.0007926468  -0.0376184822
 18 8   0.0592827102   0.0009461141  -0.1139081954   0.0575407270   0.0006618404
 18 9   0.0396521406  -0.0670301687  -0.0002613728  -0.0002978307  -0.0426160228
 1810   0.0854215085  -0.0029938869   0.0241032135  -0.0009550202  -0.0341111449
 1811   0.1424911865  -0.0004178707   0.0212661205   0.0002719393  -0.0624520673
 1812   0.0010794610  -0.0048985357  -0.1353841988   0.0003589037   0.0117705609
 1813   0.0000759532  -0.0667729386  -0.1060372168  -0.0000456197  -0.0002961605
 1814  -0.0122894756   0.0007631861   0.1260724226   0.0061486215   0.1677412474
 1815  -0.0028735435  -0.0000805303  -0.0004377523  -0.0093276876   0.0007693333
 1816   0.0001068275  -0.0000702151  -0.0001365589   0.0000027008  -0.0035631368
 1817  -0.0000351812   0.0443397082   0.0000576557   0.0000476721  -0.0004535171
 1818   0.0033751928   0.0258830735  -0.0067815019  -0.0046589253   0.0009346814
 1819  -0.0042628094   0.0000427563  -0.0293230295  -0.0007417433  -0.0085900729
 1820   0.0036398099  -0.0626871676  -0.0151540774   0.0205211767   0.0313047990
 1821   0.0043975211  -0.0016332503   0.0611357597  -0.0722149239   0.0456677243
 1822  -0.0182808279  -0.0569636676  -0.0078939715  -0.0043171665  -0.0152763554
 1823  -0.0518965569  -0.0107676217   0.0302432479  -0.0206368284   0.0025639239
 1824   0.0000343454   0.0050424301   0.0138880058   0.0060999522  -0.0000703844
 1825   0.0000718035   0.0024102011  -0.0498577271   0.0085462819  -0.0041467462
 1826  -0.0213739279   0.0652526845   0.0169800202   0.0946615639   0.1966729779
 1827   0.1284234457   0.0978501261  -0.1803565160   0.0596958017  -0.2121289711
 1828  -0.1091592687   0.0110159198  -0.0004993887   0.0016892069   0.0034089983
 1829  -0.0000280385   0.0000011206  -0.0002301004   0.0000051804  -0.0000676719
 1830   0.0000038849   0.0000104133   0.0001357972  -0.0012148294   0.0001051855
 1831  -0.0001346754  -0.0005253795   0.0001294300   0.0006234808  -0.0071165195
 1832  -0.0161126056   0.0034997825   0.0041510205   0.0005349089  -0.0001260496
 1833  -0.0002340811   0.0000591710
 19 1   0.0010076877   0.0836829719  -0.0208339308   0.0121000701   0.1008069160
 19 2   0.0447647543   0.0924416326   0.1542428289  -0.0174105586  -0.0249550864
 19 3   0.1324549762  -0.0225906936   0.0140031437   0.0927232768   0.0331366826
 19 4  -0.0059696512   0.0043967465  -0.0811784562   0.0266438488   0.0101263355
 19 5   0.0091596114   0.1005116785   0.1434299875  -0.0001477961   0.0976024496
 19 6  -0.0588148150   0.0149413706   0.0536850628   0.0250368205  -0.0008535667
 19 7   0.0149138380   0.0982679643   0.0119530691   0.0605504963  -0.0095330232
 19 8  -0.0058473529   0.0705323902   0.0154792896   0.0152551957   0.1900800008
 19 9   0.0105122285   0.0097351952  -0.0007552676   0.0217603784   0.0010332586
 1910   0.0006130316   0.0071799166   0.0071890346  -0.0336897636   0.0021968034
 1911  -0.0110684379  -0.0023726614  -0.0052071881   0.0352714171   0.0079481943
 1912  -0.0168321520   0.0003228946   0.0029282287   0.0461036821  -0.0013784144
 1913  -0.0270668612  -0.0033274936   0.0034650751   0.0066603420  -0.0204783944
 1914   0.0014953719  -0.0182978430  -0.0073702176   0.0308055681  -0.0040753157
 1915  -0.0068696853   0.0313270812   0.1143558855  -0.0006547881   0.0499050724
 1916   0.1339630498  -0.0221544184   0.0530254346   0.0541197291  -0.0019017915
 1917  -0.0033211539  -0.0042795443  -0.0158082445  -0.0147688000   0.0497092288
 1918   0.0200162966  -0.0060877714   0.0011199053   0.0001800134  -0.0000591916
 1919  -0.0011902822  -0.0001478345  -0.0031232504   0.0010668257   0.0024906340
 1920  -0.0008201237  -0.0039199786  -0.0006845890  -0.0003228150   0.0021797049
 1921   0.0016845065   0.0000011550   0.0080310877  -0.0118372028   0.0082852827
 1922  -0.0038758919   0.0023006931  -0.0029160891   0.0004888441  -0.0120913297
 1923   0.0011910729   0.0026162882  -0.0020304676  -0.0000632414  -0.0020573296
 1924  -0.0000963495  -0.0005762805   0.0001907947  -0.0018677109   0.0000521702
 1925   0.0000266823  -0.0000121907  -0.0007644479   0.0002000009  -0.0002352097
 1926  -0.0006155182   0.0015225649   0.0000477703  -0.0000337816   0.0016839234
 1927  -0.0007623191   0.0011109497  -0.0019613986  -0.0001870440  -0.0024107260
 1928  -0.0010511549  -0.0006282899  -0.0000020529  -0.0000017529   0.0000106950
 1929   0.0000031262   0.0000019911   0.0000026146   0.0000043606   0.0000020747
 1930  -0.0000073889   0.0000093445   0.0003487872  -0.0061313040  -0.0012907348
 1931   0.0013568524   0.0029283988  -0.0009145137  -0.0007083878  -0.0002473549
 1932  -0.0005479012   0.0001044729   0.0001207998  -0.0004793622   0.0000062624
 1933  -0.0000836119   0.0000015366
 20 1  -0.0112376813  -0.0861489292   0.0566084221   0.0217536329   0.0833353300
 20 2   0.0203854049  -0.0257198429   0.0035200749  -0.1510549734  -0.0119717798
 20 3   0.0121200069   0.0014928446  -0.1151096252   0.0111358989   0.0032845958
 20 4   0.0731727101  -0.0158554706  -0.0090777816   0.0004594383  -0.1086442008
 20 5  -0.1137568102   0.0085209357   0.0117744199  -0.0145910885   0.0084977960
 20 6  -0.0057353442  -0.1783576784   0.0041880932   0.0031292129   0.0111377402
 20 7   0.0014116543   0.0130091690  -0.0730896486   0.0044940144   0.0996118170
 20 8   0.0536744386   0.0080705757  -0.1126568409  -0.1217779659   0.0191424557
 20 9  -0.1243562464  -0.1095079889  -0.0004821790   0.0022645477  -0.0117688627
 2010   0.0067215849   0.0010333737  -0.0973008618   0.0018867457  -0.0229961726
 2011   0.1243695072  -0.0003614931   0.0644819011   0.0030345898  -0.0889447016
 2012  -0.0003783247  -0.0050483605  -0.0363603325   0.0042873601   0.0193277447
 2013  -0.0024166592   0.0392269625  -0.0393273737   0.0007083505  -0.0018592866
 2014  -0.0081730541  -0.0014137111   0.0311089735   0.0043710091   0.0483525533
 2015  -0.0014497668   0.0023907327   0.0098505956   0.0002129359   0.0043593617
 2016   0.0114721692  -0.0018632355   0.0044817999   0.0046742002   0.0097662931
 2017  -0.0000988784   0.0536709136  -0.0014020706  -0.0012785386   0.0020543899
 2018   0.0161550195   0.0728372647  -0.0131129446  -0.0018375343   0.0007495359
 2019   0.0131936341  -0.0003280417   0.0367870143  -0.0122894874  -0.0266517035
 2020  -0.0050115771   0.0455841715   0.0075659629   0.0023889219  -0.0264901542
 2021  -0.0196554181  -0.0000737285  -0.0941445686   0.1379682947  -0.0970343465
 2022   0.0457878750  -0.0265797994   0.0344116533  -0.0058560691   0.1403773209
 2023  -0.0138597536  -0.0300384300   0.0237432147   0.0003844427   0.0240113914
 2024   0.0002305756   0.0065918176  -0.0022375605   0.0217721057  -0.0000484263
 2025   0.0000286320   0.0001478707   0.0089550866  -0.0024013939   0.0027086748
 2026   0.0071462620  -0.0178536103  -0.0006161882   0.0000299284  -0.0203178692
 2027   0.0083001650  -0.0129618265   0.0229998689   0.0017213298   0.0283741389
 2028   0.0123559537   0.0072848911   0.0000254892   0.0000222514  -0.0001161190
 2029  -0.0000352146   0.0000002654  -0.0000354064   0.0000020857  -0.0000197608
 2030   0.0000016954  -0.0001333243  -0.0040748548   0.0717119819   0.0151170821
 2031  -0.0158605946  -0.0342885333   0.0107101709   0.0083212433   0.0028863194
 2032   0.0063944980  -0.0012197929  -0.0014099172   0.0055444397  -0.0000727008
 2033   0.0009591103  -0.0000173604
 21 1  -0.1180975090  -0.0097571245  -0.0437039775   0.0433078429  -0.0091344822
 21 2   0.0049326111   0.0052701226   0.0021932443   0.0259053998   0.0023938689
 21 3   0.0006572151  -0.0002557209  -0.0049855372  -0.0002509760   0.0000629692
 21 4   0.0292163781  -0.0621803306  -0.0012603420   0.0003704170   0.0608003280
 21 5   0.0465814752  -0.0003676817  -0.0000435733  -0.0238286869   0.0000308900
 21 6   0.0002840827   0.0543441536   0.0000188816  -0.0008419858  -0.0000770526
 21 7   0.0005102102   0.0028577578  -0.0629708744   0.0006053528  -0.0032188905
 21 8   0.0353680114   0.0002302248  -0.1065461576   0.0920343559   0.0004860078
 21 9   0.1671999684  -0.1209286634  -0.0004011238  -0.0004710996   0.0442874137
 2110   0.0246379161  -0.0031739454   0.0982568097  -0.0048451265   0.0294943975
 2111   0.0859251904  -0.0003055186  -0.0022370842   0.0007367574  -0.1387901457
 2112   0.0019373478  -0.0086533410   0.0432309614   0.0000330615   0.0028374341
 2113   0.0003311992  -0.0907374152   0.0492683205   0.0001561722   0.0001130281
 2114   0.0158835320   0.0003399402   0.0092143912   0.0005516432   0.0183593918
 2115  -0.0003661299  -0.0000484235   0.0000289855  -0.0017769935   0.0001080112
 2116   0.0001145026   0.0000009169  -0.0001247968  -0.0001092919  -0.0053097633
 2117   0.0001241472   0.0319704778   0.0001196301  -0.0002201008   0.0025053880
 2118  -0.0179766825   0.0424827230  -0.0073667755   0.0043236518  -0.0058045976
 2119  -0.0044270875  -0.0001097619   0.0193181141  -0.0097115447  -0.0474288343
 2120  -0.0067669667   0.0488982022   0.0262797493   0.0517963446   0.0736186163
 2121  -0.0144438215  -0.0031422728   0.0418873414   0.0426886469  -0.0156547886
 2122  -0.1110815291   0.0382897002  -0.0314632889   0.0020686427  -0.0119359083
 2123   0.0094240663  -0.0646057600  -0.0332604769   0.0625062366   0.0105136267
 2124   0.0003948197   0.0221838823   0.0041484290   0.1143052670  -0.0003934610
 2125   0.0002575655   0.0057727626   0.0035601511  -0.0005724199   0.0125525033
 2126  -0.0076861522   0.0197891240   0.0151752447   0.1043482309  -0.1243505289
 2127   0.0069066346   0.0234495541  -0.0580194049  -0.2725454814   0.2006520017
 2128   0.1338728908   0.1133807930   0.0005597495  -0.0022159634  -0.0039094806
 2129   0.0000096208  -0.0000011273   0.0002307767  -0.0000069834   0.0000882505
 2130  -0.0000042249   0.0000082448   0.0006137059  -0.0131610151  -0.0010650913
 2131   0.0011473963   0.0027301095  -0.0011416303  -0.0007230128  -0.0012669009
 2132  -0.0029060506   0.0005269935   0.0007246846  -0.0006603643  -0.0000786961
 2133   0.0000017216  -0.0000525881
 22 1  -0.0033139531   0.1087364825   0.0393323385   0.0807077960   0.0904047197
 22 2  -0.0965367854   0.1068154500   0.0300610930  -0.0283776622   0.0836889388
 22 3  -0.0654744117   0.0765712096  -0.0117709382  -0.0216755980  -0.0523470752
 22 4   0.0015187456  -0.0050212299   0.0148523378  -0.0083066369   0.0016176942
 22 5  -0.0038441181  -0.0023496879  -0.0067237541  -0.0037762328   0.0140739238
 22 6   0.0510010190  -0.0076146560   0.0412514655  -0.0292169104   0.0013164710
 22 7   0.0063133829  -0.0959838694  -0.0040807835   0.0091883420  -0.0004836371
 22 8   0.0010187566   0.0010143911   0.0016201509  -0.0004447922   0.0138975720
 22 9  -0.0025328577   0.0063449742  -0.0161381777   0.1573990336  -0.0012364459
 2210   0.0052577000   0.0316150152   0.0082675111  -0.0078359304   0.0016147587
 2211   0.0048036888  -0.0322786553  -0.0150004639  -0.0007088554  -0.0032950163
 2212   0.0781699206   0.0013136124   0.0048372258  -0.0011651874   0.0109882739
 2213   0.0278268543   0.0091581440  -0.0027264231  -0.0000332448  -0.0050656757
 2214   0.0074921556  -0.0006929401   0.0017005970   0.0001766938   0.0014638300
 2215  -0.0001373783  -0.0033194015  -0.0079246595   0.0045528666  -0.0101336791
 2216   0.0230795868   0.0928005032   0.0070501377   0.0052408665   0.0106688451
 2217   0.0000584111  -0.0002325299   0.0021857673  -0.0024332645   0.0079610432
 2218  -0.0033643226   0.0000410544  -0.0001895760  -0.0000884231   0.0003313104
 2219   0.0086281795   0.0000765886  -0.0001828594  -0.0004301376  -0.0318384536
 2220   0.4375162353   0.0153550743  -0.0031415663  -0.0134843012   0.0095379690
 2221   0.0007034660  -0.0003982057   0.0086742761   0.0108137209   0.0041667505
 2222   0.0037749599  -0.0003478114  -0.0036503081   0.0000271620  -0.0003803625
 2223   0.0003397067   0.0029666975   0.0084253175   0.0122001775   0.0011828655
 2224  -0.0336824058  -0.0002494989   0.0008558914   0.0037449876   0.0236256378
 2225   0.0117898651   0.0048329244   0.0001152998   0.0001034847   0.0039905117
 2226   0.0004278690  -0.0006287767  -0.0001702703  -0.0010174931   0.0012602264
 2227   0.0005173385  -0.0009955139   0.0020652265  -0.0012340565  -0.0007750110
 2228  -0.0001644063  -0.0000924206  -0.0000039360  -0.0000018903   0.0001814745
 2229  -0.0000006577   0.0000034321  -0.0000007836   0.0019222259   0.0001210668
 2230   0.0000013868   0.0003457849  -0.0001294015  -0.0000027777   0.0007925052
 2231   0.0008553660  -0.0000366669  -0.0000429914   0.0000433947   0.0000005841
 2232   0.0000009959   0.0000000469  -0.0000004019  -0.0000002722   0.0000005291
 2233   0.0000001716   0.0000003141
 23 1   0.0368998017  -0.0984225210  -0.0028644036   0.0919093725   0.0689475425
 23 2   0.0150518479  -0.0039831710  -0.0031689279  -0.0714355901   0.0009636218
 23 3  -0.0078278604   0.0049209911   0.1235670837  -0.0041363133  -0.0047097875
 23 4  -0.0234745310   0.0466811073   0.0024486317  -0.0003139686  -0.0146078241
 23 5   0.0430931227   0.0001493415  -0.0002180798   0.0462423832   0.0009167655
 23 6   0.0044075822   0.0750095363   0.0043833167  -0.0019883043  -0.0145499374
 23 7   0.0005799079  -0.0068383898  -0.0227748101   0.0007672715   0.0043963371
 23 8  -0.0181986318  -0.0001468318  -0.0055356128   0.0084034240   0.0013107153
 23 9   0.0254242943  -0.0866790608  -0.0016810888   0.0139669429   0.0222419895
 2310  -0.0323282519   0.0038248765  -0.0981764871   0.0040744879  -0.0178425887
 2311  -0.0590988418  -0.0004670133   0.1730342710  -0.0009509701   0.0458945381
 2312   0.0064905873  -0.0136079509  -0.0555101195   0.0003285416  -0.1250604800
 2313   0.0030803345  -0.1057707186   0.0315740572   0.0000942675  -0.0010093251
 2314  -0.0850338682  -0.0008605184  -0.0194442561  -0.0008911486  -0.0166752226
 2315   0.0002613712  -0.0002701184  -0.0013504636  -0.0752211837   0.0027559254
 2316   0.0010805116   0.0076089420   0.0007246126  -0.0002200587  -0.1258163968
 2317  -0.0000495014   0.0026843007   0.0010777802   0.0003566677  -0.0100945181
 2318   0.0748842049  -0.0003919142   0.0019099133   0.0010901018  -0.0034793110
 2319  -0.0998329835  -0.0002212794   0.0014609453   0.0024175491   0.0859417638
 2320   0.0470637437  -0.0146881718   0.0673189015   0.1170227706  -0.1077305566
 2321  -0.0072640882   0.0035054791  -0.0890329605  -0.1331281556  -0.0448754156
 2322  -0.0515259257  -0.0013419158   0.0473883444  -0.0006981170   0.0058440356
 2323  -0.0066900312  -0.0374483109  -0.0980147754  -0.1391135495  -0.0077582124
 2324  -0.0025555423   0.0030031463  -0.0082613098  -0.0351370423   0.0023815468
 2325  -0.0000424909  -0.0565467763  -0.0007646255  -0.0011564090  -0.0473965302
 2326  -0.0049250504   0.0073659919   0.0020216605   0.0123940078  -0.0146745870
 2327  -0.0051979347   0.0109999426  -0.0233070131   0.0154308511   0.0095547584
 2328   0.0019465623   0.0007518013   0.0000189753   0.0000445831  -0.0019595728
 2329  -0.0000001149   0.0000004132   0.0000169399   0.0001205430   0.0004707287
 2330   0.0000000928   0.0002032246   0.0015706391   0.0000486642  -0.0004698486
 2331   0.0004099848  -0.0005994893   0.0002449958  -0.0006143924  -0.0000053039
 2332  -0.0000090264  -0.0000008422   0.0000052262   0.0000030123  -0.0000047986
 2333   0.0000003204  -0.0000043271
 24 1  -0.1405269933  -0.0030604479  -0.0137544833   0.0136771249  -0.0029079562
 24 2   0.0016294826  -0.0149980709  -0.0053907704  -0.0693888704  -0.0046877740
 24 3  -0.0003248815   0.0005763463  -0.0036050005  -0.0002960675  -0.0010026146
 24 4  -0.0032373739   0.1167600254   0.0013432955   0.0002359685  -0.0292319277
 24 5   0.0894365919  -0.0003284486  -0.0004355313  -0.0825389708  -0.0006440412
 24 6  -0.0001365339   0.0027940233   0.0004287955   0.0005305024  -0.0077146152
 24 7  -0.0000983862  -0.0007180992   0.0166016465   0.0001168381  -0.0110837831
 24 8  -0.0127187451  -0.0000713591   0.0472658094   0.0186747628   0.0002686265
 24 9   0.0371360282  -0.0313886877   0.0001688304   0.0011490588   0.0320879339
 2410  -0.1511282867   0.0076604248  -0.1726206183   0.0085649360  -0.0547737687
 2411   0.0561184713  -0.0027302978  -0.1069683166   0.0001322591   0.0200838703
 2412  -0.0009903179   0.0415176922  -0.0430675670   0.0002874692  -0.0671434255
 2413   0.0005495542  -0.0959340459   0.0287642667   0.0000623115  -0.0003514963
 2414  -0.0363969600  -0.0003527450  -0.0110662863  -0.0005171779  -0.0112396783
 2415   0.0001985635  -0.0001530503  -0.0020026880  -0.1920252586   0.0089588603
 2416  -0.0020617602  -0.0006552071   0.0006490340   0.0018919218   0.1396825140
 2417  -0.0000787135  -0.0038469008   0.0002797845  -0.0001096044   0.0056703824
 2418  -0.0443245809  -0.0043401177   0.0021842714   0.0007524465  -0.0049128071
 2419  -0.2592853520  -0.0006615456   0.0068636879  -0.0062356157  -0.0726474263
 2420  -0.0063493773   0.0016675179  -0.0287221101  -0.0393360944   0.1227633738
 2421  -0.0011462014  -0.0004859304   0.0219087721   0.1025857023   0.0272287068
 2422   0.0437975043   0.0050708973   0.0017832146   0.0001572228  -0.0038920896
 2423  -0.0006208399   0.0051031800  -0.0072572722  -0.0190664665  -0.0018583983
 2424   0.0004109541   0.0070070694  -0.0069448381  -0.0187107137   0.0002740244
 2425  -0.0000869358   0.0230026144   0.0104922614  -0.0015417079  -0.0309201125
 2426   0.0008760615  -0.0018722517  -0.0027164275  -0.0194241007   0.0368019000
 2427   0.0048745603  -0.0040788247   0.0102383672  -0.0324836963   0.0100298853
 2428   0.0059006956  -0.0010081536  -0.0006287468   0.0010555234  -0.0002317368
 2429  -0.0000026588  -0.0000000568  -0.0000116580   0.0000747255  -0.0009136552
 2430   0.0000000277  -0.0000327596  -0.0003742397  -0.0000335681  -0.0007811648
 2431   0.0005816463  -0.0009253376  -0.0004635746  -0.0007456621   0.0000012950
 2432   0.0000004464  -0.0000004661  -0.0000039103  -0.0000044416   0.0000026281
 2433  -0.0000001515   0.0000014884
 25 1  -0.0032233450   0.0786414742  -0.0206330772   0.0143812033   0.1221818959
 25 2  -0.0696781608   0.0333105417   0.0981594354  -0.0139011718   0.0689249080
 25 3  -0.0497870178   0.0154253712  -0.0097585171   0.0439370233  -0.0870340672
 25 4   0.0011171732  -0.0096488847   0.1075007839  -0.0421569414   0.0008704399
 25 5  -0.0031990271  -0.0221880400  -0.0539246900  -0.0043282097   0.0317083584
 25 6   0.0410180521  -0.0059950897   0.0292092534  -0.0498076846   0.0002205275
 25 7   0.0030279194   0.0383151339   0.0050994562  -0.0125041067   0.0021168754
 25 8   0.0028313085   0.0571789007  -0.0010550446  -0.0026687309  -0.0083819569
 25 9  -0.0039642879   0.0114020119  -0.0291657801   0.1239492599  -0.0019137769
 2510   0.0039374395   0.0118068486   0.0085150147   0.0045135557   0.0016292141
 2511   0.0025698298   0.1391471719  -0.0062283363   0.0022100134  -0.0027055263
 2512  -0.3396993776  -0.0006061124  -0.0003355819   0.0116918447   0.0053673405
 2513  -0.4208497752  -0.0122132787   0.0054160391  -0.0001985698  -0.2304249376
 2514   0.0195592982  -0.0293861387   0.0005325830   0.0072426310  -0.0001666046
 2515  -0.0033248915  -0.0457854045  -0.0602579949  -0.0096093190  -0.0466088550
 2516   0.0319820215  -0.0257881990   0.0134417815   0.0160083918   0.0031269177
 2517  -0.0014754819   0.0004504395   0.0415484475  -0.0022896462   0.0029156249
 2518   0.0160579157   0.0007315913  -0.0002798902  -0.0000698067   0.0002189768
 2519   0.0042700634   0.0000002563   0.0002400854  -0.0004566377  -0.0054129971
 2520  -0.0669938016  -0.0011806727  -0.0043041152  -0.0021474388  -0.0026339912
 2521   0.0002489954   0.0000899555  -0.0018828516  -0.0031526688  -0.0010814658
 2522  -0.0006227700   0.0001548661   0.0024948740  -0.0000419696   0.0002959572
 2523  -0.0007342503  -0.0036643977  -0.0107659825  -0.0154222880  -0.0001873895
 2524   0.0052813173  -0.0008693305  -0.0025059549  -0.0190953408  -0.0025430773
 2525   0.0007187192  -0.0023599653  -0.0025451405   0.0002461865  -0.0040879689
 2526  -0.0016710812   0.0031143134   0.0011153241   0.0069783404  -0.0050425128
 2527   0.0006928378   0.0005796015  -0.0016161761   0.0005368497   0.0032948992
 2528   0.0010854869  -0.0005314481   0.0000041908   0.0000197910  -0.0000914827
 2529   0.0000004598  -0.0000004286  -0.0000053984  -0.0000765350  -0.0000820088
 2530  -0.0000006281   0.0002242466   0.0000025439  -0.0000106742  -0.0001543180
 2531  -0.0001962868   0.0000082387  -0.0000464979   0.0000161180   0.0000012659
 2532   0.0000023629   0.0000003458  -0.0000019328  -0.0000008231   0.0000015010
 2533  -0.0000005221   0.0000012456
 26 1   0.0360154814  -0.1008207835  -0.0069823358   0.0848579077   0.0720089475
 26 2   0.0172980529  -0.0114483169   0.0026794282  -0.0747228298  -0.0006562105
 26 3  -0.0064811001  -0.0004443907   0.1263052217   0.0017514245  -0.0075565350
 26 4  -0.0145446747   0.0496377394   0.0109002290  -0.0033620336  -0.0115259768
 26 5   0.0398892313  -0.0017613120  -0.0046886095   0.0469164863   0.0023623063
 26 6   0.0034051284   0.0547583130   0.0033453539  -0.0035731699  -0.0192047245
 26 7   0.0003413173   0.0055589172  -0.0340909106  -0.0007091371  -0.0294220950
 26 8  -0.0473393941   0.0040357225   0.0140806557   0.0341763698  -0.0010888765
 26 9   0.0442526375  -0.1348143208  -0.0029175115   0.0102495130   0.0245237734
 2610  -0.0292009155   0.0018245180  -0.0865082973   0.0045675026  -0.0156293696
 2611  -0.0243583634   0.0127475655   0.0682803500  -0.0001201584  -0.0017644036
 2612  -0.0298151861  -0.0018866973   0.0030350037   0.0012315024  -0.0768934176
 2613  -0.0367613574   0.1282500507  -0.0590661323   0.0000597264  -0.0215415904
 2614  -0.2042390313  -0.0044003367  -0.0204792351  -0.0002626214  -0.0017256539
 2615  -0.0002603376  -0.0037399451  -0.0039132198   0.0968408002  -0.0083256377
 2616   0.0036717119  -0.0018859913   0.0007496026   0.0005494002  -0.0319198112
 2617  -0.0000771718  -0.0067728040   0.0041878335  -0.0015118332   0.0230626657
 2618  -0.1553288544  -0.0082868427   0.0032768241   0.0008340492  -0.0025996556
 2619  -0.0501622404  -0.0000611979  -0.0026557764   0.0056429574   0.1051631141
 2620   0.0032282875  -0.0111506910   0.0452127740   0.0312533606   0.0297004257
 2621  -0.0030510463  -0.0008688108   0.0195777289   0.0375760281   0.0119305650
 2622   0.0086282056  -0.0010008472  -0.0295293151   0.0005273232  -0.0035942555
 2623   0.0087337974   0.0424089856   0.1235331842   0.1766199967   0.0013809239
 2624  -0.0000858464   0.0094151691   0.0286350810   0.2175380464  -0.0009222303
 2625   0.0010670577   0.0264683101   0.0291414765  -0.0028586363   0.0466769612
 2626   0.0191572172  -0.0357464517  -0.0128393320  -0.0804169902   0.0584851223
 2627  -0.0079720614  -0.0064158800   0.0180693323  -0.0064297814  -0.0368719018
 2628  -0.0121530128   0.0059549751  -0.0000590193  -0.0003602525   0.0010091341
 2629  -0.0000031641  -0.0000001509   0.0000590828  -0.0000769368   0.0008472662
 2630  -0.0000007929  -0.0000251947  -0.0004230273   0.0000998324  -0.0000672079
 2631   0.0000662582   0.0001277641   0.0006238301  -0.0001786427  -0.0000143761
 2632  -0.0000268893  -0.0000039938   0.0000217352   0.0000089830  -0.0000162665
 2633   0.0000057936  -0.0000139456
 27 1  -0.1258333771  -0.0074459018  -0.0333718787   0.0330901963  -0.0069895692
 27 2   0.0038003835  -0.0015038189  -0.0001107430  -0.0048635254   0.0003586060
 27 3   0.0006582755   0.0006533341  -0.0351881303   0.0003007442  -0.0001255271
 27 4  -0.0232651324   0.0154868392  -0.0001480385   0.0001137675   0.0145272523
 27 5   0.0565267141  -0.0005190588  -0.0004736229  -0.1280455327  -0.0001314052
 27 6  -0.0000043798  -0.0329175948  -0.0001660516  -0.0000941125   0.0015423358
 27 7   0.0001378097   0.0033757519  -0.0633282278   0.0011626895  -0.0108186414
 27 8   0.0259648136   0.0002935296   0.0067509087   0.0132429207  -0.0000244942
 27 9   0.0792572885   0.0562239092   0.0002170009   0.0007035838   0.0332459868
 2710  -0.0724636886   0.0028048774  -0.0774162706   0.0036989082  -0.0083256485
 2711  -0.0563321844   0.0001206744   0.0133395170  -0.0002276276   0.0229178590
 2712  -0.0007431459   0.0038938703   0.0387261614  -0.0003297748   0.0871643611
 2713  -0.0008147156   0.1769868787  -0.0573474063  -0.0001989969   0.0006182497
 2714   0.1299964575   0.0010635079   0.0199462148   0.0008672667   0.0118990023
 2715  -0.0001145083  -0.0001809822  -0.0010450875  -0.0812534778   0.0036229796
 2716  -0.0006730005  -0.0002304582   0.0001104455   0.0003648610   0.0292349038
 2717  -0.0000239763  -0.0041836182  -0.0006877164   0.0012012108  -0.0224800561
 2718   0.1572654403  -0.0038191630   0.0042267421   0.0032720922  -0.0056281700
 2719  -0.0169173133   0.0000237356   0.0012070065   0.0040736102   0.0513575173
 2720   0.0022976620   0.0182686506   0.0289830777   0.0126236938  -0.0227557008
 2721   0.0010759735  -0.0002872842   0.0073180950  -0.0417701068  -0.0084386771
 2722  -0.0258414886   0.0094901932   0.0048407916   0.0021119570  -0.0072743893
 2723   0.0292951096   0.0567066604   0.0413174934  -0.0160396593  -0.0397545775
 2724   0.0000585330   0.0300276044   0.0354369535   0.1920447930  -0.0005981530
 2725   0.0004922383   0.0143545300  -0.0047564118   0.0013415801   0.0116810262
 2726  -0.0117604800   0.0352889648   0.0255606397   0.1768192083  -0.2043908911
 2727   0.0451637717  -0.0720837763   0.1286080327   0.1385001145  -0.1653160262
 2728  -0.0665207299   0.0121431571   0.0021994144  -0.0104732304  -0.0141705050
 2729  -0.0000178682  -0.0000009419   0.0001714141  -0.0000327839   0.0003461700
 2730  -0.0000028719   0.0000231338   0.0001814968  -0.0000661215  -0.0002766826
 2731   0.0001936152  -0.0005307878   0.0013882038  -0.0007836918  -0.0000119345
 2732  -0.0000267564  -0.0000264740   0.0000537981   0.0000172867  -0.0000497385
 2733   0.0000258521  -0.0000443698
 28 1  -0.0043392867   0.0631529624  -0.0486891872  -0.0160873923   0.1429309456
 28 2  -0.0884205599  -0.0351515013   0.0748338754   0.0010181046   0.0440201148
 28 3  -0.0759469655  -0.0125960067  -0.0091641383  -0.0141640007  -0.0939904119
 28 4   0.0046291061  -0.0001635785   0.0421315675  -0.0207607688  -0.0019560340
 28 5  -0.0022569778  -0.0222764214  -0.0681181571   0.0009739743   0.0676071500
 28 6  -0.0590334924  -0.0043136041  -0.0021233105  -0.0707527108  -0.0011939103
 28 7   0.0190222371   0.2595729381   0.0264206688   0.1203204843   0.0036371505
 28 8   0.0091513302  -0.1188623146   0.0015210516   0.0029793590  -0.0226675462
 28 9   0.0041343552   0.0010275918   0.0019587638   0.0060190686   0.0072580359
 2810  -0.0000232979   0.0105193522  -0.0011780692  -0.0011815523  -0.0004264224
 2811   0.0006692829   0.2174697777   0.0042845734  -0.0016551424  -0.0025986325
 2812  -0.2781246502  -0.0002265513  -0.0008794198  -0.0110331392  -0.0043554408
 2813   0.1765466968  -0.0003401734   0.0003166707  -0.0001393737   0.3762523121
 2814  -0.0051418064   0.0388579158   0.0007839889  -0.0073215343  -0.0002124795
 2815   0.0023457004   0.0260880113   0.0291488682   0.0002257500   0.0205556155
 2816  -0.0115821177   0.0138129101  -0.0087103867  -0.0108330452   0.0054713252
 2817   0.0010175302  -0.0001449956  -0.0102300721  -0.0009445768   0.0015258733
 2818   0.0136278482  -0.0000982217   0.0000797975   0.0000877571  -0.0000929697
 2819  -0.0015284229  -0.0000002888   0.0001472945  -0.0003674900  -0.0093712441
 2820   0.0103221268   0.0016167669  -0.0040470548  -0.0022933790  -0.0120791961
 2821   0.0007568189   0.0001961256  -0.0047662814  -0.0184889479  -0.0044628057
 2822  -0.0053803669   0.0000990147  -0.0024191191   0.0001245564   0.0002695913
 2823   0.0018470862   0.0004516560  -0.0009502701  -0.0029143832  -0.0024755010
 2824  -0.0016658584   0.0049032117   0.0015797080   0.0227321555  -0.0001557576
 2825  -0.0004816577   0.0000910167   0.0037563361  -0.0004370178   0.0028783452
 2826   0.0024327502  -0.0048193644  -0.0021497164  -0.0139987680   0.0126398779
 2827  -0.0024463535   0.0037603169  -0.0072460422  -0.0003423554   0.0051213201
 2828   0.0015731741  -0.0000958373   0.0005520894  -0.0093890493  -0.0053878737
 2829   0.0000006497  -0.0000001940   0.0000000723   0.0000802273   0.0000199045
 2830  -0.0000000431  -0.0001344485   0.0000301158   0.0000020521   0.0000209306
 2831   0.0000473040  -0.0000072487   0.0000196808  -0.0000113613  -0.0000008504
 2832  -0.0000015020   0.0000002275   0.0000003343   0.0000001132  -0.0000001050
 2833  -0.0000003454  -0.0000001546
 29 1   0.0485383928  -0.1059358711  -0.0262712833   0.0988871746   0.0703151051
 29 2   0.0174843039  -0.0057427895   0.0049527268  -0.0175240594   0.0015047202
 29 3  -0.0080159103  -0.0029141608   0.0989874803  -0.0030304404  -0.0077570177
 29 4  -0.0576945365  -0.0247100742   0.0039083818  -0.0014602038   0.0212504850
 29 5   0.0219850836  -0.0018840128  -0.0058670814  -0.0152396615   0.0058545094
 29 6  -0.0051486580   0.0444313344   0.0003130808  -0.0058043680  -0.0167761285
 29 7   0.0017855530   0.0281247663  -0.0885590408   0.0115616421  -0.0158181072
 29 8  -0.0752481502  -0.0125227094  -0.0293169430  -0.0434199875  -0.0014214216
 29 9  -0.0489473690  -0.0135801474   0.0001578922   0.0002605511  -0.0811715906
 2910   0.0053592676   0.0038253747   0.0155276984  -0.0009286838   0.0049462909
 2911   0.0005929533   0.0183889030  -0.0614768817   0.0000352183   0.0042158523
 2912  -0.0246362076  -0.0006051410   0.0068433774  -0.0011215792   0.0484837554
 2913   0.0152850380   0.0087318261  -0.0047092360  -0.0000431031   0.0335072220
 2914   0.0234558724   0.0036541981   0.0048385705  -0.0004336661   0.0042031007
 2915   0.0001429766   0.0022858527   0.0025196381   0.0007398021   0.0017229856
 2916  -0.0008716363   0.0011641593  -0.0009122637  -0.0016008123  -0.0627452926
 2917   0.0001100385   0.0022148975  -0.0000825856  -0.0011901579   0.0202942841
 2918  -0.1390180651   0.0010972089  -0.0008364471  -0.0009418668   0.0010175945
 2919   0.0169814826   0.0000505375  -0.0015736797   0.0040200798   0.0977977429
 2920   0.0096670136  -0.0138378169   0.0462223636   0.0244964886   0.1372908901
 2921  -0.0085518128  -0.0022206550   0.0535429209   0.2081580145   0.0505636255
 2922   0.0610077085  -0.0012222343   0.0275086689  -0.0013756585  -0.0030758160
 2923  -0.0207100074  -0.0047574064   0.0104247988   0.0316104819   0.0278491786
 2924  -0.0008595270  -0.0547636463  -0.0178483790  -0.2565394089   0.0005662649
 2925  -0.0005884459  -0.0006258851  -0.0425143882   0.0048440806  -0.0327147153
 2926  -0.0276111395   0.0547756784   0.0244736312   0.1592356700  -0.1435081749
 2927   0.0280820753  -0.0426902509   0.0821433337   0.0048066716  -0.0579541609
 2928  -0.0179360980   0.0010406200  -0.0061701103   0.1065037161   0.0608950159
 2929  -0.0000005588   0.0000002773  -0.0000068716   0.0000212715  -0.0001463484
 2930   0.0000003808  -0.0000299680  -0.0001375258  -0.0000153288   0.0001299165
 2931  -0.0001006249   0.0000400398  -0.0002281727   0.0001286979   0.0000088607
 2932   0.0000152711  -0.0000028320  -0.0000045350  -0.0000018432   0.0000017625
 2933   0.0000032322   0.0000021027
 30 1  -0.1210643075  -0.0088745552  -0.0397478584   0.0393845828  -0.0083055194
 30 2   0.0044812196   0.0028629232   0.0014945328   0.0161812546   0.0020000371
 30 3   0.0009511399   0.0006759750  -0.0478469559   0.0004365767  -0.0000249641
 30 4  -0.0418076006  -0.0038941858  -0.0004810125   0.0001543232   0.0268181242
 30 5   0.0516137096  -0.0005627289  -0.0004428290  -0.1599817303   0.0000203200
 30 6   0.0000781091  -0.0396946206  -0.0003908602  -0.0003834634   0.0060017895
 30 7   0.0000883352   0.0038121847  -0.0693132597   0.0013312383  -0.0024569314
 30 8   0.0255706786   0.0001609715   0.0196979232  -0.0178308025  -0.0000635774
 30 9   0.0305291539   0.1335761795   0.0004623780   0.0009328611   0.0183068317
 3010  -0.0778445644   0.0036093941  -0.0181232394   0.0010472770  -0.0057578698
 3011  -0.0271315386   0.0003410395   0.0376608579  -0.0001948980   0.0184779261
 3012  -0.0002898280  -0.0090121904   0.0289004800  -0.0003946256   0.1101364475
 3013  -0.0006685480   0.1380710861  -0.0456713455  -0.0002575726   0.0017504534
 3014   0.2232523272   0.0019922076   0.0379955930   0.0016766096   0.0230114490
 3015  -0.0003209751  -0.0003204701  -0.0017261682  -0.1202375450   0.0051880440
 3016  -0.0007532779  -0.0006319977   0.0001337688  -0.0002881336  -0.0718951497
 3017  -0.0000354367   0.0021298293   0.0001935689   0.0005934382  -0.0112399107
 3018   0.0785603673  -0.0058195278   0.0004849842  -0.0000161702   0.0031034942
 3019  -0.0059495388   0.0000372550  -0.0144859834   0.0039613057   0.1152413530
 3020   0.0141503044  -0.0729950173   0.0197428309   0.0429224723   0.0226037428
 3021  -0.0053783108  -0.0034493290   0.0421692886   0.0536466130  -0.0166278552
 3022  -0.0580823487  -0.0115500402  -0.0039254115  -0.0024413862   0.0160157006
 3023  -0.0306920720  -0.0852871625   0.0019342194   0.1492302102   0.0586207722
 3024  -0.0002289183  -0.0231977373  -0.0278318948  -0.0843667575   0.0001936099
 3025  -0.0001519221  -0.0099291717   0.0199077363  -0.0037952451   0.0080509036
 3026   0.0168364834  -0.0478752339  -0.0250448322  -0.1668291657   0.1292211744
 3027  -0.0586275380   0.0223587682  -0.0130420545  -0.1592454084   0.0019215706
 3028   0.0174350444   0.0066917907  -0.0015484365  -0.0260296347   0.0011466391
 3029   0.0000136272   0.0000006695  -0.0001220870   0.0000072461  -0.0000879031
 3030   0.0000020441   0.0000117969   0.0001188238  -0.0001043568   0.0002163429
 3031  -0.0001753930   0.0001468252  -0.0000113643  -0.0002857930   0.0000139106
 3032   0.0000304611   0.0000172748  -0.0000403349  -0.0000136566   0.0000359374
 3033  -0.0000182739   0.0000322872
 31 1  -0.0051377319   0.0815432220  -0.0102528505   0.0267866156   0.1263217655
 31 2  -0.1256477673  -0.0092512465  -0.0205118742  -0.0009499959   0.0260366310
 31 3  -0.0520136184  -0.0051752859  -0.0072626937  -0.0273281870  -0.1419570959
 31 4   0.0060171150   0.0071874989  -0.0331297989   0.0079457358  -0.0033648368
 31 5  -0.0013255741  -0.0020029011  -0.0209277219   0.0053833753   0.0535852278
 31 6  -0.1034265987   0.0004863986  -0.0314752475   0.0003346068   0.0004943494
 31 7   0.0055877972   0.0381984588   0.0101354439   0.0459466260   0.0020220562
 31 8   0.0056211711  -0.0662371665   0.0026711793   0.0033230933   0.0050595234
 31 9   0.0019215467  -0.0074364426   0.0233314214  -0.1274895538  -0.0076646370
 3110  -0.0066478858  -0.0964198637  -0.0014725902   0.0001406647  -0.0006871918
 3111   0.0033523952   0.4811672196  -0.0057474117  -0.0074279073  -0.0004451524
 3112   0.1991451250  -0.0010307595  -0.0005688094  -0.0041289157  -0.0249769899
 3113   0.2048910660   0.0036581704  -0.0004652223   0.0001915890  -0.4403671992
 3114   0.0012432284  -0.0406209660  -0.0014108846   0.0053824506  -0.0004888992
 3115  -0.0010918744  -0.0098168682  -0.0094383602   0.0069584033  -0.0064650409
 3116   0.0034470911  -0.0028159784   0.0013733586   0.0015866835   0.0024598783
 3117  -0.0001272961  -0.0004573608   0.0023222685  -0.0000152317  -0.0012366598
 3118   0.0098530952  -0.0006596461   0.0001120763   0.0000061000   0.0000935386
 3119  -0.0065025945  -0.0000191137  -0.0003594554  -0.0001641245  -0.0008872785
 3120  -0.0074194966  -0.0030375692  -0.0013408764   0.0035602382  -0.0186380870
 3121   0.0004710350  -0.0001046917   0.0006128192  -0.0040867326  -0.0015774533
 3122  -0.0015286706  -0.0011568341  -0.0043990828  -0.0001433117   0.0010362209
 3123  -0.0017790770  -0.0023486248   0.0077463668   0.0194603022   0.0050019984
 3124   0.0015890858  -0.0052821236  -0.0012144176  -0.0166075904   0.0004322047
 3125  -0.0004537379   0.0003551006  -0.0021542203   0.0001831803  -0.0004893052
 3126  -0.0013013043   0.0019148105   0.0009217710   0.0060452114  -0.0090653860
 3127  -0.0015391871  -0.0007196664   0.0022108020  -0.0015408939  -0.0039621005
 3128  -0.0009056848   0.0003226914  -0.0003064795  -0.0007045518  -0.0000154962
 3129   0.0000003053   0.0000003346  -0.0000067734  -0.0000920703  -0.0000303590
 3130   0.0000003660   0.0001546514  -0.0000210744  -0.0000079869   0.0000326028
 3131  -0.0000303521   0.0000321131   0.0000120487  -0.0000050807   0.0000011539
 3132   0.0000021273   0.0000006417  -0.0000022451  -0.0000010982   0.0000020880
 3133  -0.0000006880   0.0000018060
 32 1   0.0573738884  -0.1069517429  -0.0347309625   0.1144807495   0.0663556336
 32 2   0.0154926061   0.0049156861  -0.0004495441   0.0221114556   0.0030999767
 32 3  -0.0053268437  -0.0020899073   0.0742157287  -0.0039039181  -0.0116651595
 32 4  -0.0771820708  -0.0790192316  -0.0038858473   0.0010882066   0.0419527752
 32 5   0.0057563904  -0.0002861538  -0.0018094833  -0.0660046087   0.0047324956
 32 6  -0.0089862609   0.0022283828  -0.0026866614   0.0001967139  -0.0081181975
 32 7   0.0005774038   0.0076522722  -0.0769373773   0.0049867024  -0.0127425406
 32 8  -0.0500664982  -0.0074456007  -0.0366069780  -0.0421723712   0.0011035454
 32 9  -0.0202119461   0.0932018721   0.0023965223  -0.0110264400   0.0564654602
 3210   0.0198287662  -0.0121161499   0.0048954906  -0.0002200088   0.0029860880
 3211  -0.0201290717   0.0429603356   0.0351016900  -0.0008477682   0.0220550141
 3212   0.0171835913   0.0192808473   0.0070980353  -0.0011961223   0.2911523653
 3213   0.0171529979  -0.0406040653   0.0050744718   0.0000088815  -0.0385536717
 3214   0.0202804641  -0.0033785008   0.0050360655   0.0007111753   0.0043305299
 3215  -0.0001520246  -0.0010551607  -0.0019389580  -0.0786355427   0.0028587300
 3216  -0.0001785642  -0.0005797812   0.0001900937   0.0000555210  -0.0267312611
 3217  -0.0000083501   0.0049789649   0.0008394084  -0.0008251758   0.0156922407
 3218  -0.1102380021   0.0073636619  -0.0012819905  -0.0000808198  -0.0009804687
 3219   0.0750702050   0.0001812565   0.0039677383   0.0019547234   0.0158198377
 3220  -0.0023548882   0.0313242538   0.0149167522  -0.0396662695   0.2127692457
 3221  -0.0054385974   0.0011926509  -0.0072759876   0.0469780482   0.0179672770
 3222   0.0177271832   0.0131255597   0.0497711799   0.0016073742  -0.0117918299
 3223   0.0200496068   0.0266502929  -0.0878439614  -0.2207692605  -0.0569323315
 3224   0.0013892748   0.0594633270   0.0137847285   0.1877725749  -0.0002620663
 3225   0.0001202874  -0.0041746676   0.0242530504  -0.0020501159   0.0057413694
 3226   0.0147593362  -0.0215626867  -0.0104310312  -0.0684455769   0.1046864465
 3227   0.0190953323   0.0049710043  -0.0182135899   0.0117476792   0.0418903522
 3228   0.0097879130  -0.0034468905   0.0034121446   0.0075307863   0.0007657182
 3229  -0.0000023753  -0.0000000627   0.0000757791  -0.0000307104   0.0002563520
 3230  -0.0000008978   0.0000214377   0.0000326300   0.0000813089  -0.0003986154
 3231   0.0002994201  -0.0003559360  -0.0001340817   0.0000568978  -0.0000128354
 3232  -0.0000238059  -0.0000073914   0.0000249814   0.0000118594  -0.0000222198
 3233   0.0000082160  -0.0000203206
 33 1  -0.1318283727  -0.0056650831  -0.0253820833   0.0251593167  -0.0053101737
 33 2   0.0028766179  -0.0071161865  -0.0022404573  -0.0313734611  -0.0017832704
 33 3   0.0002936335   0.0005664805  -0.0219998737   0.0000839501  -0.0004584431
 33 4  -0.0274516885   0.0684142297   0.0008912867   0.0002218079   0.0075492973
 33 5   0.0677720437  -0.0003822131  -0.0003734883  -0.1248769159  -0.0001777799
 33 6  -0.0000877937  -0.0130611729  -0.0000814278   0.0000030264  -0.0000438283
 33 7  -0.0000247158   0.0026406536  -0.0446918188   0.0010406679  -0.0097637384
 33 8   0.0030317525   0.0000021662   0.0945488925  -0.0092420766  -0.0012566652
 33 9  -0.0422120551  -0.0235568244  -0.0000820785  -0.0006872281   0.0080959573
 3310   0.0107549045  -0.0010334612  -0.0183983186   0.0009229862  -0.0044866822
 3311   0.0013662691   0.0005482340  -0.0295726066   0.0000138996   0.0103735202
 3312   0.0003674200  -0.0492436514  -0.0013155089   0.0000688751  -0.0187920639
 3313   0.0000001538   0.0371846630  -0.0109777794  -0.0001752744   0.0008041648
 3314   0.1945017713   0.0016882252   0.0308398523   0.0014032550   0.0214385503
 3315  -0.0003290968  -0.0000814795   0.0002624073   0.0410398333  -0.0020332134
 3316   0.0006479707  -0.0001319198  -0.0003205622  -0.0013059103  -0.1264516900
 3317   0.0000440140   0.0069353394   0.0010929795  -0.0012466816   0.0220581799
 3318  -0.1529089909   0.0065743376  -0.0010976842  -0.0005516007  -0.0016506136
 3319  -0.0450168171  -0.0001446546   0.0061196962  -0.0031528740  -0.0570836002
 3320  -0.0054807919   0.0173672456  -0.0145181491  -0.0008870489  -0.0922634674
 3321   0.0044093749  -0.0005058332   0.0121142846  -0.0070301214   0.0001423957
 3322  -0.0019391693   0.0035319348   0.0017222328   0.0005783433  -0.0009245155
 3323   0.0070146292   0.0068017551   0.0058135313   0.0049557786  -0.0016236030
 3324   0.0000147714   0.0013968295   0.0038323049   0.0166085763  -0.0000631112
 3325   0.0000844316   0.0090255050   0.0031709357  -0.0010111095   0.0017441201
 3326  -0.0007601906  -0.0059406179  -0.0007311557  -0.0025054027  -0.0925548484
 3327  -0.0802081079   0.1657259421  -0.3586548999   0.3019767039   0.1661973248
 3328   0.0265763740  -0.0113417512   0.0034182550   0.0186604537  -0.0229598057
 3329  -0.0000152191  -0.0000004853   0.0000750483   0.0000030601  -0.0000359519
 3330  -0.0000013203   0.0000089069   0.0000910148   0.0000462199   0.0001574876
 3331  -0.0001177673   0.0001829102   0.0000252757   0.0001844918  -0.0000097225
 3332  -0.0000228554  -0.0000109178   0.0000231041   0.0000047940  -0.0000214315
 3333   0.0000073554  -0.0000205989
 34 1  -0.0063280158   0.0765623296  -0.0172690889   0.0196105254   0.1361373107
 34 2  -0.1549640769  -0.0555120210  -0.0967675076   0.0145382558  -0.0290533013
 34 3   0.0093965098  -0.0027746168  -0.0002301019  -0.0093601595  -0.0574019861
 34 4   0.0033296790   0.0064661654  -0.0324766140   0.0099038974  -0.0067545859
 34 5   0.0000917795   0.0001926813  -0.0203632123   0.0118547691   0.0856540045
 34 6  -0.2365379637   0.0088997303  -0.1361063050   0.0582854789  -0.0021438118
 34 7  -0.0143959857  -0.0774065394  -0.0150397158  -0.0648616245  -0.0018627527
 34 8  -0.0023854615   0.0564857809  -0.0013448686  -0.0005466627  -0.0000953681
 34 9   0.0004266879  -0.0006468245  -0.0041280464   0.0142802624  -0.0065934631
 3410  -0.0034808368  -0.0049180313   0.0005878996  -0.0003432419   0.0002197815
 3411  -0.0002937801   0.1590513061  -0.0000177038  -0.0032148318   0.0021821976
 3412   0.2745902374   0.0003436279   0.0003487384   0.0134941762  -0.0008782950
 3413  -0.3314833882  -0.0011717418   0.0004267949  -0.0001428936   0.2837124266
 3414  -0.0037595556   0.0252447485   0.0001768479  -0.0030308098  -0.0002259862
 3415   0.0005221734   0.0042809007   0.0039388527   0.0029930618   0.0022876289
 3416  -0.0012351804   0.0012747252  -0.0004087819  -0.0004244361   0.0028657902
 3417   0.0000279724  -0.0002197464  -0.0002535120   0.0000265838  -0.0008263355
 3418   0.0062659667  -0.0001954677   0.0000819906   0.0000455492  -0.0000046886
 3419   0.0017361848   0.0000067251  -0.0003140977   0.0001734181   0.0030484868
 3420   0.0043568551  -0.0019771872   0.0006149617   0.0038844232  -0.0223262151
 3421   0.0008447986  -0.0010108923   0.0198189499   0.0275836107   0.0049411825
 3422   0.0005068213   0.0013984502   0.0045724567   0.0001001587  -0.0006224645
 3423   0.0010394172   0.0005910688  -0.0045293857  -0.0096273245  -0.0021273011
 3424  -0.0004479468   0.0022083309   0.0004614512   0.0067855075   0.0001315361
 3425   0.0001399140  -0.0001376217   0.0009632523  -0.0001049382   0.0001772173
 3426   0.0005353174  -0.0009263134  -0.0004169382  -0.0027061860   0.0028330396
 3427  -0.0001888401   0.0009905732  -0.0021716456   0.0012017760   0.0015581950
 3428   0.0003427210  -0.0000565252  -0.0129038820  -0.0003038109  -0.0004932528
 3429   0.0000000436  -0.0000001522   0.0000016232   0.0000085788   0.0000054385
 3430  -0.0000001544   0.0000087226   0.0000010500   0.0000013370  -0.0000127885
 3431  -0.0000044482  -0.0000032791   0.0000007558  -0.0000003414  -0.0000004243
 3432  -0.0000008237  -0.0000001479   0.0000005957   0.0000001795  -0.0000003627
 3433   0.0000001580  -0.0000004340
 35 1   0.0706822878  -0.1113398802  -0.0531489818   0.1316913045   0.0634385284
 35 2   0.0148326464   0.0138085014  -0.0023367614   0.0866098997   0.0034774792
 35 3   0.0012485296  -0.0009491595   0.0046375910  -0.0011712263  -0.0046501002
 35 4  -0.0383734733  -0.0697040752  -0.0039456696   0.0014346941   0.0751335031
 35 5  -0.0049361189  -0.0002863528  -0.0018019563  -0.1448359455   0.0077819578
 35 6  -0.0203456639  -0.0680376093  -0.0129038824   0.0042558755   0.0231565454
 35 7  -0.0016126174  -0.0124263271   0.1008780326  -0.0068741858   0.0079615652
 35 8   0.0131023908   0.0055467023   0.0192832155   0.0091140683  -0.0001439639
 35 9  -0.0042488233   0.0065420040  -0.0003249273   0.0012534776   0.0741529792
 3510   0.0352915595  -0.0052832140  -0.0109903495   0.0004674955  -0.0043403720
 3511   0.0097965930   0.0138434816  -0.0132494878  -0.0002230162  -0.0024167784
 3512   0.0242224966   0.0044524699   0.0001431994   0.0011833116   0.0000191504
 3513  -0.0292551364   0.0077290176  -0.0037823593  -0.0000279868   0.0250275699
 3514   0.0077723437   0.0022925043   0.0021820840  -0.0001719393   0.0019168739
 3515   0.0000225649   0.0003115758  -0.0001326364  -0.0362118450   0.0018131587
 3516  -0.0003641264  -0.0000886613  -0.0000047285  -0.0001744280  -0.0266465233
 3517  -0.0000038009   0.0022141220   0.0004531542  -0.0004663061   0.0090023919
 3518  -0.0633479936   0.0020327198  -0.0007975610  -0.0004260712  -0.0000374483
 3519  -0.0184361268  -0.0000667245   0.0033768364  -0.0017733918  -0.0331458738
 3520  -0.0045212588   0.0233612939  -0.0052941939  -0.0443540736   0.2602595645
 3521  -0.0098766896   0.0114614836  -0.2248672647  -0.3116045480  -0.0558954520
 3522  -0.0059570968  -0.0159262956  -0.0516450847  -0.0011580944   0.0071533418
 3523  -0.0118999083  -0.0071361110   0.0518169745   0.1108951418   0.0246636621
 3524  -0.0006255398  -0.0250909260  -0.0053738245  -0.0774243128   0.0001306080
 3525  -0.0000486406   0.0018380755  -0.0107964964   0.0011119357  -0.0019675713
 3526  -0.0060748247   0.0102209259   0.0046524605   0.0302369938  -0.0343603702
 3527  -0.0001018704  -0.0072894457   0.0162914866  -0.0071309824  -0.0140876498
 3528  -0.0033034890   0.0003991755   0.1467253268   0.0018694666   0.0089902142
 3529   0.0000017550   0.0000004800  -0.0000201718   0.0000052771  -0.0000529106
 3530   0.0000007280  -0.0000026234  -0.0000264081  -0.0000164336   0.0000629673
 3531  -0.0000494169   0.0000464318  -0.0000088111   0.0000046404   0.0000050617
 3532   0.0000094085   0.0000012894  -0.0000072953  -0.0000028243   0.0000055830
 3533  -0.0000012769   0.0000050247
 36 1  -0.1322935297  -0.0055389990  -0.0247823350   0.0245291424  -0.0051596878
 36 2   0.0027504913  -0.0076665019  -0.0025611246  -0.0335757597  -0.0020746619
 36 3   0.0003797563   0.0005594088  -0.0200629537   0.0000878845  -0.0002926738
 36 4  -0.0311094728   0.0714601019   0.0009785506   0.0002390414   0.0082496849
 36 5   0.0685608320  -0.0003788985  -0.0003799095  -0.1282726250  -0.0001218720
 36 6  -0.0003827885  -0.0113756607  -0.0002744321   0.0001643720  -0.0012728490
 36 7  -0.0000657074   0.0032269547  -0.0598522968   0.0010909547  -0.0125869616
 36 8   0.0013911641   0.0002255206   0.1316248460  -0.0174352252  -0.0020105017
 36 9  -0.0880255294  -0.0444875885  -0.0002897009  -0.0012091550   0.0046035782
 3610   0.0783742750  -0.0047479577   0.0452363669  -0.0021825935   0.0107986739
 3611   0.0006004049   0.0011476633   0.0077969459  -0.0000000993  -0.0005525629
 3612   0.0012005280  -0.0753047371   0.0003288842   0.0000754761  -0.0099826893
 3613  -0.0011863520   0.0173919592  -0.0058219886  -0.0000978646   0.0017175811
 3614   0.1106707705   0.0010900968   0.0194984690   0.0008796446   0.0146869622
 3615  -0.0002388382  -0.0000355914   0.0002611589   0.0376485835  -0.0018683369
 3616   0.0006144636  -0.0001116677  -0.0002981795  -0.0012766329  -0.1257713486
 3617   0.0000432767   0.0073214939   0.0012244547  -0.0014626919   0.0261761486
 3618  -0.1818205230   0.0065124996  -0.0027193099  -0.0017748546   0.0011518122
 3619  -0.0415868457  -0.0001726418   0.0069806295  -0.0067174938  -0.1256384700
 3620  -0.0106187597   0.0201652078  -0.0429599446  -0.0029811207  -0.2105041341
 3621   0.0091711076   0.0002719099  -0.0052708724  -0.0603163203  -0.0070686559
 3622   0.0041024993   0.0014171071  -0.0076878170   0.0005275174  -0.0028890531
 3623   0.0062998184   0.0159203914  -0.0137969353  -0.0570053460  -0.0163084824
 3624   0.0000246591   0.0049476013   0.0056719007   0.0197537610  -0.0000294681
 3625  -0.0000473331  -0.0100281046  -0.0044927880   0.0013400766  -0.0025587254
 3626  -0.0009310965   0.0107178627   0.0033767327   0.0203049445   0.0678217873
 3627   0.0752315148  -0.1363850248   0.2898990499  -0.2261776517  -0.1281712994
 3628  -0.0215403614   0.0079203719  -0.0081143617   0.0310545717  -0.0748616084
 3629   0.0000100339   0.0000002479  -0.0000526846  -0.0000096086   0.0001194718
 3630   0.0000008268  -0.0000013280  -0.0000100231  -0.0000316913   0.0000003004
 3631  -0.0000016960  -0.0000211950  -0.0000157903  -0.0000601910   0.0000074684
 3632   0.0000168974   0.0000073780  -0.0000162175  -0.0000038391   0.0000148514
 3633  -0.0000053886   0.0000137122
 37 1   0.0066921063   0.1282474446   0.0539220092   0.0919647629   0.0317558481
 37 2   0.1679794687  -0.0784493377  -0.0457541320   0.0246924176  -0.0995495484
 37 3  -0.1740447651   0.0234656199  -0.0009969567   0.1255924055   0.0239217237
 37 4  -0.0029107089   0.0051361374  -0.0900576097  -0.1484752396   0.0053400485
 37 5   0.0014488670  -0.1779120444   0.0985735640   0.0004804017  -0.0091204480
 37 6  -0.0635957956  -0.0020886472   0.0293720016  -0.0409910710  -0.0003635313
 37 7  -0.0094279798   0.0043466468  -0.0032339087  -0.0337219312   0.0119631470
 37 8  -0.0040746512  -0.0081678598  -0.0007352009   0.0175899711  -0.0033747837
 37 9  -0.0084310597   0.0043571046   0.0217212868   0.0035716205  -0.0016707850
 3710   0.0004997566   0.0006547809  -0.0023115971   0.0090903759   0.0046359355
 3711  -0.0002316499  -0.0005655400   0.0002358091  -0.0159100180  -0.0001472416
 3712  -0.0007136376   0.0000233738   0.0019100712   0.0165175070  -0.0000478258
 3713   0.0015713344   0.0007391229   0.0023466477  -0.0100957595   0.0038167454
 3714  -0.0000916759  -0.0125491681   0.0026501428  -0.0164087019  -0.0024921598
 3715  -0.0625170919   0.0089829924  -0.0060699232   0.0003668128   0.0028604597
 3716   0.0000335421   0.0000260835  -0.0021666822   0.0019824213   0.0002242638
 3717   0.0003597889   0.0170740203  -0.0000839011  -0.0003986503   0.0001731804
 3718   0.0000757636  -0.0120120622  -0.0114054337  -0.0023482507  -0.0111457991
 3719  -0.0008140930   0.1643903933   0.0016860908   0.0003408836   0.0028996402
 3720  -0.0000058926   0.0042363822  -0.0044763853   0.0031610224   0.0034038020
 3721   0.0122369735  -0.0254648782  -0.0015299400  -0.0010986780  -0.0018860626
 3722   0.0019495432   0.0019739870   0.0000321295  -0.0475761696  -0.0029838152
 3723   0.0099221359  -0.0024415524   0.0029802857  -0.0025837918   0.0016073019
 3724  -0.0000046853  -0.0024742158  -0.0071636674   0.0018786237  -0.0000053772
 3725   0.0000023733  -0.0000129427  -0.0007811259  -0.0107001812   0.0002792850
 3726   0.0034617076   0.0030493473   0.0021513911   0.0012072315   0.0017748233
 3727  -0.0018318729   0.0018108161   0.0013716139   0.0005342533  -0.0002047381
 3728   0.0007137191   0.0002674651   0.0000023568  -0.0000074399  -0.0000236704
 3729   0.0003365845  -0.0127001062   0.0055036185   0.0000129065  -0.0000137577
 3730   0.0941074361   0.0000048479  -0.0000001650   0.0000029099   0.0000008352
 3731   0.0000013837  -0.0000013814   0.0000007171   0.0000012570   0.0000045344
 3732   0.0000003660   0.0000001274   0.0000023655   0.0000059247   0.0000178095
 3733  -0.0000433276   0.0000274305
 38 1  -0.0748822870  -0.0630038355   0.1489777714  -0.0558086230   0.0949833165
 38 2   0.0217731915   0.0135900359   0.0026339947   0.0955344806  -0.0023544272
 38 3  -0.0153394706   0.0009844237   0.0228196759   0.0105656117   0.0019833359
 38 4  -0.0065627895   0.0000274542  -0.0076622753  -0.0124997520   0.0239304972
 38 5   0.0276936372  -0.0152035169   0.0085768029   0.0256005768  -0.0007064261
 38 6  -0.0054927261   0.0074544120   0.0025865517  -0.0036301289  -0.0019916170
 38 7  -0.0023113634  -0.0019821404   0.0363719311   0.0004714344  -0.1423732941
 38 8   0.0489215995   0.0021379869   0.0113222640  -0.2121775555   0.0013760307
 38 9   0.1016722465  -0.0540121450   0.0014199079   0.0002002644   0.0205416027
 3810  -0.0054210427  -0.0004521000   0.0353769250  -0.0005131432  -0.0553839298
 3811   0.0028486553  -0.0000746044  -0.0037782617  -0.0011254613   0.0030974225
 3812  -0.0000681017  -0.0002347395  -0.0207516506   0.0015565452   0.0018258155
 3813   0.0001401699  -0.0074768380  -0.0254759274  -0.0010398616   0.0003168908
 3814   0.0038762476  -0.0008927599   0.0028941951  -0.0013513370  -0.0134743703
 3815  -0.0059906787   0.0007736336  -0.0004889371  -0.0010157005   0.0003014398
 3816   0.0000584914  -0.0000302329   0.0000849511  -0.0001646517  -0.0028010551
 3817   0.0004267966  -0.1924403099  -0.0001644275   0.0007168425   0.0002854793
 3818   0.0000166818   0.1499158996   0.1468087044   0.0239106089   0.1121019830
 3819   0.0020178871   0.0119316773  -0.0110263896  -0.0050670590  -0.0270558480
 3820  -0.0003094670  -0.0416530056   0.0398047183  -0.0283101209  -0.0291461523
 3821  -0.0754714181  -0.0110095396  -0.0377691187   0.0148961207   0.0365815661
 3822  -0.0252718953   0.0112256154  -0.0022836140  -0.0131477500   0.0096121031
 3823  -0.0515810895   0.0202363081  -0.0292239901   0.0262911369  -0.0150931350
 3824   0.0001508251   0.0306568396   0.0894084858  -0.0251529734   0.0000421575
 3825  -0.0000119520  -0.0000883315   0.0106556318   0.1042516438  -0.0023846514
 3826  -0.0392465177  -0.0333631140  -0.0211445865  -0.0146142807  -0.0196401573
 3827   0.0205093248  -0.0202621647  -0.0152760266  -0.0058556477   0.0022208326
 3828  -0.0076698631  -0.0028434892  -0.0000409558   0.0000870163   0.0002527809
 3829  -0.0033162310  -0.0008722849  -0.0448911389  -0.0000089059   0.0001068110
 3830   0.0091876506  -0.0000012326  -0.0000109853  -0.0000525155   0.0000068024
 3831  -0.0000030120   0.0000216085  -0.0000124404  -0.0000254330   0.0000187414
 3832  -0.0000489256  -0.0000850290   0.0000099863  -0.0000273765   0.0002610357
 3833   0.0004141427  -0.0002798652
 39 1  -0.1258839723  -0.0074453530  -0.0333286247   0.0330055260  -0.0069512278
 39 2   0.0037273761   0.0151824501   0.0048701626   0.0673558952   0.0047333330
 39 3  -0.0000067726  -0.0019037890   0.0749106898  -0.0020013307   0.0000700291
 39 4   0.0837184441  -0.0546400460  -0.0004193700   0.0007978779   0.0483784516
 39 5   0.0385274894   0.0004923911  -0.0002219408   0.1522921127   0.0004387972
 39 6  -0.0001711791  -0.0775735836  -0.0001582912   0.0009290486   0.0020929866
 39 7   0.0000226979  -0.0009062427   0.0234691196  -0.0004884309   0.0404855759
 39 8  -0.0191212457   0.0004241547   0.0444751765  -0.1091683816   0.0006000859
 39 9   0.0017521470  -0.0193267183  -0.0000526228   0.0001591816   0.0428215327
 3910  -0.0514193356   0.0011629067  -0.0138134860  -0.0001633848   0.1185934335
 3911   0.0189979929  -0.0001004029   0.0048170850  -0.0004523303   0.0918931223
 3912  -0.0013106813   0.0043896617   0.1613128284  -0.0003533506  -0.0162796291
 3913   0.0000106321   0.0472353882   0.2335774210   0.0003234059  -0.0007541429
 3914  -0.0534409615   0.0005370839   0.1396883937   0.0064017035   0.2145123392
 3915  -0.0040709279   0.0002216532  -0.0005078304  -0.0061838683   0.0005416111
 3916   0.0000397802  -0.0000486635  -0.0000713152  -0.0001313100  -0.0029601078
 3917   0.0006758230  -0.1338070914  -0.0000830030   0.0003271126   0.0000647901
 3918   0.0003381605   0.0464708514  -0.0517748421   0.0069550419  -0.0180589293
 3919  -0.0050466291   0.0011573763  -0.0049995249  -0.0058560367   0.0366915593
 3920   0.0009414332   0.0410436961  -0.0413226668   0.0178825537   0.0158624868
 3921  -0.0214327504  -0.0100099872   0.0812743968  -0.0661900069  -0.0449669158
 3922   0.0852230357   0.0173046539   0.0197891477   0.0111762828  -0.0163840259
 3923   0.0999635386  -0.0639886532   0.0342573595  -0.0129101652  -0.0060379097
 3924  -0.0001188956  -0.0083105893  -0.0169800514  -0.0076326967   0.0000361633
 3925  -0.0000342215  -0.0019373151   0.0252625059  -0.0549154750   0.0062437988
 3926  -0.0595682528  -0.0280397372   0.0015408180   0.0125666871   0.0180963328
 3927   0.0090553685   0.0012931740  -0.0022983418   0.0017297649   0.0006307913
 3928  -0.0108314788   0.0006615383   0.0000614280  -0.0001154983  -0.0003561838
 3929  -0.0017851783   0.0002841019  -0.0511639810  -0.0000125842   0.0001388425
 3930   0.0009290648  -0.0000042459  -0.0000305543  -0.0001070573   0.0000202428
 3931  -0.0000123014   0.0000445674  -0.0000290205  -0.0000685927   0.0000639141
 3932  -0.0001212735  -0.0002184351   0.0000756689   0.0002002450   0.0011405036
 3933  -0.0002203362  -0.0000090195
 40 1   0.0054921574   0.1135413291   0.0276218803   0.0634780168   0.0519874321
 40 2   0.1462516353  -0.0091680847  -0.0106673703   0.0124874306  -0.1435592776
 40 3  -0.0903659466   0.0018081979  -0.0003768770   0.0234365418  -0.0006194526
 40 4  -0.0002860915   0.0021678642   0.0135418700   0.0507805708  -0.0065422755
 40 5  -0.0044309993  -0.0738218192  -0.0289040833  -0.0041355940   0.0528748705
 40 6   0.1177650757   0.0006332313  -0.0592676109   0.1056862496   0.0016621642
 40 7   0.0245680887  -0.0127049618  -0.0004066748   0.2078600329   0.0071458982
 40 8  -0.0034780106   0.1341343004  -0.0027171892   0.0017947255  -0.0139020036
 40 9   0.0033961673  -0.0037842548   0.1059726972   0.0195018095   0.0003754671
 4010   0.0025317062   0.0049912704   0.0118577111   0.1266328992  -0.0043137325
 4011   0.0106719019  -0.0063259862   0.0005279563  -0.1559892897   0.0165854164
 4012  -0.0034188995   0.0005359193   0.0070852657   0.0757923408   0.0001392506
 4013   0.0082957542   0.0038578446   0.0081885844  -0.0173713208   0.0229790051
 4014   0.0013637345  -0.0659018230  -0.0078911835  -0.0041963423   0.0062538831
 4015   0.0354370596  -0.0093328287   0.0241494414  -0.0023611703  -0.0339468740
 4016  -0.0082103710   0.0006821976  -0.0034983384   0.0010877380   0.0003163988
 4017  -0.0057734313   0.0137703098  -0.0000595615  -0.0035494347  -0.0010749198
 4018  -0.0004613106   0.0018376653   0.0056049035  -0.0016296905   0.0016316264
 4019   0.0000595087  -0.0621700503  -0.0040072655  -0.0013372228   0.0002043312
 4020   0.0000305610   0.0004973303  -0.0011208471   0.0005402777  -0.0004080268
 4021  -0.0047229173   0.0311431821   0.0030281538   0.0019142041   0.0004244648
 4022  -0.0024134069  -0.0066734390  -0.0002305471  -0.0186439820  -0.0034798219
 4023   0.0118360918  -0.0024225455   0.0027219982  -0.0027114928   0.0106676537
 4024   0.0000607985   0.0041184447   0.0127008697  -0.0062349310   0.0000131014
 4025  -0.0000065556  -0.0000966968  -0.0012692448   0.0030533169  -0.0006923925
 4026   0.0017337793  -0.0036397625  -0.0013317551  -0.0053092273  -0.0046813594
 4027   0.0085258133  -0.0029237272  -0.0029266738  -0.0008534235   0.0004664775
 4028  -0.0016232216   0.0007154861   0.0000000936  -0.0000040523  -0.0000148542
 4029  -0.0000528603  -0.0000466744  -0.0001074983  -0.0000000148   0.0000004075
 4030  -0.0011008389  -0.0000004511  -0.0000000997   0.0000007455   0.0000006554
 4031  -0.0000005748  -0.0000009828   0.0000005550   0.0000003928   0.0000253578
 4032  -0.0000092558   0.0000010877   0.0000047278   0.0000536753   0.0000004173
 4033   0.0000813335   0.0000008690
 41 1  -0.0614248795  -0.0683634763   0.1285217923  -0.0404312225   0.0930168634
 41 2   0.0218610478   0.0058256171   0.0021353153   0.0373685950  -0.0086863128
 41 3  -0.0063334906   0.0005379965  -0.0440916491   0.0021168211  -0.0003024555
 41 4  -0.0077942339  -0.0397421955   0.0005635268   0.0050441781   0.0691943177
 41 5   0.0612041448  -0.0068787016  -0.0024477199   0.0575280364   0.0048398150
 41 6   0.0105142131   0.0097415971  -0.0052201758   0.0094528541  -0.0016546979
 41 7   0.0024808566  -0.0024323564   0.0226615354   0.0187373382  -0.0432896279
 41 8   0.0029309673   0.0120651109   0.0142983210  -0.0007069473  -0.0015901976
 41 9  -0.0455709822   0.0341082290   0.0097839773   0.0018777362  -0.0040267133
 4110  -0.0184101860   0.0016309312  -0.0404997357   0.0126378716   0.0542447091
 4111  -0.1215171512  -0.0001431604  -0.0153554317  -0.0138615075  -0.1951247980
 4112   0.0021233386  -0.0062500162  -0.0660103948   0.0070640211   0.0034913315
 4113   0.0008162950  -0.0431640500  -0.0838960172  -0.0011331418   0.0017253912
 4114  -0.0032766453  -0.0048236403   0.1207861125   0.0055261974  -0.0432106075
 4115   0.0039102825  -0.0012113053   0.0023987758  -0.0027283383  -0.0028766722
 4116  -0.0005543701   0.0000153677  -0.0002710755  -0.0001461014  -0.0038494079
 4117  -0.0002524223  -0.1537686163  -0.0000936966  -0.0001779757  -0.0002215044
 4118   0.0008562566  -0.0310255230  -0.0783922563   0.0191696166  -0.0097012137
 4119   0.0020955457  -0.0054954141   0.0436626780   0.0156185697  -0.0055983207
 4120   0.0000131505  -0.0122357909   0.0190031800  -0.0132702764  -0.0060326910
 4121  -0.0034540745  -0.0004916267   0.0229473668  -0.0215788441  -0.0192323939
 4122   0.0290971242   0.0781808708   0.0021027745  -0.0076320100   0.0268338618
 4123  -0.0909684294   0.0195028729  -0.0224656619   0.0236520201  -0.1133217261
 4124  -0.0006539402  -0.0482845592  -0.1482418315   0.0711875113  -0.0001630437
 4125   0.0000879384   0.0011231572   0.0136267755  -0.0375826793   0.0078330917
 4126  -0.0201257780   0.0403332957   0.0155766452   0.0599164682   0.0531234901
 4127  -0.0964279930   0.0325127175   0.0331203850   0.0098006234  -0.0050088758
 4128   0.0180798469  -0.0073254941  -0.0000113308   0.0000529144   0.0001705746
 4129   0.0005644790  -0.0000140607   0.0010352528   0.0000003112  -0.0000037763
 4130  -0.0001250176   0.0000001297   0.0000016078  -0.0000038378  -0.0000078632
 4131   0.0000076370   0.0000095015  -0.0000048719  -0.0000039844  -0.0002810481
 4132   0.0001074540  -0.0000107614  -0.0000516658  -0.0005978174  -0.0000065111
 4133  -0.0009468301  -0.0000147079
 42 1  -0.1216915988  -0.0086944888  -0.0389223096   0.0385470471  -0.0081193279
 42 2   0.0043563194   0.0110072550   0.0037068739   0.0498555158   0.0038278666
 42 3   0.0002583075  -0.0014107992   0.0538352822  -0.0016322016   0.0000671225
 42 4   0.0810209524  -0.0643027320  -0.0007736852   0.0005656732   0.0582077072
 42 5   0.0444145181   0.0000231164   0.0000264075   0.1450952477   0.0003443044
 42 6  -0.0003274419  -0.0603644591  -0.0000198776   0.0006169833   0.0012498289
 42 7   0.0005133318  -0.0006963270   0.0178910633  -0.0010045560   0.0138661222
 42 8  -0.0048109712  -0.0000910224   0.0072325907  -0.0156184484   0.0000913013
 42 9  -0.0948498808  -0.0057704815   0.0002681156   0.0003335069   0.0510941574
 4210  -0.0701156651   0.0018915803  -0.0271041665   0.0003651589   0.1493547709
 4211   0.0070391130  -0.0000690746   0.0037486763  -0.0006344799   0.0663258479
 4212  -0.0009544169   0.0034983185   0.1216897481  -0.0003191779  -0.0120192117
 4213   0.0000041954   0.0213681781   0.0892133215   0.0002145302  -0.0002630408
 4214  -0.0194443616   0.0001734078   0.0512801809   0.0024365994   0.0305503382
 4215  -0.0009439502   0.0002293775  -0.0002703046   0.0008480809   0.0001820423
 4216   0.0000110069   0.0000106300   0.0001094259   0.0000279128   0.0012830610
 4217  -0.0001179105   0.0919729053   0.0000729384  -0.0001082182  -0.0001180233
 4218   0.0004056815  -0.0436157235   0.0388156975  -0.0112980100   0.0403243755
 4219   0.0053729591  -0.0005165819   0.0029771045   0.0102552151  -0.0584765401
 4220  -0.0018565067  -0.0617988071   0.0698316234  -0.0278714248  -0.0224629498
 4221   0.0035470218   0.0060498091  -0.1132499775   0.0995466707   0.0668838370
 4222  -0.1419065401  -0.0790520169  -0.0353982927  -0.0069094764   0.0059233936
 4223  -0.0591096337   0.0748138494   0.0032742206  -0.0384730876   0.0752031550
 4224   0.0002471122  -0.0106200926  -0.0426668155   0.0299003709  -0.0000855578
 4225   0.0000639949   0.0029934276  -0.0339146193  -0.0028472036  -0.0033900911
 4226  -0.0060529750  -0.0113081303   0.0148240849   0.0396151849   0.0480155070
 4227  -0.1323794797  -0.0409178584   0.0576927948   0.0518667532   0.0180804225
 4228   0.0372704213   0.1415522719  -0.0001626842   0.0003617904   0.0010299250
 4229  -0.0002579047   0.0000137746  -0.0020563145   0.0000013600  -0.0000193184
 4230   0.0000306193   0.0000032196   0.0000235221   0.0000807264  -0.0000143272
 4231   0.0000085099  -0.0000341866   0.0000235127   0.0000581082   0.0000261142
 4232   0.0001003242  -0.0000454281   0.0000424319  -0.0004825904   0.0006251313
 4233  -0.0012055387   0.0001220083
 43 1  -0.0028495299   0.1263537902   0.0731868194   0.1179026694   0.0698465503
 43 2  -0.0977646560   0.1622833826   0.0219810544  -0.0395747943   0.1033369954
 43 3  -0.0770018872   0.1631981230  -0.0170245525  -0.0698702964   0.0928301041
 43 4   0.0016925842  -0.0068936364  -0.0166729424   0.0057401685   0.0033205556
 43 5  -0.0054863208  -0.0071201121  -0.0068924444  -0.0204928390  -0.0063806672
 43 6   0.0215190281  -0.0363742172   0.0050962449  -0.0190835415  -0.0114588625
 43 7   0.0027403806  -0.0348244635   0.0318735852   0.0040435355  -0.0440154663
 43 8  -0.1172108975  -0.0005597347  -0.0808406112  -0.0047097706   0.0094892018
 43 9   0.0001415603  -0.0458572184  -0.0110354850   0.1102806176   0.0011012672
 4310   0.0600715435   0.0197223816   0.0303544503  -0.0078010438   0.0189390179
 4311  -0.0746591086  -0.0264721974   0.1864623166  -0.0014612169   0.0220456700
 4312   0.0970666951  -0.0464569272  -0.0138668411  -0.0017678442  -0.1172932996
 4313   0.0755452345   0.0079863651   0.0052987902  -0.0000437042   0.0375141877
 4314   0.1654206092   0.0056951033   0.0216555678   0.0001451800   0.0111035754
 4315   0.0001397046   0.0043019406   0.0061637374  -0.0207440599   0.0065581297
 4316  -0.0061492916  -0.0063096747   0.0005073694   0.0025036212   0.1381065911
 4317  -0.0003864256  -0.0033255521   0.0139212195  -0.0005238657   0.0101397021
 4318  -0.0783275048  -0.0013515546  -0.0004355613  -0.0004961617   0.0009451815
 4319   0.0183408136   0.0000203067  -0.0010810801   0.0008474942   0.0231731556
 4320  -0.1421621674  -0.0093255787   0.0077607982   0.0179394275  -0.0191398148
 4321  -0.0007333222   0.0003738867  -0.0096325413  -0.0129808126  -0.0051320507
 4322  -0.0042018152   0.0017776250   0.0018361317   0.0001670477  -0.0015164046
 4323   0.0018645117   0.0056431231   0.0067122080   0.0045469625  -0.0080871925
 4324   0.0865321635   0.0670500801  -0.0332312261  -0.0391345408   0.0212523952
 4325   0.0076914108   0.0314357208   0.0031005807  -0.0002346109  -0.0066360108
 4326  -0.0003845379   0.0010545780   0.0002068786   0.0011003299   0.0031340750
 4327   0.0024667938  -0.0011928009   0.0017911581  -0.0003759556   0.0021246917
 4328   0.0005240177  -0.0006328665  -0.0000520166   0.0000167783   0.0003678625
 4329  -0.0000005616  -0.0000079479  -0.0000534641  -0.0248283540  -0.0303149879
 4330  -0.0000009920   0.0297872543  -0.0414348762  -0.0020539717   0.0076846201
 4331   0.0241507448  -0.0094224072  -0.0046228479  -0.0028710002   0.0000007734
 4332  -0.0000011182   0.0000007532  -0.0000015862  -0.0000015710   0.0000021571
 4333   0.0000000790  -0.0000009186
 44 1   0.0316505893  -0.1210388610  -0.0439509137   0.0316461077   0.0960539269
 44 2   0.0352467422  -0.0691629516   0.0458250889  -0.0811653840  -0.0194911363
 44 3   0.0137604589  -0.0660335360   0.1349148015   0.0696581432  -0.0934115873
 44 4  -0.0096189511   0.0810680400   0.1073000775  -0.0431581708  -0.0395568714
 44 5   0.0609865828   0.0023678509  -0.0195043771   0.0880564165   0.0859886073
 44 6   0.0272321150   0.1385785129   0.0283971617  -0.0634537841   0.0138685162
 44 7   0.0123084115  -0.1651522156   0.0326930813   0.0282999757   0.1069342124
 44 8   0.1360611668  -0.0213498259  -0.0005388050  -0.0191876357   0.0311769870
 44 9  -0.0117886209   0.0415550780  -0.0005738805   0.0694182424   0.0011086079
 4410   0.0344010059   0.0167175097   0.0320062838  -0.0078934533   0.0122273455
 4411  -0.0372304884  -0.0379882267   0.0985704349  -0.0009961099   0.0138528033
 4412   0.0912768691  -0.0272381769  -0.0113625103  -0.0017598477  -0.0742493845
 4413   0.0623798725  -0.0146421157   0.0104155784  -0.0000388657   0.0241695041
 4414   0.0852795372   0.0033848098   0.0089709214  -0.0001143760   0.0020985420
 4415   0.0001225752   0.0011746838   0.0006139566  -0.0586724041   0.0042732365
 4416  -0.0103603608  -0.0728026638  -0.0087878764  -0.0102586243  -0.0164967073
 4417   0.0014109188   0.0030730448  -0.0860907821   0.0069048829  -0.0189465725
 4418   0.0249344421   0.0028767715  -0.0012116956  -0.0002677018   0.0013183651
 4419   0.0462398213   0.0000916932   0.0000312786  -0.0016363947  -0.0461277618
 4420  -0.0219477951   0.0071717385  -0.0306506015  -0.0460665940   0.0327499699
 4421   0.0032942080  -0.0012487205   0.0314745819   0.0433743586   0.0138859222
 4422   0.0163367594   0.0028571966  -0.0161397580   0.0005191924  -0.0032634883
 4423   0.0053461699   0.0182702416   0.0380134138   0.0483429365  -0.0041404100
 4424   0.0541088128   0.0473635952  -0.0195491043  -0.0051009310  -0.0299165206
 4425   0.0132223499  -0.0046083916   0.0042769551  -0.0009275970  -0.0190051103
 4426  -0.0009913669   0.0014156642   0.0004837398   0.0030730822  -0.0025089785
 4427   0.0007848656  -0.0016072749   0.0032355045  -0.0004146540  -0.0011809945
 4428  -0.0003609151  -0.0006707050   0.0000836826  -0.0000410964   0.0002695183
 4429  -0.0000021742  -0.0000019666  -0.0000837915  -0.0186351829  -0.0216075464
 4430   0.0000062409  -0.0500522283   0.0595858855   0.0028674450  -0.0083695512
 4431   0.0074758410  -0.0108401600  -0.0059649499  -0.0045044657  -0.0000110770
 4432  -0.0000187622  -0.0000052408   0.0000070133  -0.0000017306  -0.0000081819
 4433   0.0000005921  -0.0000004605
 45 1  -0.1467845812   0.0046337388   0.0043278597   0.0125465562  -0.0108942269
 45 2   0.0269440443   0.0178385873   0.0445967271  -0.1084296511   0.0109576462
 45 3   0.0046621587   0.0896303289   0.0028257047  -0.0007404295   0.1869933638
 45 4   0.0136949531   0.1611945046   0.0793607932  -0.0288812682  -0.0587248395
 45 5   0.1135937105  -0.0085650799  -0.0289883986  -0.0704782796   0.0698677124
 45 6  -0.0340130736   0.0241325622  -0.0430979020  -0.0566751083  -0.0015005217
 45 7   0.0071288185  -0.0761570670   0.1799411220   0.0227496394   0.0278238198
 45 8  -0.0803574644  -0.0304165678  -0.1249553140  -0.0329325686   0.0294586317
 45 9  -0.0168075859   0.0451280527   0.0244662488  -0.1508841641   0.0061408133
 4510  -0.0032575092  -0.0273889575   0.0066308567   0.0035534410  -0.0042221702
 4511   0.0336738118   0.0035359315  -0.0663783009   0.0010635542  -0.0108704704
 4512  -0.0589885709   0.0240341142   0.0025969441   0.0008035973   0.0553616470
 4513  -0.0415452796  -0.0200894486   0.0029210188   0.0000292027  -0.0235877655
 4514  -0.0826578263  -0.0036418851  -0.0117455257  -0.0001229577  -0.0073306088
 4515  -0.0001036186  -0.0049168705  -0.0108824138  -0.0744453912  -0.0083514584
 4516   0.0244559270   0.0941971781   0.0080500340   0.0059093773  -0.0064688875
 4517   0.0003034316   0.0018566662  -0.0644444407   0.0058706305  -0.0084685333
 4518  -0.0443765922   0.0022675257  -0.0015215491  -0.0008452289   0.0027525819
 4519   0.1077701085   0.0002689322  -0.0025191370   0.0019063662   0.0183433834
 4520  -0.0211885484  -0.0007745017   0.0053350407   0.0126220517  -0.0720355093
 4521   0.0017144168  -0.0001769044  -0.0008856437  -0.0344569714  -0.0080500983
 4522  -0.0144399553  -0.0041137057  -0.0039499700  -0.0002889305   0.0031269050
 4523  -0.0022880586  -0.0071522423   0.0012484285   0.0122644550   0.0075730750
 4524  -0.0387661168  -0.0418353532   0.0203149891   0.0257761660   0.0049995438
 4525   0.0361559654   0.0103669641   0.0082777047  -0.0014639472  -0.0228603748
 4526  -0.0006246025   0.0004193941   0.0002350217   0.0017659535  -0.0072508806
 4527  -0.0032243369   0.0021940973  -0.0040693299   0.0040008090  -0.0022516821
 4528  -0.0008680514   0.0007161790   0.0001626723  -0.0003703803   0.0002950201
 4529   0.0000045497   0.0000009696   0.0000136803   0.0082932118   0.0094269914
 4530  -0.0000013371  -0.0097417763  -0.0033141636  -0.0003206213   0.0064105734
 4531   0.0714810126  -0.0416774692  -0.0230223209  -0.0172863420  -0.0000145530
 4532  -0.0000315466  -0.0000039739  -0.0000032155  -0.0000191696   0.0000006039
 4533  -0.0000031238  -0.0000002358
 46 1  -0.0028478462   0.1218089694   0.0641600515   0.1079241537   0.0746907663
 46 2  -0.0940447057   0.1505791462   0.0307916670  -0.0381196051   0.0997062897
 46 3  -0.0732117273   0.1493555593  -0.0108429223  -0.0564128087   0.0749986751
 46 4  -0.0002951765  -0.0061860370   0.0021637567  -0.0019296599   0.0037459400
 46 5  -0.0042868620  -0.0070186168  -0.0110087722   0.0059274400   0.0088390856
 46 6   0.0256810690   0.0108551736   0.0100749642  -0.0313636145   0.0083218847
 46 7   0.0052366231  -0.0599228823  -0.0442445814   0.0107328976   0.0248742204
 46 8   0.0907257554   0.0000821280   0.0808682334   0.0082448988   0.0135104722
 46 9   0.0012643861   0.0360946893  -0.0105731548   0.1217658176  -0.0003240456
 4610  -0.0607057662   0.0298269349  -0.0357357682  -0.0053164022  -0.0205102805
 4611   0.0789592074  -0.0398936148  -0.2003967774  -0.0000874280  -0.0221534671
 4612   0.1107145707   0.0507916309   0.0158642296  -0.0027281589   0.1292929705
 4613   0.0844505561  -0.0046780035  -0.0071630868   0.0002356610   0.0383493436
 4614  -0.1783225367   0.0030476663  -0.0225607989  -0.0018694329  -0.0112101008
 4615   0.0004783552   0.0047832573   0.0075094195   0.0322359876   0.0049547641
 4616  -0.0080228533  -0.0195451947  -0.0011708525  -0.0012537275  -0.1331091597
 4617  -0.0001977834   0.0027333536  -0.0005312351   0.0018237054  -0.0139077656
 4618   0.0695474466   0.0008149961   0.0006287250   0.0005247236  -0.0011683336
 4619  -0.0260817320  -0.0000911775   0.0010885558  -0.0003962593   0.0012605569
 4620  -0.1458945157  -0.0013239587  -0.0040797962  -0.0074225506   0.0129189152
 4621   0.0001166105  -0.0001002440   0.0033705141   0.0056148378   0.0023801367
 4622   0.0016489657  -0.0018597056   0.0006800720  -0.0002290657   0.0019180442
 4623  -0.0025052146  -0.0082553425  -0.0126000461  -0.0122464080   0.0064236997
 4624   0.0927761415  -0.0769711887   0.0367043788   0.0390237948   0.0145439814
 4625   0.0100411765  -0.0300783300  -0.0039722293   0.0004582012   0.0103320442
 4626   0.0005539262  -0.0012793744  -0.0002941487  -0.0016014643  -0.0026636771
 4627  -0.0025658814   0.0014408993  -0.0023104016   0.0003691002  -0.0019265406
 4628  -0.0004505033   0.0007504500   0.0000326138  -0.0000076307  -0.0004113488
 4629  -0.0000011108  -0.0000084721   0.0000713497  -0.0329515098   0.0287861205
 4630   0.0000017599   0.0263628790   0.0264369577   0.0013996918   0.0238671189
 4631   0.0098086023   0.0080423345   0.0049680977   0.0033963023   0.0000015379
 4632   0.0000050002   0.0000000892   0.0000005089   0.0000018953  -0.0000004607
 4633   0.0000003749   0.0000007785
 47 1   0.0316316466  -0.0699107395   0.0575984530   0.1439033009   0.0415585133
 47 2  -0.0066091123   0.0603367149  -0.0551733863  -0.1074448152   0.0208426734
 47 3  -0.0312132481   0.0897109367   0.1310774829  -0.0845754970   0.1078943586
 47 4  -0.0111287843   0.0916156290  -0.1029821657   0.0434445677  -0.0380645201
 47 5   0.0609936221  -0.0016287104   0.0203091872   0.0912043160  -0.0835167506
 47 6  -0.0221473932   0.1468495015  -0.0273444251   0.0552393632   0.0178861450
 47 7  -0.0116100169   0.1510812623   0.0449674032  -0.0294627281   0.1134741644
 47 8   0.1562410934   0.0292268516   0.0106345323  -0.0191531081  -0.0289670529
 47 9  -0.0113578102   0.0511647547  -0.0012400502  -0.0486633468  -0.0000338647
 4710   0.0218686684  -0.0157765324   0.0276728039   0.0037693179   0.0090215300
 4711  -0.0229193883   0.0352845489   0.0632543422   0.0002625404   0.0082600242
 4712  -0.0727835819  -0.0188567546  -0.0084243466   0.0017184019  -0.0522337279
 4713  -0.0481893818  -0.0154614351   0.0092319497  -0.0000465119  -0.0166824004
 4714   0.0555430546  -0.0014195374   0.0050082481   0.0005587141   0.0001976206
 4715  -0.0000817906  -0.0006425792  -0.0009714527  -0.0541612234   0.0017059456
 4716   0.0082004771   0.0696595530   0.0088926631   0.0102474847  -0.0392589758
 4717  -0.0014957090   0.0030724821   0.0876086670  -0.0062020124   0.0074623973
 4718   0.0520117961   0.0031085545  -0.0011377661  -0.0001759804   0.0011411487
 4719   0.0424479898   0.0000886414   0.0002198622  -0.0017420768  -0.0485622875
 4720  -0.0123635580   0.0082583042  -0.0316470711  -0.0485328843   0.0356690695
 4721   0.0033839406  -0.0012897445   0.0327672769   0.0450713530   0.0146304126
 4722   0.0168514935   0.0024372912  -0.0161844167   0.0004581950  -0.0029064186
 4723   0.0048303759   0.0167966386   0.0359987401   0.0466119675  -0.0017010705
 4724  -0.0369272697   0.0354200478  -0.0133688134   0.0031419735   0.0335596788
 4725  -0.0127237907  -0.0099437751   0.0035272400  -0.0008216621  -0.0172225984
 4726  -0.0009045221   0.0012055442   0.0004342305   0.0028415190  -0.0030604605
 4727   0.0003292826  -0.0013745076   0.0028599728  -0.0003392197  -0.0015567968
 4728  -0.0004475934  -0.0005453388   0.0000891128  -0.0000448580   0.0001980426
 4729  -0.0000036577   0.0000012529  -0.0000717187   0.0160089526  -0.0130912048
 4730  -0.0000042674   0.0679216874   0.0525424481   0.0026505291  -0.0077981415
 4731   0.0044047169  -0.0087834158  -0.0049393416  -0.0038600390  -0.0000106679
 4732  -0.0000175482  -0.0000053600   0.0000073711  -0.0000013906  -0.0000083666
 4733   0.0000009592  -0.0000004552
 48 1  -0.1467973582  -0.0070188444  -0.0151163103  -0.0017481654   0.0085638546
 48 2  -0.0255508766  -0.0588737773  -0.0582957880  -0.0814385966  -0.0246622206
 48 3  -0.0051998099  -0.0888087619   0.0034667284   0.0011237636  -0.1896311212
 48 4   0.0108267602   0.1649294998  -0.0736223133   0.0285358602  -0.0562661131
 48 5   0.1109681513   0.0096581584   0.0308726263  -0.0707636957  -0.0688942380
 48 6   0.0352815212   0.0248772116   0.0425894832   0.0569145110   0.0023138620
 48 7  -0.0083311204   0.0567583362   0.1862651513  -0.0290623137   0.0273107237
 48 8  -0.0796457565   0.0276250821  -0.1259327069  -0.0333139499  -0.0247612392
 48 9  -0.0167021753   0.0447107749  -0.0239463849   0.1526954185   0.0070318293
 4810   0.0019191486   0.0272509085   0.0079912331  -0.0043389073  -0.0036129799
 4811   0.0328596628  -0.0059274328  -0.0670546100  -0.0005016198  -0.0100302944
 4812   0.0590156345   0.0241543012   0.0032732666  -0.0011418259   0.0567845633
 4813   0.0416234782  -0.0188908071   0.0026329696   0.0001155330   0.0224609355
 4814  -0.0824981252   0.0021715594  -0.0115369051  -0.0009297177  -0.0072439905
 4815   0.0003332825   0.0047384993   0.0091630923  -0.0700777882   0.0148384855
 4816  -0.0256603648  -0.0948555116  -0.0078205973  -0.0056526832  -0.0036887753
 4817  -0.0003209828   0.0015524720   0.0649515000  -0.0064073468   0.0191636729
 4818  -0.0314093215   0.0023188647  -0.0015345488  -0.0008402274   0.0027632629
 4819   0.1078508168   0.0002629776  -0.0025515506   0.0018807702   0.0159501982
 4820   0.0237280886   0.0004386885   0.0056849564   0.0126808697  -0.0721871330
 4821   0.0017057415  -0.0001925021  -0.0010254375  -0.0346351587  -0.0081620653
 4822  -0.0145074099  -0.0040281247  -0.0039844941  -0.0002714762   0.0030853747
 4823  -0.0021853100  -0.0069752365   0.0014482117   0.0124223280   0.0066517935
 4824   0.0374660462  -0.0431552419   0.0206882218   0.0258319665  -0.0052669370
 4825  -0.0358826093   0.0115103977   0.0080335567  -0.0014114842  -0.0218324208
 4826  -0.0005957753   0.0003981391   0.0002369214   0.0017764033  -0.0072100563
 4827  -0.0031719281   0.0021646726  -0.0040206476   0.0040207953  -0.0022448895
 4828  -0.0008712261   0.0007094066   0.0001630348  -0.0003711423   0.0002965162
 4829   0.0000048216  -0.0000012427   0.0000143001  -0.0099234431   0.0081401892
 4830   0.0000020447   0.0089502958  -0.0095764459  -0.0006742387  -0.0732774434
 4831  -0.0226878080  -0.0325439905  -0.0209893114  -0.0164484279  -0.0000141179
 4832  -0.0000305680  -0.0000039909  -0.0000032074  -0.0000191997   0.0000005856
 4833  -0.0000031586  -0.0000002192
 49 1  -0.0045508931   0.1074640806   0.0397910451   0.0818168079   0.0964386512
 49 2  -0.1301569267   0.0740782375  -0.0403881822  -0.0204890141   0.0621782724
 49 3  -0.0692832030  -0.0124236940  -0.0093695897  -0.0309704600  -0.2411006374
 49 4   0.0039063160   0.0056408690  -0.0789287805   0.0258875389  -0.0008877494
 49 5  -0.0029106807   0.0158384617   0.0381153332   0.0027475541  -0.0343953029
 49 6   0.0701334690  -0.0031759551   0.0681467861   0.0174903897   0.0040007453
 49 7   0.0035345503  -0.1339630714  -0.0004331594   0.0113646975   0.0019226660
 49 8   0.0052397169  -0.0315574981   0.0024617811   0.0021406337   0.0332206345
 49 9  -0.0008150140  -0.0014814736   0.0409118407  -0.2736370389  -0.0048725802
 4910  -0.0000243893  -0.0691991254   0.0067209101   0.0082217082   0.0014412241
 4911   0.0031018493  -0.2073904012  -0.0064991026   0.0041217962  -0.0056258029
 4912  -0.1156134516  -0.0039318300   0.0023078632   0.0019965115  -0.0302122035
 4913  -0.0738629662   0.0158814790  -0.0045362484  -0.0000812829   0.0895374785
 4914   0.0016674817   0.0081006442   0.0006525462  -0.0010085566   0.0004639526
 4915   0.0001876005   0.0014290617   0.0007020947  -0.0066693169   0.0001845765
 4916   0.0022151863   0.0112659859   0.0005485158   0.0001268374  -0.0073832763
 4917   0.0001330244   0.0002841276  -0.0182279460   0.0018206149  -0.0036547827
 4918  -0.0064754572   0.0001990250   0.0000405950   0.0000517023  -0.0001460130
 4919   0.0026971881   0.0000045972   0.0000363879   0.0003977474   0.0091484598
 4920  -0.0392251225  -0.0006094448   0.0033845148   0.0005041458   0.0166695851
 4921  -0.0007692811   0.0001333588  -0.0018609206   0.0032425057   0.0008396320
 4922   0.0009246439   0.0004513641   0.0030641231   0.0000215361  -0.0004284492
 4923   0.0003254737   0.0004511740  -0.0041619421  -0.0091573584  -0.0018599414
 4924   0.0008897480   0.0016175768   0.0002502109   0.0040503094  -0.0023249457
 4925  -0.0010160403  -0.0006732160   0.0004604169  -0.0000267703  -0.0005732926
 4926   0.0002088988  -0.0001190223  -0.0000810156  -0.0005171569   0.0021868630
 4927   0.0012887328  -0.0010866550   0.0019776633  -0.0006816608  -0.0003383029
 4928  -0.0001226144   0.0000170534  -0.0000445496   0.0001757616   0.0004078173
 4929  -0.0000004738  -0.0000009322   0.0000028888   0.0000753921   0.0000199508
 4930  -0.0000005555  -0.0001886662   0.0000466354   0.0000046829  -0.0000408859
 4931  -0.0000102968  -0.0000179663  -0.0000069442  -0.0000003596  -0.0000002177
 4932  -0.0000003566  -0.0000001833   0.0000007945   0.0000004241  -0.0000005293
 4933   0.0000004781  -0.0000006312
 50 1   0.0507133849  -0.1026906036  -0.0214123521   0.1104027716   0.0656141392
 50 2   0.0141321557   0.0059644411  -0.0045318570  -0.0095540852   0.0039128483
 50 3  -0.0073161563  -0.0028075059   0.0924519612  -0.0045179749  -0.0205782674
 50 4  -0.0632780700  -0.0429824942  -0.0072941424   0.0026749544   0.0246638945
 50 5   0.0156086702   0.0013501235   0.0033316321  -0.0268084233  -0.0032235146
 50 6   0.0060741830   0.0247114988   0.0064987688   0.0021811823  -0.0179448990
 50 7   0.0004529018  -0.0068533247  -0.0863191174   0.0020708636  -0.0184651331
 50 8  -0.0551961877  -0.0044579028  -0.0297127568  -0.0254494504   0.0034968496
 50 9   0.0071022183   0.0336733377   0.0037828000  -0.0235999385   0.0343619860
 5010  -0.0421596198  -0.0051285172  -0.0695315647   0.0041946814  -0.0154521960
 5011  -0.0397199234  -0.0169915624   0.0915856144  -0.0002189930   0.0532973332
 5012  -0.0111877964   0.0412526072  -0.0270172505  -0.0007255570   0.3407664790
 5013  -0.0071053069  -0.1810593347   0.0515695392   0.0000947537   0.0080207161
 5014  -0.0261502185   0.0005656010  -0.0052526076  -0.0003111010  -0.0049892139
 5015   0.0000543667   0.0002635667   0.0009807744   0.0720850253  -0.0032169228
 5016   0.0007114342   0.0014707683   0.0000954166   0.0006139855   0.0802820456
 5017   0.0000112910  -0.0026559450  -0.0023445570   0.0005722114  -0.0075843523
 5018   0.0499261319  -0.0023477723  -0.0005259593  -0.0006201512   0.0016674672
 5019  -0.0309129712  -0.0001060454  -0.0003120608  -0.0043036921  -0.0796199387
 5020  -0.0088024053  -0.0072993577  -0.0416647878  -0.0027058557  -0.1916863211
 5021   0.0088212007  -0.0014187566   0.0209950310  -0.0358332215  -0.0096784846
 5022  -0.0098418035  -0.0047016231  -0.0354305366  -0.0002878141   0.0047523229
 5023  -0.0035438828  -0.0048429932   0.0477078036   0.1046486374   0.0210130468
 5024  -0.0004542586  -0.0184399142  -0.0029117081  -0.0466676972  -0.0001826974
 5025   0.0000264570   0.0078217434  -0.0052994996   0.0004343505   0.0066214252
 5026  -0.0024128472   0.0014068424   0.0009259107   0.0061636558  -0.0255364704
 5027  -0.0148371022   0.0125086382  -0.0228769347   0.0081610082   0.0037227767
 5028   0.0013546099  -0.0001670708   0.0004566289  -0.0018863074  -0.0047734207
 5029  -0.0000020596   0.0000003136  -0.0000251530   0.0000236116  -0.0001676771
 5030   0.0000006478  -0.0000522621  -0.0003039668  -0.0000425082   0.0002250713
 5031  -0.0001599037   0.0002256840   0.0000789731   0.0000008134   0.0000041880
 5032   0.0000069770   0.0000016024  -0.0000085035  -0.0000052650   0.0000074922
 5033  -0.0000031018   0.0000064104
 51 1  -0.1428856165  -0.0023565075  -0.0106055167   0.0105609165  -0.0022527515
 51 2   0.0012809468  -0.0172927641  -0.0060989648  -0.0804685673  -0.0056277747
 51 3  -0.0004581925   0.0004052926   0.0073741917  -0.0003537840  -0.0009738092
 51 4  -0.0070341767   0.1251981821   0.0017706746   0.0001839173  -0.0301309234
 51 5   0.0914513722  -0.0001595922  -0.0002053586  -0.0695536459  -0.0004916484
 51 6  -0.0000275971   0.0221216307   0.0004896829   0.0004952198  -0.0097402696
 51 7  -0.0000594394   0.0010368017  -0.0149955514   0.0004375472  -0.0089440817
 51 8  -0.0139811482  -0.0001350888   0.0670391132   0.0074032582  -0.0004400486
 51 9   0.0040876199  -0.0634059581  -0.0000613608   0.0003816303   0.0006724576
 5110  -0.1115196898   0.0065586852  -0.1481371577   0.0073741708  -0.0440294021
 5111   0.0254549599  -0.0014471961  -0.0509242187  -0.0001222389   0.0380774911
 5112  -0.0010175613   0.0131433237  -0.0575892766   0.0003709456  -0.0744542570
 5113   0.0003424365  -0.1614100290   0.0586041146  -0.0000406388   0.0014404308
 5114   0.1621112515   0.0015314657   0.0188991116   0.0008826226   0.0094314522
 5115  -0.0002015337   0.0003748207   0.0031204006   0.2526796839  -0.0112727268
 5116   0.0019826383   0.0009291739  -0.0003555111  -0.0003442367   0.0228320537
 5117   0.0000454916  -0.0015237688  -0.0009530271   0.0005618658  -0.0115226671
 5118   0.0820296045   0.0004321970  -0.0004164996   0.0000475537   0.0014851203
 5119   0.1032533981   0.0002735054  -0.0031118558   0.0034716300   0.0502934923
 5120   0.0036270459   0.0019059213   0.0180900320  -0.0138538719   0.1493955951
 5121  -0.0056881080   0.0017015914  -0.0301874985  -0.0101421363  -0.0001161007
 5122   0.0041294411  -0.0008956357   0.0076986535  -0.0001509519  -0.0009970119
 5123  -0.0016562110  -0.0010293213  -0.0131407216  -0.0260781505  -0.0045071242
 5124   0.0002240702   0.0084260052  -0.0026716363   0.0053525201   0.0000180647
 5125  -0.0000212601  -0.0034619548   0.0009451248   0.0001119697   0.0028068123
 5126   0.0020528949  -0.0024716905  -0.0017756722  -0.0122888626   0.0307946070
 5127   0.0117824912  -0.0172488063   0.0366896661  -0.0374896761  -0.0077223829
 5128   0.0003914135  -0.0000314754   0.0014295292  -0.0022829617   0.0050848460
 5129   0.0000056637  -0.0000000723  -0.0000047550   0.0000032580  -0.0000415650
 5130  -0.0000000415   0.0000060972   0.0000847693   0.0000228675   0.0002543990
 5131  -0.0001830366   0.0002999320   0.0001696684   0.0002190464   0.0000010077
 5132   0.0000035025   0.0000017246  -0.0000007854   0.0000026749   0.0000009524
 5133   0.0000009973   0.0000015334
 52 1  -0.0046036484   0.0340436826  -0.1058411118  -0.0791313520   0.1749979473
 52 2  -0.0723017255  -0.1190727785   0.1315323748   0.0165747924   0.0328900383
 52 3  -0.1216294609  -0.1355737973  -0.0120952197  -0.0762339744   0.0383237444
 52 4   0.0082005923   0.0047163682  -0.0027170280  -0.0029178750   0.0006176925
 52 5  -0.0022090022  -0.0041032168  -0.0222757064  -0.0005968407   0.0308614151
 52 6  -0.0306510698  -0.0044969846  -0.0075935081  -0.0380593488  -0.0000241737
 52 7   0.0114008744   0.2116530022   0.0244381503   0.0857196792   0.0033714766
 52 8   0.0108823932  -0.0984135678   0.0032436367   0.0049015097  -0.0363524453
 52 9   0.0067614454  -0.0029355546   0.0049470772  -0.0375630011   0.0225791097
 5210   0.0101711895   0.1710286961  -0.0070024136   0.0013714760  -0.0009625167
 5211  -0.0069996754  -0.5716286608   0.0169403589   0.0041729374   0.0050423238
 5212   0.2712083832   0.0009219877  -0.0009617406   0.0073046297   0.0117483112
 5213  -0.1114568895  -0.0033747488   0.0003563568   0.0000776302  -0.1440265180
 5214  -0.0022435420  -0.0149126360  -0.0007889358   0.0027166933  -0.0001074161
 5215  -0.0008371763  -0.0092313163  -0.0103368287   0.0005864350  -0.0074434995
 5216   0.0047611524  -0.0023237573   0.0027078912   0.0031573372  -0.0019801643
 5217  -0.0002401649   0.0000465176  -0.0004892989   0.0004653521  -0.0006755539
 5218  -0.0051209813   0.0000494386  -0.0000025538  -0.0000181290   0.0000005513
 5219   0.0004332035   0.0000016527   0.0000021619   0.0000642146   0.0011869602
 5220   0.0046073522   0.0000844429   0.0007451334   0.0002307873   0.0021224348
 5221  -0.0001195279  -0.0000301777   0.0006763975   0.0025824331   0.0006601299
 5222   0.0007318217   0.0000075789   0.0003521769  -0.0000014418  -0.0000497985
 5223  -0.0001223468   0.0000497103   0.0000762964   0.0001052801   0.0001590641
 5224  -0.0004358133  -0.0003370666  -0.0000766696  -0.0013728272   0.0004180069
 5225   0.0002242927  -0.0000045842  -0.0002119459  -0.0000007619  -0.0001498371
 5226  -0.0001322946   0.0002386581   0.0001081421   0.0006635740  -0.0006749406
 5227   0.0000281917  -0.0002370416   0.0005836485  -0.0004962804  -0.0005827341
 5228  -0.0001198866   0.0000612201  -0.0032062000   0.0623123249   0.0321167626
 5229   0.0000005454   0.0000001163   0.0000047034  -0.0000228222   0.0000013234
 5230  -0.0000000510  -0.0000188081   0.0000012285   0.0000072881   0.0000272569
 5231   0.0000324180   0.0000015129  -0.0000194136   0.0000198184  -0.0000012745
 5232  -0.0000024977  -0.0000006701   0.0000018886   0.0000005393  -0.0000015114
 5233   0.0000004484  -0.0000009913
 53 1   0.0516125043  -0.1094310994  -0.0354539096   0.0974121520   0.0722868565
 53 2   0.0193637154  -0.0102135251   0.0110270194  -0.0020748942   0.0016722363
 53 3  -0.0118060917  -0.0136932701   0.0858513650  -0.0083087982   0.0039282690
 53 4  -0.0919532591  -0.0382536342  -0.0004014531  -0.0000858758  -0.0090447136
 53 5   0.0197032777  -0.0001845797  -0.0017581365   0.0041250071   0.0026124494
 53 6  -0.0026431665   0.0501341569  -0.0001085334  -0.0028586515  -0.0189424624
 53 7   0.0011322131   0.0247610942  -0.1050663263   0.0086449712  -0.0182651109
 53 8  -0.0973418022  -0.0113509493  -0.0504910817  -0.0657288751  -0.0021165024
 53 9  -0.0775775306   0.0275967890   0.0005963409  -0.0032412776  -0.1951391732
 5310  -0.0458631237   0.0254725681   0.0822117827  -0.0037947429   0.0116895059
 5311   0.0596114998  -0.0531448868  -0.1605531497   0.0011057593  -0.0317229630
 5312   0.0245218971  -0.0068561196   0.0125014869   0.0010077252  -0.1342106727
 5313  -0.0095723502   0.0341238781  -0.0032533453  -0.0000305085  -0.0127385180
 5314   0.0380385024  -0.0010203845   0.0035137222   0.0003933346   0.0003021029
 5315  -0.0000690566  -0.0008393630  -0.0010349191  -0.0088953466  -0.0002583615
 5316   0.0003021640  -0.0002204685   0.0003175038   0.0005477300   0.0227368956
 5317  -0.0000355061  -0.0006701967  -0.0003421336   0.0004639612  -0.0076081106
 5318   0.0519304058  -0.0005092032   0.0002126855   0.0002441369  -0.0000918615
 5319  -0.0049100413  -0.0000151609   0.0000078598  -0.0007897070  -0.0164706942
 5320  -0.0009217287   0.0007533173  -0.0081219097  -0.0030726700  -0.0241157304
 5321   0.0012960634   0.0002825650  -0.0075442388  -0.0294818060  -0.0074238532
 5322  -0.0084785905  -0.0002339525  -0.0038688708   0.0000913975   0.0006099217
 5323   0.0015049749  -0.0005953894  -0.0009886964  -0.0015289364  -0.0017366348
 5324   0.0000187533   0.0038877279   0.0009412571   0.0156770173   0.0000061375
 5325   0.0000486537  -0.0000166536   0.0023794738  -0.0002553000   0.0016467170
 5326   0.0014527573  -0.0026412904  -0.0011374985  -0.0073526215   0.0076337255
 5327  -0.0002590470   0.0026671880  -0.0064281926   0.0056356735   0.0065855391
 5328   0.0012903360  -0.0006852174   0.0362322825  -0.7039179491  -0.3628316047
 5329   0.0000099796   0.0000006862  -0.0000695583   0.0000011945  -0.0000412028
 5330   0.0000014248   0.0000016821   0.0000257886  -0.0000846673   0.0000021512
 5331  -0.0000002661  -0.0000498615   0.0002022517  -0.0002156765   0.0000119681
 5332   0.0000234827   0.0000077727  -0.0000232953  -0.0000069866   0.0000176440
 5333  -0.0000081513   0.0000126923
 54 1  -0.1076976204  -0.0128654607  -0.0575961576   0.0570427067  -0.0120160550
 54 2   0.0064493791   0.0155778918   0.0061462775   0.0770660826   0.0070000563
 54 3   0.0020319084   0.0010181946  -0.1052495052   0.0013834393  -0.0000068535
 54 4  -0.1893995100  -0.0648478473  -0.0020258016  -0.0007396438  -0.1057702354
 54 5   0.0426539814  -0.0002081984  -0.0002463859  -0.0898025990   0.0000302827
 54 6   0.0001063161  -0.0368116356  -0.0003671632  -0.0003821934   0.0065472246
 54 7   0.0000698478   0.0037860098  -0.0726552759   0.0012159213   0.0048252563
 54 8   0.0185976676  -0.0000815822  -0.0160647121  -0.0581075481   0.0009081273
 54 9   0.0114917122   0.3825877875   0.0013288133   0.0035137880  -0.0967365114
 5410  -0.3205146948   0.0216668623   0.1242241847  -0.0047402284  -0.0095031646
 5411   0.1191991332   0.0001990398   0.1955080792  -0.0001884588  -0.0488393709
 5412   0.0014786433  -0.0326829896  -0.0438802338   0.0006217668  -0.1860156320
 5413   0.0008682076  -0.0574682602   0.0115374355   0.0001531126  -0.0010430050
 5414  -0.1587673436  -0.0013777148  -0.0214549383  -0.0009343215  -0.0088118047
 5415   0.0001151841   0.0001891935   0.0009418888   0.0650255059  -0.0027970525
 5416   0.0004529579   0.0002512278  -0.0001411519  -0.0001947409   0.0009675235
 5417   0.0000206466  -0.0006086961   0.0001002098  -0.0003776843   0.0066905892
 5418  -0.0462211188   0.0011174587   0.0000071382   0.0000007459  -0.0007470764
 5419  -0.0009292835  -0.0000090381   0.0025471243  -0.0002533792  -0.0099905115
 5420  -0.0015381233   0.0113839367   0.0015868682  -0.0020329375  -0.0055121642
 5421   0.0004607240   0.0003804439  -0.0035879863  -0.0016624608   0.0040833299
 5422   0.0089656030   0.0015588358   0.0008279969   0.0003030844  -0.0026395097
 5423   0.0035838961   0.0128510783   0.0084689240  -0.0037509761  -0.0051406615
 5424  -0.0000514927   0.0003539665   0.0040805454   0.0108627836  -0.0000395511
 5425   0.0000497686   0.0020876935  -0.0019012799   0.0003683791   0.0009160486
 5426  -0.0014585075   0.0040323925   0.0022182154   0.0148523312  -0.0140529596
 5427   0.0032296474   0.0003657526  -0.0033187962   0.0162357003   0.0000490509
 5428  -0.0015014539  -0.0002966077  -0.0051725193   0.1118691737   0.0579348167
 5429  -0.0000022355  -0.0000000163   0.0000159357  -0.0000039013   0.0000483157
 5430  -0.0000001769  -0.0000007281  -0.0000019370   0.0000192731   0.0000075940
 5431  -0.0000044004   0.0000231272  -0.0000318838   0.0000480770  -0.0000032813
 5432  -0.0000061861  -0.0000014832   0.0000052916   0.0000015086  -0.0000039841
 5433   0.0000009709  -0.0000029130
 55 1  -0.0070199487   0.0495894616  -0.0691479140  -0.0373967516   0.1675404905
 55 2  -0.1525485930  -0.1487571868  -0.0810110871   0.0384028132  -0.0865140561
 55 3   0.0602134889   0.2180948630   0.0109454485   0.0043494896  -0.0026818762
 55 4   0.0014439185  -0.0018105419  -0.0129346762   0.0042480778  -0.0098085633
 55 5   0.0045901279   0.0012529734  -0.0055538362   0.0076943893   0.0350525972
 55 6  -0.1037510297   0.0072837292  -0.0672081986   0.0272405140  -0.0025711965
 55 7  -0.0079221698  -0.0327223137  -0.0168216971  -0.0380530443  -0.0020896077
 55 8  -0.0035676738   0.0384149579  -0.0016072043  -0.0028704614  -0.0038767762
 55 9  -0.0014121783   0.0067395557  -0.0123979502   0.1035825382  -0.0051365625
 5510  -0.0111788984  -0.5920867541  -0.0000151612   0.0035545760  -0.0000695099
 5511  -0.0005071459  -0.3655810201  -0.0000615614   0.0055935882  -0.0009915830
 5512  -0.2242601141  -0.0495795047   0.0000657154  -0.0070413610   0.0033550181
 5513   0.1560890933  -0.0000362631  -0.0001225165   0.0000657843  -0.1005955100
 5514  -0.0015236788  -0.0088351807  -0.0004470507   0.0010021220  -0.0001588905
 5515  -0.0001561349  -0.0011849714  -0.0009535338  -0.0014637271  -0.0004337429
 5516   0.0001439745  -0.0005213443   0.0001360813   0.0001804554   0.0001337036
 5517  -0.0000232310   0.0000005506   0.0010366240  -0.0000727116   0.0002146328
 5518  -0.0004280129   0.0000044579   0.0000036913  -0.0000014154  -0.0000046633
 5519  -0.0003631806  -0.0000015907   0.0000359394  -0.0000250190  -0.0004994826
 5520   0.0018723113   0.0003221456  -0.0000544535  -0.0005606749   0.0032674289
 5521  -0.0001276626   0.0001392588  -0.0028022142  -0.0039278429  -0.0007135036
 5522  -0.0001183423  -0.0002018974  -0.0006378324  -0.0000093427   0.0000935916
 5523  -0.0001263928  -0.0000936254   0.0006072946   0.0013018954   0.0002856327
 5524  -0.0002053233  -0.0002704343  -0.0000438907  -0.0007493279   0.0001222062
 5525   0.0001244075   0.0000179910  -0.0001016299  -0.0000060325  -0.0000161444
 5526  -0.0000613065   0.0000946064   0.0000483248   0.0002948358  -0.0003732146
 5527  -0.0000252409  -0.0000847723   0.0002175824  -0.0001486654  -0.0002144145
 5528  -0.0000498942   0.0000013200   0.0358264619  -0.0172481498   0.0371390401
 5529   0.0000002649   0.0000000884   0.0000021160   0.0000099471  -0.0000045780
 5530  -0.0000000108   0.0000079236  -0.0000013319   0.0000010859  -0.0000071972
 5531  -0.0000086746   0.0000026169   0.0000026281   0.0000004068  -0.0000007317
 5532  -0.0000015020  -0.0000003366   0.0000008528   0.0000001258  -0.0000006353
 5533   0.0000000803  -0.0000005060
 56 1   0.0785204100  -0.1160146525  -0.0681476689   0.1372365344   0.0639489119
 56 2   0.0161554468   0.0134577859   0.0019254613   0.1274445808   0.0017374666
 56 3   0.0066401183   0.0193712140  -0.0580512968   0.0012087857  -0.0005452003
 56 4  -0.0181322730   0.0170405611  -0.0003867987   0.0012083698   0.1042203651
 56 5  -0.0502615138  -0.0000286715  -0.0004602483  -0.0962243592   0.0034669866
 56 6  -0.0089559804  -0.0683237905  -0.0070173318   0.0014853242   0.0273653312
 56 7  -0.0011449753  -0.0117980029   0.1607973477  -0.0054032577   0.0161701912
 56 8   0.0316440361   0.0047235112   0.0214653529   0.0353678424  -0.0005542287
 56 9   0.0154344091  -0.0851759714  -0.0013718296   0.0092190736  -0.1313447261
 5610  -0.0709476176  -0.0419787855   0.0056829001   0.0000767456   0.0024170839
 5611  -0.0059219812  -0.0321174551   0.0220060793   0.0004302321  -0.0070259618
 5612  -0.0204372743   0.5388566121  -0.0040464461  -0.0005056284  -0.0353752173
 5613   0.0138598011   0.0023782601   0.0009598364  -0.0000211198  -0.0087078700
 5614   0.0307893540  -0.0005115897   0.0037680211   0.0002580002   0.0020372819
 5615  -0.0000412165  -0.0000732437   0.0001329900   0.0181643122  -0.0008570624
 5616   0.0001607662   0.0000099812  -0.0000222112  -0.0000525088  -0.0028140416
 5617  -0.0000023216  -0.0000293437   0.0000449544   0.0000196231  -0.0005443625
 5618   0.0041107302  -0.0000050366   0.0000398036   0.0000248840   0.0000464436
 5619   0.0039576358   0.0000093573  -0.0003873796   0.0002103654   0.0038006401
 5620   0.0007864322  -0.0030250604   0.0005314300   0.0062612283  -0.0381628868
 5621   0.0014360940  -0.0016193775   0.0317678082   0.0442156858   0.0080776154
 5622   0.0012915640   0.0021729088   0.0071450426   0.0001399141  -0.0010277004
 5623   0.0014558494   0.0010147866  -0.0068452277  -0.0147024184  -0.0031377834
 5624   0.0000576075   0.0030392177   0.0004983151   0.0082340159  -0.0000007121
 5625   0.0000135084  -0.0002720694   0.0011081150  -0.0001027801   0.0001639321
 5626   0.0006606782  -0.0010141895  -0.0004954398  -0.0032528522   0.0044798297
 5627   0.0005057522   0.0006431830  -0.0017056824   0.0011498231   0.0021732610
 5628   0.0004825194   0.0000268498  -0.4228386166   0.2035036347  -0.4381117481
 5629   0.0000081023   0.0000006445  -0.0000356943  -0.0000040782   0.0000624687
 5630   0.0000010363   0.0000007618   0.0000008462  -0.0000171162  -0.0000026683
 5631  -0.0000015673  -0.0000205362  -0.0000301011  -0.0000033880   0.0000071278
 5632   0.0000145423   0.0000038393  -0.0000114331  -0.0000025336   0.0000087970
 5633  -0.0000024892   0.0000068001
 57 1  -0.1209840981  -0.0089304801  -0.0399083481   0.0394513757  -0.0082744160
 57 2   0.0043490271   0.0031954958   0.0015970335   0.0217483870   0.0024218169
 57 3   0.0018824685   0.0026387785  -0.1097359666   0.0017950490  -0.0010558480
 57 4  -0.0098234085   0.1967194998   0.0037420332   0.0006113219   0.0505485569
 57 5   0.0007033315  -0.0001322753  -0.0002859462  -0.0534086298  -0.0001595456
 57 6  -0.0003454226  -0.0050011804  -0.0001417828   0.0001139629   0.0009048471
 57 7  -0.0001175979   0.0009075985  -0.0149383848   0.0005430922  -0.0064126724
 57 8   0.0242218563   0.0010590002   0.1726851413   0.0088195549  -0.0030268424
 57 9  -0.1121127591  -0.2123473775  -0.0010056092  -0.0019363750  -0.3674092217
 5710  -0.0131126788   0.0139124881   0.1673760698  -0.0080167304   0.0508278243
 5711  -0.0503299881   0.0015868576   0.1290324535  -0.0002936087  -0.0070726908
 5712  -0.0006625923   0.2904726199   0.0106569593  -0.0003587183   0.1104614819
 5713   0.0003608110  -0.0155924683   0.0021235890   0.0000782318  -0.0011126697
 5714  -0.0897429215  -0.0008471262  -0.0133414144  -0.0005966062  -0.0083233423
 5715   0.0001317931  -0.0000254568  -0.0003821818  -0.0354673234   0.0016273804
 5716  -0.0003621896  -0.0000315489   0.0001237687   0.0004309470   0.0379722306
 5717  -0.0000144802  -0.0016640034  -0.0002514999   0.0003064605  -0.0052827990
 5718   0.0364264561  -0.0010271593   0.0005480709   0.0003983837  -0.0003952872
 5719   0.0090839088   0.0000344615  -0.0008031081   0.0011403786   0.0192541899
 5720   0.0014333031  -0.0009898804   0.0071601063  -0.0014833901   0.0400417171
 5721  -0.0015231136   0.0000601025  -0.0003457239   0.0088552306   0.0015178741
 5722   0.0001536132   0.0005161713   0.0032209834   0.0000295777  -0.0002103131
 5723   0.0004251874  -0.0003149666  -0.0024270977  -0.0040910129  -0.0009656133
 5724   0.0000473785   0.0019570731   0.0002748335   0.0065170580  -0.0000115227
 5725   0.0000101692   0.0006334308   0.0012978667  -0.0001953694   0.0002641787
 5726   0.0005461948  -0.0014987438  -0.0005377142  -0.0033481160  -0.0021057974
 5727  -0.0046333219   0.0083009432  -0.0174897848   0.0131164960   0.0075027325
 5728   0.0012741544  -0.0005573719   0.3208178804  -0.1525134957   0.3280855255
 5729  -0.0000058581  -0.0000001580   0.0000271994   0.0000024434  -0.0000306254
 5730  -0.0000004381   0.0000004814   0.0000034852   0.0000141291  -0.0000065288
 5731   0.0000062506   0.0000084079   0.0000194070   0.0000022813  -0.0000053610
 5732  -0.0000107055  -0.0000029189   0.0000083418   0.0000019486  -0.0000066384
 5733   0.0000014362  -0.0000049870
 58 1  -0.0069032151   0.0991558717   0.0289732083   0.0710041687   0.1141981431
 58 2  -0.1893346401  -0.0110916129  -0.2044152608   0.0088842473  -0.0449897013
 58 3   0.0636241384  -0.1796791703   0.0016188881   0.0333778744   0.0457667108
 58 4  -0.0024178487   0.0015765971   0.0067449809  -0.0012954016  -0.0040729414
 58 5  -0.0028452032  -0.0005832641  -0.0073760650   0.0143029614   0.0330827956
 58 6  -0.1000341004   0.0079646834  -0.0648702139   0.0342080864  -0.0022945671
 58 7  -0.0104489818  -0.0773660014  -0.0182917359  -0.0579819239  -0.0020850999
 58 8  -0.0038976292   0.0621209178  -0.0051985739  -0.0020288662   0.0026537571
 58 9   0.0014327307   0.0077369141  -0.0084137657   0.0069233604   0.0244095629
 5810   0.0219395452   0.6448657164   0.0003192479  -0.0030199417   0.0001395677
 5811  -0.0008465688  -0.1451259040   0.0028165975   0.0035257649  -0.0025645094
 5812  -0.2728084794   0.0399819572   0.0000183074  -0.0088140523   0.0004022349
 5813   0.1856571469   0.0022415211  -0.0006291046   0.0000617017  -0.1012899163
 5814   0.0046760299  -0.0088240711   0.0004479959   0.0010310302   0.0003805358
 5815  -0.0001798906  -0.0014572172  -0.0014084020  -0.0010039017  -0.0008665455
 5816   0.0005356572  -0.0002230762   0.0001925826   0.0001886215  -0.0019386521
 5817  -0.0000087856   0.0001104714  -0.0003094871   0.0000374975   0.0002110788
 5818  -0.0025640436   0.0000650835  -0.0000367207  -0.0000192614   0.0000169566
 5819  -0.0004774732  -0.0000041640   0.0000549166  -0.0000417726  -0.0005994898
 5820  -0.0013144818   0.0002324408  -0.0001677150  -0.0005186270   0.0028819458
 5821  -0.0001127469   0.0001389554  -0.0027355835  -0.0037591779  -0.0006736384
 5822  -0.0000581618  -0.0001943834  -0.0005906958  -0.0000197901   0.0000790947
 5823  -0.0001778625  -0.0001237022   0.0005104139   0.0011615424   0.0002730617
 5824   0.0002016391  -0.0002714928  -0.0000876242  -0.0008776669  -0.0000114768
 5825  -0.0001303492  -0.0000053816  -0.0000956762   0.0000180889  -0.0000196243
 5826  -0.0000390852   0.0000712509   0.0000205695   0.0001413049  -0.0000279203
 5827   0.0000792947  -0.0001198537   0.0002302321  -0.0001646524  -0.0000357638
 5828  -0.0000003565   0.0000199588   0.0476107609   0.0215302267  -0.0370415321
 5829   0.0000002273   0.0000003763  -0.0000036841  -0.0000120096   0.0000069319
 5830   0.0000002250  -0.0000039996  -0.0000020632  -0.0000021795   0.0000122094
 5831   0.0000066575   0.0000010419  -0.0000018557  -0.0000021288   0.0000007620
 5832   0.0000015245   0.0000004070  -0.0000010882  -0.0000004034   0.0000012289
 5833  -0.0000000665   0.0000008012
 59 1   0.0770078763  -0.1112045275  -0.0574923823   0.1447498716   0.0596841865
 59 2   0.0127004287   0.0240876832  -0.0094193542   0.1176514142   0.0048139174
 59 3   0.0067026443  -0.0158696935  -0.0465139655   0.0035146127   0.0037724462
 59 4   0.0393917204  -0.0221836447  -0.0001673037   0.0003641964   0.0425737289
 59 5   0.0360822354  -0.0004303232  -0.0007503770  -0.1624236359   0.0030031616
 59 6  -0.0081902726  -0.0739225708  -0.0066109330   0.0020294652   0.0268966658
 59 7  -0.0013570539  -0.0142932200   0.1375671566  -0.0065979926   0.0110245440
 59 8   0.0291109343   0.0066428788   0.0631120570   0.0270462644  -0.0006123833
 59 9  -0.0157268613  -0.0871986073  -0.0010441328   0.0001274396  -0.0712601160
 5910  -0.0146851188   0.0615398234   0.0026220610  -0.0003803710   0.0015248535
 5911   0.0026329145  -0.0125053101  -0.0189712198   0.0003557323   0.0068025274
 5912  -0.0235660436  -0.4803152067  -0.0032863783  -0.0007943125   0.0034778556
 5913   0.0164691013  -0.0225811827   0.0066206008   0.0000471077  -0.0091162498
 5914  -0.0394540478  -0.0011201258  -0.0062226284  -0.0001905521  -0.0039723023
 5915   0.0000453262  -0.0000757421   0.0000583771   0.0113373875  -0.0005507884
 5916   0.0000826746   0.0000702594   0.0000375660   0.0001786954   0.0197439352
 5917  -0.0000075365  -0.0011027899  -0.0002442340   0.0002125177  -0.0037544629
 5918   0.0261322019  -0.0006791304   0.0003054208   0.0001838974  -0.0001255717
 5919   0.0053331902   0.0000162824  -0.0005874251   0.0004461896   0.0068080085
 5920   0.0007139685  -0.0030113237   0.0015364830   0.0059595310  -0.0334948720
 5921   0.0013320500  -0.0015606170   0.0307286653   0.0421672272   0.0075526722
 5922   0.0007705994   0.0022687414   0.0066416864   0.0001769625  -0.0009542914
 5923   0.0020048417   0.0014918121  -0.0059308490  -0.0135572954  -0.0032535001
 5924   0.0000891362   0.0031287731   0.0009837885   0.0100579470  -0.0000195443
 5925  -0.0000026876   0.0000098569   0.0010888089  -0.0001169907   0.0002358076
 5926   0.0004632144  -0.0008087983  -0.0002727580  -0.0016808158   0.0007602352
 5927  -0.0005893372   0.0008612619  -0.0016354805   0.0010303057   0.0000404017
 5928  -0.0000328685  -0.0001933539  -0.5258648761  -0.2379486800   0.4093980635
 5929  -0.0000074470   0.0000001761   0.0000465400   0.0000059607  -0.0000881110
 5930  -0.0000003009   0.0000034985   0.0000290532   0.0000257508  -0.0000408798
 5931   0.0000320455  -0.0000220533   0.0000151804   0.0000187377  -0.0000070145
 5932  -0.0000145639  -0.0000050621   0.0000122765   0.0000038403  -0.0000117318
 5933   0.0000028332  -0.0000095165
 60 1  -0.1445442944  -0.0018912507  -0.0084407614   0.0083329946  -0.0017422790
 60 2   0.0009017227  -0.0196721510  -0.0075807524  -0.0938529076  -0.0073615316
 60 3  -0.0006796999  -0.0013649853   0.0754346291  -0.0014641121   0.0013348753
 60 4  -0.1826948098  -0.0120618576   0.0006871370   0.0004016672   0.0768747180
 60 5  -0.0112675052  -0.0002566807  -0.0001668105  -0.1108202253  -0.0000421385
 60 6  -0.0000306602  -0.0108763280  -0.0001530107   0.0001321463  -0.0040315751
 60 7   0.0000318144   0.0056296006  -0.1073034754   0.0016198590  -0.0187839854
 60 8  -0.0241750611  -0.0006410790   0.1054550278  -0.0514691342  -0.0017136868
 60 9  -0.1248574993   0.0958529062   0.0001259407  -0.0015254426   0.3910990249
 6010   0.3188818209  -0.0326072884   0.0655956523  -0.0033904240   0.0101551410
 6011   0.0408776228   0.0000887307   0.0071218703   0.0002211656  -0.0378044199
 6012  -0.0005757770   0.3496237051  -0.0075875297   0.0003433720  -0.1264261275
 6013   0.0011781867  -0.0171448571   0.0069717493   0.0000931634  -0.0012149031
 6014  -0.0985507266  -0.0009278939  -0.0159382824  -0.0007103421  -0.0103182222
 6015   0.0001537725   0.0000594695   0.0001246470   0.0006885483   0.0000656273
 6016  -0.0001395437   0.0001081586   0.0000934433   0.0004635758   0.0488902453
 6017  -0.0000122728  -0.0028454142  -0.0004451111   0.0005004715  -0.0089814890
 6018   0.0623990495  -0.0022114651   0.0007632878   0.0004420544  -0.0002257005
 6019   0.0048759455   0.0000262479  -0.0014395793   0.0010738735   0.0194091393
 6020   0.0017773874  -0.0046212988   0.0060597643   0.0029334760   0.0172613953
 6021  -0.0009200281  -0.0001765127   0.0027795191   0.0080301486   0.0005380873
 6022  -0.0011125189  -0.0006153175  -0.0010789754  -0.0001114610   0.0007940698
 6023  -0.0013643374  -0.0025101848   0.0052525775   0.0149029990   0.0039280460
 6024  -0.0000585590  -0.0031884544  -0.0009584901  -0.0101506358   0.0000150766
 6025  -0.0000040101   0.0010795913  -0.0009129070   0.0000060634  -0.0002199201
 6026  -0.0007769217   0.0005249838   0.0004231131   0.0029420305  -0.0110815363
 6027  -0.0059927132   0.0081656237  -0.0167935976   0.0134117459   0.0049399552
 6028   0.0006094169  -0.0004224433  -0.2826867631  -0.1265347422   0.2173039578
 6029  -0.0000037378  -0.0000002475   0.0000218678   0.0000041549  -0.0000529593
 6030  -0.0000004835   0.0000013810   0.0000108967   0.0000110971  -0.0000062762
 6031   0.0000048774   0.0000007699   0.0000033545   0.0000149705  -0.0000031894
 6032  -0.0000069008  -0.0000023011   0.0000058971   0.0000017517  -0.0000054286
 6033   0.0000016950  -0.0000042530
 61 1  -0.0047374495   0.0102863616  -0.1526829891  -0.1308426885   0.2008593789
 61 2  -0.0568507663  -0.1864111271   0.1857334388   0.0282127699   0.0293405929
 61 3  -0.1770569564  -0.2682582028  -0.0161031589  -0.1536016954   0.1817819251
 61 4   0.0122786633   0.0099824998  -0.0710251785   0.0241363433   0.0053471660
 61 5  -0.0025799671   0.0282741777   0.0624650945  -0.0040260040  -0.0376785982
 61 6   0.0621127731  -0.0052917008   0.0250633865   0.0341987521   0.0035392626
 61 7  -0.0072709397  -0.1586318895  -0.0030378669  -0.0535838402   0.0007962478
 61 8   0.0077109404   0.0543636925   0.0047348090   0.0052911793   0.0176753395
 61 9   0.0072878480   0.0044324968  -0.0024481345   0.0185506079   0.0144753412
 6110  -0.0035175144  -0.0698414461  -0.0056157444  -0.0001020360  -0.0013697808
 6111  -0.0030825370   0.2101918556   0.0180841662  -0.0016092096   0.0015170267
 6112  -0.0967094089  -0.0000602509  -0.0021298535  -0.0023821118   0.0106049776
 6113   0.0332827470  -0.0046726620   0.0005294540  -0.0000455531   0.0426189180
 6114  -0.0077573415   0.0043148724  -0.0006947979  -0.0008204123  -0.0001965744
 6115   0.0002499217   0.0025801553   0.0028510115   0.0026404848   0.0019073728
 6116  -0.0012694514   0.0007445814  -0.0008611293  -0.0010628413  -0.0031099692
 6117   0.0000825622   0.0000720953  -0.0000076101  -0.0002532722   0.0018031092
 6118  -0.0087820443   0.0000749507  -0.0000301547  -0.0000531108   0.0000409703
 6119   0.0009598716   0.0000047840   0.0000125465   0.0001167880   0.0027500612
 6120  -0.0006029952  -0.0001380523   0.0014127307   0.0004689657   0.0049217900
 6121  -0.0002726505  -0.0000482768   0.0013661555   0.0064188598   0.0017608987
 6122   0.0024007620  -0.0000094002   0.0007636106  -0.0000182469  -0.0001783680
 6123  -0.0004381747   0.0003462486   0.0002106220  -0.0001463311   0.0003826863
 6124   0.0000430083  -0.0012181492  -0.0002973873  -0.0055659880  -0.0000586953
 6125  -0.0000783319   0.0000370069  -0.0010080349   0.0000927246  -0.0007399551
 6126  -0.0006331678   0.0013428062   0.0005921242   0.0037841593  -0.0028294561
 6127   0.0010190166  -0.0008547092   0.0014116607   0.0009602048  -0.0004410754
 6128  -0.0002544566  -0.0000973314   0.0023340478  -0.0448858113  -0.0230180864
 6129   0.0000026916  -0.0000009396  -0.0000061437   0.0000077004  -0.0000009576
 6130  -0.0000005612   0.0000037350   0.0000016502  -0.0000050257  -0.0000065766
 6131  -0.0000074966  -0.0000022595   0.0000078309  -0.0000073515   0.0000004634
 6132   0.0000008582   0.0000004596  -0.0000015492  -0.0000004634   0.0000010045
 6133  -0.0000007613   0.0000008717
 62 1   0.0532065318  -0.1120147714  -0.0417470935   0.0949532979   0.0741315153
 62 2   0.0209697501  -0.0145934729   0.0164256300   0.0067124811   0.0020304404
 62 3  -0.0165357570  -0.0253611827   0.0733083078  -0.0149396248   0.0165782084
 62 4  -0.1330321214  -0.0424434229  -0.0066851812   0.0019933707  -0.0617004652
 62 5   0.0201904954   0.0028562491   0.0058243882   0.0470265338  -0.0034988063
 62 6   0.0055060224   0.0580095849   0.0028824678   0.0036487546  -0.0199627875
 62 7  -0.0005407927  -0.0089558569  -0.0899307759  -0.0039615432  -0.0201000996
 62 8  -0.1019416720   0.0021777234  -0.0469876817  -0.0541348562   0.0024980935
 62 9  -0.0818838719  -0.0477180741  -0.0003195081   0.0010372484  -0.1888811550
 6210   0.0130920808   0.0005270531   0.0632643628  -0.0032528968   0.0145946351
 6211   0.0416252121   0.0158039114  -0.2161112615   0.0007060101  -0.0260667250
 6212  -0.0083008085  -0.0004226977   0.0232157103   0.0000848061  -0.1192560259
 6213   0.0031154611   0.0540778627  -0.0066147600  -0.0000857688   0.0040295828
 6214   0.0841188904   0.0010765198   0.0092630850   0.0003297017   0.0023371302
 6215   0.0000056856   0.0001532503  -0.0001430927  -0.0290406575   0.0014636297
 6216  -0.0004127587  -0.0000180743   0.0000709766   0.0003630644   0.0353035810
 6217  -0.0000180487  -0.0009182256  -0.0005210694   0.0007949440  -0.0145634141
 6218   0.1014835108  -0.0008208859   0.0006176430   0.0006703532  -0.0005843769
 6219  -0.0109023267  -0.0000269085  -0.0001166022  -0.0013600896  -0.0305443396
 6220  -0.0025639203   0.0011992862  -0.0159460470  -0.0052478432  -0.0554892915
 6221   0.0029624210   0.0004965762  -0.0153756184  -0.0724892079  -0.0198541027
 6222  -0.0272464443  -0.0000550474  -0.0086547650   0.0003237951   0.0020974609
 6223   0.0051208754  -0.0039888680  -0.0023372867   0.0016868903  -0.0042143565
 6224   0.0001873079   0.0137589735   0.0034315555   0.0628675981  -0.0001483834
 6225   0.0001188622  -0.0004026563   0.0113843706  -0.0014384260   0.0083776921
 6226   0.0071159724  -0.0151578021  -0.0065941117  -0.0427397798   0.0320478684
 6227  -0.0115531232   0.0097534873  -0.0158945417  -0.0108236674   0.0050081423
 6228   0.0027944544   0.0011204464  -0.0263010885   0.5067823457   0.2599300655
 6229  -0.0000066406  -0.0000000583   0.0000447376  -0.0000007264   0.0000170656
 6230  -0.0000004751  -0.0000021660  -0.0000214154   0.0000491804   0.0000021212
 6231   0.0000002615   0.0000363586  -0.0000858523   0.0000904223  -0.0000089644
 6232  -0.0000169013  -0.0000047315   0.0000146942   0.0000040939  -0.0000110018
 6233   0.0000037692  -0.0000075662
 63 1  -0.0965914032  -0.0161800105  -0.0724236791   0.0717163959  -0.0151015052
 63 2   0.0080912054   0.0265049098   0.0102755887   0.1306043812   0.0116589306
 63 3   0.0032814352   0.0016238997  -0.1906172831   0.0029448706  -0.0004096590
 63 4  -0.4708301744  -0.0940501106  -0.0035819350  -0.0029014650  -0.4677645796
 63 5   0.0439619731   0.0009627839   0.0002618883   0.2055842711  -0.0002464038
 63 6  -0.0003506728   0.0107278596   0.0002319983   0.0002696062   0.0007305991
 63 7  -0.0000899466  -0.0037178073   0.0688151630  -0.0008180716  -0.0019498307
 63 8   0.0173807911   0.0006669190   0.0236627425   0.0407304639  -0.0006381993
 63 9   0.0185930868  -0.1145144567  -0.0003988370  -0.0009283958   0.0737046603
 6310   0.0881725549  -0.0077878125  -0.0492436079   0.0020688770  -0.0013690365
 6311  -0.0386563354   0.0005468556  -0.0040434655  -0.0001241266   0.0166065353
 6312  -0.0004007726   0.0055634758   0.0058117016  -0.0001957304   0.0629313315
 6313  -0.0002129598   0.0039348787  -0.0018240837  -0.0000191257   0.0001985580
 6314   0.0176861838   0.0001640836   0.0029440623   0.0001277780   0.0015641497
 6315  -0.0000219400  -0.0000195692  -0.0001119963  -0.0069186093   0.0002869201
 6316  -0.0000261582  -0.0000348554   0.0000009851  -0.0000569343  -0.0082660868
 6317  -0.0000017279   0.0003114582   0.0000850922  -0.0000839888   0.0015688111
 6318  -0.0109385748  -0.0001181749  -0.0001337977  -0.0001612666   0.0003067713
 6319   0.0020271244   0.0000054017  -0.0005827687   0.0003205159   0.0083566838
 6320   0.0008731916  -0.0030684649   0.0027805705   0.0018701572   0.0108589464
 6321  -0.0006625579  -0.0001740737   0.0035144620   0.0138892702   0.0027580043
 6322   0.0032929686  -0.0004438876   0.0010355795  -0.0001433783   0.0002885563
 6323  -0.0018690720  -0.0021357505  -0.0006585767   0.0020745624   0.0022078173
 6324  -0.0000287082  -0.0028301296  -0.0015380369  -0.0139868112   0.0000338777
 6325  -0.0000324832  -0.0003498324  -0.0015931556   0.0001703014  -0.0015665860
 6326  -0.0009072543   0.0016842618   0.0006231747   0.0039269740  -0.0023711291
 6327   0.0011472242  -0.0017966889   0.0036497827  -0.0022416728  -0.0011822556
 6328  -0.0001884292  -0.0000585480   0.0032698349  -0.0737309692  -0.0384362492
 6329   0.0000011607   0.0000001722  -0.0000066654   0.0000008138  -0.0000094277
 6330   0.0000002492  -0.0000001853  -0.0000020708  -0.0000109459  -0.0000072985
 6331   0.0000065542  -0.0000088833   0.0000890532  -0.0000740935   0.0000000267
 6332   0.0000005808   0.0000009964  -0.0000015443  -0.0000005628   0.0000017005
 6333  -0.0000007597   0.0000013314
 64 1  -0.0076176790   0.0280204949  -0.1105258391  -0.0828427527   0.1928201053
 64 2  -0.1518613987  -0.2256849940  -0.0721870283   0.0588748189  -0.1394965192
 64 3   0.1128225250   0.4477138984   0.0227235278   0.0194992972   0.0458933494
 64 4   0.0041931502  -0.0159096307   0.0015295859   0.0010514648  -0.0174000933
 64 5   0.0172859020   0.0065028887   0.0289421005  -0.0083533228  -0.0627135219
 64 6   0.1461803219  -0.0011131425   0.0768324282  -0.0212277601  -0.0000393778
 64 7   0.0055997754   0.0108994768  -0.0048427131   0.0226588035  -0.0004818691
 64 8   0.0008831039  -0.0211678967   0.0093796526  -0.0008701390   0.0026102073
 64 9  -0.0069807902  -0.0080768665   0.0061702243  -0.0489838646  -0.0080834714
 6410   0.0095489870   0.2516985979   0.0090405829  -0.0018108980   0.0026136281
 6411  -0.0020985984   0.1400093195   0.0053873733  -0.0021331656   0.0005614462
 6412   0.0826030297  -0.0133547132   0.0009134193   0.0024014670   0.0082365401
 6413  -0.0522107052  -0.0011702884   0.0000711089  -0.0000250731   0.0301462096
 6414  -0.0080627571   0.0025637274  -0.0010843089  -0.0003370886  -0.0007019728
 6415   0.0000608249   0.0003360110   0.0002263104  -0.0036654972   0.0003197797
 6416  -0.0000908330   0.0001291608  -0.0000324492  -0.0000236264   0.0030759825
 6417   0.0000034241  -0.0001409527  -0.0002900585   0.0000347286  -0.0004058708
 6418   0.0026604198  -0.0001090628   0.0000498831   0.0000276022  -0.0000131721
 6419   0.0006162097   0.0000035935  -0.0000755655   0.0000858470   0.0016564960
 6420  -0.0003339867   0.0000452257   0.0006497729  -0.0008533408   0.0090000032
 6421  -0.0003682935   0.0002107827  -0.0041867956  -0.0047316434  -0.0008916145
 6422  -0.0001303900  -0.0003216556  -0.0007365755  -0.0000227107   0.0001580091
 6423  -0.0003105837  -0.0003652221   0.0008858392   0.0022860634   0.0005723862
 6424   0.0000224489  -0.0004073418  -0.0001692799  -0.0013551383  -0.0000261335
 6425  -0.0000228819   0.0001050269  -0.0000850842  -0.0000242686  -0.0000033339
 6426  -0.0000532958   0.0000066911   0.0000142075   0.0000621315  -0.0007254317
 6427  -0.0005650467   0.0009389374  -0.0019692838   0.0015359405   0.0008545508
 6428   0.0001377766  -0.0000464789  -0.0257487932   0.0123118752  -0.0264380802
 6429   0.0000019861  -0.0000006114  -0.0000034804  -0.0000004965   0.0000026950
 6430  -0.0000003806  -0.0000018092   0.0000006057  -0.0000013487   0.0000008811
 6431   0.0000010087  -0.0000011346  -0.0000017537   0.0000006192   0.0000001721
 6432   0.0000003095   0.0000002233  -0.0000007436  -0.0000002270   0.0000005634
 6433  -0.0000003000   0.0000004729
 65 1   0.0852840964  -0.1198839298  -0.0807633130   0.1423833414   0.0642137666
 65 2   0.0171620815   0.0135054598   0.0052028828   0.1633877288   0.0000122898
 65 3   0.0122743147   0.0407014791  -0.1270549912   0.0039234323   0.0029499381
 65 4  -0.0521318899   0.1751690293   0.0050662412   0.0015625064   0.1873808906
 65 5  -0.1902451567   0.0009950017   0.0027680279   0.0939463932  -0.0049377415
 65 6   0.0121894138  -0.0075234665   0.0062196091  -0.0020015729   0.0068145926
 65 7   0.0003771020  -0.0031960501   0.0725405302   0.0006114764   0.0112294031
 65 8  -0.0043971968  -0.0019103207  -0.1113709692   0.0101892957   0.0021908289
 65 9   0.0829959112   0.0982387859   0.0010360882  -0.0026129237   0.1771399955
 6510  -0.0263064626   0.0161288304  -0.1086744228   0.0051094800  -0.0321727852
 6511   0.0293414747   0.0100964814  -0.0721877511  -0.0000118105   0.0004928632
 6512   0.0065147118   0.1697231312  -0.0099174094   0.0005079922  -0.0983200656
 6513  -0.0042534624   0.0131006972  -0.0009976551  -0.0000825972   0.0032480745
 6514   0.0913716487   0.0010428830   0.0131080627   0.0005646034   0.0081285310
 6515  -0.0001190013   0.0000697363   0.0004906829   0.0430276469  -0.0019548906
 6516   0.0004161380   0.0000802149  -0.0001395059  -0.0004403278  -0.0358367435
 6517   0.0000124334   0.0015653240   0.0001744353  -0.0002667522   0.0045448942
 6518  -0.0311359667   0.0013130683  -0.0003748578  -0.0002661563   0.0000568700
 6519  -0.0072214622  -0.0000305440   0.0009118774  -0.0010353208  -0.0191141300
 6520  -0.0011836261  -0.0007569269  -0.0075733949   0.0101539585  -0.1061170903
 6521   0.0042540655  -0.0025409337   0.0496587078   0.0562083995   0.0106187213
 6522   0.0014535026   0.0037065726   0.0087651537   0.0003464936  -0.0018266681
 6523   0.0038257644   0.0042768406  -0.0104875764  -0.0271006952  -0.0067080765
 6524   0.0001027636   0.0048493806   0.0020590490   0.0160597439  -0.0000304149
 6525   0.0000039572  -0.0012385401   0.0010135111  -0.0000190460   0.0000487785
 6526   0.0005986034  -0.0000805547  -0.0001014895  -0.0007412159   0.0085550549
 6527   0.0065724713  -0.0108897764   0.0230301151  -0.0179162524  -0.0099650115
 6528  -0.0016750073   0.0005582052   0.3042166595  -0.1455044251   0.3123528333
 6529  -0.0000049365   0.0000002694   0.0000221653   0.0000026196  -0.0000332581
 6530   0.0000000911  -0.0000002393  -0.0000014401   0.0000101930   0.0000010382
 6531   0.0000004903   0.0000138274   0.0000203130  -0.0000039890  -0.0000045562
 6532  -0.0000087755  -0.0000025112   0.0000063764   0.0000013228  -0.0000052758
 6533   0.0000004257  -0.0000038636
 66 1  -0.1120479255  -0.0116145147  -0.0518672938   0.0512370079  -0.0107284351
 66 2   0.0055929821   0.0117925935   0.0049143562   0.0665898548   0.0060401632
 66 3   0.0034323960   0.0051239832  -0.2016978694   0.0036779269  -0.0018669589
 66 4  -0.0539902455   0.4070913055   0.0093203182   0.0014352303   0.1606617278
 66 5  -0.1840411483   0.0006270553   0.0001146845   0.1985556526  -0.0003393367
 66 6  -0.0003640453   0.0772805247   0.0012569902   0.0009473861  -0.0271821834
 66 7   0.0003900762   0.0077594769  -0.1396068337   0.0018057191  -0.0140351009
 66 8  -0.0242825487  -0.0010612512   0.0039338301  -0.0266632658  -0.0003000444
 66 9  -0.0321653190   0.0237872583   0.0000522079  -0.0007178844   0.0198665361
 6610   0.0510507142  -0.0033095924   0.0349679348  -0.0017204523   0.0103475808
 6611  -0.0086020725   0.0012365925   0.0189458397  -0.0000441605   0.0024647060
 6612   0.0008298386  -0.2737383167   0.0057928334  -0.0001728388   0.0576814350
 6613  -0.0003520024  -0.0065630875  -0.0000474440   0.0000444713  -0.0002557890
 6614  -0.0540333517  -0.0004713741  -0.0075249150  -0.0003411069  -0.0046154958
 6615   0.0000733678  -0.0000228189  -0.0003191685  -0.0284513796   0.0012960059
 6616  -0.0002706995  -0.0000550189   0.0000858773   0.0002494807   0.0190496821
 6617  -0.0000109907  -0.0007797862  -0.0000880326   0.0001313859  -0.0021167672
 6618   0.0143977266  -0.0006847325   0.0001764685   0.0001213436  -0.0000121844
 6619   0.0034645212   0.0000136717  -0.0004272279   0.0005314986   0.0098621241
 6620   0.0004659584   0.0013999307   0.0041746566  -0.0084004116   0.0773857774
 6621  -0.0030704193   0.0021228623  -0.0416269193  -0.0501611856  -0.0093972851
 6622  -0.0012308368  -0.0031185350  -0.0081503744  -0.0002810278   0.0015393545
 6623  -0.0029890897  -0.0031595958   0.0089521732   0.0222897325   0.0054160617
 6624  -0.0000890099  -0.0041854247  -0.0015775652  -0.0135843878   0.0000224345
 6625  -0.0000077269   0.0007965129  -0.0010778203   0.0000588543  -0.0000728764
 6626  -0.0005980213   0.0004258434   0.0002178401   0.0014445749  -0.0060568779
 6627  -0.0038008433   0.0057849662  -0.0121303667   0.0093337808   0.0050274586
 6628   0.0008473057  -0.0003082039  -0.2316992677   0.1116867392  -0.2378550059
 6629   0.0000043221   0.0000001682  -0.0000196175  -0.0000019801   0.0000253027
 6630   0.0000003747  -0.0000002528  -0.0000017152  -0.0000087810   0.0000021599
 6631  -0.0000026835  -0.0000081794  -0.0000140961  -0.0000007546   0.0000039482
 6632   0.0000079014   0.0000020056  -0.0000059020  -0.0000014351   0.0000047897
 6633  -0.0000007971   0.0000037930
 67 1  -0.0073800573   0.1173736074   0.0662910012   0.1124852845   0.0965573577
 67 2  -0.2174138797   0.0247400412  -0.2955983312   0.0046410956  -0.0600783030
 67 3   0.1158745991  -0.3572624525   0.0035141549   0.0805294255   0.1670979801
 67 4  -0.0137630491  -0.0042433534   0.0695524995  -0.0215596397   0.0046114780
 67 5  -0.0123131450  -0.0072751048  -0.0052047353   0.0168648568  -0.0342165485
 67 6   0.1188595055   0.0019885842   0.0697599925  -0.0412219718  -0.0014295402
 67 7   0.0096841150   0.0694155621   0.0040707871   0.0471693779   0.0012685588
 67 8   0.0006758198  -0.0438838434  -0.0096658974   0.0009751353  -0.0015810546
 67 9   0.0075806920   0.0005280000   0.0041958078  -0.0035700307  -0.0231295261
 6710  -0.0242700179  -0.2724228100  -0.0038038119   0.0013417359  -0.0007027785
 6711  -0.0020291570   0.0625302199   0.0005859222  -0.0014344543   0.0021165424
 6712   0.0970883211   0.0204224477   0.0007400468   0.0028438589   0.0061292025
 6713  -0.0589892052   0.0027690382  -0.0009355320  -0.0000341323   0.0297475442
 6714   0.0089026879   0.0026715916   0.0015238713  -0.0002199099   0.0009803073
 6715   0.0000284250   0.0003931143   0.0003421918  -0.0011554703   0.0002729259
 6716  -0.0001254242   0.0000901787  -0.0000684811  -0.0001071556  -0.0053244304
 6717   0.0000036825   0.0003279572   0.0001094576  -0.0000797104   0.0011211538
 6718  -0.0074114972   0.0002737604  -0.0000938801  -0.0000467617  -0.0000032667
 6719  -0.0013357385  -0.0000066596   0.0002600700  -0.0001584155  -0.0029935680
 6720  -0.0002173255   0.0011299968  -0.0007796125  -0.0012677000   0.0035050466
 6721  -0.0000953918   0.0002833985  -0.0054372401  -0.0082381006  -0.0013927421
 6722  -0.0000727695  -0.0002706435  -0.0011242527  -0.0000161394   0.0000810360
 6723  -0.0000644188   0.0001793719   0.0007458889   0.0010926377   0.0001377139
 6724  -0.0000524759  -0.0002778010   0.0000334823  -0.0006351721  -0.0000035427
 6725   0.0000917204  -0.0000386606  -0.0001769716   0.0000407869  -0.0000414336
 6726  -0.0000960532   0.0002319523   0.0000959994   0.0006496703  -0.0001871100
 6727   0.0004650778  -0.0008862545   0.0018687164  -0.0013001767  -0.0009453032
 6728  -0.0001782774   0.0000373622  -0.0344970140  -0.0155541835   0.0266336397
 6729  -0.0000013759  -0.0000001726   0.0000038097   0.0000057579  -0.0000046476
 6730  -0.0000001573  -0.0000009049   0.0000012688   0.0000017491  -0.0000081391
 6731  -0.0000049338  -0.0000009109   0.0000006113   0.0000004121  -0.0000002571
 6732  -0.0000006046  -0.0000003147   0.0000008738   0.0000002137  -0.0000004917
 6733   0.0000005230  -0.0000006545
 68 1   0.0822539711  -0.1111265784  -0.0611626857   0.1555045823   0.0566071135
 68 2   0.0109601724   0.0325893922  -0.0153826763   0.1442417172   0.0058951242
 68 3   0.0119109818  -0.0308688712  -0.0980576810   0.0086370190   0.0136414592
 68 4   0.1858495382   0.0278663605   0.0050683226  -0.0018513385  -0.0626949396
 68 5   0.1571023739  -0.0011926219  -0.0007841205  -0.1804210789  -0.0034731882
 68 6   0.0112833755  -0.0392762131   0.0060600289  -0.0040948663   0.0096294452
 68 7   0.0006555353   0.0058350390   0.0108074833   0.0045428634  -0.0058539853
 68 8   0.0020041724  -0.0037656220   0.1051476829  -0.0131213169  -0.0017360232
 68 9  -0.0833420679  -0.0062782696   0.0002601014  -0.0015655690   0.1704519903
 6810   0.1690050853  -0.0410917344   0.0381744201  -0.0018524995   0.0064163632
 6811   0.0257290477   0.0062017514  -0.0114587358   0.0000301191  -0.0155822435
 6812   0.0093874395  -0.2153296626  -0.0071685603   0.0004570421  -0.0702628754
 6813  -0.0049221361  -0.0317185796   0.0106806139   0.0000965572   0.0019556295
 6814  -0.1022072488  -0.0006755869  -0.0164326991  -0.0007652590  -0.0108692564
 6815   0.0001684910   0.0001365072   0.0003084838   0.0122679205  -0.0004220590
 6816  -0.0000771365   0.0001871376   0.0000901856   0.0005274873   0.0591320507
 6817  -0.0000181780  -0.0035682710  -0.0006063709   0.0006552792  -0.0118650982
 6818   0.0827230562  -0.0030419478   0.0009008778   0.0004975955   0.0000985889
 6819   0.0148625991   0.0000546569  -0.0028872422   0.0017773703   0.0331096997
 6820   0.0035724850  -0.0124871743   0.0086319124   0.0140585268  -0.0384999911
 6821   0.0010920128  -0.0031021163   0.0599527148   0.0909912984   0.0153461815
 6822   0.0008984286   0.0030879779   0.0123925629   0.0000914564  -0.0009445986
 6823   0.0006483897  -0.0019595593  -0.0082591222  -0.0120275920  -0.0015566583
 6824   0.0000905976   0.0030949628  -0.0004272283   0.0069065282  -0.0000071439
 6825   0.0000130924   0.0004025511   0.0019614217  -0.0002758695   0.0004399209
 6826   0.0010666295  -0.0025817446  -0.0011191910  -0.0072121150   0.0019244071
 6827  -0.0052192821   0.0098742120  -0.0209370782   0.0144863830   0.0105214026
 6828   0.0020194438  -0.0004283628   0.3808296838   0.1717357860  -0.2940689248
 6829   0.0000045879   0.0000006060  -0.0000307656  -0.0000039823   0.0000570439
 6830   0.0000009625  -0.0000028000  -0.0000211507  -0.0000168594   0.0000287691
 6831  -0.0000230518   0.0000156245  -0.0000097190  -0.0000100406   0.0000054042
 6832   0.0000110935   0.0000027617  -0.0000089452  -0.0000029473   0.0000077360
 6833  -0.0000022773   0.0000061413
 69 1  -0.1544542587   0.0010566768   0.0047736376  -0.0047719619   0.0010268785
 69 2  -0.0006065467  -0.0295171205  -0.0118815904  -0.1443841521  -0.0119475826
 69 3  -0.0015709253  -0.0034002588   0.1724454156  -0.0030633787   0.0034384286
 69 4  -0.4597943686  -0.1074849353   0.0015251514   0.0011193594   0.2768191037
 69 5  -0.2393569442   0.0000272724   0.0002645288  -0.0815881520   0.0006759592
 69 6   0.0006549150  -0.0795185035  -0.0010811398  -0.0012343713   0.0296184078
 69 7  -0.0003441132  -0.0074488435   0.1391586581  -0.0014435459   0.0135163763
 69 8   0.0286938484   0.0009309859   0.0367951761   0.0240220498  -0.0005225830
 69 9  -0.0084943477  -0.0619276409  -0.0002101286  -0.0003499223  -0.0467659755
 6910  -0.0042903464   0.0014482866   0.0085578711  -0.0004101511   0.0024487558
 6911   0.0036849111   0.0004683527  -0.0098563319   0.0000308507   0.0003587160
 6912   0.0007239588  -0.2469120363  -0.0021468320   0.0000493278  -0.0130471714
 6913  -0.0001195863  -0.0145396330   0.0046675085   0.0000408585  -0.0001213894
 6914  -0.0393071719  -0.0003343038  -0.0063084044  -0.0002832394  -0.0041895889
 6915   0.0000598452   0.0000376891   0.0001437620   0.0074903685  -0.0002946328
 6916  -0.0000006293   0.0000805364   0.0000299073   0.0002038439   0.0238369564
 6917  -0.0000028463  -0.0014656736  -0.0002543548   0.0002678348  -0.0049249089
 6918   0.0343545222  -0.0012616522   0.0003686116   0.0001961054   0.0000690364
 6919   0.0072073269   0.0000271906  -0.0013094813   0.0007663193   0.0142974359
 6920   0.0016138699  -0.0060509866   0.0034848200   0.0075823417  -0.0279280960
 6921   0.0009211910  -0.0017692772   0.0344047177   0.0508849735   0.0087884363
 6922   0.0007946351   0.0019604951   0.0073460495   0.0000950323  -0.0007346100
 6923   0.0007780629  -0.0004015169  -0.0058520042  -0.0103760806  -0.0018465102
 6924   0.0000657596   0.0025363289   0.0000049796   0.0061947282  -0.0000067260
 6925   0.0000047040  -0.0000931386   0.0012326455  -0.0001471409   0.0002965521
 6926   0.0007279379  -0.0014568506  -0.0006672190  -0.0043406550   0.0034311790
 6927  -0.0013025073   0.0030175888  -0.0064576837   0.0039504419   0.0039216558
 6928   0.0008295993  -0.0001460239   0.2031503955   0.0917375553  -0.1572341885
 6929   0.0000031553  -0.0000000746  -0.0000171712  -0.0000021507   0.0000270939
 6930   0.0000000928  -0.0000006368  -0.0000045211  -0.0000080175   0.0000069329
 6931  -0.0000056185  -0.0000004517  -0.0000077088  -0.0000055447   0.0000028127
 6932   0.0000057624   0.0000018319  -0.0000045080  -0.0000013105   0.0000042526
 6933  -0.0000006811   0.0000034630
 70 1  -0.0001174094   0.0693334484  -0.0466067473  -0.0158402420   0.1203749598
 70 2   0.0248454541   0.0673558449   0.1806453247  -0.0179844109   0.0457366898
 70 3   0.1138403339  -0.0318983819   0.0119732467   0.1849520368   0.0349837838
 70 4  -0.0060412878  -0.0035169856  -0.0362695221   0.0378998080   0.0126253573
 70 5   0.0073778245  -0.0165183538   0.0279362179  -0.0022657160  -0.1517212280
 70 6  -0.0595193836   0.0260372420  -0.0650530075   0.0791390591   0.0011543626
 70 7   0.0032603603  -0.0668959462   0.0025675362   0.0989390296   0.0052087595
 70 8  -0.0012154381  -0.2339735155   0.0059097090   0.0019204736   0.0586251982
 70 9   0.0005664598  -0.0098612651   0.0546705501   0.0622493022   0.0108010658
 7010  -0.0073122329   0.0144564062   0.0018029002  -0.0269237676  -0.0023482055
 7011   0.0127284752   0.0097009159   0.0051190885  -0.0125990509  -0.0101745132
 7012  -0.0393741775  -0.0010676364   0.0031649835  -0.0215829331   0.0038663941
 7013  -0.0316160870   0.0036519874   0.0008588330  -0.0013833113   0.0040910764
 7014   0.0050010721  -0.0140935595   0.0001345698   0.0047162184  -0.0006013844
 7015  -0.0063670805  -0.0889411883  -0.0503210839   0.0047305519   0.0397886063
 7016  -0.1763779353   0.0206189779   0.0055247724   0.0073828889   0.0000059839
 7017   0.0010782633   0.0007368348  -0.0102386428  -0.0087956352   0.0269650744
 7018   0.0145382811   0.0015124336  -0.0002287240  -0.0002168913  -0.0002496211
 7019  -0.0008016572   0.0000146693   0.0019439172   0.0005544223   0.0044942468
 7020  -0.0018369221   0.0065725503   0.0044072875  -0.0048151945  -0.0081600838
 7021   0.0008631468   0.0002944336  -0.0037584280  -0.0010813861   0.0031503843
 7022   0.0113451602  -0.0088414919   0.0018891276  -0.0006915878   0.0086913214
 7023  -0.0033206359  -0.0017182693   0.0021125693  -0.0018163134   0.0004395922
 7024   0.0000705841   0.0007075616  -0.0000704017  -0.0003643085   0.0001188594
 7025  -0.0000488679  -0.0000845914  -0.0006202665  -0.0000206046   0.0001355342
 7026   0.0000543648  -0.0002605783  -0.0001162597  -0.0008448401   0.0013281131
 7027  -0.0005427400   0.0016319525  -0.0023905273  -0.0014089110  -0.0024458106
 7028  -0.0006721997   0.0013096204   0.0000060224  -0.0000382271  -0.0000523893
 7029   0.0000013737  -0.0000016982   0.0000030081   0.0000101486   0.0000061567
 7030  -0.0000005938  -0.0000016716  -0.0001222260   0.0037267893  -0.0023072749
 7031   0.0024047351   0.0048408247  -0.0007140658  -0.0017460518  -0.0001500357
 7032  -0.0003099867   0.0000498573   0.0000461898  -0.0000278784  -0.0000032397
 7033  -0.0000052447  -0.0000010129
 71 1   0.0013826204  -0.0911909270   0.0373936135   0.0361399068   0.0815079875
 71 2   0.0204806906  -0.0293685650   0.0044226949  -0.1635812966  -0.0075901704
 71 3   0.0091610925  -0.0005534680  -0.0320948085   0.0177737263   0.0034549946
 71 4   0.0649524895   0.0648156348  -0.0030620521   0.0016102765  -0.1413594945
 71 5  -0.0803728988  -0.0015854962   0.0014585330   0.0317056845  -0.0132331954
 71 6  -0.0063412551  -0.2745795217  -0.0064194776   0.0087552325   0.0097116193
 71 7   0.0004039664  -0.0028120895  -0.0491375826   0.0093814718  -0.0369891782
 71 8   0.0615826794  -0.0189784401  -0.0476126059  -0.0259126327   0.0052713250
 71 9  -0.0111341813   0.0985090790   0.0047679445   0.0051768415  -0.1208593975
 7110   0.0985600034   0.0004416357  -0.0347852304  -0.0012771727   0.0238967890
 7111  -0.1479190816   0.0011580289  -0.0562510726  -0.0015710792   0.1120899842
 7112  -0.0048900226   0.0105866371  -0.0371239551  -0.0016463031  -0.0465998584
 7113  -0.0026176805  -0.0391761996  -0.0097481200  -0.0001369128   0.0000040481
 7114  -0.0535385153  -0.0018214756  -0.0089650195   0.0000231074   0.0025594509
 7115  -0.0006225679  -0.0076734686  -0.0039960443   0.0168234152   0.0028575745
 7116  -0.0148797273   0.0019612599   0.0005842235   0.0007052733  -0.0035070600
 7117   0.0000717488  -0.0100928781  -0.0008440879  -0.0009451721   0.0070412167
 7118  -0.0335195092  -0.0198773902   0.0033041686   0.0037306458   0.0028494256
 7119   0.0095067443   0.0001382028  -0.0225472970  -0.0067169268  -0.0518772400
 7120   0.0026416165  -0.0763552531  -0.0515378895   0.0564743073   0.0956840110
 7121  -0.0103654671  -0.0035300760   0.0444684606   0.0128050705  -0.0368654950
 7122  -0.1336860184   0.1033949426  -0.0223969435   0.0081375047  -0.1016556131
 7123   0.0385950865   0.0196529831  -0.0249386061   0.0214431475  -0.0048907037
 7124  -0.0003017677  -0.0082819570   0.0006725905   0.0038590668   0.0000201617
 7125   0.0000514676   0.0009490836   0.0073030635   0.0001517806  -0.0015662532
 7126  -0.0005936496   0.0029832168   0.0013512776   0.0096760112  -0.0149683320
 7127   0.0066574791  -0.0192803540   0.0283353274   0.0174594005   0.0282671241
 7128   0.0075175931  -0.0156093484  -0.0000613849   0.0004319715   0.0006083911
 7129  -0.0000104500   0.0000000375  -0.0000411137   0.0000055103  -0.0000635950
 7130   0.0000001512  -0.0000481049   0.0014408761  -0.0435376144   0.0270958422
 7131  -0.0280355635  -0.0566560993   0.0083377359   0.0204440835   0.0017654389
 7132   0.0036502065  -0.0005886084  -0.0005487762   0.0003348890   0.0000378822
 7133   0.0000623260   0.0000123739
 72 1  -0.1138983587  -0.0110160313  -0.0493196468   0.0488488268  -0.0102915328
 72 2   0.0055276619   0.0047738662   0.0017473241   0.0218736860   0.0018569060
 72 3   0.0002500522  -0.0006007187   0.0186679312  -0.0006339854   0.0000427223
 72 4   0.0157544457  -0.0295130472  -0.0004155804   0.0004420793   0.0510535118
 72 5   0.0624354854  -0.0003670883  -0.0001154381  -0.0301062149  -0.0000047452
 72 6   0.0001794066   0.0276755665  -0.0001108384  -0.0005747113  -0.0004806576
 72 7   0.0004647799   0.0028346505  -0.0632997148   0.0011913682  -0.0429108205
 72 8   0.0378959886   0.0000198121  -0.0837996203   0.1162125437  -0.0001904162
 72 9   0.2201190215  -0.0472567495  -0.0001849205  -0.0006125681   0.0039375582
 7210   0.0479812698  -0.0029996652   0.1026627713  -0.0054235904   0.0437072443
 7211  -0.0428856882  -0.0000036367  -0.0412913714   0.0005720519  -0.0742896880
 7212   0.0010186486  -0.0011844151   0.0866834914  -0.0001406608  -0.0287560484
 7213   0.0003103911  -0.0691608693   0.0770592564   0.0001656940  -0.0001291475
 7214  -0.0169995413  -0.0000591564  -0.0153196643  -0.0007507316  -0.0281140232
 7215   0.0003999521   0.0001997045   0.0001364089   0.0107390628  -0.0006076601
 7216  -0.0000131069   0.0001394615   0.0000729839   0.0001520420  -0.0015987408
 7217   0.0000067343   0.0173005839  -0.0000282872  -0.0000702155   0.0018021157
 7218  -0.0134023200   0.0247286506  -0.0104449423  -0.0066306882   0.0062132368
 7219   0.0265053664  -0.0001147487   0.0046724818  -0.0075147465  -0.0965299354
 7220  -0.0024374972  -0.0551271009  -0.0226878376   0.0564789386   0.0333848702
 7221  -0.0018977580   0.0035278135  -0.0716180448   0.0708060549  -0.0175084597
 7222   0.0507171408   0.0010615642   0.0573890163  -0.0016804732   0.0251578295
 7223  -0.0177292369  -0.0655836863  -0.0333426769   0.0572975364   0.0462503733
 7224   0.0002876115  -0.0031788642  -0.0269997197   0.0007348432   0.0000896057
 7225  -0.0000873640  -0.0045719651   0.0424232702  -0.0070654776  -0.0006079917
 7226   0.0215455704  -0.0518361539  -0.0152810048  -0.0899994924   0.0168527977
 7227   0.0156901478  -0.1191207968   0.2111834498   0.3164034707  -0.0317644940
 7228  -0.0750602785  -0.1432558707  -0.0006858965   0.0030566944   0.0047757144
 7229   0.0000074876   0.0000010708  -0.0001988519   0.0000188509  -0.0002350236
 7230   0.0000035418   0.0000073726  -0.0003841619   0.0112932112  -0.0033474430
 7231   0.0036441618   0.0095344652  -0.0025302716  -0.0053077110  -0.0002890766
 7232  -0.0005540186   0.0001247674  -0.0000010812   0.0000792738   0.0000573617
 7233  -0.0000587962   0.0000486711
 73 1  -0.0010848890   0.0819239083  -0.0192767054   0.0148397382   0.1105947600
 73 2  -0.0124296710   0.0791295042   0.1667477381  -0.0207151592   0.0503548049
 73 3   0.0456843306   0.0069429908  -0.0000700902   0.1373893723   0.0100733748
 73 4  -0.0040446911  -0.0146965227   0.1082987573  -0.0348752566   0.0110025898
 73 5   0.0036431259   0.0622002798   0.1288164217  -0.0091274093   0.0128298249
 73 6   0.0509127169   0.0203185892  -0.0386885838   0.1068078717   0.0011976192
 73 7  -0.0259802919   0.0107082000  -0.0010352293  -0.0713580472   0.0107549159
 73 8   0.0001958324  -0.0393493200  -0.0080519059  -0.0135590968  -0.2140413963
 73 9  -0.0107751579  -0.0086133989  -0.0241160613  -0.0605365888  -0.0000689080
 7310  -0.0048752364  -0.0193833312  -0.0110689377   0.0259705036  -0.0045403420
 7311   0.0046397620   0.0053309201   0.0035493643  -0.0083473811   0.0015726965
 7312   0.0549869212   0.0007498620  -0.0049627578  -0.0084086010  -0.0009307393
 7313   0.0971086602   0.0052115939  -0.0055359925  -0.0011998299   0.0685353799
 7314  -0.0075627337   0.0145945564   0.0032937244  -0.0107487235   0.0032703833
 7315   0.0036460577   0.0021655950  -0.0747002286  -0.0063945826  -0.1110706945
 7316   0.1561633945  -0.0173088325  -0.0180803566  -0.0318700470   0.0020759282
 7317   0.0043398543   0.0005849631  -0.0029501895  -0.0185769376   0.0535351573
 7318   0.0218967509   0.0000292725  -0.0002218506   0.0000697581   0.0002753725
 7319   0.0015364503   0.0000184419  -0.0011904582  -0.0005764649  -0.0062473022
 7320  -0.0083279835  -0.0068977379  -0.0053981730   0.0015869714   0.0066213437
 7321  -0.0002950091  -0.0002390350   0.0016932326   0.0013220141  -0.0054720375
 7322  -0.0113478138   0.0054434853   0.0108419255   0.0003651819  -0.0036684220
 7323   0.0021604042   0.0018608561   0.0002709094   0.0028182958   0.0001708411
 7324  -0.0007884009  -0.0010195328  -0.0000056100  -0.0009278185   0.0003724374
 7325   0.0005939568  -0.0000732202   0.0004600100  -0.0000639428  -0.0002984051
 7326   0.0000643449  -0.0002674137  -0.0000344167  -0.0001216690  -0.0015744509
 7327  -0.0003257180  -0.0015449084   0.0027470049   0.0025732147   0.0001555605
 7328  -0.0004121466  -0.0015271627  -0.0000038263  -0.0000370045  -0.0000081931
 7329   0.0000005390  -0.0000005797   0.0000007521   0.0001698588  -0.0002021182
 7330   0.0000011208  -0.0000754216  -0.0000796197  -0.0000517187   0.0030252688
 7331  -0.0023486292   0.0000085596  -0.0029744366  -0.0052817355   0.0000044616
 7332   0.0000099225  -0.0000026711  -0.0000123254  -0.0000201316   0.0000052003
 7333  -0.0000025967   0.0000015435
 74 1   0.0121296098  -0.0933588988   0.0252522400   0.0530593236   0.0776858373
 74 2   0.0188214577  -0.0251654356   0.0033268487  -0.1537479353  -0.0071856009
 74 3   0.0021430779   0.0012791580   0.0492040854   0.0118649870   0.0011322024
 74 4   0.0577156790   0.1012166272   0.0106012937  -0.0039609084  -0.1236054092
 74 5  -0.0333506889   0.0051032791   0.0098614275   0.0889021421   0.0004163776
 74 6   0.0029449220  -0.2260533024  -0.0036539500   0.0113137180  -0.0028369358
 74 7  -0.0020279928   0.0010404114  -0.0020144261  -0.0044670521  -0.1354869709
 74 8   0.0140842164  -0.0039944865   0.0490597814   0.1181120034  -0.0206437419
 74 9   0.1385975514   0.0984832014  -0.0018740293  -0.0055583934   0.0035943222
 7410   0.0150332421  -0.0029954979   0.1243990902  -0.0039685527   0.0459310762
 7411  -0.0406653065   0.0002991369  -0.0557960960  -0.0003370936  -0.0146821460
 7412   0.0052023600  -0.0029749070   0.0552232759  -0.0008894254   0.0090752892
 7413   0.0086051050  -0.0690810816   0.0666107027  -0.0000751036   0.0064494957
 7414   0.0682603728   0.0017154182  -0.0211190674  -0.0020326738  -0.0394120306
 7415   0.0009995014   0.0002399416  -0.0066648241  -0.0244207906  -0.0085623141
 7416   0.0130432745  -0.0015496436  -0.0015163903  -0.0028292112  -0.0152553058
 7417   0.0003596739  -0.0044496811  -0.0002799775  -0.0014098155   0.0014817611
 7418   0.0233756222  -0.0004989931   0.0026035423  -0.0000652491  -0.0031767841
 7419  -0.0175331476  -0.0000460708   0.0141158348   0.0064175371   0.0748268475
 7420  -0.0006512465   0.0762529855   0.0619504082  -0.0150252277  -0.0755697252
 7421   0.0032559689   0.0028161985  -0.0225370694  -0.0129504840   0.0636382230
 7422   0.1357713478  -0.0620120504  -0.1283404314  -0.0041000561   0.0424733472
 7423  -0.0242625788  -0.0204122200  -0.0032652805  -0.0344892589  -0.0022449224
 7424   0.0002701453   0.0111596489   0.0005095432   0.0105038091   0.0000820574
 7425   0.0000241942   0.0006707989  -0.0053320297   0.0006985766   0.0029956557
 7426  -0.0007724736   0.0029836969   0.0003162648   0.0008119732   0.0178070203
 7427   0.0026138201   0.0188046619  -0.0330962511  -0.0308711556  -0.0033887223
 7428   0.0044726717   0.0183717493   0.0000457172   0.0004400914   0.0000856627
 7429  -0.0000049271   0.0000000052  -0.0000093528  -0.0001776521   0.0024923344
 7430   0.0000014431   0.0002083214   0.0010992297   0.0006293098  -0.0333613479
 7431   0.0295226177  -0.0003037902   0.0345398646   0.0614964105  -0.0000500624
 7432  -0.0001111736   0.0000300561   0.0001422456   0.0002338403  -0.0000604384
 7433   0.0000299886  -0.0000179750
 75 1  -0.1222758967  -0.0085044493  -0.0381160866   0.0377942479  -0.0079831409
 75 2   0.0043404709   0.0024134855   0.0016586084   0.0142379638   0.0017930828
 75 3   0.0011257598   0.0005079296  -0.0422569763   0.0006806703   0.0001634844
 75 4   0.0036575887  -0.0436275239  -0.0010149666  -0.0000264242   0.0369524151
 75 5   0.0379034898  -0.0002766536   0.0001197311  -0.0993625738   0.0003989338
 75 6   0.0003679233  -0.0049541445  -0.0005200812  -0.0007817058   0.0089458508
 75 7   0.0003506272   0.0051308702  -0.1017994443   0.0007296221   0.0334438161
 75 8   0.0667372947   0.0011096834  -0.1394885459  -0.0033113000   0.0016245250
 75 9   0.1089174186  -0.0220342137  -0.0001841565  -0.0003632571  -0.0848903848
 7510   0.0903935756  -0.0016769207  -0.0504128825   0.0014771891   0.0339546522
 7511  -0.1813921932   0.0005710864  -0.0429771692  -0.0002831031   0.0518829713
 7512  -0.0011142051   0.0101912048   0.0443402203   0.0000312415  -0.0569286910
 7513  -0.0001166931   0.0346529018   0.0137789093   0.0000747212  -0.0007769040
 7514  -0.0923081894  -0.0009986471  -0.0339004844  -0.0015985520  -0.0334043939
 7515   0.0005592357   0.0001199154   0.0005289782   0.0316278206  -0.0013536533
 7516   0.0000503802   0.0002364716   0.0000036590   0.0001505101   0.0251670368
 7517   0.0000037641  -0.0028334046  -0.0001260557   0.0000125236   0.0001856539
 7518  -0.0018969195   0.0079284074   0.0001311705   0.0011140541  -0.0049869791
 7519   0.0277782897   0.0000106318   0.0223764068  -0.0017147673  -0.0584091445
 7520  -0.0123250695   0.1104803831   0.0358505671  -0.0036892364  -0.0232293898
 7521  -0.0019213113   0.0032950719  -0.0360808053  -0.0070699399   0.0388377467
 7522   0.0488552000   0.0067483414   0.0708940539   0.0006719777  -0.0232866145
 7523   0.0030729747   0.0515238468   0.0128730152  -0.0369973354  -0.0074911487
 7524  -0.0001390349  -0.0116648863  -0.0061885155  -0.0830636804   0.0002197240
 7525  -0.0002370340  -0.0045521047   0.0007337656  -0.0015337420  -0.0057553081
 7526   0.0034104822  -0.0260277785  -0.0154122088  -0.1030058415  -0.0427318046
 7527  -0.1546529554   0.1191726534  -0.1666441337  -0.1512065781  -0.2606402657
 7528  -0.0507310022   0.1107311633   0.0009683976  -0.0054119207  -0.0070795903
 7529  -0.0000137990  -0.0000010107   0.0001947618   0.0000152130  -0.0002098054
 7530  -0.0000034718  -0.0000608269  -0.0004543990   0.0019749842   0.0064052886
 7531  -0.0055568798   0.0019559212  -0.0103676020  -0.0123700639   0.0000405692
 7532   0.0000781794  -0.0000573066   0.0000129076  -0.0000404903  -0.0000451981
 7533   0.0000412017  -0.0000459537
 76 1  -0.0022105565   0.0676852158  -0.0448281157  -0.0128555659   0.1300466729
 76 2  -0.0324545156   0.0320364499   0.1591453040  -0.0141901520   0.0787489725
 76 3  -0.0039621488  -0.0130722649  -0.0047864436   0.1290554393  -0.0350068021
 76 4  -0.0012011084  -0.0158292127   0.1403894632  -0.0405038323   0.0061061330
 76 5  -0.0011353732  -0.0592818068  -0.0809033122  -0.0064620953  -0.1141683295
 76 6   0.0564311149   0.0065182640  -0.0370027171   0.0132498827   0.0009922587
 76 7  -0.0263094004   0.0974780245   0.0021294550  -0.1640094188   0.0079160232
 76 8   0.0012064621   0.2473560972  -0.0096280129  -0.0090738831   0.0444004352
 76 9  -0.0108437048   0.0048529347  -0.0023605466  -0.0958502299  -0.0117245384
 7610   0.0106131163  -0.0274398820   0.0001523242   0.0038333727   0.0016395536
 7611  -0.0078390364  -0.0242929493  -0.0061335078   0.0048792664   0.0083024959
 7612   0.0833922647   0.0006564558  -0.0049640221   0.0061216195  -0.0028044506
 7613   0.0401371653  -0.0231435343   0.0086649115   0.0006360615  -0.0352081612
 7614   0.0067988547   0.0007428480  -0.0008220388  -0.0006467776  -0.0017452210
 7615   0.0023556491   0.0568405458   0.1053183713   0.0007183783   0.1018775553
 7616  -0.0957021112   0.0329946978  -0.0395574966  -0.0486172711  -0.0038650091
 7617   0.0049364798  -0.0000853361  -0.0179940493  -0.0090218151   0.0257133837
 7618   0.0082215692  -0.0005108974   0.0001708779  -0.0000221978  -0.0000733676
 7619  -0.0055614399  -0.0000002135  -0.0002854403   0.0004040977   0.0074494335
 7620   0.0057540299  -0.0028142024   0.0033201773   0.0042764520  -0.0001351782
 7621  -0.0000950223   0.0001172467  -0.0018757966   0.0026101063   0.0007765005
 7622   0.0062183959  -0.0007754874  -0.0090023248   0.0000009882   0.0016737506
 7623   0.0007457594   0.0008478261   0.0033712684   0.0035017257  -0.0006294657
 7624  -0.0005753540   0.0013720251   0.0014390149   0.0108815029   0.0003223204
 7625  -0.0004512763   0.0009465166   0.0009639798  -0.0001099121   0.0013403803
 7626   0.0004480191  -0.0006226924  -0.0000130536   0.0001668256  -0.0007711171
 7627   0.0008605366  -0.0014215508   0.0025796916   0.0021364976  -0.0022338152
 7628  -0.0010273249   0.0000201154   0.0000147179  -0.0001586660  -0.0001455967
 7629   0.0000002355  -0.0000009729   0.0000048449   0.0000169331   0.0000272696
 7630  -0.0000010126  -0.0000433218   0.0000272633  -0.0004931028  -0.0007087864
 7631   0.0006081039  -0.0007820242   0.0060294084  -0.0038690092  -0.0000097900
 7632  -0.0000176693   0.0000020489   0.0000018593   0.0000033257  -0.0000006014
 7633   0.0000005699  -0.0000008917
 77 1   0.0247558103  -0.0983905098   0.0060537575   0.0674803108   0.0758440553
 77 2   0.0189063540  -0.0212227555   0.0045345423  -0.1194244271  -0.0028767400
 77 3  -0.0028449644  -0.0020317841   0.1127887326   0.0094171241  -0.0031524556
 77 4   0.0102296740   0.1062681181   0.0141357026  -0.0035425472  -0.0680510647
 77 5   0.0252398641  -0.0052609581  -0.0078590922   0.0742301397  -0.0107765757
 77 6   0.0039572516  -0.0633412254  -0.0025179357   0.0028621686  -0.0197622653
 77 7  -0.0021946376   0.0083312050   0.0083668152  -0.0129142154  -0.1180279581
 77 8  -0.0528014479   0.0198727492   0.1181825078   0.1223148751   0.0013774980
 77 9   0.1231497926  -0.0367795798  -0.0002109617  -0.0081823306   0.1267905225
 7710  -0.1370336022   0.0002543151   0.0028482348   0.0008031456  -0.0177441849
 7711   0.0898136651  -0.0021827209   0.0721858034   0.0006943931  -0.0873502542
 7712   0.0082391136  -0.0064780180   0.0577867584   0.0003342330   0.0377964115
 7713   0.0030357668   0.2663448444  -0.0997683952  -0.0000023232  -0.0036133717
 7714  -0.0660474057  -0.0004422409   0.0119683951   0.0005394101   0.0233718499
 7715  -0.0001598908   0.0049400037   0.0094357046   0.0374987367   0.0070154773
 7716  -0.0077115108   0.0031657753  -0.0035627302  -0.0040337811   0.0520169207
 7717   0.0004632361   0.0026323404  -0.0020259726  -0.0005871821  -0.0020307729
 7718   0.0310546366   0.0054344670  -0.0019447375   0.0003880560   0.0010156741
 7719   0.0654841724   0.0001278130   0.0031023341  -0.0047881529  -0.0905116476
 7720  -0.0097332719   0.0336340340  -0.0394533787  -0.0513027892   0.0015920852
 7721   0.0011597876  -0.0013992157   0.0224835505  -0.0306950500  -0.0095837739
 7722  -0.0734854002   0.0087042801   0.1050565183  -0.0000144096  -0.0190712001
 7723  -0.0088840147  -0.0109348383  -0.0399972624  -0.0407185711   0.0077466871
 7724   0.0000319042  -0.0155849020  -0.0170866068  -0.1269184969   0.0002840231
 7725  -0.0004851643  -0.0111494853  -0.0110594995   0.0011449406  -0.0156986601
 7726  -0.0051577238   0.0069996486   0.0000832523  -0.0024972345   0.0086817284
 7727  -0.0105876123   0.0166966847  -0.0300284509  -0.0249885403   0.0247852904
 7728   0.0115798863   0.0000182651  -0.0001517291   0.0017079832   0.0015882401
 7729   0.0000030625   0.0000003622  -0.0000616466   0.0000272046  -0.0003124794
 7730   0.0000011793  -0.0000265978  -0.0002539828   0.0057097066   0.0081232247
 7731  -0.0071168753   0.0090479466  -0.0697734744   0.0448029552   0.0001131867
 7732   0.0002041677  -0.0000241136  -0.0000222778  -0.0000382975   0.0000070529
 7733  -0.0000071376   0.0000106222
 78 1  -0.1181315277  -0.0097475376  -0.0436595050   0.0432622041  -0.0091240871
 78 2   0.0049250344   0.0049165010   0.0022142102   0.0248107591   0.0024140421
 78 3   0.0009008223   0.0000675804  -0.0246545764   0.0001635816   0.0000197930
 78 4  -0.0214013723  -0.0335081761  -0.0006301741   0.0002807924   0.0523743666
 78 5   0.0593889088  -0.0003356109   0.0000873006  -0.1204740150   0.0002037075
 78 6   0.0004928177   0.0400238027  -0.0001886776  -0.0008011121   0.0033370641
 78 7   0.0002371950   0.0050911711  -0.0975420196   0.0006415895   0.0368893803
 78 8   0.0406777728   0.0008513772  -0.0951698179  -0.0140096252   0.0014897160
 78 9   0.0873316500  -0.0325053918  -0.0001058099  -0.0000280273  -0.0466539931
 7810   0.0196995147   0.0008610793  -0.1030735856   0.0043398512   0.0048679003
 7811  -0.1482471567   0.0005896708   0.0057918482  -0.0004158165   0.0482688791
 7812  -0.0010688305   0.0098192739   0.0469369665  -0.0000590096  -0.0337957778
 7813  -0.0004253673   0.1860625001  -0.0558192756  -0.0000281059  -0.0008108693
 7814  -0.0922166049  -0.0009320444  -0.0153527893  -0.0007378431  -0.0136592144
 7815   0.0002369651   0.0000961528   0.0003715107   0.0233264954  -0.0009916037
 7816   0.0001124474   0.0002631840   0.0000195433   0.0001758462   0.0285676667
 7817  -0.0000233820  -0.0110599569  -0.0004600100   0.0003412078  -0.0063553038
 7818   0.0450722609  -0.0134082094   0.0010617821  -0.0013789908   0.0044340826
 7819   0.0419502493   0.0001138713  -0.0057596437   0.0010398828  -0.0128287153
 7820   0.0007742550  -0.0148320397  -0.0110586105   0.0055941151  -0.0544123893
 7821   0.0037626532   0.0030599818  -0.0464731383  -0.0127229928   0.0187094059
 7822   0.1052433054  -0.0056241785  -0.0752732503   0.0002090294  -0.0030735901
 7823   0.0035842373   0.0571421271   0.0197192619  -0.0753605767  -0.0253197252
 7824  -0.0005739816  -0.0214941903   0.0107066058  -0.0861197921   0.0003160616
 7825  -0.0000765150  -0.0009481945  -0.0344952787   0.0067917215  -0.0115585831
 7826  -0.0130466371   0.0459886149   0.0123826929   0.0704625214   0.1529190219
 7827   0.1350281166  -0.0319717358   0.0109342677  -0.0125255486   0.3304657819
 7828   0.0982196214  -0.0679640309  -0.0014101036   0.0088303863   0.0102354914
 7829   0.0000161494   0.0000009818  -0.0001808284   0.0000032714  -0.0000357582
 7830   0.0000030704   0.0000123219   0.0000953032  -0.0013482217  -0.0029274958
 7831   0.0026033389  -0.0013063447   0.0136668596  -0.0050195765  -0.0000230541
 7832  -0.0000352735   0.0000392492  -0.0000502055  -0.0000118909   0.0000533253
 7833  -0.0000364637   0.0000460299
 79 1   0.0068857850   0.1594462370   0.1153927447   0.1598168999  -0.0022740424
 79 2   0.1481921128  -0.1981272318   0.0420907446   0.0277914382   0.0593559411
 79 3   0.0728025751  -0.0144163466  -0.0005563594  -0.0720979267  -0.0194665369
 79 4   0.0021227923  -0.0054932288   0.1047478761   0.1239507198  -0.0072998467
 79 5  -0.0033303174  -0.1727252738   0.0995672615  -0.0015302928  -0.0040917088
 79 6  -0.0588678609  -0.0023305797   0.0263537947  -0.0337184178  -0.0002110812
 79 7   0.0416164224   0.0095794789  -0.0031185833  -0.0814865668   0.0134328277
 79 8  -0.0047901194  -0.0332466299   0.0010674544   0.0188567250   0.0038317476
 79 9  -0.0084815455   0.0068384520  -0.0053344516  -0.0004131902  -0.0039763221
 7910   0.0019922495   0.0000300262  -0.0057959587   0.0002822861   0.0075192523
 7911  -0.0023080510   0.0001741685   0.0004952706   0.0030343672  -0.0069694963
 7912   0.0001781223  -0.0002122306   0.0007102013  -0.0005819635  -0.0000233639
 7913   0.0000154945  -0.0011210056  -0.0009014508  -0.0035470527   0.0003439554
 7914  -0.0000896266  -0.0012093033   0.0026803639  -0.0055066721  -0.0018143896
 7915  -0.0561571296   0.0116408327  -0.0125787336   0.0006831059   0.0103635613
 7916   0.0009147606  -0.0002340826   0.0070538262  -0.0046919218  -0.0002019278
 7917   0.0055344925  -0.0166802008   0.0002970763   0.0030203370   0.0003307175
 7918   0.0000661132   0.0118932821   0.0108489835   0.0011020378   0.0011641351
 7919   0.0005358678  -0.1363303718  -0.0019073499  -0.0004243384   0.0005820420
 7920  -0.0000096311   0.0013670622  -0.0012546005   0.0015563841   0.0022858477
 7921   0.0114837692  -0.0863080789  -0.0140191249  -0.0002825875   0.0043107370
 7922  -0.0005915666  -0.0021229902   0.0002668937   0.0467828720   0.0020981397
 7923  -0.0039187033  -0.0002360945   0.0006877962  -0.0006680195   0.0007688695
 7924  -0.0000160202  -0.0014232183  -0.0047268168   0.0026281627  -0.0000140161
 7925   0.0000132058   0.0002472162  -0.0024453365   0.0146334376  -0.0008120426
 7926   0.0006640734  -0.0001909911   0.0021536900  -0.0029461816  -0.0010732553
 7927   0.0012823601  -0.0007571706  -0.0005049147  -0.0000467435   0.0000791762
 7928  -0.0003645827   0.0001480488  -0.0000006346  -0.0000031873  -0.0000136359
 7929  -0.0045585605   0.0946405996   0.0009144296  -0.0000176078  -0.0000027612
 7930   0.0139381797   0.0000034921  -0.0000010231  -0.0000032766   0.0000004774
 7931   0.0000019364   0.0000017203  -0.0000011134  -0.0000018879  -0.0000016889
 7932  -0.0000003925   0.0000024272  -0.0000019636   0.0000302117  -0.0000059520
 7933  -0.0000905032  -0.0000966384
 80 1  -0.0771761946  -0.0595128077   0.1575831830  -0.0527688378   0.0925707768
 80 2   0.0196478984   0.0056790082   0.0110784495   0.1061195797   0.0118453707
 80 3   0.0060276252  -0.0026900921   0.0391350661  -0.0070866488  -0.0018292772
 80 4   0.0002551816   0.0106199547   0.0100477543   0.0118517124  -0.0073627366
 80 5  -0.0042130472  -0.0147246173   0.0087439677  -0.0048657792  -0.0003948722
 80 6  -0.0051412415   0.0212972250   0.0024029546  -0.0032454762  -0.0024323918
 80 7   0.0016831796  -0.0016254275   0.0358158606  -0.0030487942  -0.1721800519
 80 8   0.0644502524   0.0003849628  -0.0038924962  -0.2308251086   0.0023819473
 80 9   0.1059860078  -0.0790128624  -0.0012396822  -0.0001646524   0.0436745232
 8010  -0.0205884704  -0.0005833365   0.0659807107  -0.0024079566  -0.0888126925
 8011   0.0276651522  -0.0001163038  -0.0049197792   0.0007130540   0.0783630876
 8012  -0.0009182905   0.0024154262  -0.0099611344  -0.0000613642   0.0003828137
 8013  -0.0000466841   0.0120423522   0.0062646540  -0.0005162963   0.0000415198
 8014   0.0025519954  -0.0001241478  -0.0241819600  -0.0018786752  -0.0194061501
 8015  -0.0055737361   0.0012442377  -0.0012768792   0.0021618287   0.0008932887
 8016   0.0000175695   0.0000110666   0.0005694704  -0.0002354234   0.0030072386
 8017  -0.0000073130   0.1873104045   0.0001817543  -0.0005019239  -0.0002844499
 8018   0.0001881625  -0.1322760710  -0.1216075441  -0.0117360447  -0.0136706637
 8019  -0.0010994907  -0.0110270583   0.0065896350   0.0016326052   0.0094154251
 8020   0.0000831596   0.0146810917  -0.0135584567   0.0095129017   0.0097427320
 8021   0.0431243489   0.0035899046   0.0008683951   0.0045751019  -0.0094456761
 8022  -0.0006498131   0.0109261919  -0.0022120926   0.0052169251   0.0052957282
 8023  -0.0514731544   0.0204271089  -0.0246369164   0.0210885881  -0.0203547374
 8024   0.0000412985   0.0202234310   0.0647280998  -0.0320192028   0.0000967464
 8025  -0.0000690559  -0.0027930766   0.0281195405  -0.1572135850   0.0088748017
 8026  -0.0061187681   0.0020124331  -0.0266854482   0.0328735552   0.0105570659
 8027  -0.0130743101   0.0085181905   0.0051381298   0.0000444716  -0.0009405216
 8028   0.0040354876  -0.0023395283  -0.0000235407   0.0000413280   0.0001355404
 8029   0.0500566391   0.0086464415  -0.0014960081  -0.0000014610  -0.0000031315
 8030   0.0012773225   0.0000008945   0.0000037511   0.0000380579   0.0000066057
 8031  -0.0000070321  -0.0000204856   0.0000106833   0.0000158029   0.0000267614
 8032   0.0000089920  -0.0000318887   0.0000217399  -0.0002196879   0.0000745957
 8033   0.0006540698   0.0011307843
 81 1  -0.1404274368  -0.0031135253  -0.0139264084   0.0137800399  -0.0028966170
 81 2   0.0015389760   0.0321385586   0.0084852034   0.1308149258   0.0052601401
 81 3  -0.0038912537  -0.0036028207   0.1686440136  -0.0018329752   0.0004798779
 81 4   0.1179098448   0.0047414403   0.0005395795   0.0000543622  -0.0961999347
 81 5  -0.1090618525   0.0010791382  -0.0002234441   0.0354809411   0.0000490919
 81 6  -0.0002065413  -0.0568509936  -0.0000731187   0.0005490010   0.0032252923
 81 7  -0.0005428494   0.0005723239  -0.0006660975  -0.0015055871   0.1587016403
 81 8  -0.0682453474  -0.0008593916   0.0832002505  -0.0774962051   0.0000900107
 81 9   0.1227225357   0.0040225296  -0.0004848221  -0.0002536314  -0.0166155592
 8110   0.0253637301  -0.0007931790   0.0193891372  -0.0006570697  -0.0663620437
 8111  -0.0233941983   0.0000860299  -0.0068153458   0.0004259244  -0.0270898026
 8112   0.0003676932  -0.0010883634  -0.0371477747   0.0000500420   0.0026822906
 8113  -0.0000051639  -0.0050683992  -0.0190795842   0.0000171901   0.0000517729
 8114   0.0039542238  -0.0000438979  -0.0120608532  -0.0005320248  -0.0103557272
 8115   0.0006101541  -0.0000719233   0.0000750778   0.0003012814  -0.0000692408
 8116  -0.0000148163   0.0000071218  -0.0000794009   0.0000652790   0.0007220713
 8117  -0.0000211318   0.0216820291   0.0000197819   0.0000097727   0.0001978977
 8118  -0.0013385802   0.0108178468   0.0545578703  -0.0054123223  -0.4687488008
 8119   0.0054929699  -0.0014286205   0.0096697759  -0.0017354782   0.0108280957
 8120   0.0014170248  -0.0021469231  -0.0216889536   0.0054086647   0.0008397922
 8121   0.0266032512   0.0064176789  -0.0129563911   0.0036071045   0.0125060260
 8122  -0.0089468830   0.0161052856  -0.0024038735  -0.0053382316   0.0140084853
 8123  -0.0323202683   0.0185684296  -0.0132458554   0.0089845437  -0.0162484498
 8124  -0.0001141174  -0.0107317875  -0.0328933668   0.0145445063  -0.0000370638
 8125   0.0000244161   0.0006909478  -0.0029576717   0.0778383185  -0.0031192026
 8126   0.0102658706   0.0005466495  -0.0765137097   0.0398590128   0.0027151289
 8127  -0.0059968083   0.0005310427   0.0004114562  -0.0004516344  -0.0002783929
 8128   0.0011707812  -0.0013952048   0.0000152221  -0.0000219047  -0.0000932034
 8129   0.0427265423  -0.0001132377  -0.0024133681  -0.0000004557   0.0000051545
 8130   0.0000029605  -0.0000003044  -0.0000027335   0.0000149578   0.0000095141
 8131  -0.0000085804  -0.0000079085   0.0000052147   0.0000009809  -0.0000181253
 8132   0.0000272264   0.0000238047  -0.0000109262   0.0000140061  -0.0001362361
 8133  -0.0001348181   0.0015203539
 82 1   0.0061588561   0.0703492981  -0.0597348094  -0.0334057611   0.0955649943
 82 2   0.1998314013   0.0162223099  -0.1663921873   0.0012776346  -0.0026754378
 82 3  -0.1589169799   0.0356711479  -0.0019008472   0.1144801524   0.0238901933
 82 4   0.0015496988  -0.0015721830   0.0240302880   0.1361575541  -0.0087906920
 82 5  -0.0072232525   0.0864485134  -0.0411582124  -0.0069627070   0.0386019235
 82 6   0.0376670828   0.0043572866  -0.0002774147   0.0033725839  -0.0003370065
 82 7  -0.0334040279   0.0198259764   0.0005601217  -0.1030340780  -0.0061883501
 82 8   0.0037581250  -0.1079793513   0.0031208945  -0.0076949755   0.0668980564
 82 9   0.0074785481  -0.0012032557  -0.1612923751  -0.0156405611   0.0015104683
 8210  -0.0002228743   0.0014203200   0.0070936902   0.1321468940   0.0204591537
 8211   0.0030876093   0.0022101156  -0.0004475425   0.0520288011   0.0015500378
 8212   0.0076684256   0.0000706931  -0.0071243945  -0.0929699146  -0.0002548727
 8213  -0.0041248868   0.0002366200  -0.0011001745  -0.0731994123   0.0064087042
 8214  -0.0007563570  -0.0211507492   0.0172170392  -0.0314678979  -0.0073496197
 8215  -0.0209210846  -0.0371545642   0.0871666358  -0.0083351971  -0.1069370227
 8216  -0.0226671016   0.0016920526  -0.0016546501  -0.0054223871   0.0001356880
 8217  -0.0861849418   0.0000997048  -0.0021817994  -0.0477258181  -0.0111430348
 8218  -0.0039145191   0.0038197290  -0.0036551760   0.0077726519  -0.0018880591
 8219  -0.0001565301  -0.0033795228  -0.0071183970  -0.0030119721  -0.0013289164
 8220  -0.0001451049  -0.0005766212   0.0035670020  -0.0018207399  -0.0013155727
 8221   0.0001242787  -0.0001349965  -0.0012501495   0.0018060036  -0.0016964864
 8222   0.0004449231  -0.0014856714  -0.0001166044   0.0008060114  -0.0024798432
 8223  -0.0009274437  -0.0025891799   0.0011174287   0.0009795007  -0.0172855063
 8224  -0.0000802036  -0.0011780177  -0.0010153680  -0.0016375417   0.0000084035
 8225  -0.0000072812  -0.0000330163  -0.0015991182  -0.0002333876  -0.0006778776
 8226   0.0054436564  -0.0115902017   0.0017272183   0.0077052162   0.0017095830
 8227  -0.0034783731   0.0027426697   0.0028200944  -0.0023591118   0.0096410944
 8228  -0.0272571921   0.0085971001  -0.0000040344   0.0000087659   0.0000278798
 8229  -0.0000043703   0.0000403970   0.0000462761   0.0000009432  -0.0000009105
 8230  -0.0002118507   0.0000006374   0.0000011071   0.0000077204  -0.0000001032
 8231  -0.0000002221  -0.0000033490   0.0000023970   0.0000039384   0.0000209028
 8232  -0.0000027451  -0.0000007770   0.0001380617   0.0000433966   0.0023058296
 8233  -0.0000185321   0.0000026209
 83 1  -0.0686848491  -0.0700747308   0.1304168911  -0.0588360529   0.0989844851
 83 2   0.0255821479   0.0149650387  -0.0097497644   0.0660331843   0.0061078060
 83 3  -0.0121354043   0.0027640588  -0.0173314435   0.0093477733   0.0017652249
 83 4  -0.0283498982  -0.0215800329   0.0021599602   0.0130981699   0.0953594339
 83 5   0.1106359625   0.0074029493  -0.0035969958   0.0895648255   0.0038840813
 83 6   0.0032658446  -0.0527891161  -0.0002055278   0.0007756309   0.0019260024
 83 7  -0.0018132463   0.0026457282  -0.0120578192  -0.0108599064   0.0500418191
 83 8  -0.0127025706  -0.0107585205  -0.0142761691   0.0968558464   0.0053449101
 83 9  -0.0869073692   0.0274899005  -0.0141847205  -0.0012627454  -0.0196173263
 8310   0.0092343152   0.0004580063   0.0047071679   0.0130987571  -0.2013522421
 8311  -0.0358690015   0.0004276858   0.0076796212   0.0057546553  -0.0191878678
 8312   0.0008131822  -0.0005813418   0.0830193055  -0.0084014430  -0.0044573618
 8313  -0.0002801454  -0.0065172719   0.0126441267  -0.0069682448   0.0009829017
 8314   0.0085458035  -0.0028866209  -0.1129601989  -0.0083949583   0.0732398818
 8315  -0.0030225140  -0.0033197060   0.0078522942  -0.0017392739  -0.0096498494
 8316  -0.0020577235   0.0001427135  -0.0001880718  -0.0004719336  -0.0005661342
 8317  -0.0078989500  -0.0072991659  -0.0001946986  -0.0040448807  -0.0009380207
 8318   0.0000462165  -0.0386971447   0.0433739549  -0.0867311274   0.0201938618
 8319   0.0018437156  -0.0008276523   0.0780936682   0.0329731275   0.0146432498
 8320   0.0016075638   0.0065426259  -0.0392220962   0.0200796000   0.0145982936
 8321  -0.0010583688   0.0007363716   0.0135478979  -0.0197359580   0.0188231185
 8322  -0.0050791756   0.0158232220   0.0013791228   0.0007855111   0.0278336770
 8323   0.0100289543   0.0282696424  -0.0119271886  -0.0111411878   0.1920559162
 8324   0.0008611975   0.0128475186   0.0106833441   0.0184398872  -0.0000633024
 8325   0.0000440040   0.0003843381   0.0178082526   0.0022309453   0.0075631609
 8326  -0.0604691751   0.1289842253  -0.0190785078  -0.0855052303  -0.0188449885
 8327   0.0385981355  -0.0302124647  -0.0311588892   0.0261933734  -0.1068397298
 8328   0.3019406216  -0.0952907695   0.0000593464  -0.0000958126  -0.0003088677
 8329   0.0000518060   0.0000059197  -0.0005831062  -0.0000007736   0.0000109507
 8330   0.0000025931  -0.0000015466  -0.0000095118  -0.0000872861  -0.0000006499
 8331   0.0000043975   0.0000383635  -0.0000234106  -0.0000399419  -0.0002785647
 8332   0.0000563611   0.0000591967  -0.0015638147  -0.0004882285  -0.0260575792
 8333   0.0002058437  -0.0000288765
 84 1  -0.0993115727  -0.0153578542  -0.0687748020   0.0681351432  -0.0143630752
 84 2   0.0077356777  -0.0094005838  -0.0026882282  -0.0401501000  -0.0023564362
 84 3  -0.0001569999   0.0008950545  -0.0256766132   0.0007268030   0.0003446726
 84 4   0.1175037339  -0.1019966515  -0.0023657690  -0.0004583466   0.0034932934
 84 5  -0.0523541962  -0.0001318011  -0.0000475933   0.0605472449  -0.0002313325
 84 6  -0.0000123769   0.0378807358   0.0002446504  -0.0001144005  -0.0030204400
 84 7  -0.0000009880  -0.0015899125   0.0261169640   0.0002836116  -0.0507463758
 84 8   0.0114495830   0.0001382687  -0.0130331343   0.0282540245  -0.0001818594
 84 9  -0.1097105358  -0.0169170588  -0.0002025304   0.0002602030   0.0864308074
 8410  -0.0953544528   0.0018463685   0.0698522324  -0.0017524869  -0.1028728999
 8411  -0.1199891397   0.0003099859  -0.0389108014   0.0003375802  -0.0204463208
 8412   0.0004517985  -0.0005318067  -0.2796316605   0.0003740279   0.0281578953
 8413  -0.0003701831   0.1356530923   0.2008413236  -0.0000958128  -0.0000612858
 8414   0.0036199458   0.0000353055  -0.0570884532  -0.0029411489  -0.0979940565
 8415   0.0017432071   0.0002188354   0.0001357462   0.0060188459  -0.0006525424
 8416  -0.0002627313   0.0000655756   0.0001919202   0.0000837354   0.0034408618
 8417  -0.0002073244   0.0221746032  -0.0000827029  -0.0000034663   0.0004294183
 8418  -0.0018708327   0.1831165594  -0.1080847974   0.0357028850  -0.0245258871
 8419  -0.0041927910   0.0003034710  -0.0389871607  -0.0024458819  -0.0159166708
 8420  -0.0007512914  -0.0091146215   0.0103028468   0.0156280396   0.0282400933
 8421  -0.0007562389  -0.0034359067   0.0572270168  -0.0376154007  -0.0030938705
 8422  -0.0092267808  -0.0273799421  -0.0088935775  -0.0014356958   0.0119086552
 8423  -0.0046929212   0.0274332020   0.0141487826  -0.0296196157   0.0780153864
 8424   0.0003015423   0.0062251804   0.0203263871  -0.0237827391   0.0000901034
 8425  -0.0000778900  -0.0042654250   0.0655298538   0.0187487094   0.0084332060
 8426   0.0049999596   0.0489200528   0.0038725802   0.0029470184   0.0175842367
 8427  -0.0303121837   0.1195515835   0.0991683695   0.0326011710  -0.0107133487
 8428   0.0805830798   0.0325314314   0.0000070758  -0.0000093526  -0.0000317982
 8429   0.0000468364  -0.0000081348   0.0021074156   0.0000006471  -0.0000074577
 8430  -0.0000782705   0.0000009948   0.0000066582   0.0000443801  -0.0000015031
 8431  -0.0000008253  -0.0000210569   0.0000120088   0.0000268902   0.0074472820
 8432  -0.0046314390  -0.0087122463   0.0059167198   0.0007654950   0.0817848961
 8433   0.0000714105  -0.0000102307
 85 1   0.0059344968   0.0419110882  -0.1156510045  -0.0951032808   0.1267645602
 85 2   0.2165284490   0.0496312639  -0.2264937957  -0.0099882071   0.0927210366
 85 3  -0.0949135839   0.0365757273  -0.0004468032   0.0480394384   0.0106755700
 85 4   0.0024513505  -0.0026073216   0.0723436062   0.0766033790  -0.0088702983
 85 5  -0.0072526588   0.1189877342   0.0280892240  -0.0079528325  -0.0613045524
 85 6  -0.1057292065   0.0020913216   0.0367925101  -0.0602836371  -0.0005282278
 85 7   0.0183555741  -0.0078524189   0.0005092495   0.0029434895  -0.0041817001
 85 8   0.0007432719   0.0423126156  -0.0007990989  -0.0100502987  -0.0416979585
 85 9   0.0072155933  -0.0044375079   0.0622377732  -0.0006542341   0.0046500486
 8510  -0.0042663261  -0.0043135972  -0.0092989390  -0.1796755922   0.0191012975
 8511   0.0018791516  -0.0057086429  -0.0021320781  -0.1123909607   0.0000623978
 8512  -0.0095994213  -0.0000732432  -0.0146691946   0.1268820386   0.0019108308
 8513   0.0057110433   0.0021518124   0.0001234286  -0.0523102069  -0.0262059335
 8514  -0.0027797362   0.0730691675   0.0222128407  -0.0450230930  -0.0098199711
 8515   0.0132491983  -0.0250624205   0.0167361928  -0.0002962834  -0.0006520040
 8516   0.0045309811  -0.0003723755   0.0021579458   0.0006805362  -0.0000697684
 8517   0.0895639296  -0.0048063351   0.0037921132   0.1017220993   0.0249129534
 8518   0.0087588177   0.0000082519  -0.0038715773  -0.0046982510  -0.0008189272
 8519  -0.0000105199   0.0001643640   0.0038538284   0.0036113459   0.0009781891
 8520   0.0001176990   0.0006172202  -0.0028955324   0.0012163843   0.0005234128
 8521  -0.0000786366   0.0002631382  -0.0008620468   0.0001041665   0.0020799548
 8522  -0.0016623991  -0.0004553019  -0.0002065528   0.0002483544   0.0019268538
 8523   0.0016898801   0.0041207306  -0.0038692224   0.0018058007   0.0112817703
 8524   0.0000399812   0.0000669707  -0.0017133063   0.0030408178  -0.0000097810
 8525   0.0000061780   0.0005637732  -0.0084414185  -0.0024230772  -0.0009296140
 8526  -0.0034689274  -0.0005416611  -0.0015482396  -0.0054934025  -0.0026306059
 8527   0.0062805271  -0.0154086055  -0.0120311425   0.0000416630  -0.0079638195
 8528   0.0188013541  -0.0084314668   0.0000085483  -0.0000120892  -0.0000356891
 8529   0.0000052850  -0.0000116309   0.0000184023   0.0000011115   0.0000010235
 8530   0.0000423520   0.0000010587  -0.0000008131  -0.0000052583   0.0000000010
 8531   0.0000001734   0.0000032699  -0.0000006205  -0.0000027080   0.0035005450
 8532  -0.0021329348  -0.0029814326   0.0001086481  -0.0000176016  -0.0011223395
 8533   0.0000070024  -0.0000015555
 86 1  -0.0660601097  -0.0734233351   0.1218530982  -0.0608956038   0.1010563839
 86 2   0.0274851096   0.0155665805  -0.0159127424   0.0544184669   0.0139850385
 86 3  -0.0063872365   0.0031192748  -0.0268766758   0.0036044750   0.0005986564
 86 4  -0.0229364217  -0.0273071507   0.0063087308   0.0075739309   0.0899617765
 86 5   0.0993238028   0.0103033871   0.0026505659   0.0830110844  -0.0051829576
 86 6  -0.0096152023  -0.0418196173   0.0031665501  -0.0050035410   0.0013504137
 86 7   0.0028196435  -0.0000315669  -0.0087730283  -0.0013327363   0.0530033822
 86 8  -0.0189638206   0.0026251453  -0.0052817204   0.1051611628  -0.0046395970
 86 9  -0.0797231938   0.0444163109   0.0060032294   0.0000360446  -0.0485971582
 8610   0.0368618809  -0.0004387546  -0.0097331601  -0.0142171706  -0.2464054597
 8611  -0.0156878645  -0.0003054739   0.0185801885  -0.0089135445   0.0006549717
 8612  -0.0010711666   0.0002522095   0.1704934122   0.0113191598  -0.0119004840
 8613   0.0006960036  -0.0233092744  -0.0016640221  -0.0052324806  -0.0017276027
 8614   0.0112807114   0.0050303651  -0.1699270622  -0.0123554634   0.1113034594
 8615  -0.0005782576  -0.0022133984   0.0014790907  -0.0004006834  -0.0000604038
 8616   0.0004039796  -0.0000279969   0.0001281720   0.0001415099   0.0010780415
 8617   0.0083367595   0.0672049072   0.0004150354   0.0088574572   0.0021665357
 8618   0.0000905702  -0.0046848090   0.0393895248   0.0530750996   0.0092540532
 8619  -0.0000153070  -0.0000507747  -0.0426438191  -0.0396950395  -0.0108903745
 8620  -0.0011179707  -0.0069542728   0.0322584949  -0.0135983169  -0.0057593902
 8621   0.0005331788  -0.0016164686   0.0098852463  -0.0012680999  -0.0227663978
 8622   0.0180387772   0.0050330353   0.0022510808  -0.0006051628  -0.0210972412
 8623  -0.0191217814  -0.0458302510   0.0432414546  -0.0201800179  -0.1254406887
 8624  -0.0005257054  -0.0006860332   0.0194351823  -0.0339238986   0.0001354177
 8625  -0.0001157309  -0.0062438712   0.0937626741   0.0269160452   0.0103157565
 8626   0.0385305619   0.0059236009   0.0172178648   0.0609800523   0.0292173552
 8627  -0.0697408918   0.1716734813   0.1341241775  -0.0002817883   0.0884762274
 8628  -0.2086594038   0.0938390766  -0.0000662186   0.0001354466   0.0004044152
 8629  -0.0000442813  -0.0000002228  -0.0002117082   0.0000008948  -0.0000109897
 8630   0.0000072675   0.0000019322   0.0000133238   0.0000543714  -0.0000033727
 8631  -0.0000003630  -0.0000340475   0.0000116719   0.0000370940  -0.0386499006
 8632   0.0235409951   0.0328962669  -0.0011880550   0.0001966740   0.0124339974
 8633  -0.0000817846   0.0000188814
 87 1  -0.0861695558  -0.0192708528  -0.0863050267   0.0855097273  -0.0180293134
 87 2   0.0097195135  -0.0213721781  -0.0064720255  -0.0928367616  -0.0061474405
 87 3  -0.0006595401   0.0022909050  -0.0717846653   0.0022156597   0.0005450923
 87 4   0.1516276936  -0.1319039247  -0.0034773003  -0.0012294553  -0.0369065311
 87 5  -0.1284471240  -0.0000050328  -0.0000402402   0.0180633852  -0.0006468567
 87 6   0.0001690252   0.1159763546   0.0005527600  -0.0005910176  -0.0073855413
 87 7  -0.0008684056  -0.0038137101   0.0644104498   0.0013087744  -0.0999156380
 87 8  -0.0034157101   0.0003523328   0.0533523164  -0.0319339791  -0.0006693840
 87 9  -0.0304666364   0.0622043053   0.0002146597   0.0000283467  -0.0441633719
 8710   0.0207272438   0.0005983731  -0.0442518703   0.0021723456  -0.0814223205
 8711  -0.0849701647   0.0003943030   0.0020779308   0.0005516107  -0.1102870368
 8712   0.0012261184  -0.0032402472   0.0677026430   0.0001898104  -0.0045287162
 8713   0.0001550836  -0.0143520789   0.0219923991  -0.0003544558   0.0004888452
 8714   0.0081055391  -0.0012093057  -0.1608502494  -0.0079571707   0.1403967003
 8715  -0.0023024938  -0.0002760594   0.0003040248  -0.0016089144  -0.0001122844
 8716   0.0000788002  -0.0000032298  -0.0000913574  -0.0000019434   0.0005066211
 8717   0.0010057211   0.0609004555   0.0001126458  -0.0009508769  -0.0003044204
 8718  -0.0017988868  -0.0172844057   0.0513369899   0.1765051177   0.0142952879
 8719   0.0003358707  -0.0001474423   0.0043777388   0.0160675589   0.0004660845
 8720   0.0001757380  -0.0027163220   0.0026781009  -0.0015589180   0.0024708642
 8721  -0.0063593327  -0.0036706528   0.0334512673  -0.0263974927  -0.0217958593
 8722   0.0311480662  -0.0010405713   0.0028613281  -0.0022455165   0.0050651650
 8723  -0.0123475954   0.0530199506  -0.0524449106   0.0294372092   0.0657581124
 8724   0.0002313294  -0.0089664140  -0.0381213648   0.0219018609  -0.0000573032
 8725   0.0000357559   0.0018754063  -0.0327735386  -0.0197291165  -0.0047890850
 8726   0.0131254005  -0.0614158533   0.0045758981   0.0269197084  -0.0042993502
 8727   0.0099161806  -0.2412411898  -0.1797910504  -0.0360650045  -0.0265036253
 8728   0.0077841837  -0.0777423137   0.0000427926  -0.0000900482  -0.0002543770
 8729   0.0000088008  -0.0000013804   0.0002283119  -0.0000002597   0.0000037034
 8730   0.0000000517  -0.0000002399  -0.0000004159  -0.0000419749   0.0000008704
 8731  -0.0000006867   0.0000040539  -0.0000160053  -0.0000110275  -0.0426862254
 8732   0.0265130234   0.0421769031  -0.0037767044  -0.0001140462   0.0101306505
 8733   0.0000300248  -0.0000034876
 88 1   0.0047981871   0.0271634310  -0.1421871685  -0.1238818988   0.1467999088
 88 2   0.1966168126   0.0933212095  -0.1890889916  -0.0205675121   0.1297520523
 88 3   0.0729358347   0.0062566535   0.0052503791  -0.1123868660  -0.0233681635
 88 4   0.0017392464   0.0025504084   0.0625922621  -0.0818112451  -0.0058446717
 88 5  -0.0048595440  -0.0117581194   0.0632928898  -0.0046303656  -0.0672907485
 88 6  -0.0699827068  -0.0017886475   0.0033231240  -0.0024572170   0.0006074602
 88 7   0.0314686665  -0.0157616077   0.0003358349   0.1059848160  -0.0027680739
 88 8   0.0013909143   0.0829193381  -0.0043254438  -0.0078796398  -0.0247407761
 88 9  -0.0039515679  -0.0072288959   0.0803756212   0.0152612837   0.0117202819
 8810  -0.0118021618   0.0043776484   0.0107609344   0.1188315878   0.0108537632
 8811  -0.0148072093   0.0083812554  -0.0031342525   0.1683271600  -0.0134375742
 8812   0.0086198998  -0.0003975160  -0.0108721888  -0.1026921210  -0.0001038685
 8813  -0.0046198204  -0.0018066931  -0.0014402523  -0.0646808498   0.0262026239
 8814   0.0027355890  -0.0795274718  -0.0186459201   0.0207674346   0.0165217912
 8815   0.0124373253   0.0282164082  -0.0344175851   0.0025531155   0.0354436581
 8816   0.0055858365  -0.0013263336   0.0063980462   0.0073795566  -0.0004548533
 8817   0.0558315490  -0.0050944240  -0.0023951037  -0.1088968511  -0.0295503604
 8818  -0.0103142028  -0.0112584739   0.0064994312  -0.0127754062   0.0010390406
 8819   0.0000661623  -0.0000305142  -0.0032561760   0.0020645823   0.0002613707
 8820  -0.0000900744   0.0023478783  -0.0011842190   0.0000134540  -0.0010949769
 8821  -0.0010494188   0.0002725473  -0.0026632077   0.0027638853  -0.0013914774
 8822   0.0012465137  -0.0003043949   0.0006464774  -0.0003350968  -0.0002606237
 8823   0.0008689658   0.0004335014  -0.0026513802   0.0022786980   0.0041623984
 8824   0.0000153276   0.0005247702   0.0003764010   0.0008611589   0.0000033463
 8825  -0.0000068993  -0.0002094408   0.0050439911   0.0010762623   0.0009445756
 8826  -0.0010179062   0.0072125780   0.0003182645   0.0004224229   0.0010164210
 8827  -0.0036068072   0.0027549451   0.0020345916  -0.0018549770   0.0050610756
 8828  -0.0150195346   0.0014931150   0.0000049326  -0.0000048723  -0.0000111433
 8829   0.0000008582  -0.0000025884   0.0000100038   0.0000014518   0.0000006495
 8830   0.0000163542   0.0000011415  -0.0000008438  -0.0000049284   0.0000040026
 8831  -0.0000039889  -0.0000052848   0.0000002888   0.0000017202  -0.0043813812
 8832   0.0012916213  -0.0058350651   0.0022250084   0.0000781253  -0.0002996462
 8833  -0.0000020105   0.0000000774
 89 1  -0.0533129461  -0.0785707524   0.1023364374  -0.0464849361   0.0992690252
 89 2   0.0276261692   0.0076779003  -0.0161990928   0.0015356320   0.0136305836
 89 3   0.0083924522   0.0017438947  -0.0727983717  -0.0094551560  -0.0023024355
 89 4   0.0022140239  -0.0514117106   0.0044650751  -0.0073748171   0.0549540243
 89 5   0.0357692893  -0.0014777753   0.0057810684   0.0348601790  -0.0060539669
 89 6  -0.0061303988   0.0203109078   0.0003083279  -0.0001366288  -0.0012966010
 89 7   0.0034711403  -0.0015344423   0.0036164318   0.0084623120   0.0510956468
 89 8  -0.0375617728   0.0060484724   0.0346888550   0.0848002738  -0.0033565566
 89 9   0.0452215953   0.0740987477   0.0072849973   0.0010191611  -0.1329773682
 8910   0.1415630270  -0.0021841297  -0.0448276667   0.0134120885  -0.0910956821
 8911   0.1590883745   0.0003115623   0.0425852185   0.0148480175   0.1546359392
 8912  -0.0012225467   0.0046749035   0.1107860124  -0.0097746235  -0.0055903092
 8913  -0.0004693740   0.0191529795   0.0177890157  -0.0050427253   0.0017382284
 8914  -0.0146756476  -0.0056300850   0.1954657549   0.0116801882  -0.1839986082
 8915   0.0039642037   0.0024179011  -0.0029791441   0.0052486510   0.0030242962
 8916   0.0005074431  -0.0000650940   0.0006749931   0.0005830532   0.0036522045
 8917   0.0051234115   0.0502869798  -0.0001973617  -0.0101906098  -0.0025263161
 8918  -0.0032611269   0.1305836010  -0.0694816868   0.1325707752  -0.0110090058
 8919  -0.0011024899  -0.0000985278   0.0347935966  -0.0209391306  -0.0031266670
 8920   0.0011795755  -0.0265328630   0.0141098060  -0.0008625948   0.0117953260
 8921   0.0115246069  -0.0001630343   0.0301550639  -0.0313700984   0.0160407981
 8922  -0.0137609422   0.0051220038  -0.0070460415  -0.0001702396   0.0031033710
 8923  -0.0090497113  -0.0054241484   0.0300795291  -0.0256899290  -0.0457373079
 8924  -0.0002609526  -0.0058761270  -0.0041253317  -0.0096861351   0.0000178282
 8925   0.0000058399   0.0023000901  -0.0553910150  -0.0122701706  -0.0104141990
 8926   0.0116561325  -0.0805552888  -0.0032647100  -0.0039197474  -0.0109909097
 8927   0.0398811610  -0.0319272200  -0.0236295468   0.0204456400  -0.0564063967
 8928   0.1668373939  -0.0169418526  -0.0000194644   0.0000541628   0.0001342245
 8929   0.0000098584   0.0000002381  -0.0001254344   0.0000006145  -0.0000067841
 8930   0.0000038678   0.0000020363   0.0000144330   0.0000492264  -0.0000477111
 8931   0.0000457686   0.0000612116   0.0000018163  -0.0000110526   0.0485828971
 8932  -0.0143175943   0.0647347732  -0.0246475196  -0.0008675792   0.0033115504
 8933   0.0000166201   0.0000011296
 90 1  -0.0818044587  -0.0205720466  -0.0921301608   0.0912788285  -0.0192445469
 90 2   0.0103716930  -0.0253343828  -0.0077136947  -0.1103794701  -0.0073922533
 90 3  -0.0007466896   0.0027394962  -0.0870867653   0.0026344363   0.0005919507
 90 4   0.1606663251  -0.1398081137  -0.0037872580  -0.0015169092  -0.0498094224
 90 5  -0.1510633944  -0.0000224514  -0.0000362559   0.0016381579  -0.0007657120
 90 6   0.0002567421   0.1360545758   0.0005956745  -0.0006764305  -0.0082659912
 90 7  -0.0010590703  -0.0040853996   0.0688050316   0.0015478956  -0.0999295837
 90 8  -0.0097245359   0.0003455796   0.0676984921  -0.0432097409  -0.0007108410
 90 9   0.0124731570   0.0705206831   0.0001723832  -0.0000961140  -0.0706910807
 9010   0.0534691881  -0.0001766076  -0.0564017587   0.0024394749  -0.0308084578
 9011  -0.0247111335   0.0001818242   0.0114111385   0.0002288625  -0.0541619817
 9012   0.0005515861  -0.0013752318   0.0833061954  -0.0000535240  -0.0069819294
 9013   0.0001148846  -0.0200183216  -0.0095710870   0.0000014792   0.0000947598
 9014  -0.0016473581  -0.0002608665  -0.0173394241  -0.0008085221   0.0396432837
 9015  -0.0006646233  -0.0000897236   0.0000132649  -0.0006628152   0.0000962698
 9016   0.0000523694  -0.0000039382  -0.0000232326  -0.0000106576  -0.0001361793
 9017   0.0000068663   0.0073063139   0.0000119310   0.0001341347  -0.0000783750
 9018   0.0009038187  -0.0355040088   0.0468831367  -0.0957439872   0.0161252214
 9019   0.0037053378  -0.0004100900   0.0426807121  -0.0324813919  -0.0027946960
 9020  -0.0000636171  -0.0012489143  -0.0014270028   0.0062890478   0.0059299890
 9021  -0.0007814986  -0.0001317676  -0.0067018014   0.0236965210  -0.0160316203
 9022  -0.0114101504  -0.0370294293  -0.0043903738  -0.0007271973  -0.0245768891
 9023  -0.0044107548  -0.0346343609   0.0122520193   0.0146821898  -0.1791332307
 9024  -0.0007340692  -0.0032805994   0.0082765096   0.0032563581  -0.0000627513
 9025   0.0000849290   0.0063980144  -0.1070470988  -0.0066341138  -0.0148941802
 9026  -0.0345181430  -0.0178508995  -0.0222890638  -0.0781969663  -0.0280389166
 9027   0.0756661679   0.2726057513   0.1930129187   0.0662308074  -0.0334198509
 9028   0.1804855066   0.0784851351  -0.0000802108   0.0001771635   0.0004981711
 9029  -0.0000230181   0.0000011406  -0.0001790092   0.0000008205  -0.0000109092
 9030   0.0000031953   0.0000012888   0.0000076168   0.0000704953   0.0000173309
 9031  -0.0000210389  -0.0000679767   0.0000250063   0.0000520137  -0.0085606988
 9032   0.0010927850  -0.0157548091   0.0021954798   0.0001274433  -0.0016146557
 9033  -0.0000245660   0.0000135298
 91 1   0.0039011369   0.0412037141  -0.1121487817  -0.0902425379   0.1352061067
 91 2   0.1601428739   0.1018873736  -0.0912248013  -0.0195825646   0.0650680730
 91 3   0.1493121441  -0.0208784418   0.0092961850  -0.1572456338  -0.0319455104
 91 4  -0.0005747090   0.0087423689  -0.0109207243  -0.1135293382  -0.0027899748
 91 5  -0.0012930056  -0.1032203033  -0.0008109299  -0.0004314279   0.0319561378
 91 6   0.0787957692  -0.0050698147  -0.0337320058   0.0545960516   0.0009428735
 91 7  -0.0246113003   0.0112698759  -0.0021953671  -0.0397887592  -0.0025801151
 91 8   0.0059281449  -0.0875964391  -0.0045137826  -0.0029886153   0.0613039597
 91 9  -0.0098208648  -0.0073513007  -0.1624041111  -0.0195267452   0.0137464752
 9110  -0.0144463241  -0.0012319233   0.0074460180   0.0035584923  -0.0069430930
 9111  -0.0109784163  -0.0053317386  -0.0029666275  -0.1131459609  -0.0042630192
 9112  -0.0049932846  -0.0000715831   0.0117211279   0.1160951838  -0.0007606446
 9113   0.0087018505  -0.0076197601  -0.0131625498  -0.0566381763  -0.0046529530
 9114   0.0003833278   0.0172267780  -0.0059776863   0.0110118027   0.0026049832
 9115   0.0186591785   0.0209457831  -0.0674215165   0.0066848846   0.0863246459
 9116   0.0189067697  -0.0003068867  -0.0093793531  -0.0036824643  -0.0000150718
 9117  -0.1171095148  -0.0057366490  -0.0001804641   0.0662011834   0.0213816809
 9118   0.0078597687   0.0014076876  -0.0056493241   0.0042347349  -0.0019455096
 9119   0.0002519785  -0.0001456446   0.0033942158  -0.0026192051   0.0008366492
 9120   0.0001548845  -0.0009608381  -0.0026573982   0.0011894895   0.0007033413
 9121   0.0000399463   0.0000766345  -0.0008253577   0.0011364329   0.0004294650
 9122  -0.0018463819  -0.0044720456  -0.0005230771   0.0000111619  -0.0035233209
 9123  -0.0023021134  -0.0048617060   0.0082466254  -0.0063202503  -0.0107127742
 9124  -0.0000522322  -0.0000973367   0.0022752614  -0.0041636284   0.0000220734
 9125  -0.0000187324  -0.0004128308   0.0041134920   0.0010406506  -0.0000073563
 9126   0.0053282846  -0.0099943273   0.0015072966   0.0063586205   0.0014300109
 9127  -0.0011477983  -0.0061035190  -0.0035970356   0.0029337566  -0.0085084783
 9128   0.0267003580  -0.0015224044  -0.0000036602   0.0000165715   0.0000406633
 9129   0.0000019884  -0.0000066887  -0.0000095669   0.0000012267  -0.0000008856
 9130   0.0000137279   0.0000011158   0.0000015594  -0.0000002768  -0.0000072121
 9131   0.0000070347   0.0000138150  -0.0000019324  -0.0000050625   0.0006766647
 9132   0.0004686572   0.0007123965   0.0023248980   0.0000867886  -0.0001395107
 9133   0.0000080246   0.0000011900
 92 1  -0.0433583321  -0.0802876910   0.0916685201  -0.0301734346   0.0954182543
 92 2   0.0258508565  -0.0008139294  -0.0102847185  -0.0389318123   0.0049545668
 92 3   0.0149327676   0.0003742233  -0.1085288900  -0.0123314220  -0.0029234359
 92 4   0.0245638085  -0.0721091959  -0.0029429271  -0.0106976846   0.0258189129
 92 5  -0.0180880138  -0.0096402934  -0.0000137091  -0.0013814432   0.0025444303
 92 6   0.0073814597   0.0766986343  -0.0028227336   0.0045976841  -0.0041499703
 92 7  -0.0021531664  -0.0004152794   0.0242855660  -0.0037909375   0.0163700606
 92 8  -0.0423438019  -0.0090030270   0.0684853743   0.0392611467   0.0042294295
 92 9   0.1073905054   0.0948766475  -0.0146403224  -0.0022767260  -0.1534215578
 9210   0.1599650748  -0.0029755131  -0.0790255442   0.0033346836   0.0710456709
 9211   0.1226210473  -0.0008562939   0.0280363326  -0.0111460416   0.0323780698
 9212  -0.0007333868  -0.0000804480  -0.1165980877   0.0104730296   0.0172876623
 9213   0.0005697754   0.0841981004   0.1522197591  -0.0049079504  -0.0007138134
 9214  -0.0096093126   0.0020543874   0.0404715019   0.0028649412  -0.0176545267
 9215   0.0018314614   0.0019481330  -0.0061480264   0.0012439798   0.0077692704
 9216   0.0016649762  -0.0000163071  -0.0008632690  -0.0002931879   0.0010039181
 9217  -0.0106249070   0.0595477572   0.0000410899   0.0058927505   0.0019944726
 9218   0.0000636287  -0.0222726899   0.0620452727  -0.0299151386   0.0208729327
 9219  -0.0020967449  -0.0002856790  -0.0327473665   0.0234078825  -0.0081910624
 9220  -0.0018936691   0.0118428360   0.0264834025  -0.0115973571  -0.0070523773
 9221  -0.0020326113  -0.0010117895   0.0086976260  -0.0100523867  -0.0073707069
 9222   0.0204998487   0.0436100574   0.0056755545   0.0001265571   0.0375923068
 9223   0.0254334907   0.0558342367  -0.0941420562   0.0722071108   0.1194833955
 9224   0.0005348131   0.0011148327  -0.0256457997   0.0475282121  -0.0001719156
 9225   0.0001313290   0.0047285912  -0.0468236799  -0.0119375635   0.0000870367
 9226  -0.0606229618   0.1134771576  -0.0170468307  -0.0721730338  -0.0161840335
 9227   0.0128481318   0.0684416104   0.0403454271  -0.0326598798   0.0948729160
 9228  -0.2980780160   0.0167687476   0.0000680168  -0.0001847360  -0.0004449172
 9229  -0.0000069146  -0.0000013526   0.0000928026  -0.0000006792   0.0000102616
 9230  -0.0000007924  -0.0000015545  -0.0000135166  -0.0000000978   0.0000781064
 9231  -0.0000794295  -0.0001549563   0.0000263098   0.0000643338  -0.0075692111
 9232  -0.0052813720  -0.0079314219  -0.0259353946  -0.0009629045   0.0015561772
 9233  -0.0000915180  -0.0000117230
 93 1  -0.0907138366  -0.0179208059  -0.0802483886   0.0794982237  -0.0167565851
 93 2   0.0090200277  -0.0170719288  -0.0051076743  -0.0743554184  -0.0048783031
 93 3  -0.0003762792   0.0017507856  -0.0539223494   0.0014923589   0.0004369400
 93 4   0.1380050976  -0.1175523724  -0.0030009172  -0.0011568909  -0.0242498692
 93 5  -0.0999095421  -0.0001287485  -0.0000200703   0.0320872544  -0.0003994163
 93 6   0.0001913706   0.0748963757   0.0003417446  -0.0002252221  -0.0048067291
 93 7  -0.0004984226  -0.0023142432   0.0400195529   0.0006102333  -0.0566078512
 93 8  -0.0008665746   0.0000748544   0.0218818746  -0.0034153552  -0.0002047754
 93 9  -0.0442138001   0.0211831884   0.0000655793   0.0000941541  -0.0129131698
 9310   0.0048970645   0.0002838735   0.0027951274   0.0008165512  -0.1502301794
 9311   0.0112872596   0.0000514640   0.0159185075   0.0005937425   0.0730235033
 9312  -0.0011383263   0.0031429530   0.2457959354  -0.0004166343  -0.0244190350
 9313   0.0002253179  -0.0878779600  -0.1690086810   0.0003569715  -0.0001552380
 9314   0.0007649048   0.0006528929   0.1028784810   0.0052594044  -0.1044958940
 9315   0.0017589007  -0.0000358365  -0.0000428537   0.0011754762   0.0001237233
 9316   0.0000361551  -0.0000036946   0.0000824073  -0.0000586972  -0.0008056238
 9317  -0.0004072442  -0.1107274835  -0.0001491255   0.0007339131   0.0003194207
 9318   0.0009550328   0.0551177695  -0.1252663232  -0.1213823066  -0.0459104283
 9319  -0.0036564568   0.0009673405  -0.0771553445   0.0034114387  -0.0078248029
 9320  -0.0022515007   0.0272629025  -0.0039110756   0.0114268509   0.0056393123
 9321  -0.0070029966   0.0002687288  -0.0169803694   0.0304911737  -0.0038889676
 9322  -0.0233645774  -0.0380551225  -0.0050941397   0.0000127797   0.0076657034
 9323   0.0163099463   0.0235437172  -0.0145507204   0.0012497774   0.0737218553
 9324   0.0003486983   0.0068750370   0.0086771327   0.0056755652  -0.0000073173
 9325  -0.0000093834  -0.0020618305   0.0517740307   0.0085534491   0.0097970941
 9326  -0.0104146679   0.0751267516   0.0037180808   0.0019050321   0.0044378902
 9327  -0.0568539506  -0.1013889887  -0.0633791937  -0.0379217375   0.0417715027
 9328  -0.1501345266  -0.0414202399   0.0000262643  -0.0000498242  -0.0001378870
 9329  -0.0000468914  -0.0000002359   0.0000436657  -0.0000003333   0.0000045757
 9330  -0.0000002870   0.0000001561   0.0000098832  -0.0002094419  -0.0002439032
 9331   0.0002581841   0.0005867977  -0.0001398304  -0.0003160496   0.0171477084
 9332   0.0169479581   0.0133637094   0.0768571998   0.0029574961  -0.0050881869
 9333   0.0001565319  -0.0000043844
 94 1   0.0048222157   0.1493098086   0.1002486267   0.1440816978   0.0163451113
 94 2   0.0985801964   0.0288471776   0.1081794086   0.0198982343  -0.3952562394
 94 3  -0.0977264492  -0.0200756827  -0.0090664033  -0.1314372215  -0.0477406221
 94 4  -0.0013424669  -0.0045041768   0.1642476121  -0.0854476453  -0.0010791701
 94 5   0.0017522029   0.0861298153   0.0079309505  -0.0033719973  -0.2034284428
 94 6  -0.1039655640  -0.0017417387  -0.0424750725   0.0351225939   0.0016658301
 94 7   0.0515625530  -0.0795450645  -0.0018465391   0.2974862679   0.0035786562
 94 8  -0.0010994861   0.0952996911  -0.0058288859   0.0007831624  -0.0173330370
 94 9   0.0027417775   0.0030280115  -0.5406311126  -0.1108598338  -0.0058500039
 9410   0.0041179330  -0.0248027643  -0.0284980100  -0.4460920099  -0.0116665094
 9411   0.0194550204   0.0080294475   0.0054919663   0.2584147887   0.0174462499
 9412   0.0070343699   0.0004115479   0.0000351395   0.0168088024   0.0013057981
 9413   0.0082293067   0.0069116067   0.0103936610   0.1591698049   0.1150861845
 9414   0.0113816637  -0.4181415225   0.0681923457  -0.5181663355   0.0062788690
 9415   0.0600689289  -0.0765851463   0.0146752450   0.0054536973   0.0940897139
 9416   0.0780658140   0.0087831080  -0.5606120316   0.4106030715  -0.0064667757
 9417  -0.0025449674  -0.0125879922  -0.0127329720  -0.0062798323   0.0286025971
 9418   0.0122235169   0.0069026488  -0.0097927181  -0.0019099694   0.0059703115
 9419   0.0002737260  -0.0632857804   0.0044946831  -0.0006894465   0.0039702836
 9420   0.0004956623  -0.0010023528  -0.0083273631   0.0012806891  -0.0017886335
 9421  -0.0004229754  -0.0287601453  -0.0161154179   0.0034969495   0.0150738655
 9422  -0.0093520169   0.0031882743  -0.0006213829  -0.0162439139   0.0057190377
 9423  -0.0023986543   0.0058757643  -0.0036745410   0.0023040673  -0.0096008220
 9424  -0.0001276328  -0.0043062358  -0.0131538979   0.0062350579  -0.0000338847
 9425   0.0000281271  -0.0000629179   0.0042258016  -0.0048799938   0.0010314238
 9426  -0.0011852064  -0.0043686954   0.0025633125   0.0073308094  -0.0004162984
 9427   0.0007637297   0.0151953471  -0.0004291024  -0.0076331946  -0.0021454199
 9428  -0.0036045238  -0.0241487871   0.0000041851  -0.0000180117  -0.0000375749
 9429  -0.0009555934   0.0021385627  -0.0002850247  -0.0000077660   0.0000026259
 9430  -0.0002227397   0.0000016132  -0.0000324322   0.0005101662   0.0001164143
 9431  -0.0001244417  -0.0002955988   0.0001055953   0.0001109950  -0.0000984557
 9432  -0.0000957539   0.0000255172   0.0007052319  -0.0224703029   0.0001612926
 9433   0.0821443710   0.0000669993
 95 1  -0.0540973194  -0.0673910788   0.1251101117  -0.0235128255   0.0877983418
 95 2   0.0187232988   0.0022558359   0.0106252437   0.0077013553  -0.0329769421
 95 3  -0.0068363067  -0.0006614433  -0.0723464243  -0.0110715168  -0.0044418218
 95 4   0.0051118430  -0.0560682413   0.0134209872  -0.0073855518   0.0604671251
 95 5   0.0399768308   0.0071347115   0.0008716385   0.0521898411  -0.0179850082
 95 6  -0.0091496059   0.0161636910  -0.0036894756   0.0032005188  -0.0014773046
 95 7   0.0050410464  -0.0080166329   0.0190403928   0.0257603923   0.0110536577
 95 8  -0.0197954992   0.0079297543   0.0283599727   0.0137893726  -0.0020037210
 95 9  -0.0662417692   0.0184857158  -0.0477312527  -0.0095409942   0.0710486758
 9510  -0.1006434755   0.0005087931  -0.0062188250  -0.0401807234   0.0977980978
 9511  -0.2057412141   0.0013219844  -0.0419818974   0.0230172791  -0.1835073334
 9512   0.0028328175  -0.0043218138  -0.0101773561   0.0016452784  -0.0116886715
 9513   0.0008609031  -0.0765592037  -0.1116941535   0.0152020182   0.0091161116
 9514  -0.0344308228  -0.0346796570   0.3353684888  -0.0300499673  -0.0597694721
 9515   0.0062885851  -0.0070101928   0.0011136652  -0.0008625026   0.0087865202
 9516   0.0070608567   0.0007871738  -0.0500720102   0.0365540189   0.0011835564
 9517  -0.0005035688   0.1279813138  -0.0009714898  -0.0007309993   0.0025169314
 9518  -0.0001075297  -0.0676415456   0.1080395807   0.0236154076  -0.0594362917
 9519  -0.0006388543  -0.0054030209  -0.0534220821   0.0067120919  -0.0400284745
 9520  -0.0056887096   0.0180694658   0.0854813387  -0.0072377216   0.0296420904
 9521   0.0587378819  -0.0055460001   0.1227722752  -0.0368986047  -0.1503479402
 9522   0.0974203215  -0.0244064316   0.0049446146   0.0042955717  -0.0692966717
 9523   0.0424972241  -0.0636852449   0.0382959091  -0.0231277148   0.1034687931
 9524   0.0006297833   0.0513532882   0.1581344770  -0.0761085223   0.0001520535
 9525  -0.0000635554   0.0002216352  -0.0423632802   0.0401970584  -0.0105129353
 9526   0.0112443672   0.0487690326  -0.0226971800  -0.0855459703   0.0046793340
 9527  -0.0062903832  -0.1710702422   0.0040953298   0.0862374129   0.0235389475
 9528   0.0409003839   0.2726236804  -0.0000728584   0.0002068131   0.0003989180
 9529   0.0113204154  -0.0002054674   0.0032682418   0.0000021677  -0.0000349320
 9530  -0.0001901413   0.0000140742   0.0003567046  -0.0057362659  -0.0013110503
 9531   0.0013979568   0.0033257060  -0.0011896992  -0.0012547533   0.0011035848
 9532   0.0010553046  -0.0002826813  -0.0079306645   0.2529523379  -0.0018048088
 9533  -0.9244089724  -0.0007494907
 96 1  -0.1405059865  -0.0030814504  -0.0138071269   0.0136868328  -0.0028892024
 96 2   0.0015662391   0.0288596342   0.0088452837   0.1266769383   0.0082693441
 96 3  -0.0005791754  -0.0032680448   0.1249368243  -0.0028856233  -0.0000082052
 96 4   0.0517068789  -0.0258910641   0.0004896067   0.0011874836   0.0779379717
 96 5   0.0946585005   0.0001551855   0.0001705798   0.1618898970   0.0004310805
 96 6  -0.0006092595  -0.0778909047  -0.0000361940   0.0005023456   0.0008543129
 96 7   0.0004245630  -0.0015400395   0.0275347896   0.0006010561  -0.1122269205
 96 8   0.0468472278   0.0010487370  -0.0305171352  -0.0081221480  -0.0000404423
 96 9  -0.1330058680   0.0624775625   0.0007034512   0.0001845498  -0.1177228636
 9610   0.0861384995   0.0000382381  -0.1678315200   0.0069143773   0.0863508462
 9611   0.0397475443   0.0001148844   0.0514574235  -0.0004075615  -0.2520736851
 9612   0.0031211858  -0.0114082739  -0.0586270564   0.0005469563   0.0289366848
 9613   0.0000824484   0.0021530915  -0.0630028329   0.0005478983   0.0007331696
 9614   0.0559030640  -0.0001340214  -0.0366384669  -0.0016161394  -0.3052714840
 9615   0.0050957235  -0.0012598119   0.0012917250   0.0012826708   0.0002529012
 9616   0.0008744638  -0.0000724442  -0.0003280768  -0.0002666408  -0.0094657919
 9617   0.0004892858  -0.2870203675  -0.0000604677  -0.0000850848   0.0006988092
 9618  -0.0072606817  -0.2893432512  -0.0037905694   0.0685093949  -0.2255925804
 9619   0.0187449483   0.0005818099   0.0327579297   0.0580214020  -0.1939736959
 9620  -0.0196027268  -0.0148571137   0.3451168323  -0.0692855674   0.0480251984
 9621   0.1997837488  -0.0042729151   0.2411834969   0.0291775595  -0.5089104571
 9622   0.2758180392   0.0252735419   0.0244072194   0.0106397226  -0.3023709593
 9623  -0.0859550287  -0.3154323287   0.1894839786  -0.1266058998   0.5043755740
 9624   0.0031945803   0.1658353664   0.3920064853  -0.0028119500  -0.0003332975
 9625   0.0004113052   0.0256495665  -0.4096414957   0.0759023367  -0.0543476367
 9626   0.0083136890   0.1138941187  -0.0117329862  -0.0032476182   0.1850249105
 9627  -0.3349196443  -0.2864931372   0.0739050968   0.1760373014   0.0443855639
 9628   0.0321237592   0.4188067794  -0.0000717185   0.0001143379   0.0002732677
 9629  -0.0055829123   0.0001946854  -0.0009768249  -0.0000001688   0.0000010865
 9630   0.0000565035  -0.0000019851  -0.0000723218   0.0013405621   0.0003222112
 9631  -0.0003441012  -0.0008223988   0.0002993454   0.0003391032  -0.0004752726
 9632  -0.0006691478   0.0001654755   0.0021643286  -0.0656351981   0.0009835021
 9633   0.2520160765  -0.0002218846
 97 1   0.0028289753   0.1269454018   0.0606589412   0.1012914734   0.0477490401
 97 2   0.0608200350   0.1027080229   0.1790741665   0.0021925112  -0.3746763588
 97 3   0.0637376256  -0.0526543749  -0.0019308077  -0.1988211580  -0.0550509633
 97 4  -0.0029620626   0.0001338803   0.1102795810  -0.0705981204   0.0036874935
 97 5   0.0082171374   0.2583291524  -0.0577108169   0.0029623537  -0.2217623676
 97 6  -0.2045726785  -0.0084815792   0.0484294819  -0.1400327629  -0.0012259350
 97 7  -0.0126456661  -0.0348113216  -0.0027521227  -0.1848092431  -0.0110104374
 97 8   0.0081179018  -0.1711712892  -0.0027728004  -0.0066621172  -0.0092801058
 97 9  -0.0075759861   0.0040131584  -0.0749656878   0.0058820184  -0.0098869788
 9710   0.0080932753   0.0069895112   0.0031885171   0.2690297677  -0.0070939198
 9711  -0.0025147707   0.0165823812   0.0058693471   0.2273216658  -0.0238517627
 9712  -0.0070226826  -0.0010045210   0.0144501156   0.6479659091   0.0054668223
 9713   0.0665946886   0.0051653516   0.0215023739   0.2008372653   0.1659078014
 9714   0.0108602462  -0.5447626886   0.1099388506  -0.4542684124  -0.0219459512
 9715   0.0941795172   0.0075111791  -0.0086877489   0.0002254184  -0.0150285605
 9716  -0.0418566717  -0.0110707706   0.5135407160  -0.3784178624   0.0054009246
 9717  -0.0040048630   0.0135596427   0.0138089645   0.0139250390  -0.0289781618
 9718  -0.0138001483  -0.0181764939   0.0221007414   0.0010275204   0.0054848869
 9719  -0.0002021238   0.0230115685  -0.0251214630  -0.0061648098   0.0084133264
 9720   0.0013550786   0.0141811375  -0.0320348900   0.0168499185   0.0089062792
 9721  -0.0200039924  -0.0030961990   0.0080787057  -0.0085525804   0.0061934635
 9722   0.0008174216   0.0026518551   0.0021763072   0.0007901629   0.0076205273
 9723  -0.0272674164  -0.0037341685   0.0193125365  -0.0201326383   0.0146028253
 9724  -0.0000870168   0.0027671640   0.0014167086   0.0106261573  -0.0001581393
 9725   0.0001350837   0.0015983093  -0.0179145072  -0.0014923882  -0.0017875624
 9726  -0.0006791142  -0.0050781457   0.0015960261   0.0056340530  -0.0019557967
 9727  -0.0264258195   0.0090450672   0.0102975465  -0.0074956661   0.0043040839
 9728  -0.0003536803  -0.0279151965   0.0000120225  -0.0000270286  -0.0000792933
 9729   0.0000594766  -0.0003294635   0.0000896943  -0.0000059174   0.0000033210
 9730  -0.0002662717   0.0000169617   0.0002150422  -0.0038177477  -0.0009009223
 9731   0.0009693909   0.0021843758  -0.0007290560  -0.0007192523  -0.0000670441
 9732  -0.0001664864  -0.0000086910  -0.0023135706   0.0615294365  -0.0004583031
 9733   0.0164616350  -0.0000032911
 98 1  -0.0317518813  -0.0761079878   0.0915063594   0.0024216011   0.0843385308
 98 2   0.0187197224  -0.0114906623   0.0107063197  -0.0841930392  -0.0374018977
 98 3   0.0074685424  -0.0013782669  -0.1486925394  -0.0150329652  -0.0048711863
 98 4   0.0372188618  -0.0853390836   0.0071036497  -0.0073031892   0.0023971402
 98 5  -0.0525840278   0.0224501555  -0.0052748814  -0.0336844364  -0.0201264813
 98 6  -0.0177719421   0.0750659074   0.0044749597  -0.0128507741  -0.0026430119
 98 7  -0.0009374325  -0.0027047437  -0.0079387821  -0.0176811147   0.0967811838
 98 8  -0.0510756551  -0.0167679969   0.0344658692   0.0490884633  -0.0014522928
 98 9   0.1033782725  -0.0439187973  -0.0071885068   0.0002957243   0.1095958720
 9810  -0.0743630676   0.0002052790   0.1456739187   0.0168190965   0.1287739631
 9811   0.0249654079   0.0010085289  -0.0574849870   0.0192545843   0.2920980108
 9812  -0.0040402924   0.0115557898  -0.1494199516   0.0578887685  -0.0125364343
 9813   0.0058050520  -0.0587699795  -0.2456459490   0.0164562762   0.0154501782
 9814   0.0005620333  -0.0511584784  -0.2142070321  -0.0522100919   0.2995396150
 9815   0.0036655033   0.0017164279  -0.0016916459  -0.0046768348  -0.0013526653
 9816  -0.0043959054  -0.0010247837   0.0462692407  -0.0336364366   0.0061368529
 9817  -0.0002259859  -0.1323457331   0.0009007379   0.0018523586  -0.0040760793
 9818   0.0139479353   0.1946964852  -0.2392890572  -0.0124010336  -0.0615647448
 9819   0.0028165789   0.0008895721   0.2756469822   0.0681424856  -0.0978805069
 9820  -0.0041189534  -0.1577213710   0.3520001712  -0.1819736102  -0.0952086738
 9821   0.2235576722   0.0228179792  -0.0898719249   0.0917407906  -0.0664723541
 9822  -0.0034573476  -0.0306381481  -0.0200891628   0.0213214053  -0.0792452592
 9823   0.2942692585   0.0388401627  -0.2148518371   0.2252980459  -0.1616155441
 9824  -0.0011218102  -0.0297258167  -0.0155221349  -0.1146615419   0.0004165594
 9825  -0.0003371430  -0.0175705842   0.1981476585   0.0181932360   0.0199022046
 9826   0.0076979600   0.0570833483  -0.0182424676  -0.0617747340   0.0200638789
 9827   0.2934984873  -0.1014881563  -0.1149070128   0.0817356057  -0.0462315759
 9828   0.0052491298   0.3134619410  -0.0001509237   0.0002998925   0.0008618388
 9829  -0.0006834228  -0.0000091968  -0.0010522146   0.0000031024  -0.0000413206
 9830   0.0000080363  -0.0000762861  -0.0024140411   0.0426539556   0.0101625069
 9831  -0.0107530931  -0.0244573719   0.0081584000   0.0080616665   0.0007336478
 9832   0.0018298381   0.0001073776   0.0260984256  -0.6938772221   0.0051624795
 9833  -0.1856296839   0.0000350320
 99 1  -0.1345348439  -0.0048602273  -0.0217735534   0.0215799787  -0.0045534978
 99 2   0.0024636151   0.0223432239   0.0070953329   0.1000560331   0.0071710327
 99 3   0.0000752287  -0.0024770091   0.0909028634  -0.0024750452  -0.0000224894
 99 4   0.0597436389  -0.0502525804  -0.0000428215   0.0011980050   0.0883572828
 99 5   0.0893351565   0.0000933893   0.0002784600   0.1677449158   0.0006971583
 99 6  -0.0002438515  -0.0588913551  -0.0000152743   0.0007136272   0.0002538031
 99 7   0.0005138830  -0.0015530394   0.0331387513   0.0000380895  -0.0643436800
 99 8   0.0197142712   0.0007349810  -0.0019552460  -0.0182559960   0.0001085246
 99 9  -0.1284775518   0.0352257401   0.0008196885   0.0003642510  -0.0179438210
 9910  -0.0168984951   0.0017240796  -0.1264491346   0.0038641383   0.2589320213
 9911   0.0189520290  -0.0000241538   0.0287165650  -0.0014835167  -0.1129345042
 9912   0.0012968947  -0.0043830768   0.0982552067  -0.0006855678   0.0033702537
 9913   0.0000793499  -0.0192731664  -0.0759762469   0.0000581952   0.0007656424
 9914   0.0553811919  -0.0003135388  -0.1480237311  -0.0059784659  -0.3185167567
 9915   0.0062165675  -0.0002730320   0.0006446144   0.0118073505  -0.0009602946
 9916  -0.0000476524   0.0001464439  -0.0006236532   0.0005422142   0.0033366905
 9917  -0.0006272348   0.2805181568   0.0002625937  -0.0004335489   0.0012205782
 9918  -0.0107833079   0.0458370200   0.2036498361  -0.0122656959   0.0776097636
 9919  -0.0103066419   0.0005874174  -0.2414461576  -0.0830982397   0.1763319032
 9920   0.0106717913   0.1772492810  -0.4502009692   0.1970087275   0.0883395686
 9921  -0.2472097179  -0.0242478833   0.1188984136  -0.1680562161   0.0979603643
 9922   0.0841276615   0.1195835927   0.0488725684  -0.0168904100   0.0908966002
 9923  -0.2594503782  -0.0918722854   0.1803898056  -0.1592440499   0.0884003338
 9924   0.0009246382   0.0431132751   0.0542475630   0.1171017205  -0.0004980312
 9925   0.0004288394   0.0222192988  -0.2773086429  -0.0127475785  -0.0291766903
 9926  -0.0140884124   0.0086202018   0.0211647174   0.0551558603   0.0489334342
 9927  -0.3906738241  -0.0239326329   0.1252951728  -0.0092121453   0.0606889967
 9928   0.0035281093  -0.1135646304   0.0000745335  -0.0001333273  -0.0004332725
 9929  -0.0011198097   0.0000166464  -0.0012651379   0.0000007998  -0.0000064766
 9930   0.0000348880  -0.0000751183  -0.0022848505   0.0399211977   0.0095079918
 9931  -0.0100639094  -0.0229385021   0.0077063755   0.0076447679   0.0008304463
 9932   0.0020285560   0.0001054930   0.0254570233  -0.6570908801   0.0047529801
 9933  -0.1795391484   0.0000201100
100 1   0.0017890726   0.0489737671  -0.0916266443  -0.0665306074   0.1348974159
100 2   0.0947018438   0.0541325594   0.1059374813  -0.0154033367   0.0786301604
100 3   0.1895186227  -0.0652967604   0.0273530793   0.1733275259   0.0497110634
100 4  -0.0080029477   0.0228722009  -0.3330583231   0.1613791249   0.0051264508
100 5   0.0072476193  -0.1925342601  -0.2107470925   0.0074169529  -0.0516022792
100 6  -0.0621744867   0.0048499685   0.0400265818  -0.2039068626  -0.0023338500
100 7   0.0611338254  -0.1944012144  -0.0003056624   0.1632718601  -0.0065170168
100 8  -0.0076436317   0.1848518043  -0.0048276960   0.0024786803  -0.3797835174
100 9   0.0026135185   0.0192544380  -0.3474152784  -0.1096897163  -0.0084329393
10010   0.0028776397  -0.0237993496   0.0015418626   0.0435435924   0.0024456342
10011  -0.0125385476   0.0186553516  -0.0057002107   0.2006964325   0.0184811319
10012   0.0338049629   0.0013092185  -0.0127691028   0.3022546485  -0.0002924471
10013   0.1081738948  -0.0008421358  -0.0085580391   0.0135972107   0.1723648667
10014  -0.0018250871  -0.1753239290  -0.0641860831   0.4260181348   0.0049034885
10015  -0.1365080683  -0.6028688286   0.2598034946   0.0139198761   0.3752154262
10016   0.3750939332   0.0033511173  -0.1449265870  -0.2352975103   0.0059330093
10017   0.0238195221   0.0072474036   0.0609724687   0.0305834037  -0.1799676089
10018  -0.0756715721   0.0091879069  -0.0019161298  -0.0022649595  -0.0003918077
10019   0.0009954303   0.0015309643   0.0021139045  -0.0014314880  -0.0043222874
10020   0.0020537510   0.0074952818   0.0010414470   0.0029636349   0.0017855814
10021  -0.0037057296   0.0000157018  -0.0037816189   0.0137985392  -0.0100036677
10022  -0.0062209105   0.0015473614  -0.0024633485   0.0000064868   0.0101891339
10023  -0.0018103198  -0.0031430746   0.0025510685  -0.0004000711   0.0035114169
10024   0.0001624846   0.0004909702   0.0005873168   0.0008052853  -0.0002662085
10025   0.0000474837   0.0000256565  -0.0011175791   0.0003193441  -0.0000074137
10026   0.0002029568   0.0006644888   0.0010362715   0.0060673057   0.0077702094
10027   0.0078992375   0.0035633348  -0.0064454222   0.0010577869  -0.0051368339
10028  -0.0026025263   0.0017194709  -0.0000091470   0.0000295722   0.0000819384
10029  -0.0000229042  -0.0000689435  -0.0000356151  -0.0000108522  -0.0000075702
10030   0.0000125362   0.0000304559   0.0003312746  -0.0045693878  -0.0027925536
10031   0.0029052108   0.0060427092  -0.0013144544  -0.0020289843   0.0323080731
10032   0.0737309431  -0.0157799852  -0.0197834964  -0.0011271932   0.0009836356
10033   0.0000374070  -0.0000002873
101 1  -0.0198138138  -0.0865606709   0.0620438874   0.0035477556   0.0886687194
101 2   0.0234631007  -0.0250113038   0.0010631262  -0.1294267826  -0.0010394614
101 3   0.0177807427  -0.0018793422  -0.1483615333   0.0183938874   0.0045883438
101 4   0.0556506360  -0.0542114232  -0.0316292979   0.0124206948  -0.0634009681
101 5  -0.0997661451  -0.0168560047  -0.0185936909  -0.0522196954  -0.0044775945
101 6  -0.0055047901  -0.0527934024   0.0034089121  -0.0175912883   0.0061159325
101 7   0.0053929677  -0.0127976339  -0.0671081748   0.0129209111   0.1373692838
101 8   0.0144335655   0.0170551865  -0.0849074074  -0.0855738345  -0.0304389910
101 9  -0.0266399451  -0.1746436734  -0.0304255133  -0.0091312518   0.1028973689
10110  -0.0815365731  -0.0013833577  -0.0022640751   0.0039584070   0.0122328522
10111   0.1346501671   0.0013705232   0.0582625932   0.0180314739  -0.1655904429
10112   0.0050155786  -0.0105819208   0.1340315867   0.0259140615   0.0246931188
10113   0.0094964640   0.0107484852   0.1076207475   0.0013212257   0.0154807465
10114   0.0518216803  -0.0151371489  -0.0749124457   0.0335110250  -0.1159269626
10115  -0.0098246019  -0.0520152263   0.0224562515  -0.0041897728   0.0323371135
10116   0.0321968412   0.0002178438  -0.0123655775  -0.0202964178  -0.0087562451
10117   0.0018298080  -0.0285351308   0.0052542163   0.0027703495  -0.0149707347
10118  -0.0081728021  -0.0325654402   0.0027578212  -0.0197292357   0.0073838975
10119  -0.0162954242   0.0002339527  -0.0340154922   0.0284600714   0.0767535518
10120   0.0125756393  -0.1060276352  -0.0195799421  -0.0623931289  -0.0551779310
10121   0.0446061129   0.0064356201   0.0176734144  -0.1673979088   0.1234677750
10122   0.1086900658  -0.0148667524   0.0389790148   0.0047130580  -0.1613553191
10123   0.0018829674   0.0367412855  -0.0328402697   0.0005029968  -0.0215346138
10124  -0.0000757307  -0.0071103103  -0.0176553525  -0.0027914261   0.0000186402
10125  -0.0000456267  -0.0007486001   0.0248288007  -0.0064674207   0.0015796085
10126  -0.0003578043  -0.0181110371  -0.0147971214  -0.0827874867  -0.1178777970
10127  -0.0986221665  -0.0500823426   0.0892850483  -0.0190768449   0.0776900982
10128   0.0383960743  -0.0192623800   0.0001556970  -0.0004361516  -0.0011180069
10129   0.0002738908  -0.0000076527   0.0004127030  -0.0000073445   0.0000799120
10130  -0.0000079953  -0.0001980686  -0.0038220247   0.0524602500   0.0320598076
10131  -0.0333608645  -0.0693560428   0.0150791032   0.0232681200  -0.3708914377
10132  -0.8463347242   0.1810724690   0.2268402368   0.0129609562  -0.0112799589
10133  -0.0004104048   0.0000009214
102 1  -0.0995289018  -0.0153174563  -0.0685254948   0.0678180417  -0.0142618713
102 2   0.0075933888  -0.0060456139  -0.0019297608  -0.0298715567  -0.0027589343
102 3  -0.0008769671  -0.0000781088   0.0292119228  -0.0002601902   0.0003457761
102 4   0.0885773609  -0.0229916914  -0.0003718933  -0.0006149692  -0.0309421137
102 5  -0.0197503740   0.0005660868   0.0001174590   0.0482571314   0.0004599386
102 6  -0.0006647661  -0.1435708689  -0.0003236728   0.0008899510   0.0079231168
102 7   0.0002498313   0.0040590720  -0.0668477785   0.0006271581  -0.0441328492
102 8   0.1029323316   0.0023086401  -0.1700446391  -0.0220237449   0.0030821863
102 9  -0.0684068481  -0.0839973334   0.0009651426   0.0002580783  -0.1267096971
10210   0.1537026209  -0.0031258618  -0.1023532998   0.0050733968  -0.0992460754
10211   0.2471364395  -0.0005244985   0.0889468119  -0.0000113371  -0.2017263657
10212   0.0026495993  -0.0122635317  -0.1510040980  -0.0007472659   0.0334706333
10213  -0.0004511815  -0.0491118524  -0.1497764651  -0.0001907111  -0.0015195170
10214  -0.0192615899   0.0024067193   0.2420305861   0.0093543735   0.2589670296
10215  -0.0032759533   0.0049362014  -0.0039012092  -0.0168320711  -0.0018965349
10216  -0.0038476176  -0.0000466093   0.0008964836   0.0020129522   0.0059867015
10217  -0.0019095651   0.2834416110  -0.0004529488   0.0012135652  -0.0017772413
10218   0.0303840255   0.3619123400  -0.0677455981  -0.1735268579   0.0316804901
10219  -0.0475933708  -0.0016014283  -0.0585942938   0.0894983123   0.2893382295
10220   0.0357405019  -0.2288268072  -0.0873151159  -0.2800977840  -0.3345726612
10221   0.0236994406   0.0119797106  -0.2236863173  -0.1662292594   0.1112969313
10222   0.4353789919  -0.0025559456   0.1268346297  -0.0029124204  -0.6442425972
10223  -0.3467492020   0.0142731529  -0.0053639143  -0.1188077200   0.3412886886
10224   0.0019105349  -0.0184784676  -0.1819916226   0.1634983511  -0.0002676888
10225   0.0000285941  -0.0014058443   0.1418825153  -0.0609222577   0.0223459163
10226  -0.0027430842  -0.1734276423  -0.0562268654  -0.2209932969  -0.5316233246
10227  -0.0232469928  -0.0117913850   0.2246571043  -0.2010237552   0.3177529300
10228   0.1019208114   0.0165178574   0.0001792236  -0.0004552218  -0.0009490808
10229   0.0001174750   0.0000010804  -0.0002042854   0.0000025440  -0.0000301009
10230   0.0000041580   0.0000386797   0.0007302623  -0.0097804065  -0.0073696874
10231   0.0077212208   0.0166553695  -0.0038436475  -0.0062679600   0.0748234403
10232   0.1699089524  -0.0359162046  -0.0429567743  -0.0041781163   0.0020970481
10233  -0.0005461542   0.0000169478
103 1   0.0011374833   0.1060962966   0.0233494139   0.0608747591   0.0763950422
103 2   0.0302877117   0.1243311912   0.1460059011  -0.0194573263  -0.0834494539
103 3   0.1038965496   0.0133975391   0.0072088749   0.0116433081   0.0253377812
103 4  -0.0036776419  -0.0021787211   0.0221817022  -0.0458474281   0.0102397179
103 5   0.0088501933   0.2950476020   0.3941133590  -0.0028699632   0.3767268858
103 6  -0.0062545926   0.0116409771   0.1321394914   0.1122320000  -0.0012759570
103 7  -0.0059685527   0.3473535942   0.0219266762  -0.0427866414  -0.0154752327
103 8  -0.0077882734   0.2799228767   0.0238794563   0.0217499520   0.4144161391
103 9   0.0101635800   0.0117034258   0.0896738664  -0.0033874201  -0.0009074160
10310   0.0012437883  -0.0030538934  -0.0001121475  -0.1477572870   0.0008014820
10311  -0.0127442491  -0.0210417092  -0.0063797398   0.0232468984   0.0117733866
10312   0.0448823324   0.0008323187  -0.0010892298  -0.0766472657  -0.0026570982
10313   0.0550362687  -0.0040179555   0.0011979909  -0.0133120113   0.0834249474
10314  -0.0008969587  -0.0481585680   0.0077776819  -0.0558228767  -0.0023169335
10315   0.0100881487  -0.1519747725  -0.3570801234  -0.0024439807  -0.1701589551
10316  -0.2552860370   0.0927908340  -0.3845535074  -0.4677527559   0.0089396031
10317   0.0240340825  -0.0056674898   0.1519635240   0.1378528003  -0.4655294049
10318  -0.2004365079  -0.0063419185   0.0003892356  -0.0009960743  -0.0002811663
10319   0.0002509306   0.0027715164  -0.0043720274   0.0014683902  -0.0049232448
10320   0.0125959597  -0.0083890933   0.0006252076   0.0039279085   0.0062006591
10321   0.0040183820  -0.0000817641   0.0097261890  -0.0167704790   0.0146333532
10322   0.0002804933  -0.0023665864   0.0020577732   0.0006179033  -0.0090638935
10323   0.0004537990  -0.0025111071  -0.0031866941   0.0037247179  -0.0022137849
10324   0.0002925835   0.0011425691   0.0006655031   0.0049183427  -0.0005242345
10325   0.0000157004   0.0003386173  -0.0011596057   0.0001486979   0.0003576726
10326  -0.0010995267   0.0025979465   0.0006401702   0.0039620329  -0.0037455319
10327  -0.0017326160   0.0019396875  -0.0042228563  -0.0102927205   0.0045451629
10328   0.0035859026   0.0030606870   0.0000216102  -0.0000841175  -0.0001150201
10329  -0.0000452240   0.0000199041  -0.0001060925   0.0000066658  -0.0000126283
10330   0.0000270103  -0.0001129958  -0.0040505442   0.0711266067   0.0151995181
10331  -0.0159096126  -0.0345315936   0.0106243730   0.0086568368   0.0031335313
10332   0.0069859025  -0.0013663087  -0.0016763727   0.0061316562  -0.0000350790
10333   0.0010851445  -0.0000024659
104 1  -0.0127812906  -0.0837646244   0.0624689203   0.0238763205   0.0816744368
104 2   0.0189264935  -0.0224924978   0.0030639822  -0.1483370642  -0.0166983608
104 3   0.0098281746   0.0046683034  -0.1238027475   0.0042819265   0.0025974626
104 4   0.0709659068  -0.0241890791  -0.0004194736  -0.0057211269  -0.1021591257
104 5  -0.1135028004   0.0251567967   0.0332427404  -0.0234268831   0.0323717628
104 6  -0.0011590127  -0.1605467973   0.0109593225   0.0104096075   0.0107854402
104 7  -0.0003705076   0.0344612639  -0.0751553744  -0.0044855979   0.1122200613
104 8   0.0499529301   0.0259585954  -0.1156313245  -0.1230623751   0.0384801342
104 9  -0.1160084295  -0.1337266829   0.0071921401   0.0001311435   0.0094698532
10410  -0.0089228437   0.0002009101  -0.0903592400  -0.0081796816  -0.0193544553
10411   0.1451387639  -0.0019997513   0.0725524666   0.0021597314  -0.1240736202
10412   0.0053542330  -0.0074111519  -0.0057907339  -0.0062147699   0.0248039145
10413   0.0046536116   0.0378285217  -0.0110405187  -0.0009222068   0.0071691772
10414   0.0060161960  -0.0039261356   0.0161543943  -0.0038473728   0.0198833766
10415   0.0005059839  -0.0132272810  -0.0304640262  -0.0019264336  -0.0145480582
10416  -0.0219087187   0.0079423912  -0.0328953920  -0.0400061277   0.0085879655
10417   0.0022679703   0.0638521478   0.0129853311   0.0117236227  -0.0418096032
10418  -0.0039335103   0.0888968095  -0.0113519203  -0.0056271789   0.0033811729
10419  -0.0003722729  -0.0002116738   0.0462387332  -0.0141928327   0.0470105884
10420  -0.0012377891   0.0894915510  -0.0054445195  -0.0446349691  -0.0728768014
10421  -0.0429741171  -0.0038650879  -0.1165788363   0.1920113078  -0.1652443998
10422   0.0019057894   0.0258289905  -0.0241747703  -0.0031842408   0.0994487587
10423  -0.0075915513   0.0278615441   0.0353831368  -0.0416283768   0.0277431067
10424  -0.0000957035  -0.0125122613  -0.0089770126  -0.0543959401   0.0001669681
10425  -0.0001284781  -0.0039666535   0.0153812948  -0.0016736352  -0.0036433691
10426   0.0129020762  -0.0306630504  -0.0073702803  -0.0446924260   0.0413600850
10427   0.0225608015  -0.0219186979   0.0481808762   0.1173339694  -0.0512500852
10428  -0.0403794219  -0.0348123019  -0.0002510910   0.0009588827   0.0012894358
10429   0.0005234860  -0.0000041271   0.0012617165  -0.0000124677   0.0001449500
10430  -0.0000399448   0.0015542155   0.0473936631  -0.8327296466  -0.1774183232
10431   0.1862993380   0.4041705872  -0.1246296599  -0.1018179945  -0.0366359454
10432  -0.0816864122   0.0159818292   0.0195767186  -0.0702729321   0.0003973263
10433  -0.0123008662   0.0000266704
105 1  -0.1285640816  -0.0066187289  -0.0297058103   0.0294973182  -0.0062513377
105 2   0.0034517312   0.0089683860   0.0039087408   0.0463940657   0.0040966610
105 3   0.0015691887   0.0002906025  -0.0525005489   0.0000269025  -0.0000767032
105 4   0.0223196978  -0.1151283070  -0.0024122530   0.0004349982   0.1013107021
105 5   0.0449867384  -0.0001322226   0.0002860248  -0.0593797333   0.0002517567
105 6   0.0007106448   0.1609237862   0.0005198513  -0.0019011407  -0.0018571372
105 7   0.0005314459   0.0035560751  -0.0725675465  -0.0005515415   0.0788979755
105 8   0.0125436611   0.0003701142  -0.1273914153   0.0711850397   0.0016901082
105 9   0.1845253375  -0.2761487578  -0.0007111016  -0.0003106401   0.1792680179
10510  -0.0771238380  -0.0027212884   0.1341548739  -0.0061792117   0.0546838199
10511   0.2532097776  -0.0006714383   0.0609805127   0.0016614926  -0.3639277148
10512   0.0049167658  -0.0248855136   0.2073631162   0.0001567435   0.0469797129
10513   0.0006782722  -0.1022849462   0.1963239523   0.0006229475   0.0011902231
10514   0.1165235390   0.0005406911  -0.0822729957  -0.0042060881  -0.1439547652
10515   0.0026221538   0.0002600689  -0.0003360322  -0.0197812953  -0.0003188075
10516  -0.0005512330  -0.0001846228   0.0000162446  -0.0008796746  -0.0207121328
10517   0.0002409753   0.1012630903   0.0005183152  -0.0004257557   0.0033311881
10518  -0.0241134498   0.1393222787   0.0098391258  -0.0186507682   0.0104763631
10519  -0.1061140674  -0.0008658005   0.0667831503  -0.0160550806   0.4649097275
10520   0.0125813928   0.3272808814  -0.0563137775  -0.2717731511  -0.2269664460
10521  -0.1548804735  -0.0286526986  -0.0356627712   0.3059327820  -0.4093818176
10522  -0.4202426205   0.3615961471  -0.4191667499   0.0198365323  -0.3090380529
10523   0.0528040541   0.3201703011   0.0428767526  -0.2079367794   0.0062820010
10524  -0.0020444384  -0.1002670738  -0.0266376631  -0.3827202920   0.0012481658
10525  -0.0007155483  -0.0190390601   0.0197712125   0.0099108497  -0.0291131190
10526   0.0151152678  -0.0192911747  -0.0195483235  -0.1372321462   0.3178051225
10527   0.1111449388  -0.0078541782   0.0252191646   0.3969720005  -0.3039382603
10528  -0.1874757243  -0.1344456416  -0.0002232689   0.0006587658   0.0011362417
10529  -0.0001424620   0.0000009292  -0.0002347125  -0.0000052811   0.0000851324
10530   0.0000070825  -0.0002341545  -0.0073736955   0.1306016818   0.0271221727
10531  -0.0286708244  -0.0643961665   0.0204936869   0.0191678293   0.0055500754
10532   0.0122035914  -0.0022405235  -0.0026183220   0.0128819103  -0.0000930266
10533   0.0024249586  -0.0000140198
106 1   0.0071344477   0.1237563159   0.0439385156   0.0807142796   0.0348769691
106 2   0.1839994616  -0.0729649410  -0.0893211038   0.0282759886  -0.1168166911
106 3  -0.2756601029   0.0436579128  -0.0009567601   0.2267313324   0.0476392911
106 4  -0.0052848756   0.0099172151  -0.1945742585  -0.3075685187   0.0129708808
106 5   0.0040483245  -0.2024914906   0.1381044872   0.0012599914  -0.0305715608
106 6  -0.1299200623  -0.0018003753   0.0648838040  -0.1010811540  -0.0013038311
106 7  -0.0462862680   0.0114307219  -0.0050262632  -0.1244333154   0.0129045996
106 8  -0.0036244501  -0.0655215516  -0.0021863906   0.0308205452   0.0014531053
106 9  -0.0189063119   0.0090639712   0.0007287613   0.0000370824  -0.0031858054
10610  -0.0003211090  -0.0003811451  -0.0091411476  -0.0253854333   0.0120842536
10611  -0.0039879007   0.0022684829   0.0005488057   0.0494705850  -0.0079311283
10612   0.0006616603  -0.0001763008  -0.0001122496  -0.0151154507  -0.0002538578
10613  -0.0020375127  -0.0014894695  -0.0048940319   0.0281127020  -0.0095058632
10614  -0.0001187968   0.0319767949  -0.0077089029   0.0438870774   0.0051546714
10615   0.1900558573  -0.0299992380   0.0245455958  -0.0011838752  -0.0171969642
10616  -0.0020280043   0.0001278546   0.0033740242  -0.0038899413   0.0002211721
10617  -0.0058261415   0.0270739238   0.0001196672  -0.0028428494  -0.0013264431
10618  -0.0000288733  -0.0360622455  -0.0299579882  -0.0057955951  -0.0168010282
10619   0.0020300936  -0.1534948045   0.0098867206   0.0053989501  -0.0058115740
10620   0.0003031965  -0.0108935523   0.0018672981  -0.0024257985  -0.0039640104
10621  -0.0045682969   0.0467146826  -0.0089282704   0.0133545662   0.0073774951
10622  -0.0192935002  -0.0005927072  -0.0067854995  -0.0276929751   0.0047534077
10623  -0.0487872552   0.0267700258  -0.0148504000   0.0077493196  -0.0194829110
10624  -0.0001098329  -0.0085851244  -0.0275217348   0.0139228693  -0.0000567861
10625   0.0000513470   0.0041416052  -0.1104380658  -0.0546778550  -0.0201304001
10626   0.3782183275   0.2388186770   0.0307906482  -0.1161339712  -0.0979444386
10627   0.0877638062   0.0364508181  -0.0199313696  -0.0279831066  -0.0127908708
10628   0.0124208113  -0.0582409333  -0.0001726802   0.0003471416   0.0010875543
10629  -0.0265734106   0.0853204893  -0.6060141330  -0.0002130316   0.0015069607
10630  -0.5688481505  -0.0000616056  -0.0002062083  -0.0007538467   0.0001457504
10631  -0.0001028490   0.0002947213  -0.0001954916  -0.0004480966   0.0014437422
10632  -0.0013943029  -0.0027140543   0.0011913685   0.0014880329   0.0139304058
10633  -0.0016958351   0.0004695916
107 1  -0.0797945443  -0.0797945501   0.1192147105  -0.1025969819   0.1156868666
107 2   0.0370905918   0.0795560172  -0.0568270341   0.1156839775  -0.0748080838
107 3  -0.1637854008   0.0254754358   0.0509426131   0.1380462875   0.0310406701
107 4  -0.0040753892   0.0230718401  -0.1338965770  -0.1822773661   0.0034445604
107 5   0.0049611081   0.0106394555  -0.0019467137   0.0097845317  -0.0037677989
107 6  -0.0102554328   0.0022440124   0.0081398572  -0.0155971284  -0.0016896359
107 7  -0.0508114352  -0.0027985081   0.0357072821   0.0112550894  -0.1293905649
107 8   0.0445591506  -0.0005965842   0.0286326584  -0.2815210795   0.0048112179
107 9   0.1870694714  -0.0792684681  -0.0014207707   0.0003042876   0.0223763232
10710   0.0099555793  -0.0010650317   0.0803164154   0.0116672267  -0.1601535947
10711   0.0120267039   0.0001394127  -0.0084687570   0.0049428625   0.0325963137
10712   0.0007480585   0.0001817464  -0.0615965894  -0.0293895053   0.0055699309
10713  -0.0023655236  -0.0123414231  -0.0732124565   0.0502304368  -0.0019441945
10714   0.0169917729   0.0148241191  -0.0639165825   0.0954625388  -0.0411890314
10715   0.4184726616  -0.0624394022   0.0592981126  -0.0027138957  -0.0479521104
10716  -0.0063779653   0.0005538934  -0.0043067467   0.0015180015  -0.0000820783
10717  -0.0040628259  -0.1474005182  -0.0001381177   0.0021271119   0.0009741373
10718  -0.0023557572   0.2706721077   0.3780515365   0.0019303110  -0.0321624737
10719   0.0018332579  -0.0770522563  -0.0462216852  -0.0039440888  -0.0210856672
10720  -0.0022545618   0.0034114488   0.0232747689   0.0079637630   0.0161045035
10721   0.0481421283  -0.2759800281  -0.0575006285   0.0317743332   0.0123829672
10722  -0.0418102604  -0.1599115541  -0.0054705003   0.4681232053  -0.0384336320
10723   0.2484217585  -0.1060991729   0.1724039219  -0.1595635000   0.1369033793
10724  -0.0002439559  -0.0972558202  -0.2867371948   0.0843271685  -0.0001793828
10725   0.0001054644   0.0047635042  -0.1265657336  -0.2750575563  -0.0108063756
10726   0.3091337340   0.2404550930   0.0829557160  -0.0698190298  -0.0062169642
10727  -0.0023802492   0.0178517369   0.0186724244   0.0159641954  -0.0033028908
10728   0.0131516865   0.0288991937   0.0000704302  -0.0001849840  -0.0004863540
10729   0.0071712348  -0.0298414395   0.2096527950   0.0000747869  -0.0005171624
10730   0.2185145990   0.0000228219   0.0000666328   0.0002522824  -0.0000489897
10731   0.0000358520  -0.0001003398   0.0000666667   0.0001517375  -0.0006964022
10732   0.0006037538   0.0011079196  -0.0005947262  -0.0003622242  -0.0073143455
10733   0.0003626843  -0.0003527640
108 1  -0.1218972942  -0.0045923104  -0.0319012899   0.0432248164  -0.0148062648
108 2   0.0225230751  -0.0191902244  -0.0343130794   0.0605063492   0.0242345125
108 3  -0.0821156439   0.0179359938   0.0562368656   0.0939679050   0.0231726730
108 4   0.0773016470  -0.0613920942  -0.1020695562  -0.1661723395   0.0766229120
108 5   0.0596866226  -0.0601665486   0.0760463984   0.1649796915  -0.0340279833
108 6  -0.1128805972  -0.0743266413   0.0587979984  -0.0970269865   0.0002465263
108 7  -0.0351920206   0.0123150489   0.0205690249  -0.1671747311   0.0331663078
108 8  -0.0150181743  -0.0991449588   0.0298908717  -0.0397986380   0.0072589386
108 9  -0.0731663663   0.0049608755  -0.0342692619  -0.0058204180   0.0393580031
10810  -0.0632760810  -0.0001486449  -0.0535851549  -0.0661882201   0.1968080808
10811   0.0073742840   0.0048201105   0.0084562057   0.1117789740   0.0615638776
10812   0.0005416702   0.0039371214   0.1845252153  -0.0339535497  -0.0193170490
10813  -0.0045267965   0.0471446001   0.2511895733   0.0350418025  -0.0223573626
10814  -0.0616916938   0.0673346397   0.1616928671   0.0467771783   0.2449210735
10815   0.1605861242  -0.0267731350   0.0135822156  -0.0075946458  -0.0022680514
10816   0.0008798778  -0.0002395493   0.0117199015  -0.0109872333  -0.0048740356
10817  -0.0074471478  -0.1453569924   0.0002334617  -0.0048788149  -0.0030114094
10818   0.0021028492  -0.0767531659  -0.2322664683   0.0141393349   0.0640683207
10819   0.0012667735  -0.5169894624   0.0337493398   0.0021697079   0.0123982709
10820   0.0029859415  -0.0260325585  -0.0158355199  -0.0203149396  -0.0333356253
10821  -0.1441319011   0.3152576875   0.0686516940  -0.0417562576  -0.0011112399
10822   0.0440629251   0.1226675289   0.0068455921  -0.2815416444   0.0299328234
10823  -0.2132062237   0.0759309963  -0.1299812837   0.1262177781  -0.1416683433
10824  -0.0000245004   0.0657201962   0.1964342510  -0.0593853781   0.0000929844
10825  -0.0000221388   0.0030302734  -0.1001492298   0.1183054963  -0.0286005266
10826   0.4273214258   0.2414589093  -0.0165285046  -0.1779548894  -0.1780920466
10827   0.1947868914   0.0330452730  -0.0617059096  -0.0591481815  -0.0161208575
10828  -0.0040936913  -0.1069666538  -0.0000617644   0.0001346198   0.0003388275
10829   0.0130848701  -0.0500774213   0.3169771620   0.0001154058  -0.0008151077
10830   0.3125022219   0.0000366441   0.0001349146   0.0004605280  -0.0000963168
10831   0.0000683713  -0.0001788762   0.0001243877   0.0002917647  -0.0006518120
10832   0.0006996854   0.0013599816  -0.0005679908  -0.0011288392  -0.0070561250
10833   0.0024648769   0.0002381705
109 1   0.0071354385   0.1205747394   0.0376198303   0.0737294676   0.0382688455
109 2   0.1865983310  -0.0625725217  -0.0993227412   0.0278353231  -0.1293129689
109 3  -0.3000154143   0.0477757973  -0.0021869487   0.2476802034   0.0523815295
109 4  -0.0073950921   0.0097040921  -0.2154545594  -0.3353384390   0.0201607331
109 5   0.0113274584  -0.1977848745   0.1357713624   0.0079023692  -0.0308051863
109 6  -0.1298810766  -0.0047283131   0.0653721711  -0.1023379637  -0.0013134269
109 7  -0.0542552837   0.0110438071  -0.0028398067  -0.1211475977   0.0064088916
109 8  -0.0010844786  -0.0650296085  -0.0007696428   0.0138518989   0.0019618727
109 9  -0.0114768609   0.0038311131   0.0007762930   0.0001600288  -0.0000077035
10910  -0.0020887942  -0.0003349709  -0.0070219706  -0.0228180071   0.0153479268
10911   0.0020937802   0.0022575918   0.0013209127   0.0496796286   0.0046963416
10912   0.0006634655   0.0002317421   0.0113991512  -0.0199345352  -0.0011545030
10913  -0.0024179786   0.0042538240   0.0205756239   0.0364111666  -0.0099239740
10914  -0.0049444891   0.0344787180  -0.0009779189   0.0606101276   0.0349436925
10915   0.2601454192  -0.0406743542   0.0347798017  -0.0027082720  -0.0255416497
10916  -0.0031600298   0.0002214252   0.0025323063  -0.0035960324  -0.0001174769
10917  -0.0067117400  -0.0000280736   0.0000927706  -0.0028049997  -0.0012585326
10918  -0.0004338658  -0.0153149085  -0.0411100666   0.0055827751   0.0242456376
10919  -0.0010723377  -0.1643669677  -0.0030767733  -0.0043420452   0.0090636041
10920   0.0001761812   0.0103065114  -0.0053872866   0.0010957502   0.0014030273
10921  -0.0051111523  -0.0046240250   0.0189124535  -0.0192079720  -0.0096125457
10922   0.0265237112   0.0232550872   0.0079579162   0.0549298258   0.0073265383
10923  -0.0108018093  -0.0051850943  -0.0178611218   0.0221129771  -0.0063837250
10924   0.0001156219   0.0257449493   0.0779982241  -0.0284988246   0.0000746083
10925  -0.0000575562  -0.0049010707   0.1310986035   0.1049925158   0.0216375642
10926  -0.4271929381  -0.2781787711  -0.0454879977   0.1269008109   0.0974212920
10927  -0.0858982906  -0.0390250392   0.0163108359   0.0246797747   0.0132308622
10928  -0.0146885484   0.0522345252   0.0001554809  -0.0003078612  -0.0009849171
10929   0.0244338101   0.0720736800   0.5424991148   0.0000557904  -0.0013435952
10930  -0.5396831346  -0.0000011161   0.0002030369   0.0007202781  -0.0001500870
10931   0.0000855526  -0.0002790897   0.0001853960   0.0004231249  -0.0013799148
10932   0.0013220038   0.0025737634  -0.0011141268  -0.0014358650  -0.0130174248
10933   0.0016581910  -0.0004099181
110 1  -0.0798055774  -0.0443520001   0.1896082664  -0.0247748857   0.0779088771
110 2   0.0080750040  -0.0387673130   0.0556659670   0.1183509430   0.0664117055
110 3   0.1105062364  -0.0206156225   0.0512085408  -0.0970000148  -0.0222044020
110 4   0.0021081817   0.0113988043   0.0987381015   0.1269128494  -0.0137866658
110 5  -0.0032737035  -0.0428071710   0.0244427888   0.0046452745  -0.0010975415
110 6  -0.0110363887   0.0037490804   0.0026644261  -0.0013602674  -0.0013919551
110 7   0.0375346943  -0.0000074767   0.0362004386  -0.0231804925  -0.1314698239
110 8   0.0451088121  -0.0034720281   0.0281729116  -0.2809805870   0.0000553151
110 9   0.1853236417  -0.0788025684  -0.0004715133  -0.0008784439   0.0221790107
11010   0.0096116022  -0.0018639979   0.0771823954  -0.0198154452  -0.1580370402
11011   0.0121355097   0.0000856450  -0.0082252710   0.0038842118   0.0313435167
11012  -0.0012202217   0.0001327917  -0.0613940864   0.0260787345   0.0060221963
11013   0.0019295346  -0.0123267263  -0.0742562882  -0.0440298166   0.0011031556
11014   0.0178500418  -0.0103458610  -0.0336679942  -0.0889293158  -0.0875696383
11015  -0.3716750793   0.0558906597  -0.0537496611   0.0048578788   0.0439471345
11016   0.0059099197  -0.0005286514   0.0049917775  -0.0023703608  -0.0000701046
11017   0.0044736141  -0.1502860591  -0.0001130977   0.0004915383   0.0006260874
11018  -0.0024424835   0.2709034924   0.3716251708   0.0034471288  -0.0247340805
11019   0.0011349227   0.0494006185  -0.0446062753  -0.0047903949  -0.0224292899
11020  -0.0018903821  -0.0037059089   0.0287599146  -0.0017281074   0.0008008364
11021  -0.0275973478   0.2601418728   0.0302369711   0.0297029545  -0.0113210269
11022  -0.0339934715  -0.1270617389  -0.0062854618  -0.4058489719  -0.0840772055
11023   0.3950931649  -0.1344214333   0.1961925318  -0.1776316889   0.1553892164
11024  -0.0000900809  -0.0986988736  -0.2892089519   0.0816559360  -0.0001617952
11025   0.0000838800   0.0037765714  -0.1039774409  -0.2839871858  -0.0060060506
11026   0.2334301630   0.1939797516   0.0804614359  -0.0464938756   0.0148394530
11027  -0.0209524012   0.0111950994   0.0231303763   0.0217396450  -0.0008834024
11028   0.0110263681   0.0402811548   0.0000987010  -0.0002447902  -0.0006757931
11029   0.0115403197   0.0408222970   0.3035561920   0.0000291401  -0.0007467722
11030  -0.3264441393  -0.0000035775   0.0001092995   0.0003961476  -0.0000835753
11031   0.0000471598  -0.0001552491   0.0001029792   0.0002340330  -0.0009579122
11032   0.0008559308   0.0015948888  -0.0008000161  -0.0006341693  -0.0097043995
11033   0.0006774122  -0.0004392057
111 1  -0.1218917796  -0.0126750574  -0.0454006571   0.0333336164  -0.0013204343
111 2  -0.0138682755   0.0402879916   0.0421281061   0.0404477418  -0.0152780962
111 3   0.0835916215  -0.0208310555   0.0492993246  -0.0977040406  -0.0231411209
111 4   0.0820672242  -0.0729320234   0.1005951108   0.1671477444   0.0619265894
111 5   0.0538428157   0.0592521020  -0.0750828000   0.1612421883   0.0344765077
111 6   0.1110356654  -0.0704429705  -0.0583576458   0.0976945091   0.0030755746
111 7   0.0364139021  -0.0137968239   0.0228505412   0.1630200483   0.0385006763
111 8  -0.0198549521   0.0979102201   0.0277570909  -0.0370120535  -0.0071700105
111 9  -0.0736118384   0.0046073111   0.0347020318   0.0063873832   0.0390040221
11110  -0.0619699376   0.0040038163  -0.0447178797   0.0668971037   0.1956467122
11111   0.0074581335  -0.0048848907   0.0073259411  -0.1120412942   0.0599305102
11112  -0.0024630900   0.0038783409   0.1848804551   0.0332719431  -0.0187521394
11113   0.0045576393   0.0468720140   0.2499645526  -0.0348235121   0.0202805505
11114  -0.0586446647  -0.0649532653   0.1761644225  -0.0323587599   0.2240164865
11115  -0.1736788421   0.0274699416  -0.0148460685  -0.0067693892   0.0036945760
11116  -0.0006686222   0.0001012533  -0.0114589608   0.0103780508  -0.0051225199
11117   0.0082636633  -0.1461605111  -0.0003987130   0.0043575536   0.0019201514
11118   0.0038360915  -0.0649900335  -0.2141647146   0.0124502290   0.0526715667
11119  -0.0027517251   0.5120686070   0.0359474543   0.0012147709   0.0178560550
11120   0.0023830333  -0.0148236791  -0.0269027910  -0.0076530960  -0.0145265858
11121  -0.0431974140  -0.3270057000  -0.0371880576  -0.0410637719   0.0270266564
11122   0.0389968503   0.1127265068   0.0078340734   0.2295645018   0.0589744807
11123  -0.3112134506   0.0948786251  -0.1492853215   0.1421337850  -0.1556629791
11124  -0.0000794295   0.0711505525   0.2113713191  -0.0622449395   0.0000956053
11125  -0.0000196056   0.0030765336  -0.1000715298   0.1316677311  -0.0291747243
11126   0.4299324925   0.2420779437  -0.0190134537  -0.1798950761  -0.1810905400
11127   0.1974234394   0.0328510744  -0.0628193463  -0.0600222761  -0.0162883701
11128  -0.0041278644  -0.1082979807  -0.0000619276   0.0001353573   0.0003412108
11129   0.0128356010   0.0464479776   0.3076007397   0.0000314167  -0.0007881371
11130  -0.3237706674   0.0000018659   0.0001424137   0.0004742214  -0.0001058805
11131   0.0000627158  -0.0001828260   0.0001272171   0.0002976239  -0.0007097171
11132   0.0007387471   0.0014295804  -0.0006037096  -0.0011542801  -0.0075055567
11133   0.0024980226   0.0002258790
112 1  -0.0019090540   0.1292234463   0.0766144732   0.1212337084   0.0632286117
112 2  -0.0737396697   0.1940417500   0.0726237507  -0.0455899801   0.1236683912
112 3  -0.0763429528   0.2548023814  -0.0223356101  -0.0714882372   0.2885738433
112 4  -0.0042064279  -0.0153699954   0.0774591822  -0.0296598370   0.0065219953
112 5   0.0017694235  -0.0561621638  -0.1392781575  -0.0744123506   0.0761094231
112 6  -0.1646692124  -0.0893239331   0.1852092641   0.1384322477  -0.2331330794
112 7   0.0034359813  -0.1233787019   0.2550815647   0.0223463652   0.0358858943
112 8  -0.1287457364  -0.0545856687  -0.2726147425  -0.0495596705   0.0159180960
112 9  -0.0369988894   0.0405602021   0.0222067693  -0.1325783618  -0.0272874348
11210   0.2436579917  -0.0289514990   0.2495579774  -0.0101833922   0.0885395894
11211  -0.1482706470  -0.0614392552   0.3205708255  -0.0002464050  -0.0036984114
11212   0.0343498676  -0.0936986665   0.0506104779  -0.0015353739   0.0097875004
11213   0.0668912459   0.1646602444  -0.0439339741  -0.0002605933   0.0657338159
11214   0.2221238522   0.0103074771   0.0383241663   0.0009467232   0.0282529698
11215   0.0001493078   0.0166499099   0.0406011314   0.3316188879   0.0305271189
11216  -0.1041928417  -0.4312775615  -0.0387563126  -0.0313577250  -0.0659499868
11217  -0.0004336382  -0.0040775615   0.2214487017  -0.0205581537   0.0202028819
11218   0.2340147904  -0.0063681682   0.0052027657   0.0031465749  -0.0092671342
11219  -0.3461779503  -0.0008378040   0.0091860491  -0.0077482279  -0.1083915770
11220   0.0936254292   0.0205358750  -0.0526518482  -0.1143205419   0.2811093380
11221  -0.0009708723  -0.0014742899   0.0541447479   0.1605132751   0.0502572172
11222   0.0635426149  -0.0019723143  -0.0127211631  -0.0004052164   0.0009873858
11223  -0.0057614037  -0.0043791964   0.0055895232   0.0187363190   0.0313849533
11224  -0.3378832900  -0.2774404483   0.1511268257   0.2878678600  -0.2781187334
11225   0.2272809059  -0.1899078007   0.0752040461  -0.0161637899  -0.3006472240
11226  -0.0049548019   0.0009586744  -0.0041569942  -0.0288785788   0.0278654280
11227  -0.0110132693   0.0068573539  -0.0087043548  -0.0258306486   0.0002625944
11228   0.0029954408   0.0039351267   0.0001192661   0.0013078268  -0.0021030398
11229  -0.0000007170   0.0000124733   0.0000450863   0.0151652656   0.0174032619
11230   0.0000032943  -0.0039534022  -0.0037428489  -0.0002304909   0.0027667100
11231   0.0378155538  -0.0220149504  -0.0119251720  -0.0087362393  -0.0000151995
11232  -0.0000326700  -0.0000001564   0.0000028632  -0.0000008460  -0.0000009902
11233   0.0000017787  -0.0000011295
113 1   0.0211401895  -0.1188043890  -0.0318499824   0.0153500463   0.0996701601
113 2   0.0367759228  -0.0836834168   0.0453766427  -0.1222758858  -0.0359978134
113 3   0.0269286889  -0.1031295594   0.1384599576   0.0866477349  -0.1503366896
113 4   0.0322107950   0.1551968400   0.0939505978  -0.0401049992  -0.0982214920
113 5   0.0813458159   0.0756744770   0.1509631332   0.1850225602   0.1010115061
113 6   0.2570127248   0.2306419074  -0.2964818545  -0.3892761719   0.3588588249
113 7   0.0260921112  -0.2314087961   0.0215400429   0.0533509855   0.0729803238
113 8   0.0544464464  -0.0290787598  -0.0905466173  -0.0542676313   0.0755534929
113 9  -0.0412012599   0.1465551819   0.0178327361  -0.0197635803  -0.0116656651
11310   0.1326907817  -0.0000788489   0.1919109928  -0.0155304582   0.0565548012
11311  -0.0478691090  -0.0727779571   0.0895036278  -0.0000991920  -0.0233110870
11312   0.1204836355  -0.0403226740   0.0616494961  -0.0036355188   0.1344033409
11313   0.1245259002   0.1562194777  -0.0463791523  -0.0000770918   0.0857351088
11314   0.1767260211   0.0119534595   0.0349657248   0.0000631270   0.0283055991
11315   0.0003689641   0.0171850723   0.0356260469   0.2812575681   0.0217627177
11316  -0.0510543282  -0.1175395342  -0.0051095532   0.0044766221   0.1370669338
11317  -0.0034983108  -0.0109120828   0.3031030699  -0.0238451684   0.0496120431
11318   0.0360750206  -0.0098138188   0.0050170555   0.0020207978  -0.0074186376
11319  -0.2831610414  -0.0006851881   0.0046428476  -0.0005471327   0.0615216050
11320  -0.1406882788  -0.0163056092   0.0453369496   0.0653258841   0.0448110645
11321  -0.0089422082   0.0028686075  -0.0645897994  -0.0526950786  -0.0192503782
11322  -0.0223600421  -0.0066347399   0.0507262274  -0.0016035386   0.0106750282
11323  -0.0182046931  -0.0727242237  -0.1641460335  -0.2129339835   0.0227733673
11324  -0.2541279896  -0.2684739653   0.1147835871   0.0283752777   0.4113812906
11325   0.1267450172   0.3881654420   0.0379459736  -0.0014543334   0.0257266125
11326   0.0073197841  -0.0079601016  -0.0030521639  -0.0198176895   0.0283285381
11327   0.0052284418  -0.0059040437   0.0137409711  -0.0251527527  -0.0108831463
11328  -0.0009086688   0.0066063939   0.0001553997   0.0013032257  -0.0021776572
11329   0.0000021267  -0.0000052949  -0.0000515651  -0.0336111490  -0.0387008330
11330   0.0000035675   0.0073857730   0.0045439422   0.0003580762  -0.0058458916
11331  -0.0601529375   0.0352304726   0.0198634657   0.0150343703   0.0000010709
11332   0.0000070107   0.0000004870   0.0000134032   0.0000113147  -0.0000134280
11333   0.0000043825  -0.0000108963
114 1  -0.1458557405   0.0046237815   0.0035339857   0.0141011023  -0.0115983059
114 2   0.0282848648   0.0209586508   0.0476097081  -0.1051959228   0.0134300659
114 3   0.0037913072   0.0978159500   0.0015590288  -0.0021158843   0.2029702354
114 4   0.0100071773   0.1537718070   0.0856628949  -0.0310908612  -0.0536416818
114 5   0.1115589065  -0.0173815479  -0.0507253076  -0.0823032513   0.0732328916
114 6  -0.0649357310   0.0110520681  -0.0040032607  -0.0179165972  -0.0441579267
114 7   0.0058157578  -0.0747336264   0.1930328949   0.0213887388   0.0343730499
114 8  -0.0738547697  -0.0332986135  -0.1280772680  -0.0318551901   0.0247710293
114 9  -0.0152607122   0.0419217080   0.0249223047  -0.1599848098   0.0055968207
11410  -0.0016825337  -0.0291120904   0.0051962970   0.0043344359  -0.0039850894
11411   0.0305599067   0.0036897326  -0.0612184264   0.0010834143  -0.0094153607
11412  -0.0666900610   0.0234909861   0.0009408078   0.0009961830   0.0478990378
11413  -0.0478266906  -0.0242874811   0.0043399606   0.0000214554  -0.0263688476
11414  -0.0929752431  -0.0040548699  -0.0139304356  -0.0001463943  -0.0091519705
11415  -0.0001085028  -0.0054576361  -0.0116596383  -0.0827624902  -0.0082409282
11416   0.0219426149   0.0732458962   0.0055379822   0.0028225022  -0.0340729366
11417   0.0006758488   0.0028583188  -0.0817144536   0.0069541123  -0.0130434724
11418  -0.0252419179   0.0028749846  -0.0015349233  -0.0007178438   0.0025745166
11419   0.1050896318   0.0002651638  -0.0019488344   0.0012989501   0.0019254494
11420   0.0181846559   0.0039703958  -0.0029297595  -0.0031661568  -0.0531717966
11421   0.0025070986  -0.0005573409   0.0096412080  -0.0158278786  -0.0018633068
11422  -0.0064999255  -0.0030647197  -0.0094055817  -0.0000892384   0.0017235886
11423  -0.0000718336   0.0015090176   0.0175365019   0.0311958942   0.0055129219
11424  -0.0290661154  -0.0263901033   0.0159030561   0.0381597791  -0.0496932966
11425   0.0278672977  -0.0406053877   0.0065719197  -0.0018275112  -0.0350445475
11426  -0.0014520944   0.0011600426   0.0003493993   0.0024389884  -0.0088079900
11427  -0.0042784519   0.0029716952  -0.0052738751   0.0035738680  -0.0028884481
11428  -0.0008857993   0.0009713803  -0.0001628264  -0.0002384038  -0.0003926387
11429  -0.0000620683  -0.0000756315  -0.0008535709  -0.3465941561  -0.4037003566
11430   0.0000304772   0.1553724331  -0.0448921897  -0.0007065502  -0.0500658324
11431  -0.6580662731   0.3960994159   0.2240442629   0.1728387346   0.0001242276
11432   0.0002701751   0.0000433920   0.0000558452   0.0002163470  -0.0000180301
11433   0.0000384732  -0.0000000449
115 1  -0.0030823789   0.1466442599   0.1140307908   0.1631626861   0.0490712326
115 2  -0.1206843405   0.2063465703  -0.0326319198  -0.0483336466   0.1115537483
115 3  -0.0923522954   0.1955712606  -0.0220815706  -0.1300767446   0.1119246079
115 4   0.0060822791  -0.0043925023  -0.1384225422   0.0546057611   0.0035203120
115 5  -0.0151780067   0.0245120440   0.0964535411  -0.0143612671  -0.1069254464
115 6   0.1218575664  -0.0590349942  -0.1767605158  -0.1096830318   0.1312134313
115 7  -0.0053355459   0.1472572763  -0.0697886765  -0.0244686073  -0.2007242523
115 8  -0.3564375748   0.0412542240  -0.0930397490   0.0232629336  -0.0125336293
115 9   0.0343658762  -0.2219433899  -0.0207699191   0.1114360454   0.0264535432
11510  -0.0040468527   0.0083500077  -0.1264719924   0.0046747775  -0.0155269033
11511  -0.1314503247   0.0689967961   0.3810406552  -0.0021684563   0.0815237049
11512  -0.0477939635  -0.0635050730  -0.1028340526   0.0027236604  -0.3588341059
11513  -0.0678034535  -0.1900405597   0.0721217183  -0.0000429933  -0.0531460338
11514   0.0658602883  -0.0061823385  -0.0083684075   0.0010114192  -0.0200455473
11515  -0.0004164848  -0.0122426221  -0.0198035962  -0.2857603057   0.0024528280
11516  -0.0293292608  -0.2976425257  -0.0336420262  -0.0417059025  -0.2503389755
11517   0.0061089212   0.0169072921  -0.3976568822   0.0329560984  -0.0974230317
11518   0.1714290378   0.0128595608  -0.0037474253  -0.0005193319   0.0028818496
11519   0.1060339216   0.0002021980   0.0029276749  -0.0071431599  -0.1795522195
11520  -0.0058345677   0.0342393465  -0.1100806902  -0.1737183436   0.1506850011
11521   0.0102555431  -0.0039581794   0.1039038791   0.1571155390   0.0522768975
11522   0.0605865909   0.0005652167  -0.0337221214   0.0001806993  -0.0005051926
11523  -0.0008612328  -0.0050702959  -0.0149365642  -0.0150827651   0.0322656263
11524  -0.3528015693  -0.2889550983   0.1334703576   0.0512770448   0.0548112691
11525  -0.3474235079  -0.0658175238  -0.1091725644   0.0204026918   0.3969650342
11526   0.0110526694  -0.0124473432   0.0011844705   0.0116752367  -0.0310831466
11527   0.0006335329  -0.0064985070   0.0121773546   0.0133953957  -0.0173158970
11528  -0.0062039863   0.0008446270   0.0002748614  -0.0002443567  -0.0000984332
11529  -0.0000071702  -0.0000040989  -0.0001384112  -0.0391532079  -0.0447879593
11530   0.0000084085  -0.0401770751   0.0429595184   0.0020045497  -0.0047150124
11531   0.0212571526  -0.0169304854  -0.0092489525  -0.0067066882  -0.0000110242
11532  -0.0000208201  -0.0000047258   0.0000028631  -0.0000074417  -0.0000047464
11533  -0.0000013586   0.0000008570
116 1   0.0341642374  -0.1201013735  -0.0439219379   0.0387762119   0.0936199463
116 2   0.0336759028  -0.0621911966   0.0429530737  -0.0720309340  -0.0149093417
116 3   0.0097087657  -0.0541486367   0.1335488583   0.0616506551  -0.0768718350
116 4  -0.0194381110   0.0628323957   0.1035065841  -0.0411426683  -0.0253959271
116 5   0.0549738273  -0.0127163454  -0.0533412746   0.0653630576   0.0773900190
116 6  -0.0222213065   0.1144319410   0.0962424142   0.0106175078  -0.0609301731
116 7   0.0083947202  -0.1383620164   0.0283170023   0.0203611909   0.1060194007
116 8   0.1433271768  -0.0174477884   0.0209118117  -0.0086633502   0.0169876519
116 9  -0.0017474304   0.0061898515  -0.0063229789   0.0936431039   0.0051948179
11610   0.0070235214   0.0213419379  -0.0161101536  -0.0051814052  -0.0002038666
11611  -0.0398756318  -0.0249180489   0.1141227508  -0.0013058774   0.0275496159
11612   0.0815783458  -0.0262143200  -0.0350129828  -0.0010424880  -0.1426293823
11613   0.0458976583  -0.0719552433   0.0305734152   0.0000009246   0.0075767258
11614   0.0697966940   0.0012635364   0.0022135764  -0.0000842472  -0.0058259418
11615   0.0000706596  -0.0022891572  -0.0064983519  -0.1561711407   0.0024364806
11616  -0.0022755344  -0.0587023295  -0.0075747542  -0.0108424892  -0.0496269364
11617   0.0022660428   0.0067070908  -0.1911984298   0.0172136710  -0.0429424551
11618   0.0169554624   0.0063412633  -0.0027750691  -0.0009640074   0.0036505160
11619   0.1383987153   0.0003065735  -0.0011796273  -0.0010102216  -0.0507912778
11620  -0.0835736478   0.0119862659  -0.0400569094  -0.0617260091   0.0039475987
11621   0.0055849656  -0.0018136438   0.0423908167   0.0318004244   0.0140334402
11622   0.0094372628  -0.0030865489  -0.0181533054  -0.0000240340   0.0014642846
11623   0.0000618419   0.0004941151   0.0156596411   0.0305494381   0.0100977896
11624  -0.0526290904  -0.0612203523   0.0300538359   0.0276947606   0.0657381154
11625   0.0545239837   0.0922818033   0.0142743522  -0.0013908928  -0.0102430952
11626   0.0007293434  -0.0005527931   0.0002122752   0.0017869516  -0.0045586164
11627   0.0000289424  -0.0021984680   0.0048480772  -0.0015454735  -0.0066305238
11628  -0.0017725347   0.0013938500  -0.0001327650  -0.0010302709   0.0007940011
11629   0.0000270552   0.0000640815   0.0013008502   0.3843368875   0.4497251852
11630  -0.0000757992   0.4604312283  -0.5301858290  -0.0253442485   0.0647290995
11631  -0.1895898036   0.1669148105   0.0896124977   0.0662703159   0.0001452930
11632   0.0002576423   0.0000637777  -0.0001007531   0.0000203353   0.0001114549
11633  -0.0000206416   0.0000273318
117 1  -0.1570993332   0.0077354979   0.0181378167  -0.0010527576  -0.0080677354
117 2   0.0255246655   0.0044075609   0.0378329113  -0.1486426486  -0.0047828650
117 3   0.0157001410   0.0521812110   0.0068139454   0.0112313272   0.1262150425
117 4   0.0550278257   0.2361911557   0.0536863561  -0.0206089071  -0.1161539324
117 5   0.1347227777   0.0632799929   0.1429715841   0.0240728753   0.0713329601
117 6   0.2004927417   0.1149077528  -0.3789640117  -0.3880697488   0.3511991837
117 7   0.0204836737  -0.1255082711   0.1634426561   0.0462740620  -0.0214302740
117 8  -0.1905795008  -0.0334449126  -0.2162455587  -0.0659354064   0.0802850861
117 9  -0.0450369445   0.1289709248   0.0448217697  -0.2485495278  -0.0008518864
11710   0.0856575975  -0.0485113563   0.1478900253  -0.0034160720   0.0342651065
11711   0.0225252248  -0.0224875196  -0.0547419535   0.0020287531  -0.0445609124
11712  -0.0618570348   0.0116677655   0.0669370582  -0.0008145320   0.2434230538
11713  -0.0145716374   0.1437972456  -0.0550859402  -0.0001367005   0.0204536664
11714  -0.0400549137   0.0019490995   0.0073187693  -0.0000599036   0.0150862277
11715  -0.0000077079   0.0048914139   0.0112597616   0.2272185346  -0.0000926233
11716  -0.0188918763  -0.0673116478  -0.0089989497  -0.0068558977   0.0107082322
11717  -0.0010657635  -0.0066227978   0.2324925204  -0.0253033879   0.0536340394
11718   0.0749351758  -0.0078738330   0.0038649770   0.0019961290  -0.0063264818
11719  -0.2648230124  -0.0006187446   0.0039535582  -0.0037015509  -0.0263283768
11720   0.2355697647  -0.0104165504   0.0070437163   0.0206013075   0.1053648542
11721  -0.0050423449   0.0010771353  -0.0167920135   0.0634771056   0.0075158481
11722   0.0328703237   0.0194026610  -0.0001974085   0.0017117940  -0.0149023852
11723   0.0154246912   0.0516048942   0.0590619574   0.0422499940  -0.0350842990
11724   0.2088645188   0.2524365761  -0.1155937175  -0.0887876960  -0.3403822387
11725  -0.2847466490  -0.4014856488  -0.0782321660   0.0091066515   0.1085169129
11726  -0.0029916297   0.0038152233   0.0019367901   0.0124049759  -0.0096037585
11727   0.0018045283   0.0021408586  -0.0070704727   0.0169065036   0.0136868270
11728   0.0021828909  -0.0056608728  -0.0011183092  -0.0003853620   0.0005422956
11729  -0.0000001508   0.0000158924   0.0003223469   0.0980782333   0.1140130537
11730  -0.0000193338   0.1159038969  -0.1355849462  -0.0065077995   0.0167920381
11731  -0.0361473644   0.0353863268   0.0194326968   0.0149158954   0.0000407721
11732   0.0000708891   0.0000141569  -0.0000255083   0.0000126361   0.0000294431
11733  -0.0000033599   0.0000087746
118 1  -0.0032238566   0.1166146976   0.0547553327   0.0977116843   0.0816558992
118 2  -0.1003796495   0.1283372653   0.0192239010  -0.0327580889   0.0896556727
118 3  -0.0707011410   0.1043264812  -0.0133010121  -0.0441171795  -0.0121422290
118 4   0.0028030993  -0.0051110907  -0.0136150631   0.0033181040   0.0015763087
118 5  -0.0065231846   0.0044538821   0.0166688750   0.0029120868  -0.0063573462
118 6   0.0711287642  -0.0051226440  -0.0084341426  -0.0563783524   0.0378130490
118 7   0.0051859984  -0.0608390523  -0.0381515463   0.0048949288  -0.0226383183
118 8  -0.0175154076   0.0104359445   0.0168989774   0.0070858461   0.0113893098
118 9   0.0067565102  -0.0197572979  -0.0251517274   0.2351053672   0.0039432649
11810  -0.0033593716   0.0491338269  -0.0159709211  -0.0111975080  -0.0007286624
11811  -0.0231635088  -0.0375903572   0.0569976019  -0.0019797165   0.0157381172
11812   0.1846129217  -0.0207947120  -0.0144355932  -0.0033183423  -0.1013235535
11813   0.1319578961  -0.0072546319   0.0116741090   0.0000091084   0.0461296771
11814   0.2096505004   0.0071991961   0.0278428024  -0.0000306352   0.0144764703
11815   0.0002467073   0.0044827355   0.0011952867  -0.0974717921   0.0003322430
11816   0.0386133623   0.2571612903   0.0292617558   0.0336434192   0.3920320599
11817  -0.0028013574  -0.0101484277   0.0522914953  -0.0005264317   0.0341177863
11818  -0.2923961735  -0.0036999774  -0.0018387264  -0.0022274138   0.0046486122
11819   0.1314117465   0.0002965208  -0.0051249810   0.0052325485   0.1032982936
11820  -0.3671611782  -0.0239047080   0.0395802065   0.0697018661  -0.1284261085
11821  -0.0013986121   0.0011175289  -0.0325485009  -0.0773089260  -0.0199231221
11822  -0.0244549827  -0.0096490527   0.0036006291  -0.0010651803   0.0071652100
11823  -0.0103813374  -0.0239392569  -0.0229917574  -0.0124125445   0.0213309641
11824  -0.1776418653  -0.1608616339   0.0782198387   0.1014055601  -0.1474944487
11825  -0.0259662763  -0.1691135250  -0.0097628915  -0.0003343873  -0.0167877945
11826  -0.0013392374   0.0000903858  -0.0001208153  -0.0004341171  -0.0095341499
11827  -0.0074988696   0.0080438723  -0.0162232532   0.0112702145   0.0033842456
11828   0.0003415552   0.0010028605  -0.0002089016  -0.0002955861   0.0010445726
11829  -0.0000113835   0.0000860532   0.0007646406   0.3087684629   0.3717571016
11830   0.0000018181  -0.3125603998   0.4510630262   0.0225962896  -0.0937677067
11831  -0.3522703354   0.1533989602   0.0783091092   0.0525260288   0.0000060746
11832   0.0000447571  -0.0000086112   0.0000395887   0.0000471296  -0.0000368308
11833   0.0000108350  -0.0000064862
119 1   0.0358771803  -0.1411679463  -0.0870070989  -0.0040377182   0.1151008301
119 2   0.0503770863  -0.1109852833   0.0850609135  -0.0549268761  -0.0256801173
119 3   0.0233932901  -0.1030366208   0.1375915445   0.1198349186  -0.1337495813
119 4  -0.0282878318   0.0497445345   0.2049500583  -0.0821986154  -0.0180996770
119 5   0.0587375777  -0.0430928932  -0.1503118327   0.0565822421   0.1577391701
119 6  -0.1151502469   0.1319013565   0.2870930741   0.1168790206  -0.2049000981
119 7   0.0140509070  -0.2926292821   0.0837301724   0.0406091261   0.2489884776
119 8   0.3949945745  -0.0475566540   0.0815332163  -0.0219094134   0.0290102313
119 9  -0.0212930008   0.1525385336  -0.0053003833   0.1440702819  -0.0134270846
11910   0.0231400298   0.0427152795   0.0781035762  -0.0154598876   0.0165275549
11911   0.0250373685  -0.1088866436  -0.0926506591  -0.0009737940  -0.0190936725
11912   0.2322166171  -0.0020162670   0.0320736215  -0.0050347886   0.0463703588
11913   0.1803396696   0.0728080107  -0.0172302079   0.0000114751   0.0810794758
11914   0.1803430047   0.0113362902   0.0299745274  -0.0006492061   0.0208007895
11915   0.0005294717   0.0116385611   0.0149643666   0.0369772201   0.0065354119
11916   0.0232060820   0.2317582087   0.0279634440   0.0352502367   0.3831727170
11917  -0.0042648262  -0.0139472931   0.2029335311  -0.0138339645   0.0576726352
11918  -0.2277883631  -0.0084799290   0.0012491431  -0.0007101238  -0.0006476313
11919  -0.0770355778  -0.0001985513  -0.0010948668   0.0027747368   0.0996260399
11920  -0.2814051484  -0.0311584988   0.0541374146   0.0973281019  -0.0618805314
11921  -0.0067034640   0.0026986586  -0.0644409011  -0.0645810632  -0.0233691462
11922  -0.0160016624  -0.0024217441   0.0298739828  -0.0009681278   0.0047153227
11923  -0.0122392520  -0.0400952360  -0.1005782323  -0.1367874668   0.0176635401
11924  -0.2645728602  -0.2090349427   0.0883987300   0.0002759904  -0.0512951911
11925  -0.3883524208  -0.2211794241  -0.1186225033   0.0197214473   0.3511941595
11926   0.0074233088  -0.0081428731   0.0011723025   0.0102043107  -0.0226047230
11927  -0.0002599828   0.0026237783  -0.0084487494   0.0256932617   0.0012724529
11928  -0.0019574407  -0.0004548238  -0.0004176728   0.0001657978   0.0000613048
11929   0.0000010766  -0.0000375958  -0.0003092451  -0.1371554715  -0.1630584569
11930  -0.0000002893   0.1280523617  -0.1884166006  -0.0094449461   0.0396238047
11931   0.1549651951  -0.0686702647  -0.0351549391  -0.0236016889  -0.0000104245
11932  -0.0000340731   0.0000002604  -0.0000069956  -0.0000154688   0.0000062581
11933  -0.0000031588  -0.0000055426
120 1  -0.1422295787   0.0073453385   0.0050434734   0.0235512281  -0.0189541648
120 2   0.0459506107   0.0525141644   0.0853921693  -0.0994720269   0.0344189602
120 3  -0.0000858033   0.1815747766  -0.0028666471  -0.0106758944   0.3738123251
120 4  -0.0052726750   0.1295347955   0.1598234004  -0.0585055652  -0.0360723896
120 5   0.1137822176  -0.0735808654  -0.1953899169  -0.1485407263   0.1337745518
120 6  -0.2661282114  -0.0488878885   0.2154116650   0.1827146193  -0.3007522758
120 7   0.0034765867  -0.1343390049   0.3752080740   0.0318425564   0.1079189557
120 8  -0.0642568122  -0.0770071183  -0.2615629372  -0.0605190176   0.0234500340
120 9  -0.0390555402   0.0880184285   0.0499092956  -0.3468808543  -0.0124312166
12010   0.1221902727  -0.0660244114   0.1462485849   0.0039024955   0.0416199778
12011  -0.0220539903  -0.0339722707   0.0433667180   0.0021106754  -0.0259198051
12012  -0.1170160832  -0.0092330508   0.0416446251   0.0011820556   0.1247252187
12013  -0.0555423236   0.0886944598  -0.0343012477  -0.0000288323   0.0058270042
12014  -0.0835475164   0.0000100061  -0.0051792272  -0.0001556269   0.0025321416
12015   0.0000134966   0.0038101906   0.0121465354   0.1676357096   0.0070772167
12016  -0.0416210142  -0.2012515024  -0.0209436836  -0.0203009391  -0.1808729036
12017   0.0004375684   0.0010926598   0.1098850303  -0.0125097812   0.0085661327
12018   0.1859769613  -0.0028994381   0.0036252091   0.0024403037  -0.0069410776
12019  -0.2517591026  -0.0006061655   0.0054547132  -0.0041541570  -0.0346890624
12020   0.2249239719  -0.0028037936   0.0060991791   0.0196206441   0.0915499748
12021  -0.0053293468   0.0015228386  -0.0308015112   0.0215925710  -0.0051142242
12022   0.0066467661   0.0160409279   0.0302816949   0.0010574571  -0.0088126695
12023   0.0082710226   0.0057030718  -0.0552719182  -0.1114147500  -0.0336567998
12024   0.2172077701   0.2001135707  -0.1134208158  -0.2597558856   0.3197647127
12025  -0.2627919040   0.2163420193  -0.0778869920   0.0175437312   0.3331843925
12026   0.0087664331  -0.0060262889   0.0015033637   0.0110727533   0.0017560529
12027   0.0163599889  -0.0132636629   0.0233211637   0.0004166431  -0.0021462028
12028  -0.0013961099  -0.0025319412  -0.0004122925  -0.0001196247   0.0001710443
12029  -0.0000013198   0.0000380210   0.0003567886   0.1517766698   0.1812329624
12030  -0.0000016730  -0.1544767885   0.2196284284   0.0109565705  -0.0436758701
12031  -0.1593151387   0.0679429027   0.0343375003   0.0226710456   0.0000091650
12032   0.0000335568  -0.0000056427   0.0000105813   0.0000118853  -0.0000139639
12033   0.0000016758  -0.0000005829
121 1  -0.0019072315   0.1244684037   0.0671700227   0.1107934415   0.0682966675
121 2  -0.0698459432   0.1802533720   0.0803484398  -0.0465399463   0.1175018521
121 3  -0.0708453481   0.2331974634  -0.0065962958  -0.0557572626   0.2581305816
121 4   0.0000596719  -0.0166613424   0.0920234102  -0.0359754342   0.0094228599
121 5  -0.0121584306  -0.0437979376  -0.1137085836   0.0393309042   0.0927348791
121 6  -0.1168594150   0.0509934091   0.1242222575   0.0507510646   0.1742887173
121 7   0.0088721907  -0.1286697947  -0.2685206394   0.0411737475  -0.0463415632
121 8   0.1181965217  -0.0527251644   0.2830794829   0.0578937793   0.0249388887
121 9   0.0433665590  -0.0636553200   0.0253942089  -0.1303023490   0.0278447121
12110  -0.2643795008   0.0004523958  -0.2779135882   0.0149510292  -0.0965594665
12111   0.1534363410  -0.0873675293  -0.3307378594   0.0014769157   0.0083941232
12112   0.0513023047   0.0993887122  -0.0596581629  -0.0016526792  -0.0308522001
12113   0.0885077890  -0.1872311449   0.0509278703   0.0002574598   0.0759541583
12114  -0.2490117145   0.0076991645  -0.0432841463  -0.0030236733  -0.0325222810
12115   0.0012643525   0.0185837394   0.0377901701  -0.3573159232   0.0671225304
12116  -0.1180558256  -0.4482500751  -0.0375839568  -0.0273901031   0.0531360368
12117  -0.0011624670   0.0047271635   0.2742459723  -0.0274558244   0.0879328727
12118  -0.1818066562   0.0082384925  -0.0061104718  -0.0034473930   0.0104885777
12119   0.3907266586   0.0009780537  -0.0099381072   0.0076274377   0.0873763196
12120   0.0862344059  -0.0128481490   0.0448829989   0.1003656997  -0.2838620829
12121   0.0025117229   0.0009817789  -0.0418167462  -0.1483407472  -0.0457965105
12122  -0.0582314468   0.0028356818   0.0037034330   0.0005910290  -0.0026531488
12123   0.0083671358   0.0160655997   0.0213501700   0.0163963199  -0.0264957641
12124  -0.3716843866   0.3360201762  -0.1738391749  -0.2938888818  -0.1984135398
12125   0.2517795477   0.1101707577  -0.0778829792   0.0156165196   0.2817558910
12126   0.0034190128   0.0005149125   0.0045763535   0.0316147085  -0.0325641462
12127   0.0095426565  -0.0054468444   0.0056289216   0.0300726013   0.0018427162
12128  -0.0027364293  -0.0050652229  -0.0001528907  -0.0015231850   0.0024696975
12129  -0.0000018666   0.0000115896  -0.0000339389   0.0107838559  -0.0088466400
12130   0.0000037162  -0.0019676964   0.0049383698   0.0002840819   0.0273232745
12131   0.0078201471   0.0121592634   0.0076334450   0.0058538957   0.0000151578
12132   0.0000316205   0.0000000005  -0.0000047796  -0.0000002104   0.0000034364
12133  -0.0000018472   0.0000028185
122 1   0.0211196967  -0.0653302259   0.0743595286   0.1327568480   0.0426745834
122 2  -0.0070002928   0.0608532248  -0.0485767430  -0.1520300036   0.0333891896
122 3  -0.0427933248   0.1414407865   0.1365464679  -0.0975670914   0.1984463428
122 4   0.0280507743   0.1624360008  -0.0646638047   0.0311072330  -0.0932680773
122 5   0.0821792956  -0.0789121234  -0.1654483309   0.1892490845  -0.0739572115
122 6  -0.2750175854   0.2615858815   0.3050865134   0.3663734444   0.4212686478
122 7  -0.0267191091   0.2182272351   0.0045213939  -0.0515165002   0.0676028257
122 8   0.0806639933   0.0247658891  -0.0498681367  -0.0477613556  -0.0712321646
122 9  -0.0336691655   0.1399578292  -0.0134477596  -0.0031673027  -0.0079276878
12210   0.0882821218  -0.0149133325   0.1474426559  -0.0007039794   0.0407500432
12211  -0.0207142104   0.0635130452   0.0308358227   0.0003324748  -0.0242651622
12212  -0.1116583673  -0.0236948186   0.0517122013   0.0024223910   0.1288712638
12213  -0.1125727792   0.1236714337  -0.0375639806  -0.0002658121  -0.0710499185
12214   0.1351859734  -0.0074689639   0.0270399873   0.0026325992   0.0225968027
12215  -0.0010677547  -0.0135146848  -0.0230319774   0.2112883617  -0.0356159140
12216   0.0359358247   0.0423093584  -0.0025736840  -0.0091474053   0.1411791455
12217   0.0035216386  -0.0085885763  -0.2626304580   0.0194291969  -0.0374369019
12218  -0.0471081494  -0.0087342366   0.0040197115   0.0014241259  -0.0056427416
12219  -0.2176815252  -0.0004893326   0.0029023885   0.0006837773   0.0621818168
12220   0.1687537737  -0.0095937888   0.0561989661   0.0829873351  -0.0062852101
12221  -0.0086076971   0.0030486006  -0.0732366881  -0.0813160036  -0.0280093464
12222  -0.0335251116  -0.0060570262   0.0519115066  -0.0014536073   0.0101903629
12223  -0.0164650261  -0.0697215246  -0.1613719844  -0.2123537208   0.0119278744
12224   0.1831680014  -0.2179197638   0.0859591593  -0.0337078028  -0.4552949028
12225  -0.0706016454   0.4207686276   0.0257151516   0.0012557376   0.0768634585
12226   0.0082732615  -0.0082770337  -0.0023805895  -0.0150639411   0.0239437121
12227   0.0073811472  -0.0072104012   0.0153596443  -0.0203042493  -0.0105885811
12228  -0.0013771041   0.0057399050   0.0001296102   0.0010561673  -0.0017755626
12229   0.0000004599   0.0000077063  -0.0000592464   0.0421548636  -0.0349195612
12230  -0.0000055602  -0.0066020707   0.0107459046   0.0007161287   0.0672163049
12231   0.0211165543   0.0300028536   0.0196757686   0.0154891834   0.0000034857
12232   0.0000119868   0.0000004514   0.0000128005   0.0000113455  -0.0000129056
12233   0.0000044082  -0.0000107065
123 1  -0.1458681452  -0.0075637602  -0.0168036493  -0.0008482584   0.0087523328
123 2  -0.0266186153  -0.0602099881  -0.0610357328  -0.0768392227  -0.0264551421
123 3  -0.0044121260  -0.0969036246   0.0021431459   0.0021778147  -0.2056601027
123 4   0.0073572930   0.1581611057  -0.0807577560   0.0310175223  -0.0514567646
123 5   0.1086314965   0.0181603114   0.0521135879  -0.0817674450  -0.0732114502
123 6   0.0655121931   0.0102451801   0.0057058060   0.0225266553  -0.0430277666
123 7  -0.0068809526   0.0524929413   0.1987014378  -0.0279434232   0.0336058023
123 8  -0.0736680726   0.0306611901  -0.1284036505  -0.0319880573  -0.0200282892
123 9  -0.0152311024   0.0412326314  -0.0244148566   0.1617222226   0.0066732499
12310   0.0036366303   0.0288210975   0.0064522732  -0.0049967933  -0.0034142684
12311   0.0298103376  -0.0059262921  -0.0617797377  -0.0005776681  -0.0084980871
12312   0.0667745024   0.0236196481   0.0016354483  -0.0012913779   0.0494960538
12313   0.0479944577  -0.0228994460   0.0039700689   0.0001410509   0.0250759381
12314  -0.0927678628   0.0023887773  -0.0136487966  -0.0011053151  -0.0090043230
12315   0.0003968097   0.0052725347   0.0097813495  -0.0784110805   0.0155188855
12316  -0.0233479696  -0.0740518082  -0.0052851890  -0.0028967959  -0.0313203699
12317  -0.0007112661   0.0024483565   0.0824912533  -0.0071844390   0.0179563009
12318  -0.0103073907   0.0029436069  -0.0015489098  -0.0007136800   0.0025815219
12319   0.1052178910   0.0002471068  -0.0019723162   0.0013060704   0.0038729475
12320  -0.0184285611   0.0025721014  -0.0031624823  -0.0025776793  -0.0531546323
12321   0.0024897735  -0.0005584734   0.0093907572  -0.0156831869  -0.0019767775
12322  -0.0063541306  -0.0028772749  -0.0095655133  -0.0000681902   0.0016542342
12323   0.0000634942   0.0016965528   0.0177322434   0.0313951165   0.0048643616
12324   0.0285570575  -0.0279466823   0.0165077245   0.0396417986   0.0494633977
12325  -0.0294221787  -0.0399700319   0.0061593778  -0.0017564696  -0.0338931992
12326  -0.0014449429   0.0011607972   0.0003576607   0.0024884623  -0.0089156381
12327  -0.0043262070   0.0030030097  -0.0053098632   0.0035385482  -0.0030104003
12328  -0.0009146900   0.0010170701  -0.0001646785  -0.0002480962  -0.0003830698
12329  -0.0000615591   0.0000784164  -0.0008784761   0.4100003678  -0.3439488761
12330  -0.0000510200  -0.1614873072   0.0297832589   0.0032316973   0.6786634391
12331   0.2053009630   0.3111491622   0.2046857723   0.1645195425   0.0001192822
12332   0.0002590376   0.0000435691   0.0000551086   0.0002159178  -0.0000172790
12333   0.0000384417   0.0000000858
124 1  -0.0032214409   0.1089017636   0.0394372319   0.0807787163   0.0898786008
124 2  -0.0940789574   0.1095478311   0.0348014579  -0.0290478719   0.0850016255
124 3  -0.0651224445   0.0850437214  -0.0127004135  -0.0220565586  -0.0354347485
124 4   0.0013969225  -0.0056617715   0.0220524746  -0.0111265730   0.0019713284
124 5  -0.0036457708  -0.0032620008  -0.0099596341  -0.0119823474   0.0210881573
124 6   0.0498596160  -0.0199309448   0.0420986590  -0.0341989025  -0.0013289611
124 7   0.0073637592  -0.1124223329   0.0089391460   0.0113302868  -0.0213824080
124 8  -0.0532341833  -0.0005090682  -0.0281564427  -0.0024648333   0.0170752375
124 9  -0.0038541428  -0.0111136173  -0.0256903221   0.2566711026   0.0006935892
12410   0.0078967510   0.0554995049   0.0011065225  -0.0138891360  -0.0018921922
12411   0.0166497412  -0.0576870975  -0.0393293953  -0.0017474474  -0.0081662183
12412   0.2222146394   0.0213878873   0.0086989130  -0.0046475809   0.0920790797
12413   0.1604558731  -0.0051565965  -0.0084913675   0.0003744592   0.0556471311
12414  -0.2380892488   0.0047788151  -0.0319651854  -0.0030051085  -0.0176520535
12415   0.0008387392   0.0069456111   0.0064749102   0.0849699508  -0.0057669549
12416   0.0427209729   0.2921054280   0.0328496974   0.0320985179  -0.4556727168
12417  -0.0036302825   0.0116734417   0.0902705518   0.0016727896  -0.0492915228
12418   0.3276597333   0.0051474602   0.0016242311   0.0023006847  -0.0045225581
12419  -0.1153862899  -0.0003463921   0.0054113876  -0.0052046948  -0.0733289061
12420  -0.4277605130   0.0029788871  -0.0539972060  -0.0809607051   0.1379588172
12421   0.0024958976  -0.0013851342   0.0425295484   0.0896832210   0.0238235038
12422   0.0285675968   0.0103829318  -0.0096623129   0.0011909472  -0.0079185516
12423   0.0123782086   0.0303099467   0.0390618637   0.0343556779  -0.0191967353
12424  -0.2167565377   0.2027074698  -0.0945091182  -0.1014358570  -0.1512616661
12425  -0.0913503960   0.2079459285   0.0310323340  -0.0031767269  -0.0454373130
12426   0.0001345456   0.0011165403  -0.0001783787  -0.0019052238   0.0137398091
12427   0.0073322202  -0.0083486443   0.0174184219  -0.0157343358  -0.0036234975
12428   0.0000027760  -0.0008876234   0.0002813666   0.0002363792  -0.0010604253
12429   0.0000095943   0.0000810631  -0.0007151008   0.3323858240  -0.2883777681
12430  -0.0000157967  -0.3656348344  -0.3567879319  -0.0188940833  -0.3011171124
12431  -0.1307915798  -0.0982686999  -0.0626384353  -0.0445735169  -0.0000028251
12432  -0.0000352432   0.0000084410  -0.0000375866  -0.0000443077   0.0000352495
12433  -0.0000098151   0.0000073018
125 1   0.0358499364  -0.0543318122   0.0854610153   0.1866301324   0.0225428656
125 2  -0.0207125806   0.1030316669  -0.0927639496  -0.0980763714   0.0272522015
125 3  -0.0400289224   0.1157269203   0.1295294755  -0.1308020121   0.1287156819
125 4  -0.0289436502   0.0701113363  -0.2011473273   0.0824267792  -0.0173440118
125 5   0.0574378204   0.0440588125   0.1512770436   0.0608774047  -0.1574632455
125 6   0.1239876433   0.1281957388  -0.2736786057  -0.1091273922  -0.2218741520
125 7  -0.0116433507   0.2531586558   0.1187110724  -0.0424641990   0.2483192658
125 8   0.3920610418   0.0676446350   0.0755822787  -0.0232501959  -0.0274454516
125 9  -0.0215675582   0.1560373778   0.0016554988  -0.1002721591  -0.0153338756
12510   0.0185665165  -0.0348908696   0.0806792776   0.0055832093   0.0163988406
12511   0.0303809297   0.0981603380  -0.1025278406   0.0016442063  -0.0251194057
12512  -0.1952597052   0.0011872527   0.0341700382   0.0038959907   0.0630503411
12513  -0.1545592686   0.0726418628  -0.0190132831  -0.0002748449  -0.0695190331
12514   0.1404390765  -0.0073149758   0.0238321779   0.0028232019   0.0176577135
12515  -0.0010148259  -0.0106780277  -0.0136907760   0.0543040515  -0.0117420197
12516  -0.0142647607  -0.1800045765  -0.0222795268  -0.0246475053   0.3065503914
12517   0.0038511743  -0.0107337445  -0.1941028103   0.0108748937   0.0020572779
12518  -0.1978265208  -0.0078437209   0.0015260910  -0.0003107198  -0.0014286904
12519  -0.0999727957  -0.0002096723  -0.0002455695   0.0015927400   0.0559782318
12520   0.2259154021  -0.0127706475   0.0492212309   0.0809201224  -0.0385069920
12521  -0.0063034333   0.0023668277  -0.0571762670  -0.0509801654  -0.0194750280
12522  -0.0122054985  -0.0008794554   0.0290234882  -0.0007444376   0.0033167788
12523  -0.0100748685  -0.0343915388  -0.0928680926  -0.1298042656   0.0081451045
12524   0.2230770473  -0.1808244946   0.0729317365  -0.0226766107   0.0198367254
12525   0.3822646730  -0.1980786569  -0.1136069921   0.0191495335   0.3418842461
12526   0.0072899678  -0.0077313879   0.0012265647   0.0104893781  -0.0209624338
12527   0.0009767989   0.0012527511  -0.0056726126   0.0234154266   0.0008238983
12528  -0.0019334248  -0.0006520189  -0.0003827727   0.0002328651  -0.0001163259
12529   0.0000004391   0.0000541704  -0.0004483520   0.2244248499  -0.1927510498
12530  -0.0000115287  -0.2328159546  -0.2309228726  -0.0122328319  -0.2027837138
12531  -0.0867224635  -0.0672460089  -0.0427775498  -0.0304182354  -0.0000101083
12532  -0.0000388412   0.0000017385  -0.0000135370  -0.0000237205   0.0000126600
12533  -0.0000044542  -0.0000045294
126 1  -0.1422552723  -0.0124444623  -0.0279755833  -0.0007325036   0.0140949598
126 2  -0.0432084582  -0.0846496991  -0.0974378666  -0.0522756057  -0.0449667149
126 3  -0.0006289839  -0.1803678472  -0.0022223406   0.0097204528  -0.3766440095
126 4  -0.0081105723   0.1391601167  -0.1576704112   0.0594030614  -0.0340156870
126 5   0.1077711022   0.0738438222   0.1961182742  -0.1434812184  -0.1375446575
126 6   0.2641526343  -0.0584793114  -0.2021972850  -0.1530872106  -0.3150411877
126 7  -0.0042748917   0.0826019732   0.3820240899  -0.0441224138   0.1052095877
126 8  -0.0661777885   0.0741776051  -0.2575503008  -0.0592364661  -0.0159219209
126 9  -0.0390767384   0.0839460953  -0.0492016923   0.3461288379  -0.0097264966
12610   0.1309164871   0.0521704497   0.1454578122  -0.0185191830   0.0417765348
12611  -0.0227218975   0.0363175055   0.0421274236  -0.0019498843  -0.0238253938
12612   0.1190944511  -0.0088238562   0.0417375937  -0.0021074445   0.1247136418
12613   0.0549055785   0.0886164151  -0.0342317758   0.0000782536  -0.0070173941
12614  -0.0836881190  -0.0014629547  -0.0052025581  -0.0002781377   0.0024767632
12615  -0.0001272969  -0.0034219344  -0.0085432315   0.1608823603  -0.0222672551
12616   0.0450357152   0.2023278642   0.0196728522   0.0160046113  -0.1861011549
12617  -0.0003425315   0.0014773935  -0.1096872066   0.0145608620  -0.0559260965
12618   0.1560666050  -0.0030204220   0.0036858219   0.0024231539  -0.0069951157
12619  -0.2517664032  -0.0006266827   0.0056002716  -0.0039142933  -0.0101953540
12620  -0.2248453043  -0.0163785312   0.0030512193   0.0214811740   0.0923100125
12621  -0.0053392199   0.0016555727  -0.0308025562   0.0233409006  -0.0046378336
12622   0.0080252489   0.0160605845   0.0294694111   0.0010244926  -0.0087541178
12623   0.0081805523   0.0056677057  -0.0556192168  -0.1122960377  -0.0291607017
12624  -0.2147656413   0.2125279385  -0.1179541110  -0.2691496074  -0.3182559359
12625   0.2734724277   0.2089182845  -0.0746495105   0.0169038006   0.3233743491
12626   0.0086681856  -0.0060747439   0.0014205677   0.0105078270   0.0020353685
12627   0.0160849867  -0.0130585226   0.0229477980   0.0004659678  -0.0019633484
12628  -0.0013441278  -0.0025510757  -0.0004165045  -0.0001238092   0.0001766288
12629  -0.0000008251  -0.0000396845   0.0003667790  -0.1802684778   0.1549765119
12630   0.0000115076   0.1978216746   0.1899165090   0.0100102535   0.1497543020
12631   0.0655710023   0.0479060528   0.0303691998   0.0213172935   0.0000087449
12632   0.0000326581  -0.0000057221   0.0000105135   0.0000123742  -0.0000138797
12633   0.0000016808  -0.0000005776
127 1  -0.0030803610   0.1420838090   0.1049721866   0.1531488175   0.0539308668
127 2  -0.1169423976   0.1946698450  -0.0233386951  -0.0465634576   0.1082651779
127 3  -0.0890842369   0.1829248970  -0.0094192079  -0.1170368496   0.0961056918
127 4  -0.0037080578   0.0055195918  -0.1175436883   0.0463613642   0.0019330604
127 5   0.0047683391   0.0218266272   0.0850369018   0.0069373640  -0.0914338684
127 6   0.1151979262   0.0350658782  -0.1516938737  -0.0981322998  -0.1280118810
127 7  -0.0027491174   0.1026245584   0.0751219189  -0.0218591199   0.1782254645
127 8   0.3244911054   0.0529136226   0.0885316404  -0.0211377661  -0.0101648392
127 9  -0.0336061212   0.2157249897  -0.0201227032   0.1269189765  -0.0265367011
12710   0.0053790539   0.0135058743   0.1269865335  -0.0083723889   0.0154990248
12711   0.1361654253   0.0513793299  -0.3953083239   0.0013163374  -0.0853566859
12712  -0.0315161382   0.0669254256   0.1071994801   0.0001173918   0.3770155408
12713  -0.0611343426   0.1987893313  -0.0760187716  -0.0000633014  -0.0521231267
12714  -0.0778506983  -0.0070403444   0.0070129423   0.0018042842   0.0202583393
12715  -0.0011068435  -0.0116903887  -0.0136939495   0.3089600048  -0.0255772521
12716  -0.0226257064  -0.2977020822  -0.0356641662  -0.0415519154   0.2496736589
12717   0.0067365250  -0.0152995810  -0.4298069789   0.0320960165  -0.0429682660
12718  -0.2437999930  -0.0140594393   0.0041826721   0.0006414242  -0.0034992755
12719  -0.1303226665  -0.0002454203  -0.0025813264   0.0071995764   0.1855559837
12720   0.0171068089  -0.0353618811   0.1152396725   0.1809259100  -0.1480812110
12721  -0.0110653692   0.0042425673  -0.1092428049  -0.1597700079  -0.0534887857
12722  -0.0612707709  -0.0004689748   0.0371594349  -0.0003008560   0.0004786496
12723   0.0000655148   0.0031812555   0.0088604065   0.0060202565  -0.0249450740
12724  -0.3465813275   0.3022240629  -0.1372743263  -0.0486160813   0.0722880008
12725  -0.3416798603   0.0559154459   0.1032230638  -0.0194104416  -0.3826375134
12726  -0.0108405216   0.0121873672  -0.0012322525  -0.0118781338   0.0314952424
12727  -0.0005219367   0.0066954588  -0.0127170296  -0.0128790534   0.0181514623
12728   0.0064043007  -0.0010823213  -0.0002530119   0.0004183941  -0.0000464473
12729  -0.0000009213   0.0000075916  -0.0000913308   0.0343031002  -0.0297997460
12730  -0.0000050594   0.0523417349   0.0406029169   0.0020625265  -0.0165660802
12731   0.0004588664  -0.0114148287  -0.0063793291  -0.0049553526  -0.0000141106
12732  -0.0000237023  -0.0000067638   0.0000153312   0.0000037128  -0.0000147905
12733   0.0000058032  -0.0000060320
128 1   0.0341415473  -0.0687535812   0.0580664062   0.1515083196   0.0388924866
128 2  -0.0083586130   0.0658259733  -0.0612635808  -0.0979290819   0.0194772658
128 3  -0.0302071553   0.0838501763   0.1299957921  -0.0882244143   0.0948912815
128 4  -0.0209408316   0.0751396627  -0.1227045765   0.0507969931  -0.0248061521
128 5   0.0561675924   0.0180625484   0.0707449807   0.0696353828  -0.0950730333
128 6   0.0429126808   0.1234965612  -0.1215512163  -0.0244223912  -0.0877910921
128 7  -0.0086888034   0.1515750753   0.0582890615  -0.0265819087   0.1398574853
128 8   0.2049588821   0.0348388203   0.0351842347  -0.0132560155  -0.0192387942
128 9  -0.0075274418   0.0474254851   0.0027744543  -0.0724495913  -0.0005666404
12810   0.0050909831  -0.0204234689   0.0076995898   0.0052685050   0.0027258620
12811  -0.0152094641   0.0385000224   0.0441758458   0.0005063449   0.0109313690
12812  -0.0889913570  -0.0148340672  -0.0160031832   0.0019717719  -0.0766183042
12813  -0.0569816282  -0.0368066976   0.0172134888  -0.0000703796  -0.0163453316
12814   0.0578189849  -0.0014010267   0.0036452429   0.0005461939  -0.0020908152
12815  -0.0000467799  -0.0002733301   0.0003247361  -0.1014971848   0.0071687038
12816  -0.0047502342   0.0038957247   0.0019439246   0.0039073725  -0.0017486336
12817  -0.0012090286   0.0029906462   0.1184690927  -0.0110409537   0.0251648846
12818   0.0103953193   0.0040429884  -0.0021127049  -0.0008471105   0.0031121422
12819   0.1174901010   0.0002858616  -0.0017327985   0.0001840748  -0.0268727951
12820   0.0757764593   0.0104301670  -0.0189229336  -0.0306632529  -0.0227534930
12821   0.0036908213  -0.0011040435   0.0233202325   0.0032999979   0.0045278851
12822  -0.0014530271  -0.0030991572  -0.0119348521  -0.0000598619   0.0015103155
12823   0.0002500756   0.0014292714   0.0178521733   0.0322913488   0.0044224702
12824  -0.0109714677  -0.0093523369   0.0062092046   0.0182876801  -0.0539436531
12825  -0.1136256860   0.1054072732   0.0328893424  -0.0048275910  -0.0779139513
12826  -0.0011372830   0.0015525743  -0.0000235420  -0.0003919358   0.0011671037
12827   0.0000301364  -0.0010956465   0.0027340282  -0.0038473718  -0.0034566573
12828  -0.0006494088   0.0012018098  -0.0001822500  -0.0009795712   0.0007885078
12829   0.0000260348  -0.0000692280   0.0013251487  -0.4499083238   0.3783923877
12830   0.0000726897  -0.5703900342  -0.4089216169  -0.0202760868   0.2336180781
12831   0.0149762353   0.1451201609   0.0845957016   0.0642100070   0.0001439688
12832   0.0002549023   0.0000636938  -0.0000997256   0.0000214060   0.0001107549
12833  -0.0000196477   0.0000265664
129 1  -0.1571131922  -0.0039665162  -0.0013879765  -0.0154098520   0.0114736860
129 2  -0.0271944753  -0.0642724850  -0.0544504656  -0.1234991362  -0.0159376734
129 3  -0.0151729278  -0.0519694674   0.0085851832  -0.0071857155  -0.1286390360
129 4   0.0493867127   0.2365307400  -0.0396323028   0.0173127921  -0.1108611074
129 5   0.1340695448  -0.0591670621  -0.1367591211   0.0176538238  -0.0610822563
129 6  -0.1944731400   0.1295509683   0.3621179175   0.3549892979   0.3802833355
129 7  -0.0234877529   0.1195270340   0.1783567911  -0.0542897994  -0.0210092339
129 8  -0.1877443479   0.0265138036  -0.2229481877  -0.0683387489  -0.0741169912
129 9  -0.0447157599   0.1287982705  -0.0442579322   0.2510784152   0.0000728187
12910   0.0948720487   0.0383409780   0.1507179629  -0.0113152913   0.0354988436
12911   0.0208605453   0.0216740575  -0.0554377378  -0.0009732989  -0.0434915934
12912   0.0634129250   0.0115304605   0.0675866677  -0.0008050474   0.2432134434
12913   0.0128534638   0.1442023979  -0.0550355365   0.0000823885  -0.0209062961
12914  -0.0396208933  -0.0025432133   0.0070923236   0.0007964602   0.0149177473
12915  -0.0005174432  -0.0044530918  -0.0064172197   0.2236415842  -0.0208467875
12916   0.0239223582   0.0711163265   0.0077797457   0.0050633972   0.0048145299
12917   0.0012711599  -0.0055653658  -0.2352198823   0.0256083488  -0.0656163806
12918   0.0183120963  -0.0080881578   0.0039518531   0.0019543683  -0.0064032058
12919  -0.2653165633  -0.0006624525   0.0041582872  -0.0034293167  -0.0007835540
12920  -0.2311064186  -0.0237962538   0.0037273550   0.0211800046   0.1063120518
12921  -0.0050010725   0.0011316206  -0.0157905252   0.0648170244   0.0081835171
12922   0.0329977844   0.0187724691   0.0003354861   0.0016025369  -0.0146047463
12923   0.0146498728   0.0502742614   0.0581889022   0.0424103946  -0.0297173959
12924  -0.2009268777   0.2579474632  -0.1167457629  -0.0827575739   0.3404082756
12925   0.2732915507  -0.4104164425  -0.0778449810   0.0089060627   0.1037621931
12926  -0.0032748397   0.0041290940   0.0020047270   0.0128031904  -0.0103116688
12927   0.0014622825   0.0023563374  -0.0074270416   0.0169074505   0.0136279210
12928   0.0021811880  -0.0056138663  -0.0011226394  -0.0003867707   0.0005432998
12929   0.0000001004  -0.0000176495   0.0003260327  -0.1142211773   0.0954825823
12930   0.0000182802  -0.1437660426  -0.1056640107  -0.0052744234   0.0465610500
12931   0.0006277376   0.0311526536   0.0183845888   0.0144604503   0.0000404433
12932   0.0000701565   0.0000141572  -0.0000255733   0.0000126089   0.0000294707
12933  -0.0000033789   0.0000088029
130 1  -0.0002766400   0.0468846853  -0.0907894189  -0.0645998618   0.1449359279
130 2   0.0385266166   0.0297566436   0.1924363067  -0.0142188316   0.0942547647
130 3   0.1368478593  -0.0724527586   0.0175392112   0.2601100493   0.0363413584
130 4  -0.0080067682   0.0017947596  -0.1206975672   0.1009237257   0.0122071595
130 5   0.0070524532  -0.2049203525  -0.2209936870   0.0001590499  -0.4592982329
130 6  -0.1234643054   0.0284887351  -0.1498995393   0.0215405251   0.0021772342
130 7   0.0188004418  -0.2547435331  -0.0048156588   0.1957559491   0.0111123316
130 8   0.0022644690  -0.4582271269   0.0032558216  -0.0030940752   0.0902295368
130 9  -0.0038900806  -0.0122327348   0.0995756226   0.1491815899   0.0101234467
13010  -0.0039936893   0.0402008339   0.0018851984   0.0108637068  -0.0030455560
13011   0.0131117213   0.0088071245   0.0074161048  -0.0662076043  -0.0113197921
13012  -0.1247034874  -0.0015320429   0.0022830189  -0.0732889316   0.0035264832
13013  -0.2170282467   0.0064447145  -0.0025256732  -0.0105833395  -0.2316439841
13014   0.0039930126   0.0746290875   0.0202362662  -0.1170041712   0.0043373230
13015   0.0582806387   0.5412709940   0.2552859087  -0.0222416577  -0.1195052254
13016   0.5775146343  -0.0498986885  -0.1599655112  -0.1546090654   0.0051913241
13017  -0.0111853681   0.0012520532   0.1379969870   0.1521244794  -0.4684368015
13018  -0.1970583984   0.0037804453  -0.0007914404  -0.0010080552  -0.0005468700
13019   0.0008419448  -0.0004527337   0.0029278947   0.0000889972  -0.0025754050
13020   0.0203700641   0.0154376667   0.0087235442  -0.0000639175  -0.0065948110
13021   0.0000064427   0.0006681890  -0.0029660938  -0.0019703209   0.0101112720
13022   0.0122204316  -0.0084351059  -0.0014898763  -0.0008490039   0.0039812356
13023  -0.0063438543  -0.0072048652  -0.0018102234   0.0018612166   0.0035332301
13024   0.0019517812   0.0006381249  -0.0022470343  -0.0014240666  -0.0013104101
13025  -0.0006267185  -0.0004404638   0.0014941920  -0.0003304028   0.0002138857
13026   0.0009950191  -0.0024218264  -0.0008195361  -0.0049918416   0.0030883370
13027   0.0006815220  -0.0028856637   0.0054741724   0.0108140877  -0.0039622378
13028  -0.0035997908  -0.0037637035  -0.0000098574   0.0000485521   0.0001048922
13029  -0.0000046388   0.0000137698   0.0000187363  -0.0001620008  -0.0000564532
13030   0.0000098074   0.0000260496   0.0014249789  -0.0429943525   0.0264519738
13031  -0.0276223687  -0.0561093014   0.0086308358   0.0209996005   0.0017614450
13032   0.0036597371  -0.0005986588  -0.0005409988   0.0004454172   0.0000173787
13033   0.0000791470  -0.0000000949
131 1   0.0032549688  -0.0936751571   0.0310949786   0.0344609486   0.0830877949
131 2   0.0219163659  -0.0323783174   0.0053452181  -0.1631935450  -0.0035721797
131 3   0.0109152588  -0.0042615795  -0.0171914430   0.0239233631   0.0035590743
131 4   0.0649041402   0.0742865508  -0.0100018082   0.0070721052  -0.1419492195
131 5  -0.0736317570  -0.0176869350  -0.0198568144   0.0433152973  -0.0395789276
131 6  -0.0118690690  -0.2776185895  -0.0136611028   0.0039268762   0.0085392743
131 7   0.0017479516  -0.0192958134  -0.0428957411   0.0178653035  -0.0587676873
131 8   0.0584725789  -0.0383976626  -0.0345720280   0.0001992452   0.0074702089
131 9   0.0197959463   0.1146334757   0.0086529320   0.0124940013  -0.1167768927
13110   0.1012330130   0.0022675333  -0.0023827778   0.0003575625   0.0339856375
13111  -0.1599304899   0.0010528760  -0.0708842921  -0.0060492648   0.1101931674
13112  -0.0120769717   0.0101221360  -0.0204144067  -0.0061251422  -0.0495865504
13113  -0.0183190495  -0.0713278928   0.0181846012  -0.0009078667  -0.0199612354
13114  -0.0408745034   0.0058151010  -0.0183600339  -0.0109508306  -0.0169987263
13115   0.0052415788   0.0461757526   0.0219898209   0.0122099673  -0.0107714549
13116   0.0494185215  -0.0040757999  -0.0135105819  -0.0131702545  -0.0125729974
13117  -0.0010148773  -0.0160649481   0.0119011478   0.0127053109  -0.0329387425
13118  -0.0676117741  -0.0278755689   0.0044470072  -0.0004562225   0.0068416394
13119  -0.0081324021   0.0000647963  -0.0360273907   0.0008601470   0.0230633976
13120   0.0171704116  -0.1785867201  -0.0999614012  -0.0047195761   0.0711506770
13121   0.0012241235  -0.0051525357   0.0342206031   0.0203070145  -0.1187801688
13122  -0.1402509648   0.0956030475   0.0193151569   0.0084194767  -0.0438934479
13123   0.0750061845   0.0846918156   0.0223859379  -0.0216461653  -0.0427151080
13124  -0.0004563628  -0.0055441633   0.0258935074   0.0172622106  -0.0001888638
13125   0.0001117894   0.0052173049  -0.0177122799   0.0037156854  -0.0016309600
13126  -0.0117408651   0.0287105151   0.0098303699   0.0594857403  -0.0373063417
13127  -0.0084570003   0.0339544774  -0.0647588886  -0.1277541770   0.0464167091
13128   0.0426229002   0.0449878210   0.0001379325  -0.0005354183  -0.0011843210
13129   0.0000660902   0.0000029222  -0.0002260061  -0.0000598337   0.0005132242
13130   0.0000102607   0.0005329022  -0.0168303498   0.5031661328  -0.3106968546
13131   0.3219360472   0.6567633540  -0.1009547239  -0.2457579919  -0.0208228007
13132  -0.0433028514   0.0071046855   0.0064494704  -0.0051997616  -0.0002091070
13133  -0.0009278371   0.0000018051
132 1  -0.1034855219  -0.0141388653  -0.0632468669   0.0625877727  -0.0131589554
132 2   0.0069984574   0.0056786142   0.0012392684   0.0213328814   0.0011146532
132 3  -0.0009326933  -0.0019236294   0.0973203179  -0.0020688138  -0.0000299986
132 4   0.0118439690   0.0244643699   0.0012392522   0.0008475426   0.0461150520
132 5   0.1016661710  -0.0004296913  -0.0004187564   0.0249857546  -0.0004514771
132 6  -0.0001577830   0.0076390327  -0.0001440027  -0.0000424138  -0.0071140622
132 7   0.0005228018   0.0005693629  -0.0276062585   0.0023739093  -0.1655493026
132 8   0.0199979727  -0.0014083899  -0.0094268065   0.2581221709  -0.0028930343
132 9   0.3953344657   0.0549113888   0.0001686579  -0.0012463246   0.0177249800
13210   0.0642482277  -0.0048915276   0.2702864599  -0.0137778435   0.1008237802
13211  -0.1415204265  -0.0000617614  -0.1278189428   0.0010323454  -0.0663978666
13212   0.0013384253  -0.0017601710   0.1888793042  -0.0005629160  -0.0506014880
13213   0.0011207775  -0.2300784683   0.2343615769   0.0002337050   0.0008407482
13214   0.0452639734   0.0001563549  -0.0832094752  -0.0043035700  -0.1501949146
13215   0.0025019966   0.0002609222  -0.0007084118  -0.0003674947  -0.0009295868
13216  -0.0008011428   0.0000593647   0.0004172500   0.0001213420  -0.0496057020
13217  -0.0002721539  -0.0186197570   0.0003573440  -0.0004957145   0.0133489725
13218  -0.0915108548  -0.0190323881  -0.0046549544  -0.0338558058   0.0288069223
13219  -0.0695689432  -0.0003434613  -0.0648715196   0.0394872102   0.3323791576
13220   0.0661372458  -0.5997922142  -0.2763303515  -0.3075112518  -0.1528630799
13221   0.0683474673  -0.0027285670  -0.1673360360   0.1007192151  -0.4505886778
13222   0.0971180491  -0.0755245285   0.3276235931  -0.0027634631   0.3622534488
13223   0.1649400346   0.3174625668   0.2530041637  -0.2031856949  -0.1569616374
13224  -0.0014985927   0.0035693029   0.1064379825   0.0375318760  -0.0002687916
13225   0.0004109951   0.0172641868  -0.0920042538   0.0104722768  -0.0039775794
13226  -0.0352162326   0.0707091819   0.0215751577   0.1224560701  -0.0857080612
13227  -0.0970699894   0.1828855433  -0.2993463168  -0.4364038185  -0.0069254971
13228   0.0789013329   0.1717310147   0.0003497354  -0.0003444864  -0.0010620791
13229   0.0000047426  -0.0000002612   0.0000627386  -0.0000036942   0.0000352737
13230  -0.0000018698  -0.0001022774   0.0029609842  -0.0907846007   0.0560897598
13231  -0.0581669569  -0.1192757554   0.0202774440   0.0418285159   0.0048993187
13232   0.0103995173  -0.0018376112  -0.0018294619   0.0013720083   0.0000545832
13233   0.0002785787  -0.0000011186
133 1  -0.0009053687   0.1043647160   0.0248412133   0.0635179094   0.0859655830
133 2  -0.0255360649   0.1241561038   0.1474031224  -0.0269708145   0.0198020334
133 3   0.0291649525   0.0555851855  -0.0044291915   0.0762715890   0.0190939214
133 4  -0.0022857244  -0.0189093549   0.1663887029  -0.0817875488   0.0115907440
133 5   0.0040873022   0.2261278640   0.3632432890  -0.0110558145   0.2997465326
133 6   0.1204471592   0.0195087850   0.0099210291   0.1400359435   0.0000553058
133 7  -0.0315525273   0.0004363939  -0.0016512921  -0.0778002334   0.0092329228
133 8  -0.0003579641  -0.1041769960  -0.0144819510  -0.0170729100  -0.5787502655
133 9  -0.0072959137  -0.0101250077  -0.1231872611  -0.0599483495   0.0039208437
13310  -0.0092598807  -0.0181505503  -0.0062622404   0.0870123073  -0.0045087577
13311   0.0093397683   0.0715708112   0.0054400156   0.0012335112  -0.0036611006
13312  -0.1081234432  -0.0002955894  -0.0028772526   0.0370908392   0.0014390089
13313  -0.1245151079   0.0115864360  -0.0079702967   0.0042220935  -0.1353408681
13314  -0.0013123766   0.0011971485   0.0009918048   0.0170270446   0.0057862074
13315  -0.0027876674   0.0995328739   0.3298105517   0.0300158647   0.3798332715
13316  -0.4673195227   0.0049297071   0.2424366826   0.3744193071  -0.0056541702
13317  -0.0512576957  -0.0005265679   0.0618666182   0.1836762782  -0.5236672868
13318  -0.2304723545   0.0015737844  -0.0007105123  -0.0006222084   0.0003845739
13319   0.0056112887  -0.0002249729  -0.0011863196  -0.0009218077  -0.0160508203
13320   0.0763956889  -0.0070580685  -0.0045762747   0.0088973251   0.0074782565
13321  -0.0005850668   0.0001435721  -0.0043598131   0.0054897348  -0.0058326293
13322  -0.0038939332   0.0098081656   0.0064869328   0.0007093688  -0.0056324949
13323   0.0052279092   0.0065334444   0.0011360488  -0.0001604081  -0.0014312484
13324   0.0165118489  -0.0005812994  -0.0000919811  -0.0032485355  -0.0108814303
13325  -0.0103953344   0.0003514081   0.0005410628  -0.0001282849   0.0001030759
13326   0.0002171778  -0.0015226618  -0.0006770172  -0.0043244834  -0.0050098770
13327  -0.0075150518   0.0030992719  -0.0035048002  -0.0034807903  -0.0101109959
13328  -0.0023697435   0.0024354947   0.0000647867  -0.0002007976  -0.0002506297
13329  -0.0000050913   0.0000138056  -0.0000701293   0.0008686312   0.0022386191
13330   0.0000101204   0.0001190605   0.0011725383   0.0001756039  -0.0320501611
13331   0.0296371560  -0.0010320214   0.0342445545   0.0623998217   0.0000569342
13332   0.0001225607  -0.0000071606   0.0000686409   0.0002515118  -0.0000400211
13333   0.0000248763  -0.0000037846
134 1   0.0100307967  -0.0908033649   0.0318576005   0.0544380190   0.0761592594
134 2   0.0173997700  -0.0223956907   0.0015403487  -0.1586119758  -0.0100153706
134 3   0.0009222623   0.0056976828   0.0367421121   0.0070060992   0.0020227603
134 4   0.0606135603   0.1000038806   0.0155724155  -0.0081462852  -0.1307026453
134 5  -0.0401784138   0.0191547585   0.0299613766   0.0824431931   0.0251058636
134 6   0.0089128430  -0.2405089484   0.0002607995   0.0140301211   0.0012461373
134 7  -0.0025240933   0.0002246578  -0.0043082134  -0.0051620577  -0.1229731613
134 8   0.0241758029  -0.0092955610   0.0265498863   0.0967079100  -0.0514010664
134 9   0.1209757711   0.1149059986  -0.0102987122  -0.0057026668  -0.0285414734
13410   0.0452043056  -0.0033431241   0.1140393841   0.0015812841   0.0516332812
13411  -0.0834256985   0.0060949599  -0.0681939825   0.0003241363   0.0187680061
13412  -0.0091571481  -0.0006478520   0.0458401893   0.0030417914  -0.0083061135
13413  -0.0101691412  -0.0992465526   0.0781076106   0.0003941303  -0.0109246417
13414   0.0548661508   0.0003782136  -0.0319967634  -0.0001887388  -0.0513032157
13415   0.0006602090   0.0085559588   0.0279258734  -0.0126719061   0.0328702924
13416  -0.0400620236   0.0000998605   0.0206617867   0.0316938254  -0.0203368788
13417  -0.0043923106  -0.0131365237   0.0055881612   0.0155879183  -0.0435204911
13418  -0.0267577827  -0.0123596057   0.0072896019   0.0005643087  -0.0047156511
13419  -0.0562384150  -0.0000914274   0.0125131124   0.0128570655   0.1624171000
13420   0.0080740146   0.1173697945   0.0650515161  -0.1202678364  -0.1075100924
13421   0.0081809520  -0.0021562079   0.0647577319  -0.0812378565   0.0691959471
13422   0.0289745721  -0.1226660728  -0.0696955297  -0.0090941510   0.0678305958
13423  -0.0647089299  -0.0802464339  -0.0092051962   0.0120046071   0.0139346976
13424   0.0021349526   0.0224845729  -0.0067472332   0.0321339985  -0.0012040049
13425  -0.0009161456  -0.0036451220  -0.0091950069   0.0022118056   0.0079926218
13426  -0.0026406542   0.0192791430   0.0087939507   0.0565596268   0.0599157799
13427   0.0951305240  -0.0407719175   0.0469739303   0.0460922724   0.1271207702
13428   0.0295788846  -0.0316898868  -0.0007885095   0.0025466221   0.0031635779
13429   0.0000527731  -0.0000023196   0.0008244649   0.0020353627  -0.0249605189
13430  -0.0000258784  -0.0025057706  -0.0131425632  -0.0020112312   0.3818907692
13431  -0.3370075687   0.0109280577  -0.4001653750  -0.7290465717  -0.0006713583
13432  -0.0014464071   0.0000875515  -0.0007982738  -0.0029307283   0.0004690024
13433  -0.0002873834   0.0000444956
135 1  -0.1326363449  -0.0053981293  -0.0242602764   0.0241234416  -0.0051288053
135 2   0.0028734611  -0.0028209120   0.0012156471  -0.0058433036   0.0007920821
135 3   0.0023229970   0.0016212081  -0.1078253048   0.0028345840   0.0005312600
135 4   0.0240151882  -0.0582158853  -0.0014075794  -0.0008789247   0.0010242493
135 5  -0.0054333201  -0.0000378635   0.0006055156  -0.1242712522   0.0008884079
135 6   0.0005254560  -0.0927013019  -0.0019212222  -0.0011043196   0.0290863435
135 7   0.0002818529   0.0065377572  -0.1273614823   0.0001658673   0.0882577536
135 8   0.1270085965   0.0024678016  -0.2501879623  -0.0960813927   0.0034747754
135 9   0.0361836551   0.0549860558   0.0000152998  -0.0013355478  -0.2525042818
13510   0.2515163703  -0.0042279848  -0.0917243800   0.0024445125   0.0677493228
13511  -0.3959266494   0.0011631455  -0.1221658610  -0.0009983895   0.2139229801
13512  -0.0030469459   0.0238042275  -0.0028232149   0.0001970869  -0.1533482891
13513   0.0009801431  -0.1617495616   0.0914122284   0.0001297569  -0.0003962574
13514  -0.1673814936  -0.0019745741  -0.0892927177  -0.0043874202  -0.0964402645
13515   0.0016571997  -0.0000152683   0.0000378326   0.0738411214  -0.0045781183
13516   0.0016850564  -0.0004874581  -0.0007396823  -0.0013081560   0.0022501000
13517   0.0000617866  -0.0420232881   0.0013697553  -0.0016719456   0.0246013524
13518  -0.1617258095  -0.0457402156   0.0220859064   0.0041563578  -0.0137591598
13519  -0.1739088921  -0.0001504777   0.0166317017   0.0294335954   0.3552599874
13520  -0.0072373845   0.3123537275   0.0450835700  -0.5334955163  -0.1614118906
13521   0.0246130020  -0.0222069013   0.4145515506  -0.3493543299   0.0585911367
13522  -0.5313539415  -0.2967323022   0.4406720389  -0.0247006949   0.1052010004
13523  -0.2040614132  -0.2792555037  -0.0311132931   0.2371561726   0.0922562520
13524   0.0024590843   0.0442191752  -0.0524338016   0.0256474488  -0.0011488509
13525  -0.0006088001  -0.0197808649  -0.0033596284   0.0030098309   0.0244549908
13526   0.0000461876   0.0345095063   0.0206096063   0.1383675446   0.1211969365
13527   0.2638116299  -0.1888866319   0.2661445521   0.2596699398   0.3175998853
13528   0.0480310361  -0.1469722927  -0.0005400949  -0.0001743250   0.0007696017
13529  -0.0000218314   0.0000006625  -0.0001657483  -0.0003180013   0.0053833699
13530   0.0000051293   0.0004657521   0.0028019554  -0.0016694952  -0.0751001524
13531   0.0666704770   0.0005211647   0.0756022279   0.1422651121  -0.0003335628
13532  -0.0007590420   0.0001894749   0.0003965140   0.0003168966  -0.0000953524
13533   0.0000101057  -0.0000136175
136 1  -0.0023521330   0.0452755793  -0.0889757105  -0.0615850055   0.1544991450
136 2  -0.0183104540  -0.0181530770   0.1864078992  -0.0058780864   0.0943768457
136 3   0.0059479840  -0.0587323110  -0.0011995791   0.1743454965  -0.0367982050
136 4  -0.0021292657  -0.0131267935   0.1178195480  -0.0151996172   0.0054797027
136 5  -0.0011027638  -0.1791292852  -0.2605141377  -0.0044239329  -0.3157385790
136 6   0.0051584101   0.0068733037  -0.0825756378  -0.0202495996   0.0007371955
136 7  -0.0275935839   0.2061956837   0.0091221702  -0.2056936530   0.0066562151
136 8  -0.0005881780   0.4118812339  -0.0029812907  -0.0029569481   0.3607074998
136 9  -0.0114637429   0.0081136190   0.0734448002  -0.2167750888  -0.0128036414
13610   0.0108079430  -0.0652587234   0.0005380752  -0.0472032511   0.0020734886
13611  -0.0079618509  -0.0447420407  -0.0056733688   0.0140812544   0.0096282014
13612   0.2967769742   0.0008495201  -0.0046669871  -0.0085905175  -0.0002645207
13613   0.5150765198  -0.0231782175   0.0095202762   0.0016270307   0.4539907209
13614   0.0067225313   0.0171486439  -0.0043383054   0.0249058191  -0.0029035340
13615  -0.0193286731  -0.2910238788  -0.4032217436  -0.0116969946  -0.3413239401
13616   0.2583744735  -0.1581673111   0.3506732065   0.4614338402  -0.0134079879
13617  -0.0503657491  -0.0012522105   0.0835472689   0.1251735921  -0.3500910399
13618  -0.1508261612   0.0005660699   0.0001049705  -0.0002096543  -0.0004166435
13619  -0.0067094630  -0.0001768563   0.0006879723   0.0003404997   0.0043635698
13620   0.0703382720   0.0037977422   0.0083388864   0.0089273816  -0.0023704053
13621  -0.0006699539   0.0003501403  -0.0056116427   0.0022119811   0.0025879605
13622   0.0083336110   0.0006281006  -0.0010031287   0.0000940498  -0.0016753949
13623   0.0012196032   0.0097819442   0.0118096423   0.0070421237  -0.0022395851
13624   0.0003752274  -0.0004655905   0.0029502642   0.0105278318  -0.0001313099
13625  -0.0002882251   0.0014957103  -0.0002842625   0.0001984249   0.0017283876
13626   0.0001424802   0.0011096331   0.0004222359   0.0025723052   0.0070252986
13627   0.0072272540  -0.0033880603   0.0042332563   0.0019791529   0.0098699663
13628   0.0024582611  -0.0025226552   0.0000045268  -0.0004178682  -0.0001266410
13629   0.0000015850   0.0000079083  -0.0000126530   0.0000866413  -0.0000723325
13630   0.0000073274   0.0001510107  -0.0002438580   0.0059423641   0.0078368520
13631  -0.0068790797   0.0089587609  -0.0697494797   0.0456851980   0.0000917113
13632   0.0001644587  -0.0000229962   0.0000024966  -0.0000141057  -0.0000080255
13633  -0.0000034916  -0.0000012294
137 1   0.0264309241  -0.1008329772  -0.0000181303   0.0654951758   0.0774919036
137 2   0.0203708636  -0.0242799768   0.0073049264  -0.1129283818  -0.0011580001
137 3  -0.0019988098  -0.0061681046   0.1184621816   0.0132137510  -0.0033184472
137 4   0.0059405373   0.1012483324   0.0121969271  -0.0012688873  -0.0589067567
137 5   0.0302168944  -0.0156056229  -0.0233083321   0.0709800080  -0.0282004719
137 6  -0.0003671470  -0.0416320881  -0.0063998098  -0.0001603724  -0.0207967860
137 7  -0.0023132243   0.0180185868   0.0045173633  -0.0166519107  -0.1083495307
137 8  -0.0568584397   0.0341434361   0.1106114479   0.1147248827   0.0290036991
137 9   0.1167799442  -0.0572446332   0.0062994549  -0.0187038090   0.1228911060
13710  -0.1376163593  -0.0027963035  -0.0176319015  -0.0026517007  -0.0220844165
13711   0.0845372092  -0.0039055718   0.0803990083   0.0014213976  -0.0834790260
13712   0.0266240643  -0.0050466981   0.0544126230  -0.0008890393   0.0225386958
13713   0.0441624774   0.2926734048  -0.1149325868   0.0001015226   0.0383905108
13714  -0.1184133304   0.0005140800   0.0075712911   0.0025845996   0.0244253544
13715  -0.0020646373  -0.0251545250  -0.0342467795   0.0673514423  -0.0327655161
13716   0.0232733361  -0.0132557206   0.0301700848   0.0400894055   0.0597089440
13717  -0.0043192102  -0.0008613447   0.0068185078   0.0106917385  -0.0284146567
13718  -0.0251898522  -0.0001583941  -0.0011904103  -0.0000373843   0.0029080526
13719   0.0720998989   0.0001583466  -0.0054239900  -0.0035376041  -0.0844029506
13720  -0.0013414729  -0.0037084849  -0.0770930222  -0.1005491815   0.0219104287
13721   0.0068793034  -0.0040336717   0.0645685232  -0.0301293381  -0.0241244094
13722  -0.0970425386  -0.0069890600   0.0214919471  -0.0011200418   0.0145762985
13723  -0.0134396373  -0.1024556530  -0.1250529951  -0.0743651141   0.0233772921
13724   0.0009367576   0.0063886629  -0.0324947847  -0.1161107746   0.0002482072
13725  -0.0006476082  -0.0163480436   0.0021931950  -0.0022014817  -0.0178191177
13726  -0.0019482421  -0.0111722215  -0.0041525562  -0.0254611597  -0.0792774955
13727  -0.0789768295   0.0373231453  -0.0467780522  -0.0212500632  -0.1089653400
13728  -0.0271231886   0.0280195167  -0.0000668106   0.0052708514   0.0018870155
13729  -0.0000051626   0.0000003072   0.0001297679  -0.0000844925   0.0009243205
13730  -0.0000027646   0.0002107004   0.0026188434  -0.0686177210  -0.0909778364
13731   0.0798232592  -0.1034570822   0.8076930828  -0.5289362296  -0.0010744919
13732  -0.0019291326   0.0002702224  -0.0000314189   0.0001620627   0.0000949704
13733   0.0000360660   0.0000169895
138 1  -0.1076942132  -0.0128729186  -0.0576114602   0.0570393186  -0.0120062514
138 2   0.0064208763   0.0127349365   0.0046787175   0.0600899316   0.0046838329
138 3   0.0007773018  -0.0010889604   0.0079895326  -0.0005956459  -0.0001485531
138 4  -0.0558500231  -0.0602254936  -0.0004587459   0.0008111781   0.1032854882
138 5   0.0931792479  -0.0003254318   0.0003950804  -0.1440951368   0.0000628710
138 6   0.0011497023   0.1760535141   0.0002080670  -0.0016002663  -0.0034720334
138 7   0.0001503065   0.0067273335  -0.1197850070  -0.0002995557   0.0984032932
138 8   0.0131005155   0.0013362541  -0.1330294171  -0.0695790952   0.0033860856
138 9   0.0362055833  -0.1523054148  -0.0003006838  -0.0003447141  -0.0638376717
13810   0.0012610191   0.0027713879  -0.2409776545   0.0108459404  -0.0282844742
13811  -0.1741452237   0.0009506002   0.0650493618  -0.0008909222   0.0785794942
13812  -0.0015068345   0.0182920242   0.0165200528   0.0002375779  -0.1227463445
13813   0.0001391122   0.3398901333  -0.1498070867   0.0000578619  -0.0022074853
13814  -0.3878061632  -0.0035314916  -0.0357762128  -0.0015159273  -0.0039856009
13815   0.0000049497  -0.0002397119   0.0015837704   0.1881775962  -0.0090187235
13816   0.0022853809   0.0006656112   0.0002796885   0.0006595647   0.0693726557
13817  -0.0000872177  -0.0334974115   0.0000974574  -0.0013921457   0.0281000687
13818  -0.1965641096  -0.0530747074   0.0068045649  -0.0041864586   0.0168608309
13819   0.0556319613   0.0003559064  -0.0658687055   0.0115582865   0.0727635362
13820   0.0251298749  -0.2936711034  -0.2449339977  -0.2845336321   0.0596287455
13821   0.0414858568  -0.0133146168   0.2070135082  -0.0106299110  -0.0887576169
13822  -0.0238674059  -0.1080576566  -0.6468994353  -0.0065851159   0.2265606906
13823  -0.0147553675  -0.5079786001  -0.4981659597  -0.2890605847   0.0604814556
13824   0.0044466647   0.1249954638  -0.0713667766   0.0529535294   0.0002340688
13825  -0.0009657954  -0.0288649324   0.0454639433  -0.0132386275  -0.0221393786
13826   0.0038324494  -0.0533614865  -0.0061246397  -0.0200982625  -0.4004130876
13827  -0.2418507008   0.0632986418  -0.0466301137   0.0313839670  -0.4299127022
13828  -0.1237752424   0.0866396617   0.0010641099   0.0053478926   0.0017147845
13829   0.0000009033   0.0000000700  -0.0000012580   0.0000424536  -0.0005109913
13830   0.0000003516  -0.0000163807  -0.0002700570   0.0102278029   0.0153557603
13831  -0.0136510672   0.0143013833  -0.1289422478   0.0865250932   0.0002775307
13832   0.0005297029  -0.0000846699  -0.0000276074   0.0000443043  -0.0000212246
13833   0.0000082070  -0.0000046821
139 1   0.0064851575   0.1651587001   0.1277002624   0.1736159316  -0.0068563534
139 2   0.1323535927  -0.1982289869   0.0836220075   0.0253783253   0.0494159230
139 3   0.1451449762  -0.0315344719  -0.0008961250  -0.1606638173  -0.0422465645
139 4   0.0056641440  -0.0100284019   0.2266528727   0.2865807201  -0.0207549514
139 5  -0.0122101103  -0.2863297417   0.1615838631  -0.0089613931  -0.0041168906
139 6  -0.0915915696  -0.0000481221   0.0413451055  -0.0532527702  -0.0004923517
139 7   0.0482108159   0.0135689164  -0.0048944412  -0.1155543707   0.0145818380
139 8  -0.0046209842  -0.0512416814  -0.0016483205   0.0314577047   0.0080330387
139 9  -0.0175146252   0.0101443351  -0.0228111550  -0.0031320793  -0.0053805653
13910   0.0020248050  -0.0003760857  -0.0100306640  -0.0060388445   0.0137744356
13911  -0.0022330541   0.0006174004   0.0011937375   0.0156434677  -0.0093247499
13912   0.0009667116  -0.0002861195   0.0026652879  -0.0185999453  -0.0001768751
13913  -0.0015382561  -0.0009656930   0.0013563735   0.0206923900  -0.0015716788
13914  -0.0005663697   0.0068965791  -0.0024827468   0.0319253376   0.0125504915
13915   0.1639166988  -0.0270049421   0.0257645983  -0.0019934936  -0.0196773263
13916  -0.0016555220   0.0003786314  -0.0108806359   0.0072118770  -0.0005760320
13917  -0.0062217933  -0.0233315974  -0.0003509729  -0.0027868242  -0.0001007412
13918   0.0000020207   0.0069241964   0.0014779723   0.0017445168   0.0103128565
13919  -0.0002458968   0.1260905307   0.0039819319   0.0017365578  -0.0055096907
13920  -0.0002049820  -0.0067505159   0.0103241655  -0.0066876253  -0.0062685149
13921  -0.0355507201   0.1085779525   0.0254415092  -0.0055838624  -0.0096661626
13922   0.0091787274   0.0004612981   0.0022554684   0.0443873116  -0.0013394059
13923   0.0009956088  -0.0077343409   0.0040330759  -0.0019789431   0.0039679103
13924   0.0000177562  -0.0032841177  -0.0146739405   0.0171457651  -0.0000706138
13925   0.0000592347   0.0022887060  -0.0187829270   0.1067654172  -0.0048835351
13926  -0.0451231125  -0.0269698955   0.3832332349  -0.2257165348  -0.0324121476
13927   0.0459771057  -0.0064158767  -0.0056403782  -0.0000569368   0.0013267320
13928  -0.0048406504   0.0041516389  -0.0000022855   0.0000193406   0.0001270645
13929   0.6052049286  -0.5850926248  -0.0304380430   0.0000979601   0.0000490163
13930  -0.0828197580  -0.0000285314  -0.0000041859   0.0002871618   0.0000954247
13931  -0.0001051957  -0.0001580202   0.0000790336   0.0000673086   0.0001905154
13932   0.0000868650  -0.0002462999   0.0001286426  -0.0023655937   0.0009351674
13933   0.0067199522  -0.0004339828
140 1  -0.0727348269  -0.0422904994   0.1885466890  -0.0059825227   0.0716758562
140 2   0.0041276012  -0.0667923544   0.0723196493   0.0864050066   0.1014573826
140 3   0.1738272756  -0.0294850748   0.0071524514  -0.1503441669  -0.0344705125
140 4  -0.0097794794  -0.0191602079   0.1649428174   0.2314691558   0.0416584866
140 5   0.0545934345  -0.0468433179   0.0273874629   0.0496219702   0.0052260589
140 6  -0.0105849100   0.0011072577   0.0057332711  -0.0060677929  -0.0024471456
140 7   0.0116904365   0.0009887306   0.0500019419  -0.0278686155  -0.2057648347
140 8   0.0762209688  -0.0160686889   0.0075696870  -0.3201918675   0.0098982765
140 9   0.1438200528  -0.1045729601  -0.0236656645  -0.0032544099   0.0626903651
14010  -0.0337284719  -0.0009914141   0.0832022079  -0.0056556283  -0.0948537002
14011   0.0410903833   0.0004960002  -0.0052744452   0.0191570176   0.1251234336
14012  -0.0002618513   0.0041725817   0.0237603971  -0.0346651053  -0.0035448055
14013  -0.0032831486   0.0274313700   0.0703907101   0.0441520126  -0.0075940195
14014  -0.0120907554   0.0292770327  -0.0101375078   0.0898010191   0.0673218807
14015   0.4411553742  -0.0754821233   0.0762355649  -0.0046117663  -0.0630923836
14016  -0.0079130991   0.0009766018  -0.0152619941   0.0084547653   0.0031438946
14017  -0.0233421754   0.1901464156  -0.0005885308  -0.0117176620  -0.0022666341
14018  -0.0007581047  -0.1083265329  -0.1271029142  -0.0106032838   0.0476210246
14019  -0.0093615338   0.3145610524  -0.0264833522  -0.0224199231   0.0855019508
14020   0.0014385112   0.1190286155  -0.1227268642   0.0766449897   0.0713033311
14021   0.3382204854  -0.0745527336  -0.0181878240   0.0249385257  -0.0461342897
14022   0.0081834847   0.0412112806  -0.0033517398  -0.3686823577  -0.0147636058
14023   0.0431520446  -0.0117629629   0.0278057968  -0.0301055860   0.0311557337
14024  -0.0001724482  -0.0630405361  -0.2060497403   0.1090759566  -0.0003240549
14025   0.0002332156   0.0085880415  -0.0769184283   0.4506450748  -0.0235102886
14026  -0.0091167645  -0.0234161941   0.3033052921  -0.1940431157  -0.0331289102
14027   0.0363059671  -0.0060639294  -0.0043687496  -0.0003497747   0.0003121023
14028  -0.0022816037  -0.0008425184   0.0000262472  -0.0000656591  -0.0002296389
14029  -0.2316841404   0.2477184145   0.0135108771  -0.0000414739  -0.0000195507
14030   0.0370398314   0.0000105736  -0.0000011843  -0.0001235296  -0.0000335704
14031   0.0000392357   0.0000666591  -0.0000343151  -0.0000349454  -0.0001294398
14032   0.0000007974   0.0001937378  -0.0000844081   0.0009950957  -0.0007017301
14033  -0.0030122748  -0.0009581372
141 1  -0.1449091816  -0.0058599419  -0.0147614532   0.0028562901   0.0051645889
141 2  -0.0175150966   0.0919187668   0.0414248373   0.1422370127  -0.0892628991
141 3   0.0024487075  -0.0158185077   0.1942580939  -0.0611568329  -0.0182472040
141 4   0.1333007229   0.0201091031   0.1165615183   0.1431665299  -0.1633225442
141 5  -0.1752082222  -0.1988094993   0.1085567240  -0.0239831068  -0.0054769480
141 6  -0.0623865007  -0.0357203510   0.0277781333  -0.0375735572   0.0026479462
141 7  -0.0024131331   0.0058348438  -0.0159213776  -0.0451652577   0.1900468735
141 8  -0.0783947678  -0.0222544303   0.0690260312   0.0227490554   0.0020863963
141 9   0.0730178590   0.0329911184  -0.0166817877  -0.0031256523  -0.0357960210
14110   0.0364630647  -0.0012601885  -0.0044829442  -0.0109085053  -0.0467057711
14111  -0.0364017641   0.0004872740  -0.0053955884   0.0105588887  -0.0740356658
14112   0.0014156673  -0.0027844176  -0.0624435592  -0.0071760589   0.0055824292
14113  -0.0004656274  -0.0181983338  -0.0688430496   0.0103010890   0.0020286509
14114   0.0146749562  -0.0065146739  -0.0306503445  -0.0011311806  -0.0537140883
14115   0.0639429871  -0.0124948562   0.0114076970   0.0006445269  -0.0065902132
14116   0.0012091958   0.0003940277  -0.0202681331   0.0148134006  -0.0000949330
14117  -0.0040769022   0.0136060179  -0.0005846723  -0.0023009796   0.0008335680
14118  -0.0004629772  -0.0307500585   0.0200623142  -0.0040936324  -0.4339750620
14119   0.0097478100   0.2520856829   0.0470335191   0.0221522815  -0.0630641384
14120  -0.0002500249  -0.1010900491   0.0913388665  -0.0655558403  -0.0658651783
14121  -0.3096728771   0.4911158194   0.0895906435  -0.0247510964   0.0099529371
14122   0.0059229240  -0.0036542211   0.0028077628   0.3113519187   0.0245323780
14123  -0.1035907067   0.0314672711  -0.0518276756   0.0502841613  -0.0541285029
14124   0.0001536291   0.0550444539   0.1733449252  -0.0743805482   0.0002135952
14125  -0.0001472913  -0.0049137629   0.0569446925  -0.2470356354   0.0167598190
14126  -0.0905018069  -0.0384406529   0.4802186582  -0.2535296323  -0.0286144901
14127   0.0513279663   0.0069930108  -0.0010492718  -0.0021017633   0.0003967323
14128  -0.0004969119  -0.0013953187  -0.0000078055  -0.0000083721  -0.0000379716
14129  -0.2795422537   0.2832043155   0.0144761749  -0.0000475978  -0.0000247708
14130   0.0360701521   0.0000128290   0.0000048646  -0.0001402310  -0.0000460945
14131   0.0000506127   0.0000759820  -0.0000381516  -0.0000302716  -0.0000527382
14132  -0.0000407365   0.0000795693  -0.0000748790   0.0017440662  -0.0003009015
14133  -0.0056186898   0.0037647186
142 1   0.0064856353   0.1683766700   0.1340876549   0.1806759740  -0.0102926234
142 2   0.1297664503  -0.2101391253   0.0939954310   0.0254462925   0.0655201047
142 3   0.1735046884  -0.0360987120  -0.0012268093  -0.1845963330  -0.0476317102
142 4   0.0059934686  -0.0117438642   0.2520965854   0.3226874921  -0.0208399334
142 5  -0.0110317930  -0.2897963483   0.1636793880  -0.0068563465  -0.0031524179
142 6  -0.0918883193  -0.0018434407   0.0416172088  -0.0533430080  -0.0004362039
142 7   0.0499872031   0.0140552857  -0.0040695115  -0.1193818806   0.0164798122
142 8  -0.0058487331  -0.0539123957   0.0024935211   0.0205009335   0.0092340659
142 9  -0.0050321357   0.0080009383  -0.0265704326  -0.0036696597  -0.0058957621
14210   0.0042393695  -0.0005448875  -0.0052431529  -0.0065691627   0.0018004278
14211  -0.0042823664   0.0007347818   0.0000548132   0.0187523869  -0.0115914599
14212   0.0012179812  -0.0003925526  -0.0065254394  -0.0244171848   0.0003686814
14213  -0.0020872175  -0.0036781085  -0.0118855691   0.0281871032  -0.0028224244
14214   0.0017062454   0.0119174740  -0.0107433890   0.0470310872   0.0051194759
14215   0.2398455663  -0.0399808355   0.0389107461  -0.0024495175  -0.0305645412
14216  -0.0030167198   0.0005444455  -0.0133872060   0.0085767381  -0.0003100827
14217  -0.0102289156  -0.0115819812  -0.0004722626  -0.0046691301  -0.0004517011
14218  -0.0000837485   0.0127329315   0.0227426163  -0.0000436760  -0.0218075110
14219   0.0008769197   0.1784721782   0.0042751745   0.0031842622  -0.0138224494
14220  -0.0001127429  -0.0214246885   0.0182748084  -0.0128296850  -0.0136750436
14221  -0.0594577199   0.0803023476   0.0064416702   0.0007185424   0.0109328640
14222  -0.0092428562  -0.0074919914  -0.0016488389  -0.0233566540   0.0012313657
14223   0.0003305448   0.0079674862  -0.0073331426   0.0060529294  -0.0083282398
14224   0.0000398446   0.0142895451   0.0507342763  -0.0363502553   0.0001167842
14225  -0.0000901488  -0.0037906664   0.0322325680  -0.1867867810   0.0090605527
14226   0.0455970354   0.0305851182  -0.4293067271   0.2558023847   0.0378347103
14227  -0.0517107679   0.0073177719   0.0063584451   0.0001740630  -0.0013451143
14228   0.0051982722  -0.0038032686  -0.0000090858  -0.0000058407  -0.0000860402
14229  -0.5535373407  -0.5342314798   0.0189988289   0.0000952554  -0.0000109077
14230  -0.0755352454  -0.0000265887   0.0000086363  -0.0002532782  -0.0000970252
14231   0.0000848015   0.0001416024  -0.0000710965  -0.0000605766  -0.0001694769
14232  -0.0000819335   0.0002135682  -0.0001084949   0.0020119186  -0.0008171339
14233  -0.0056349109   0.0005937360
143 1  -0.0727401962  -0.0781127179   0.1174111072  -0.0846715953   0.1098679604
143 2   0.0334592897   0.0646060351  -0.0436801449   0.0858128356  -0.0757043851
143 3  -0.1415973426   0.0215512121   0.0080761926   0.1169786707   0.0257932719
143 4  -0.0167857745  -0.0037747293  -0.1210219376  -0.1740563960   0.0607870874
143 5   0.0619742034  -0.0011739272   0.0000639192   0.0532252591  -0.0054640428
143 6  -0.0048435051   0.0012024551   0.0012938640  -0.0028929819  -0.0023536460
143 7  -0.0074185534  -0.0051112766   0.0498321826   0.0174238807  -0.2039302877
143 8   0.0750881312   0.0153425637   0.0068215983  -0.3175756533  -0.0028623780
143 9   0.1426383515  -0.1039834239   0.0168796762   0.0022854216   0.0619827661
14310  -0.0331073932  -0.0003307651   0.0830163321  -0.0019198224  -0.0952299383
14311   0.0400997036  -0.0007421101  -0.0055216902  -0.0148050056   0.1217186502
14312  -0.0025712857   0.0040233105   0.0207277491   0.0303872194  -0.0026995719
14313   0.0028231404   0.0261559102   0.0628729928  -0.0393998287   0.0068906329
14314  -0.0090422414  -0.0275075690   0.0148150603  -0.0823550232   0.0112627868
14315  -0.4025292309   0.0690563648  -0.0700965748   0.0056958312   0.0580154654
14316   0.0072712075  -0.0008116204   0.0120251327  -0.0060632187   0.0034542565
14317   0.0208114717   0.1924218007   0.0008110250   0.0094234558   0.0017230640
14318   0.0005333968  -0.1085231508  -0.1250127504  -0.0103224249   0.0462496611
14319  -0.0069502178  -0.2798774662  -0.0294276849  -0.0213522860   0.0794254313
14320   0.0014876515   0.1114171286  -0.1119176821   0.0690210863   0.0619493003
14321   0.2784414344   0.1929867154   0.0306627079   0.0228571249  -0.0587059695
14322   0.0100949388   0.0002363276  -0.0011514781   0.3673577352   0.0194083943
14323  -0.0446910375   0.0010478487   0.0194446406  -0.0243934996   0.0244769395
14324  -0.0002848750  -0.0660855667  -0.2148923339   0.1114091621  -0.0003209320
14325   0.0002330820   0.0084977907  -0.0761676605   0.4532601219  -0.0237078375
14326   0.0019355385  -0.0180018918   0.2243257200  -0.1493158632  -0.0277578821
14327   0.0281005956  -0.0048410855  -0.0036221224  -0.0006145723   0.0000356246
14328  -0.0015541549  -0.0020756513   0.0000278128  -0.0000689363  -0.0002513621
14329  -0.3355609982  -0.3498223631   0.0130620051   0.0000621845  -0.0000057202
14330  -0.0517135237  -0.0000166514   0.0000027385  -0.0001675392  -0.0000559206
14331   0.0000491523   0.0000919960  -0.0000468618  -0.0000455965  -0.0001666822
14332  -0.0000129916   0.0002394115  -0.0001031271   0.0012439206  -0.0008783515
14333  -0.0036376687  -0.0009385040
144 1  -0.1449120935   0.0023097655  -0.0011190772   0.0128583974  -0.0084683980
144 2   0.0192717513  -0.0154347419  -0.0227083353   0.1590771726   0.0977947969
144 3  -0.0149822154   0.0077398434   0.2064527440   0.0589576969   0.0197497107
144 4   0.1309188459   0.0330713250  -0.1156062461  -0.1448922728  -0.1515216405
144 5  -0.1728560864   0.1992077362  -0.1078205368  -0.0229250679   0.0051281504
144 6   0.0612939050  -0.0340403433  -0.0274216322   0.0375886849   0.0035740279
144 7   0.0019771816  -0.0029579957  -0.0152874032   0.0396759592   0.1914846239
144 8  -0.0794967478   0.0183194230   0.0687925713   0.0225252648  -0.0034796763
144 9   0.0730284906   0.0325051288   0.0168478623   0.0028094868  -0.0353557715
14410   0.0362250882  -0.0000176696  -0.0028042665   0.0116397550  -0.0462949261
14411  -0.0364713228  -0.0002092441  -0.0055662994  -0.0102275963  -0.0733382172
14412   0.0004861855  -0.0027513194  -0.0614715999   0.0077083366   0.0055677800
14413   0.0005017228  -0.0177390905  -0.0669754709  -0.0110515989  -0.0017169626
14414   0.0139810053   0.0065279170  -0.0299315603  -0.0021476600  -0.0588893680
14415  -0.0669957329   0.0132344798  -0.0119818361   0.0018546425   0.0070272170
14416  -0.0011481876  -0.0004084282   0.0212194456  -0.0154480098   0.0003821939
14417   0.0041321363   0.0140995365   0.0006451200   0.0022580883  -0.0007083477
14418  -0.0011806517  -0.0307077299   0.0164336817  -0.0040320566  -0.4301137539
14419   0.0107091151  -0.2592419287   0.0388571375   0.0183104723  -0.0433424616
14420  -0.0001482245  -0.0694324890   0.0566549830  -0.0359376835  -0.0282016890
14421  -0.1084097208  -0.5510229911  -0.0876602943  -0.0204919668   0.0560321338
14422  -0.0035979924   0.0407456639   0.0000269377  -0.3152063881  -0.0011629053
14423  -0.0499784737   0.0277598000  -0.0528653148   0.0523235544  -0.0542769886
14424   0.0001434893   0.0636317428   0.1996121135  -0.0852341456   0.0002124273
14425  -0.0001387672  -0.0055331099   0.0624672838  -0.2814676138   0.0185551149
14426  -0.0936365742  -0.0388079702   0.4881895563  -0.2563755467  -0.0283419916
14427   0.0515555529   0.0071618276  -0.0008867060  -0.0020098152   0.0004013294
14428  -0.0003341559  -0.0011447846  -0.0000089739  -0.0000066425  -0.0000325277
14429  -0.2765676618  -0.2817927666   0.0099951785   0.0000505873  -0.0000074021
14430  -0.0360211817  -0.0000123540   0.0000074527  -0.0001376661  -0.0000508886
14431   0.0000446480   0.0000754799  -0.0000376901  -0.0000299719  -0.0000535301
14432  -0.0000393050   0.0000804062  -0.0000748594   0.0017382956  -0.0003039605
14433  -0.0056364449   0.0037970123
145 1   0.0070490191   0.0812955993  -0.0401514123  -0.0121925597   0.0805172363
145 2   0.2159201067  -0.0119492447  -0.1992166242   0.0095111744  -0.0400020493
145 3  -0.2913731028   0.0597557852  -0.0067940882   0.2249447891   0.0464744329
145 4   0.0024276533  -0.0058510690   0.0330821619   0.2168182777  -0.0099904618
145 5  -0.0091196649   0.1686688468  -0.0589276385  -0.0085753319   0.0452632724
145 6   0.0317605989   0.0090178889   0.0085489302  -0.0070478631  -0.0008778831
145 7  -0.0516410075   0.0318615715   0.0030216212  -0.1539414149  -0.0112567946
145 8   0.0046085276  -0.1702207899   0.0082971821  -0.0090243079   0.1359144339
145 9   0.0088770638   0.0056520153  -0.4067809880  -0.0492264970  -0.0038316643
14510   0.0037107247   0.0011056852   0.0136754934   0.3430688409   0.0252975385
14511  -0.0036854333  -0.0142723448  -0.0019527853  -0.2976182811  -0.0180743179
14512   0.0188995751  -0.0004646124  -0.0014865991  -0.3645362084  -0.0025713578
14513  -0.0110242736  -0.0053684830  -0.0068027477   0.3267914295   0.1689175388
14514   0.0111311234  -0.4637520823  -0.0559745425   0.3708597145   0.0122257042
14515   0.0324324548   0.2667632307  -0.3985967901   0.0330392249   0.4074444535
14516   0.0709350004  -0.0071803496   0.0147734295   0.0342962147  -0.0008530455
14517   0.4665602772   0.0028264472   0.0108772708   0.2661015284   0.0653538975
14518   0.0229573633  -0.0130363914  -0.0242104071   0.0428570466  -0.0108737363
14519  -0.0004577977   0.0112300732  -0.0268682560  -0.0339944352   0.0053120392
14520   0.0004441642  -0.0062973420   0.0127479854  -0.0183047429  -0.0207794172
14521   0.0016655144   0.0254244269  -0.0339994577   0.0134221555   0.0249267569
14522  -0.0093100348   0.0360348949   0.0034122185  -0.0316185136   0.0044107886
14523   0.0143554985  -0.0244013466   0.0205775543  -0.0147369725   0.0242262402
14524   0.0001041549   0.0035850661   0.0059194277   0.0025620450  -0.0000186283
14525   0.0000091366  -0.0005313344   0.0161065749   0.0015999672   0.0037187649
14526  -0.0138739343   0.0426828419  -0.0032324588  -0.0180313104  -0.0018348484
14527   0.0016267632   0.0167561135   0.0099709249   0.0045952368  -0.0103851986
14528   0.0315337118  -0.0096530336   0.0000036142  -0.0000031029  -0.0000093076
14529   0.0000622538   0.0001833842  -0.0007280690  -0.0000015944   0.0000033046
14530  -0.0008902255   0.0000014320  -0.0000028324  -0.0000223990   0.0000004799
14531   0.0000011643   0.0000100517  -0.0000059571  -0.0000119761  -0.0024959504
14532   0.0015234699   0.0027465989  -0.0019518245  -0.0002832431  -0.0265350629
14533   0.0000104514  -0.0000037807
146 1  -0.0786681662  -0.0661007170   0.1455880722  -0.0702481263   0.1004454340
146 2   0.0255186191   0.0218007158  -0.0098488491   0.1072386861   0.0053963206
146 3  -0.0239198890   0.0038525170   0.0199180558   0.0182223353   0.0036699684
146 4  -0.0514490379   0.0031800014   0.0039047750   0.0210376869   0.1168864019
146 5   0.1583046644   0.0149302548  -0.0053524504   0.1139965650   0.0048342751
146 6   0.0027787473  -0.1103481113   0.0002774600   0.0003181940   0.0052637377
146 7  -0.0029806358   0.0054703948  -0.0418045689  -0.0159370184   0.0932881168
146 8  -0.0042581423  -0.0164075003  -0.0577591210   0.1266792774   0.0120912686
146 9  -0.1068933209  -0.0325010754  -0.0367469391  -0.0042396743   0.0459590843
14610  -0.0349590540   0.0002981798   0.0919965842   0.0295698143  -0.2779559262
14611   0.0287267736  -0.0013786608  -0.0005743417  -0.0258297679   0.1657708818
14612  -0.0003431544   0.0053450370  -0.0096729420  -0.0331570926   0.0048997324
14613  -0.0011807879   0.0677928690   0.0821156813   0.0291416901   0.0152696201
14614   0.0054799626  -0.0419653906  -0.0168057774   0.0330400028  -0.1266550435
14615   0.0050629030   0.0245281094  -0.0361814289   0.0084496207   0.0363885078
14616   0.0061056316  -0.0005916105   0.0014438874   0.0031928946   0.0029056472
14617   0.0401040992  -0.0030068823   0.0008540425   0.0262541229   0.0070759545
14618   0.0022979604   0.1013362482   0.2453555347  -0.4689967846   0.1314342497
14619   0.0047947373  -0.0018838336   0.3052382832   0.3768913988  -0.0578982170
14620  -0.0040169845   0.0650877464  -0.1405302944   0.1963907826   0.2198299852
14621  -0.0579855229  -0.0326554790   0.4123389234  -0.1478631730  -0.2840243839
14622   0.1060683187  -0.3780183523  -0.0379491435  -0.0277798608  -0.0659138424
14623  -0.1093288043   0.2624588390  -0.2246364870   0.1620065672  -0.2669475503
14624  -0.0013821128  -0.0382006596  -0.0609625476  -0.0295706313   0.0000844172
14625  -0.0000269521   0.0059506102  -0.1789352168  -0.0191729838  -0.0411617541
14626   0.1487028864  -0.4764571006   0.0350287234   0.1988447387   0.0191936787
14627  -0.0156598145  -0.1900905563  -0.1143651991  -0.0521348290   0.1149287962
14628  -0.3507539322   0.1050297326  -0.0000302320   0.0000383184   0.0001018318
14629  -0.0006399774  -0.0000287248   0.0089275648   0.0000032259  -0.0000402605
14630  -0.0003646615   0.0000052113   0.0000331442   0.0002541018  -0.0000041596
14631  -0.0000068189  -0.0001136123   0.0000710416   0.0001399478   0.0283310917
14632  -0.0172860214  -0.0311962428   0.0221538379   0.0032081426   0.3011960934
14633  -0.0001142366   0.0000417205
147 1  -0.1024390965  -0.0144247973  -0.0645998959   0.0640026180  -0.0134936676
147 2   0.0072718773  -0.0065468215  -0.0018212054  -0.0276274857  -0.0014828959
147 3  -0.0001137604   0.0005724221  -0.0143966870   0.0004129879   0.0003055348
147 4   0.1095313602  -0.0944184182  -0.0020216769  -0.0001082071   0.0122699063
147 5  -0.0349028351  -0.0000389660  -0.0001076774   0.0701631238  -0.0001053304
147 6  -0.0000085649   0.0179156756   0.0001485454   0.0000420728  -0.0018589245
147 7   0.0002058034  -0.0009612245   0.0156292832  -0.0000382354  -0.0331724278
147 8   0.0130230049  -0.0000143520  -0.0278501285   0.0445592380  -0.0000088330
147 9  -0.1213205361  -0.0346369818  -0.0005116828   0.0002594373   0.1071467977
14710  -0.1098650347   0.0018365207   0.0973609506  -0.0023712396  -0.1322978823
14711  -0.0998070711   0.0002017028  -0.0412457780   0.0001172007   0.0410616004
14712  -0.0002595798   0.0014681713  -0.3077806754   0.0000999849   0.0312650839
14713  -0.0004676524   0.1629277631   0.2306498100   0.0001505210  -0.0000538691
14714   0.0025073418  -0.0000486546  -0.0318398236  -0.0014259722  -0.1612409296
14715   0.0026915463   0.0005944679  -0.0002785419   0.0083932756  -0.0004334258
14716  -0.0002998722   0.0000846528   0.0002559921   0.0001494815   0.0048657138
14717  -0.0004375206   0.0334625365  -0.0001112123   0.0008164654   0.0008493666
14718  -0.0020367078   0.2352227651  -0.0467910558  -0.0831119230   0.0121431479
14719  -0.0034763205  -0.0004780438   0.0298651557   0.1086602344  -0.0424126178
14720  -0.0027867893   0.0086529842  -0.0189153324   0.0736850061   0.0978143218
14721  -0.0191628064  -0.0154119582   0.1954067723  -0.0839814150  -0.1059962786
14722   0.0291691939  -0.1583422322  -0.0224654439  -0.0103993861  -0.0185157231
14723  -0.0481931953   0.1073497304  -0.0550781380   0.0252820857  -0.0693424583
14724  -0.0004222954  -0.0100897167  -0.0010402841  -0.0433821345   0.0001556955
14725  -0.0001171344  -0.0033818252   0.0160431483   0.0152233393  -0.0055613595
14726   0.0751163889  -0.1422600356   0.0234980279   0.1019914572   0.0358652924
14727  -0.0590976550   0.0852178407   0.0882532080   0.0111035759   0.0637095551
14728  -0.1300010655   0.1044845273   0.0000181826  -0.0000384143  -0.0001276832
14729   0.0003964863   0.0000863558  -0.0222682271  -0.0000088582   0.0001071984
14730   0.0008617248  -0.0000151764  -0.0001060449  -0.0005855772   0.0000475587
14731  -0.0000157184   0.0002576611  -0.0001827701  -0.0003929926  -0.0935106191
14732   0.0569789373   0.1052427217  -0.0694746711  -0.0093845470  -0.9332662895
14733   0.0000095731   0.0001465006
148 1   0.0066515090   0.0311824659  -0.1386804075  -0.1209076745   0.1355044908
148 2   0.2452830343   0.0444912685  -0.3043724859  -0.0104438191   0.1344379436
148 3  -0.1745974064   0.0610762099  -0.0038954651   0.1092445494   0.0238145834
148 4   0.0039994141  -0.0075563405   0.1217161578   0.1275989944  -0.0109638716
148 5  -0.0094357585   0.2336808894   0.0639079808  -0.0109913957  -0.1324727264
148 6  -0.2325094905   0.0040133300   0.0816364308  -0.1327561828  -0.0013161914
148 7   0.0439579038  -0.0171192825   0.0017443890   0.0194257049  -0.0046003488
148 8  -0.0018202529   0.1067228210   0.0010028649  -0.0127643225  -0.0837630385
148 9   0.0139632563  -0.0013646319   0.0928621146  -0.0102435125  -0.0022568965
14810   0.0023020692  -0.0102472862  -0.0222524117  -0.3437200660   0.0176865629
14811   0.0114843616  -0.0251519067  -0.0014143464  -0.5162748064   0.0041528648
14812  -0.0193122039   0.0000593838   0.0012437405   0.1111787423   0.0002833295
14813   0.0031204549  -0.0033529654  -0.0117908953   0.5522316375   0.0072931103
14814   0.0005058341   0.0000825467  -0.0049682393   0.1797475132  -0.0155804421
14815  -0.0509614058   0.1130650382  -0.1723206947   0.0123572382   0.1447119329
14816   0.0136748464   0.0009248534  -0.0176406247  -0.0121648217  -0.0000034898
14817  -0.5253494688  -0.0123713847  -0.0202407304  -0.5636943394  -0.1411735108
14818  -0.0496592235  -0.0018067038   0.0050006288   0.0172898671   0.0023061149
14819   0.0003618886   0.0002496106   0.0308377400   0.0422347795   0.0056797536
14820   0.0008673725   0.0026721267  -0.0232054215   0.0081432472   0.0017025815
14821   0.0016390706  -0.0020905282  -0.0127626951   0.0069943464   0.0105756930
14822  -0.0091757988  -0.0018283045  -0.0000137758   0.0045501409  -0.0019201825
14823   0.0018048488  -0.0127815140   0.0168506986  -0.0136571907   0.0090267453
14824   0.0000355117   0.0040046035   0.0122440282  -0.0072407323   0.0000179127
14825  -0.0000212810  -0.0013960651   0.0239436939   0.0070240340   0.0034231408
14826  -0.0010350531   0.0216506301   0.0006844119  -0.0009032169   0.0033521579
14827  -0.0086781229   0.0306946998   0.0235712512   0.0035845762   0.0049886051
14828  -0.0056297266   0.0081673943   0.0000028286   0.0000021922   0.0000073269
14829   0.0000122324   0.0000328684  -0.0001098040  -0.0000000294  -0.0000010305
14830  -0.0000062668   0.0000032198   0.0000040233  -0.0000092719   0.0000011652
14831  -0.0000017543  -0.0000099132  -0.0000061153   0.0000053133  -0.0394992422
14832   0.0240484427   0.0346137505  -0.0019906726   0.0000273504   0.0093785341
14833  -0.0000335456   0.0000029464
149 1  -0.0740189181  -0.0720079924   0.1304668666  -0.0738431649   0.1040896609
149 2   0.0288695817   0.0224084889  -0.0206527358   0.0866015222   0.0200759443
149 3  -0.0133190340   0.0044883665   0.0010872562   0.0082531530   0.0016734065
149 4  -0.0411539857  -0.0114157677   0.0114050770   0.0126499612   0.1139015962
149 5   0.1429620196   0.0206230775   0.0059003795   0.1116563920  -0.0113833517
149 6  -0.0212151070  -0.0845499845   0.0070814832  -0.0113104199   0.0034195049
149 7   0.0055723445   0.0000134437  -0.0236053179  -0.0002957356   0.0649299888
149 8  -0.0070583697   0.0084882046  -0.0402329381   0.1296419961  -0.0081997974
149 9  -0.1536003311   0.0070114577   0.0087510602  -0.0005718010   0.0348524540
14910  -0.0508512623   0.0005929149   0.0440373146  -0.0307991242  -0.2936788776
14911  -0.1187203199  -0.0017784275  -0.0125430957  -0.0449004037  -0.0594903274
14912  -0.0010684005  -0.0016938909  -0.0087204663   0.0102765945   0.0055768184
14913   0.0002803889   0.0485428372   0.1212199210   0.0486792315   0.0017167654
14914   0.0242408446  -0.0027145227  -0.3557468543  -0.0012701280   0.1780126741
14915  -0.0072565065   0.0106396265  -0.0157030107   0.0017886844   0.0126983278
14916   0.0009545507   0.0001002136  -0.0015585878  -0.0007912894   0.0011243951
14917  -0.0474724237   0.0580527104  -0.0018622690  -0.0504680801  -0.0124011345
14918  -0.0038741541   0.0522033383  -0.0351490791  -0.2048945512  -0.0280309191
14919  -0.0040893921   0.0010203521  -0.3433011934  -0.4708786770  -0.0629016640
14920  -0.0089647786  -0.0291728935   0.2576350623  -0.0896065230  -0.0172034702
14921  -0.0114456062  -0.0175399103   0.1365657988  -0.0782605564  -0.1169339748
14922   0.1025142756   0.0173100565   0.0003886237  -0.0075648069   0.0228309339
14923  -0.0255927614   0.1430991317  -0.1882920249   0.1526534063  -0.1005621301
14924  -0.0006173831  -0.0448852180  -0.1371019487   0.0809665175  -0.0002860690
14925   0.0002500608   0.0155609006  -0.2664769337  -0.0785778889  -0.0380746987
14926   0.0118190274  -0.2404270870  -0.0074529580   0.0101477880  -0.0370686938
14927   0.0964422874  -0.3418463653  -0.2624011276  -0.0398162275  -0.0556247451
14928   0.0628862912  -0.0912469572   0.0000059642  -0.0000296305  -0.0000897286
14929  -0.0001173430  -0.0000039357   0.0011803260  -0.0000007800   0.0000108858
14930  -0.0000468376  -0.0000042107  -0.0000412520   0.0000955211  -0.0000135385
14931   0.0000247011   0.0001128437   0.0000725611  -0.0000514525   0.4360939944
14932  -0.2655016574  -0.3820995219   0.0219741477  -0.0002971756  -0.1035391801
14933   0.0003641653  -0.0000307313
150 1  -0.0792857438  -0.0213188143  -0.0954845947   0.0946126163  -0.0199524898
150 2   0.0107661897  -0.0276437739  -0.0084566856  -0.1204893391  -0.0081304129
150 3  -0.0009022924   0.0030207669  -0.0960985799   0.0029836846   0.0006437901
150 4   0.1673812026  -0.1459934695  -0.0040147834  -0.0016202749  -0.0574876669
150 5  -0.1659758943   0.0000525162  -0.0000456078  -0.0066146266  -0.0008576383
150 6   0.0002700943   0.1528424636   0.0006784884  -0.0008107448  -0.0092284353
150 7  -0.0012349992  -0.0045732334   0.0772482373   0.0016915924  -0.1098704093
150 8  -0.0140469450   0.0003157386   0.0835764468  -0.0520223206  -0.0008947476
150 9   0.0328067926   0.0951851146   0.0002307958  -0.0001968453  -0.1170603922
15010   0.0971779729  -0.0007549924  -0.0911392519   0.0036791140  -0.0450450970
15011   0.0044327409   0.0001476096   0.0290557041   0.0000488796  -0.0566040817
15012   0.0004464320  -0.0014871654   0.2234480758  -0.0001465100  -0.0196236976
15013   0.0003080436  -0.0743671279  -0.0800052917   0.0003707830   0.0001493867
15014  -0.0026667320  -0.0002725505  -0.0078498492  -0.0002061984   0.0829441661
15015  -0.0015709296  -0.0005692134   0.0003625926  -0.0022763218   0.0002183101
15016   0.0003143644  -0.0000090707  -0.0001802273  -0.0001965230   0.0007222385
15017   0.0011599545   0.0760731772   0.0002055331  -0.0018422674  -0.0007208137
15018  -0.0031732250  -0.0563739195   0.1139472948   0.4217558030   0.0461912833
15019   0.0036646974  -0.0010515576   0.2591890509   0.3864490203   0.0433892494
15020   0.0068824535   0.0138523259  -0.1876294910   0.0630909124   0.0134500457
15021   0.0039842717   0.0091368597  -0.0683637689   0.0344293302   0.0558842063
15022  -0.0377736608  -0.0116302664   0.0042423969   0.0036284888  -0.0336485902
15023  -0.0115871274  -0.1079835788   0.1485440756  -0.1214853698   0.0387543185
15024   0.0002725302   0.0275263331   0.0943383230  -0.0810903852   0.0003247638
15025  -0.0002972031  -0.0177931239   0.2884343802   0.0725329080   0.0376675802
15026   0.0467109436   0.1374939819   0.0302629378   0.0885126183   0.0595221571
15027  -0.1446988215   0.1847620192   0.1524312505  -0.0064087101   0.1068462304
15028  -0.2568134627   0.0869108090   0.0000077980  -0.0000155285  -0.0000477951
15029  -0.0000823082  -0.0000059461   0.0012089011  -0.0000010425   0.0000149428
15030  -0.0000531168  -0.0000054100  -0.0000504550   0.0001120284  -0.0000126536
15031   0.0000254559   0.0001299741   0.0000812298  -0.0000670165   0.5063656385
15032  -0.3086086917  -0.4498778524   0.0283096638  -0.0001852773  -0.1171630245
15033   0.0002983942  -0.0000362444
151 1   0.0046166225   0.0047946056  -0.1861572497  -0.1723956634   0.1713599887
151 2   0.2096077711   0.1229057489  -0.2380165367  -0.0295914163   0.2041679954
151 3   0.1356884915   0.0057853325   0.0061872375  -0.1954561486  -0.0413184829
151 4   0.0026813038   0.0016551648   0.1121143512  -0.1753845084  -0.0054365383
151 5  -0.0051044229  -0.0200014115   0.1390023768  -0.0053344471  -0.1415118527
151 6  -0.1582032746  -0.0030155770   0.0124007902  -0.0084934061   0.0010666410
151 7   0.0711897276  -0.0286330837   0.0011725080   0.2356957120  -0.0003855230
151 8  -0.0009775666   0.1896958083  -0.0057786968  -0.0070367354  -0.0320331325
151 9  -0.0053327940  -0.0081545882   0.1425414251   0.0312096333   0.0124200209
15110  -0.0112498878   0.0116788892   0.0282380760   0.3950002945   0.0105536874
15111  -0.0164891908   0.0080217105  -0.0035882528   0.1472895099  -0.0130769161
15112   0.0223252394  -0.0002787588  -0.0076473339  -0.3974882606  -0.0025869336
15113  -0.0242070808  -0.0035183668  -0.0074315897   0.5791162643  -0.0087442745
15114   0.0031830517   0.0491149042  -0.0335692642   0.0294665419   0.0160094464
15115  -0.1413187750  -0.1199705390   0.2925470147  -0.0310514786  -0.3910951927
15116  -0.0857076136   0.0093613968  -0.0266903212  -0.0379383806   0.0003186361
15117  -0.3018735895  -0.0033638072   0.0119048001   0.5893274834   0.1623167462
15118   0.0580444074  -0.0134370184   0.0009058760  -0.0034941527  -0.0017299771
15119  -0.0002764710   0.0001712646  -0.0135246751   0.0104383736  -0.0013131249
15120  -0.0003755611   0.0057732437  -0.0015230479   0.0002557963  -0.0022380191
15121  -0.0021917665   0.0008992719  -0.0074034215   0.0089183804  -0.0034964794
15122   0.0001272837  -0.0038646232   0.0005484731  -0.0016182447  -0.0012763061
15123   0.0027824352   0.0005135933  -0.0068404119   0.0073788210  -0.0036213311
15124  -0.0000310901   0.0003265348  -0.0003495441   0.0033765767  -0.0000261883
15125   0.0000167874   0.0004446136  -0.0046178408  -0.0002140354  -0.0001505093
15126  -0.0051109463   0.0087634850  -0.0015236252  -0.0062983824  -0.0011648075
15127   0.0016412746   0.0153139066   0.0104781304   0.0008183484   0.0038800103
15128  -0.0087157790   0.0043098450   0.0000017387   0.0000062730   0.0000221749
15129   0.0000082009   0.0000297522  -0.0001270235  -0.0000002123  -0.0000038775
15130  -0.0001479618   0.0000057766   0.0000123716   0.0000368413  -0.0000535199
15131   0.0000532224   0.0000824904  -0.0000044695  -0.0000272285   0.0512314773
15132  -0.0145963281   0.0656283849  -0.0226032116  -0.0008145384   0.0029821470
15133  -0.0000184054   0.0000026534
152 1  -0.0511915791  -0.0812247761   0.0955190407  -0.0480344494   0.1008877287
152 2   0.0291212896   0.0083693919  -0.0212322407  -0.0079490262   0.0197453911
152 3   0.0140009265   0.0019313211  -0.0806253731  -0.0167129667  -0.0038936004
152 4   0.0068222147  -0.0560375259   0.0087650727  -0.0159303550   0.0490867468
152 5   0.0245991794  -0.0022204580   0.0126119626   0.0266784229  -0.0128282839
152 6  -0.0140642037   0.0324444223   0.0011663585  -0.0007622678  -0.0018539807
152 7   0.0069536357  -0.0029347285   0.0073920244   0.0203263198   0.0472603752
152 8  -0.0405105185   0.0156972086   0.0428540678   0.0787005487  -0.0040888413
152 9   0.0656657288   0.0807255680   0.0128553922   0.0023871369  -0.1454181987
15210   0.1560189059  -0.0018441549  -0.0516921281   0.0384853693  -0.0508393017
15211   0.1738436700   0.0002120387   0.0427551452   0.0126775237   0.1568474327
15212   0.0000424386   0.0045870759   0.0571143231  -0.0363666389  -0.0001570954
15213  -0.0023146976   0.0445254819   0.0590056453   0.0532236378  -0.0015730403
15214  -0.0188915344   0.0063126508   0.2266888217   0.0140141784  -0.2066130912
15215  -0.0096010288  -0.0110020505   0.0266084947   0.0027752140  -0.0355717901
15216  -0.0077446970   0.0009077340  -0.0023034113  -0.0035245928   0.0041010860
15217  -0.0271413156   0.0687893056   0.0011165968   0.0528252977   0.0147543845
15218   0.0029458349   0.1156209568  -0.0253909819   0.0946076703   0.0151601845
15219   0.0042490654  -0.0009480456   0.1526541921  -0.1224450625   0.0151032161
15220   0.0046561303  -0.0601548308   0.0126021146  -0.0000637618   0.0258321251
15221   0.0203794630  -0.0014245038   0.0815261097  -0.0931307742   0.0343235032
15222  -0.0026246597   0.0345917828  -0.0065336290  -0.0002989624   0.0120815067
15223  -0.0271945027  -0.0034494755   0.0721058868  -0.0785353674   0.0397344427
15224   0.0000579833  -0.0035938069   0.0034696645  -0.0355422803   0.0001438808
15225  -0.0001164110  -0.0046090720   0.0474840724   0.0010834240   0.0013898808
15226   0.0542197672  -0.0946061934   0.0162559398   0.0666652624   0.0119134750
15227  -0.0170590814  -0.1664808942  -0.1138237685  -0.0088195307  -0.0422747692
15228   0.0949778948  -0.0471913219   0.0000262869  -0.0000692578  -0.0002266491
15229  -0.0000636062  -0.0000049549   0.0013497177  -0.0000029502   0.0000412518
15230  -0.0000447562  -0.0000174339  -0.0001336337  -0.0004123646   0.0005956742
15231  -0.0005829460  -0.0009143137   0.0000566410   0.0003137069  -0.5681054473
15232   0.1618257334  -0.7277354033   0.2505867229   0.0090242911  -0.0330634632
15233   0.0001959201  -0.0000272807
153 1  -0.0714793512  -0.0236456309  -0.1059017433   0.1049301209  -0.0221260973
153 2   0.0119334020  -0.0348748305  -0.0107070737  -0.1522599621  -0.0102748949
153 3  -0.0009805028   0.0038459838  -0.1251866400   0.0037469621   0.0007226772
153 4   0.1823188118  -0.1614743575  -0.0045821240  -0.0020954570  -0.0785692056
153 5  -0.2048541468  -0.0000229649  -0.0000176394  -0.0379833375  -0.0011487476
153 6   0.0003702216   0.1944706608   0.0007795068  -0.0010598644  -0.0110874951
153 7  -0.0015493003  -0.0051931106   0.0858584574   0.0023608750  -0.1194295786
153 8  -0.0219516568   0.0004631627   0.1058476983  -0.0752569934  -0.0010014442
153 9   0.1113936223   0.0976933246  -0.0000274235  -0.0004222060  -0.1224916500
15310   0.1151840538  -0.0016216764  -0.0918604526   0.0029921928   0.1695962366
15311   0.0423923715  -0.0001373507   0.0098755769  -0.0011046029  -0.0450776545
15312   0.0007138861  -0.0019040238  -0.1803154041  -0.0000624050   0.0198955774
15313  -0.0002589612   0.0949219124   0.1727754105   0.0009644979  -0.0006733449
15314  -0.0210467176   0.0013994050   0.1389680789   0.0066026796  -0.0629245487
15315   0.0007146452  -0.0003138005   0.0004350370   0.0011842050  -0.0004602914
15316  -0.0000466815   0.0000255452   0.0000032276  -0.0001027557   0.0006260784
15317  -0.0001930326   0.0574723837   0.0000895244   0.0006930783  -0.0001306863
15318   0.0020554233  -0.1369483444   0.2580787408  -0.3693939868   0.1384256028
15319   0.0294658900  -0.0043944924   0.5953995907  -0.5174052794   0.0869253109
15320   0.0159991964  -0.1473244356  -0.0187098033   0.0142592691   0.0703067690
15321   0.0363748560  -0.0056934825   0.2186399389  -0.2492728610   0.0686633980
15322   0.0367218377   0.0914265049  -0.0005168426  -0.0004272522   0.0160823088
15323  -0.0832074843  -0.0272765194   0.2066735348  -0.2323076356   0.2531742877
15324   0.0009557657   0.0139842890   0.0552154625  -0.1140135567   0.0005308799
15325  -0.0005018013  -0.0280130728   0.4259819779   0.0682446160   0.0500462806
15326   0.1496745052  -0.0001572466   0.0696413927   0.2433797507   0.0833430715
15327  -0.2323727202  -0.3029014757  -0.1843959435  -0.0824782190   0.0804181166
15328  -0.2819000568  -0.0457577781   0.0000058336   0.0000854366   0.0001134219
15329  -0.0000362571  -0.0000001706   0.0000102874   0.0000008509  -0.0000114924
15330   0.0000020008   0.0000039872   0.0000301675   0.0000790590  -0.0001420880
15331   0.0001399004   0.0002282845  -0.0000178565  -0.0000791668   0.1165816586
15332  -0.0318712210   0.1537840427  -0.0498528864  -0.0016639183   0.0079897657
15333  -0.0000091359   0.0000142034
154 1   0.0030226908   0.0294152662  -0.1334323421  -0.1133407092   0.1511083755
154 2   0.1450629355   0.1416837411  -0.0672725848  -0.0277598096   0.0870602861
154 3   0.2694890696  -0.0409067057   0.0129433077  -0.2802032348  -0.0575133665
154 4  -0.0019636760   0.0122052080  -0.0117481205  -0.2364591362   0.0009982998
154 5   0.0023711757  -0.1666719050   0.0305398640   0.0019032532   0.0418339649
154 6   0.1087546399  -0.0084833343  -0.0511423982   0.0956050827   0.0015903687
154 7  -0.0402274458   0.0346025312  -0.0038898206  -0.0695973945   0.0005884388
154 8   0.0077379818  -0.1620353119  -0.0050312093   0.0043994113   0.1715743948
154 9  -0.0125406090  -0.0097372182  -0.3904215394  -0.0415037633   0.0201951370
15410  -0.0182051617   0.0022474480   0.0321219688   0.2545486170  -0.0106531036
15411  -0.0067662975  -0.0241247346  -0.0066817163  -0.5043061525   0.0141600352
15412  -0.0033082181   0.0006963063   0.0099079762   0.0061463380  -0.0022895420
15413  -0.0026047288  -0.0082579999  -0.0263768939   0.3668603991  -0.1341443677
15414  -0.0069641158   0.4029030948   0.0376357774  -0.2312093117  -0.0158070270
15415  -0.0739514984  -0.2362040101   0.2997921548  -0.0206548541  -0.2343589905
15416  -0.0131291335  -0.0002651184   0.0255218723   0.0016255562  -0.0000822460
15417   0.6038653205  -0.0142250063   0.0052719235  -0.3558441149  -0.1287877433
15418  -0.0478420827  -0.0015044368  -0.0088473711   0.0300994870  -0.0041892837
15419   0.0022949797   0.0012386096   0.0225951773  -0.0288938498   0.0084850563
15420   0.0012933853   0.0023674179  -0.0197429408   0.0090904828   0.0037747810
15421  -0.0079266719  -0.0016750335  -0.0031141090   0.0131321849  -0.0144390811
15422   0.0020194302  -0.0500375593  -0.0005833492  -0.0007045880  -0.0208828758
15423  -0.0045097633   0.0154380129  -0.0186361315   0.0126727395   0.0000366961
15424   0.0000072359   0.0007463326  -0.0033642892   0.0123007780  -0.0001114489
15425   0.0000707892   0.0012676015  -0.0088649753  -0.0012729116   0.0004838464
15426  -0.0173548458   0.0305462795  -0.0055490339  -0.0243856049  -0.0118700166
15427  -0.0032695535   0.0077330574   0.0090276677  -0.0056314960   0.0136750951
15428  -0.0322958718  -0.0016900675   0.0000017400   0.0000079553   0.0000262883
15429  -0.0000092381   0.0000067068   0.0000054650  -0.0000035237  -0.0000018804
15430   0.0000478105   0.0000067174  -0.0000029814   0.0000556554   0.0000808928
15431  -0.0000847806  -0.0001935774   0.0000446012   0.0001057318  -0.0067354099
15432  -0.0057123147  -0.0059374524  -0.0271281060  -0.0010009712   0.0016800081
15433  -0.0000756082   0.0000006100
155 1  -0.0335022500  -0.0843107230   0.0764927647  -0.0191257073   0.0940821761
155 2   0.0259951787  -0.0062449805  -0.0109900003  -0.0788089814   0.0039650874
155 3   0.0249064499  -0.0003624234  -0.1398672069  -0.0218755394  -0.0049754615
155 4   0.0498282549  -0.0911895284  -0.0037493880  -0.0218163208  -0.0061299880
155 5  -0.0740106467  -0.0149485350   0.0027019123  -0.0311930293   0.0031418532
155 6   0.0100650190   0.1260996523  -0.0041047214   0.0078239285  -0.0069347111
155 7  -0.0041609170   0.0000343663   0.0514421681  -0.0054567191  -0.0316467994
155 8  -0.0436270544  -0.0149698544   0.1066293895  -0.0164950696   0.0136488208
155 9   0.1400223607   0.1436458014  -0.0339416741  -0.0042300684  -0.2285004442
15510   0.2183930422  -0.0029158187  -0.1667242639   0.0281084481   0.1173599495
15511   0.0809126911  -0.0021928265   0.0436477662  -0.0445381618  -0.1654028039
15512   0.0017990642  -0.0074000160  -0.1005078784   0.0011573793   0.0238064163
15513  -0.0003267847   0.0962611080   0.2641655640   0.0305757127  -0.0112617199
15514  -0.0037331026   0.0333993742  -0.1108652203  -0.0254514179   0.1549492359
15515  -0.0086546261  -0.0187325913   0.0237535287  -0.0041085406  -0.0190426437
15516  -0.0015875967  -0.0000147326   0.0021647947   0.0005854591   0.0018537429
15517   0.0474463279   0.1899678493   0.0004302005  -0.0270383537  -0.0092296176
15518  -0.0028174028   0.0647444664   0.1039056330  -0.4447297409   0.0513092986
15519  -0.0312100517  -0.0008741588  -0.2841889102   0.3625151264  -0.0998782378
15520  -0.0096954965  -0.0384103668   0.2403598561  -0.1147685552  -0.0486429236
15521   0.1005577302   0.0156545234   0.0379226337  -0.1675940197   0.1817091496
15522  -0.0209975921   0.5977514803   0.0080772312   0.0152404987   0.2392234726
15523   0.0484179960  -0.1871238102   0.2295040871  -0.1580932070  -0.0093473498
15524  -0.0004107679  -0.0092890646   0.0405144757  -0.1479828754   0.0005207714
15525  -0.0003971049  -0.0152155545   0.1086291414   0.0151406560  -0.0054402006
15526   0.2059008641  -0.3628761173   0.0649788244   0.2844132340   0.1341956739
15527   0.0342428770  -0.0944287935  -0.1031962588   0.0655287450  -0.1586472626
15528   0.3855340618   0.0178445431   0.0000181540  -0.0001094248  -0.0003273882
15529   0.0001211457   0.0000010142  -0.0000728682  -0.0000016833   0.0000177607
15530   0.0000062268   0.0000010051   0.0000300605  -0.0006317443  -0.0009019785
15531   0.0009554905   0.0021675927  -0.0004951101  -0.0011757272   0.0752129298
15532   0.0638303871   0.0662358405   0.3026733779   0.0111776661  -0.0187358161
15533   0.0008419039  -0.0000053745
156 1  -0.0871525475  -0.0189804423  -0.0849976016   0.0842073659  -0.0177512946
156 2   0.0095608932  -0.0202690717  -0.0061359385  -0.0883337425  -0.0059425662
156 3  -0.0006637907   0.0021191648  -0.0645905732   0.0019891552   0.0005180350
156 4   0.1464504595  -0.1231855675  -0.0032180146  -0.0012067618  -0.0362793484
156 5  -0.1192770616   0.0000128328  -0.0000478555   0.0210381936  -0.0004887692
156 6   0.0001848333   0.0887481105   0.0004232655  -0.0003573583  -0.0055444284
156 7  -0.0007018707  -0.0027394317   0.0470982776   0.0009405718  -0.0715232984
156 8   0.0003794024   0.0003533022   0.0309485452  -0.0243493420  -0.0002734367
156 9  -0.0345590906   0.0323033156   0.0004713562   0.0001184446  -0.0340407034
15610   0.0210741227   0.0002323359  -0.0258709142   0.0014900143  -0.1335891593
15611  -0.0025482362   0.0001693486   0.0214811093   0.0011887398  -0.0000943367
15612  -0.0002606154   0.0003456254   0.2508996621  -0.0002381010  -0.0217612219
15613   0.0002674434  -0.0871950064  -0.1366468791  -0.0005213212   0.0002277751
15614   0.0043366855  -0.0004823269   0.0463787464   0.0028239352  -0.0410773747
15615   0.0009671240   0.0008028204  -0.0011004344  -0.0002374480   0.0008034947
15616  -0.0001042624  -0.0000099786   0.0000504138   0.0000855650  -0.0008962091
15617  -0.0026804070  -0.0742632756  -0.0001919599   0.0024546385   0.0010935266
15618   0.0018670033   0.0799607805  -0.1147481157  -0.2732251177  -0.0381330616
15619  -0.0142769201   0.0008064514  -0.1712312934   0.1220247402  -0.0372585867
15620  -0.0048839023   0.0118246712   0.0675411050  -0.0245990049  -0.0103490338
15621   0.0280672494   0.0062299991  -0.0100282733  -0.0227072356   0.0628863211
15622  -0.0374089848   0.1488600694  -0.0039224254   0.0054043892   0.0740328685
15623   0.0265161390  -0.0593323374   0.0982506716  -0.0806178429   0.0329484559
15624   0.0000419619   0.0042512632   0.0346856258  -0.0649271984   0.0002484273
15625  -0.0002069616  -0.0097401914   0.1188493179   0.0206508737   0.0095736535
15626   0.0858313537  -0.0864424903   0.0343632458   0.1317759777   0.0578842629
15627  -0.0648025585  -0.1732394097  -0.1191652705  -0.0075330262  -0.0431907859
15628   0.0813616619  -0.0491596546  -0.0000112547   0.0000620270   0.0000823490
15629   0.0000334252  -0.0000012233   0.0002818464   0.0000026988  -0.0000350195
15630  -0.0000058342  -0.0000020256  -0.0000735108   0.0013438238   0.0022791155
15631  -0.0024123816  -0.0054876074   0.0012911483   0.0031397565  -0.2105091680
15632  -0.1783073666  -0.1838660239  -0.8786839000  -0.0330234912   0.0551302946
15633  -0.0020287869   0.0000270175
157 1   0.0080883931   0.1682843096   0.1300367958   0.1754183599  -0.0162528543
157 2   0.1747365547  -0.2904197179  -0.0000487634   0.0363454209   0.2116950115
157 3   0.0766991553   0.0012277439   0.0007929718   0.0051541539   0.0065123895
157 4  -0.0032832840  -0.0017255320  -0.0659738601  -0.0957242531   0.0184058650
157 5   0.0163541399   0.1707681449  -0.0844605690   0.0161530075  -0.0028331004
157 6   0.0423957647  -0.0081098101  -0.0223936393   0.0318753494   0.0007324012
157 7   0.0494838295  -0.0008758036   0.0016547224  -0.0012946280   0.0101644774
157 8  -0.0050956392   0.0021722056   0.0084512200  -0.0130622990  -0.0000671138
157 9   0.0141105402  -0.0000817351  -0.0058048980  -0.0011174969  -0.0023092765
15710   0.0032866998  -0.0003016372   0.0015379503  -0.0032608124  -0.0076175291
15711  -0.0022645768   0.0000715612  -0.0005514457   0.0017089698  -0.0042584193
15712   0.0001345393  -0.0001670288  -0.0050689925  -0.0013964698   0.0003844782
15713  -0.0001344943  -0.0011622296  -0.0042501680   0.0017110503   0.0000613203
15714   0.0007447849  -0.0001378730  -0.0015873908   0.0014390326  -0.0018461212
15715   0.0158927748  -0.0030245355   0.0030385913  -0.0001665911  -0.0022870892
15716  -0.0001092360   0.0000764921  -0.0024164683   0.0016973868  -0.0000377184
15717  -0.0010894618  -0.0006234750  -0.0000687033  -0.0005486978   0.0000379927
15718   0.0000328562   0.0009713209   0.0014752666   0.0002217321   0.0025025540
15719  -0.0001008333   0.0328850498  -0.0000003889  -0.0000989288  -0.0005213273
15720  -0.0000201062  -0.0008868163   0.0009131318  -0.0009015375  -0.0013029375
15721  -0.0052361502   0.0435911085   0.0061119099   0.0009243880  -0.0017275995
15722  -0.0005117173  -0.0008227171  -0.0001631986   0.0166950799   0.0010145482
15723  -0.0041347992   0.0012386321  -0.0010905636   0.0008109811  -0.0007240657
15724   0.0000135615   0.0005019201   0.0015260358  -0.0006021271   0.0000007168
15725   0.0000009566  -0.0000456614   0.0005597069  -0.0023488901   0.0001543020
15726  -0.0002354429  -0.0000710044   0.0008215048  -0.0001822675  -0.0000061493
15727  -0.0001205251   0.0001674203   0.0000727071  -0.0000465626  -0.0000264387
15728   0.0001271584  -0.0001267478  -0.0000036580   0.0000018131   0.0000018684
15729   0.0000761989  -0.0004718347  -0.0000164825  -0.0000001002   0.0000000875
15730  -0.0003102760  -0.0000017416  -0.0000001718   0.0000012399   0.0000001522
15731  -0.0000000423  -0.0000004823   0.0000000532  -0.0000003364   0.0000003774
15732   0.0000010026   0.0000000858   0.0000004048  -0.0000053293  -0.0000017399
15733   0.0000171600  -0.0052280217
158 1  -0.0906385045  -0.0546441538   0.1770676836  -0.0692345091   0.0950634548
158 2   0.0199636116   0.0142099121   0.0105425273   0.1675747724   0.0249353333
158 3   0.0014100957  -0.0029134328   0.1390963881   0.0006477296   0.0010866408
158 4   0.0465950164   0.0816202087  -0.0044419992  -0.0094092170  -0.2100594081
158 5  -0.2213230243   0.0157770382  -0.0070642461  -0.2097050583  -0.0011607917
158 6   0.0034444245   0.1072508884  -0.0014320941   0.0010965552  -0.0034170624
158 7   0.0035762698   0.0001419966  -0.0150509532   0.0008833423  -0.1134397786
158 8   0.0544475248   0.0001468807  -0.0921792189   0.1441935175  -0.0005304687
158 9  -0.1550603413   0.0018750655  -0.0000234631   0.0001941986   0.0249589635
15810  -0.0364636094   0.0010589117  -0.0196985716   0.0002287546   0.0828406915
15811   0.0244755772  -0.0001072193   0.0063299158  -0.0002561591   0.0452921498
15812  -0.0006065461   0.0018573302   0.0541515945  -0.0002362146  -0.0043799354
15813  -0.0000119472   0.0121207951   0.0449119866   0.0002302339  -0.0000784259
15814  -0.0080388935  -0.0000175083   0.0142874951   0.0008141158   0.0283369500
15815   0.0011330988  -0.0002713374   0.0002404338  -0.0004290390  -0.0001824034
15816  -0.0000107979   0.0000042681  -0.0002502029   0.0001700205   0.0000122237
15817  -0.0000835686   0.0098060828   0.0000088383  -0.0001055804  -0.0000291490
15818   0.0000709752  -0.0138313142  -0.0178593855  -0.0028328662  -0.0255587402
15819   0.0002604091   0.0030294010   0.0053059065   0.0034388831  -0.0043715972
15820  -0.0001037820  -0.0063293813   0.0073664359  -0.0046710697  -0.0038445200
15821  -0.0379734581  -0.0059402602   0.0135352283  -0.0127813372  -0.0014860375
15822   0.0105177874  -0.0066369017   0.0029189201   0.0025446543  -0.0045186780
15823   0.0352457886  -0.0143160844   0.0142051529  -0.0110856067   0.0092325544
15824  -0.0000260943  -0.0088959297  -0.0270280763   0.0106126565  -0.0000283889
15825   0.0000219490   0.0007342346  -0.0082306563   0.0376779500  -0.0023272581
15826   0.0036447361   0.0009320340  -0.0114482683   0.0026658901  -0.0000746447
15827   0.0013134568  -0.0020740167  -0.0009503229   0.0004794292   0.0002918219
15828  -0.0013877029   0.0013650835   0.0000062087  -0.0000127122  -0.0000357369
15829  -0.0008382005  -0.0000538613   0.0000877662  -0.0000000727   0.0000005606
15830  -0.0000288429  -0.0000002397  -0.0000000799  -0.0000057610  -0.0000011524
15831   0.0000015637   0.0000026793  -0.0000015265  -0.0000014385  -0.0000005371
15832  -0.0000040501  -0.0000013809  -0.0000011492   0.0000564198   0.0000185023
15833  -0.0001703859   0.0603761096
159 1  -0.1417919902  -0.0027144955  -0.0121183462   0.0119671180  -0.0025038259
159 2   0.0013002874   0.0341233916   0.0088389018   0.1370199050   0.0047810086
159 3  -0.0046095368  -0.0037882216   0.1801566217  -0.0017675725   0.0005284685
159 4   0.1253250825   0.0127263037   0.0008454584   0.0001285447  -0.1230497968
159 5  -0.1386226701   0.0003730800   0.0002271392   0.0111807337  -0.0000640357
159 6  -0.0004921358  -0.0487603305   0.0001011962   0.0002392872   0.0033123604
159 7  -0.0004893149   0.0010327775  -0.0077898829  -0.0023245667   0.1886170343
159 8  -0.0806627531  -0.0015801873   0.0852375620  -0.0329551307  -0.0003164738
159 9   0.1114579830   0.0204164249  -0.0003456872  -0.0002505075  -0.0267946579
15910   0.0317331542  -0.0007505678   0.0115538066  -0.0003681449  -0.0646600213
15911  -0.0436571482   0.0001601728  -0.0096524895   0.0004939653  -0.0657097165
15912   0.0008633300  -0.0023245874  -0.0621697008   0.0001534083   0.0039590017
15913   0.0000075276  -0.0186951033  -0.0621237296  -0.0000224426   0.0000595402
15914   0.0082685565   0.0001073131  -0.0066416646  -0.0003355338  -0.0368288515
15915   0.0006174643  -0.0000717029   0.0000959304   0.0008143181  -0.0000895669
15916  -0.0000033033   0.0000070833  -0.0000321955   0.0000497066   0.0003055690
15917  -0.0002061523   0.0328970841   0.0000219811  -0.0002410147  -0.0002448451
15918   0.0011221329  -0.0428414718  -0.0717187964   0.0021089248   0.3551896527
15919  -0.0043012608   0.0012584461  -0.0036901133   0.0025478072  -0.0070952037
15920  -0.0010027565   0.0021826495   0.0152246649  -0.0036121715  -0.0001126259
15921  -0.0184490452  -0.0062261774   0.0099990381  -0.0042436045  -0.0072505118
15922   0.0056705472  -0.0104839152   0.0015272387   0.0017044536  -0.0070275314
15923   0.0289856118  -0.0114495028   0.0119801292  -0.0103117431   0.0126337864
15924   0.0000224944  -0.0038772826  -0.0131522109   0.0072874052  -0.0000215931
15925   0.0000161156   0.0006270840  -0.0069607488   0.0178837057  -0.0014280322
15926   0.0046505907   0.0027289399  -0.0105098622   0.0040320357  -0.0010025107
15927  -0.0024899257  -0.0007150113  -0.0004658266  -0.0003736139  -0.0001618268
15928   0.0004647338  -0.0005157256  -0.0000217069   0.0000402172   0.0001451652
15929   0.0024611449  -0.0000026944   0.0001069489   0.0000002201  -0.0000029649
15930  -0.0000027607   0.0000004022   0.0000032456   0.0000033622  -0.0000036664
15931   0.0000029280  -0.0000016011   0.0000005462   0.0000050362   0.0000082289
15932  -0.0000050077  -0.0000095151   0.0000050459   0.0000171814   0.0000090053
15933  -0.0000553125  -0.0167912490
160 1   0.0082711941   0.1880480166   0.1688320252   0.2182115243  -0.0380372261
160 2   0.1638854922  -0.3608839436   0.0488551608   0.0377832752   0.2857000119
160 3   0.1983776455  -0.0185169449  -0.0038735471  -0.1026110324  -0.0186330073
160 4  -0.0028319292  -0.0125015761   0.0761174811   0.0815678586   0.0213687911
160 5   0.0261888403   0.0570838379   0.0284442143   0.0291862502  -0.0426815028
160 6  -0.1228373557  -0.0208907238   0.0860069795  -0.1793652137  -0.0035692159
160 7  -0.9686526992  -0.0642541270  -0.0061675985   0.5525531078   0.0302931001
160 8  -0.0111769412   0.1475075952   0.0036839459   0.0024827346  -0.0130855709
160 9   0.0101085876   0.0011763639   0.0300464310   0.0045117010  -0.0028368976
16010   0.0037900535   0.0007903182   0.0023186890   0.0118742462  -0.0080260505
16011  -0.0028423024  -0.0006310033  -0.0007397998  -0.0129537176  -0.0053682592
16012  -0.0002377192  -0.0002095179  -0.0065956975   0.0130823701   0.0006191073
16013   0.0013342516  -0.0015511887  -0.0064115353  -0.0026995489   0.0022056378
16014   0.0013785425  -0.0078400349  -0.0001645410  -0.0136260589  -0.0070670018
16015  -0.0339460989   0.0044341181  -0.0045716911   0.0004657455   0.0042570646
16016   0.0009457013  -0.0000315804  -0.0025016778   0.0017663910   0.0000638426
16017   0.0007558346   0.0070711584   0.0000895329   0.0002178752  -0.0000973646
16018   0.0000013339  -0.0066142922  -0.0062925812  -0.0004279158   0.0049874485
16019   0.0000785882  -0.0081974508   0.0014156352   0.0010323176  -0.0021538064
16020   0.0000270554  -0.0024774433   0.0034995475  -0.0019220600  -0.0015761722
16021  -0.0102069059   0.0058432796   0.0030754357  -0.0018741239  -0.0001445844
16022   0.0012254134  -0.0014170987   0.0003679783   0.0058987569  -0.0003026947
16023   0.0036224654  -0.0013598429   0.0013601031  -0.0011114076   0.0009832115
16024  -0.0000492935  -0.0006920084  -0.0021940362   0.0010474227  -0.0000245242
16025   0.0000212655   0.0000774761  -0.0007087814   0.0036635302  -0.0002018613
16026   0.0002937434   0.0001092578  -0.0006000957  -0.0000591975  -0.0003120294
16027   0.0000026811  -0.0000890325  -0.0001300996  -0.0001030076  -0.0000211098
16028   0.0000419782  -0.0001441627  -0.0000092092   0.0000093991   0.0000301844
16029  -0.0000149674  -0.0039842002  -0.0000625432  -0.0000058704  -0.0000020274
16030  -0.0019870203   0.0000016525   0.0000020579   0.0000034198  -0.0000012008
16031   0.0000026761  -0.0000019451   0.0000005032   0.0000034992   0.0000047891
16032  -0.0000002530  -0.0000063473   0.0000035227   0.0000194504   0.0000085210
16033  -0.0000497979   0.0835406625
161 1  -0.0927626382  -0.0522939152   0.1832838093  -0.0683577967   0.0937701869
161 2   0.0187181038   0.0107986010   0.0152231700   0.1773372528   0.0312512516
161 3   0.0110314923  -0.0048556353   0.1547239912  -0.0084074632  -0.0009580927
161 4   0.0542069644   0.0922865357   0.0077724436   0.0053992252  -0.2438143471
161 5  -0.2568756534   0.0061638848   0.0026284157  -0.2440709774  -0.0047258233
161 6  -0.0107342089   0.1220725390   0.0079172314  -0.0172298775  -0.0040404073
161 7  -0.0833146416  -0.0048251380  -0.0247577410   0.0477664020  -0.1063597574
161 8   0.0547355458   0.0120108078  -0.1124839567   0.2181528552  -0.0021178590
161 9  -0.2135513498   0.0165340186   0.0033015977   0.0007781513   0.0241927147
16110  -0.0433598306   0.0015762769  -0.0387573403   0.0021473307   0.1274055035
16111   0.0278006033  -0.0001793771   0.0096272260  -0.0017387502   0.0471963471
16112  -0.0006963671   0.0021001658   0.0811681038   0.0009398797  -0.0065422633
16113   0.0001251118   0.0161189298   0.0735605154  -0.0000293663   0.0000368395
16114  -0.0146854136  -0.0006713016   0.0334573463   0.0005143203   0.0607601060
16115  -0.0031507681   0.0002779820  -0.0003712993  -0.0019776271   0.0004184961
16116   0.0001052017  -0.0000238163  -0.0002923702   0.0001096776  -0.0016427152
16117   0.0004306096  -0.1106704361  -0.0000796568   0.0005193100   0.0002346612
16118  -0.0003283463   0.1004607027   0.0943792366   0.0074889373  -0.0476222122
16119  -0.0007403902  -0.0006700456  -0.0216115030  -0.0148171988   0.0284745129
16120   0.0010625306   0.0327850270  -0.0459114969   0.0243947223   0.0185553100
16121   0.1282000738   0.0296862741  -0.0271271568   0.0285355699  -0.0025501966
16122  -0.0182935436   0.0152643264  -0.0054011822  -0.0006422942   0.0082519556
16123  -0.0646504127   0.0223873664  -0.0217329628   0.0174275738  -0.0154944277
16124   0.0000082215   0.0107391750   0.0336560331  -0.0156446723   0.0000433526
16125  -0.0000276021  -0.0011582325   0.0110433515  -0.0553653506   0.0031310628
16126  -0.0044318068  -0.0015189700   0.0099428100   0.0003776423   0.0040370173
16127  -0.0005080914   0.0015731122   0.0018322243   0.0011688643   0.0001521908
16128   0.0000242032   0.0014710351   0.0000614584  -0.0001004131  -0.0003748923
16129  -0.0005333076  -0.0003267949   0.0002259981  -0.0000020688   0.0000209016
16130  -0.0001581000  -0.0000038090  -0.0000312605  -0.0000289436   0.0000254268
16131  -0.0000184089   0.0000177228  -0.0000076367  -0.0000476151  -0.0000512081
16132   0.0000137544   0.0000743230  -0.0000367815  -0.0002282168  -0.0001103510
16133   0.0005971627  -0.9652560211
162 1  -0.1508578763   0.0000000000   0.0000000000   0.0000000000   0.0000000000
162 2   0.0000000000   0.0455062351   0.0107463590   0.1778496373   0.0044023824
162 3  -0.0084468019  -0.0047825383   0.2481843683  -0.0006401857   0.0010808357
162 4   0.1575972833   0.0617619395   0.0005226572  -0.0021005262  -0.2671109727
162 5  -0.2928055296   0.0013052996  -0.0000872481  -0.1383639639  -0.0005585199
162 6  -0.0000043660   0.0176807530  -0.0000207492   0.0000278986   0.0023175239
162 7   0.0044950394   0.0032311864  -0.0461015128  -0.0066951345   0.2156845700
162 8  -0.0793891098  -0.0046002129   0.0038895493   0.2720770504  -0.0022735108
162 9  -0.1288860836   0.0827066187   0.0005867742   0.0001456360  -0.0315048176
16210   0.0045518290   0.0009808348  -0.0686192669   0.0021952978   0.1193744326
16211  -0.0326484257   0.0001244879   0.0036381208  -0.0003838999  -0.0635738664
16212   0.0007028978  -0.0015650897   0.0458310951  -0.0001426170  -0.0046460365
16213   0.0000525116  -0.0044108908   0.0501548635   0.0004807394  -0.0002217384
16214  -0.0184562823   0.0001622417   0.0720922510   0.0038012471   0.0947694107
16215   0.0007778071  -0.0004771560   0.0002991058  -0.0057759505   0.0000512109
16216   0.0001015714  -0.0000700756  -0.0001858872  -0.0002195882  -0.0065503712
16217   0.0012381407  -0.4664223403  -0.0003992422   0.0020357331   0.0008698834
16218  -0.0004251472   0.4256651344   0.3796234480   0.0459880292   0.3559066655
16219  -0.0098321730   0.0009696107  -0.1156005756  -0.0718565065   0.1258838900
16220   0.0033659748   0.1644803870  -0.1977175307   0.1140861180   0.0915839969
16221   0.6544232147   0.1497752954  -0.1494617438   0.1624200558  -0.0159067386
16222  -0.1084962345   0.0750691183  -0.0313605154  -0.0064524347   0.0418461587
16223  -0.3625076180   0.1311705531  -0.1272057873   0.0995549055  -0.0807491748
16224   0.0001942616   0.0729547306   0.2230551605  -0.0925797183   0.0002561298
16225  -0.0001754827  -0.0064552060   0.0660858245  -0.3398946836   0.0195702107
16226  -0.0274095876  -0.0064225776   0.0703423775  -0.0036658685   0.0136950111
16227  -0.0124005991   0.0131754196   0.0096228852   0.0012335736  -0.0010112963
16228   0.0065611805  -0.0018141921   0.0000194011  -0.0000552347  -0.0002464663
16229   0.0070051327  -0.0000041051   0.0023572121   0.0000008266  -0.0000097548
16230  -0.0000497171   0.0000006182   0.0000048899   0.0000218765   0.0000064053
16231  -0.0000064320  -0.0000113543   0.0000095426   0.0000129014  -0.0000061107
16232   0.0000238603   0.0000254054   0.0000010263  -0.0000905442  -0.0000977314
16233   0.0002953282   0.2393973494
$end
